parentKind,parentId,childKind,childId
FEDERAL_CONSTITUENCY,fed-fc-268-og,STATE_CONSTITUENCY,state-assembly-sc-723-og
FEDERAL_CONSTITUENCY,fed-fc-268-og,STATE_CONSTITUENCY,state-assembly-sc-724-og
FEDERAL_CONSTITUENCY,fed-fc-267-og,STATE_CONSTITUENCY,state-assembly-sc-725-og
FEDERAL_CONSTITUENCY,fed-fc-267-og,STATE_CONSTITUENCY,state-assembly-sc-726-og
FEDERAL_CONSTITUENCY,fed-fc-267-og,STATE_CONSTITUENCY,state-assembly-sc-727-og
FEDERAL_CONSTITUENCY,fed-fc-272-og,STATE_CONSTITUENCY,state-assembly-sc-728-og
FEDERAL_CONSTITUENCY,fed-fc-272-og,STATE_CONSTITUENCY,state-assembly-sc-729-og
FEDERAL_CONSTITUENCY,fed-fc-272-og,STATE_CONSTITUENCY,state-assembly-sc-730-og
FEDERAL_CONSTITUENCY,fed-fc-273-og,STATE_CONSTITUENCY,state-assembly-sc-731-og
FEDERAL_CONSTITUENCY,fed-fc-273-og,STATE_CONSTITUENCY,state-assembly-sc-732-og
FEDERAL_CONSTITUENCY,fed-fc-273-og,STATE_CONSTITUENCY,state-assembly-sc-733-og
FEDERAL_CONSTITUENCY,fed-fc-273-og,STATE_CONSTITUENCY,state-assembly-sc-734-og
FEDERAL_CONSTITUENCY,fed-fc-274-og,STATE_CONSTITUENCY,state-assembly-sc-735-og
FEDERAL_CONSTITUENCY,fed-fc-274-og,STATE_CONSTITUENCY,state-assembly-sc-736-og
FEDERAL_CONSTITUENCY,fed-fc-273-og,STATE_CONSTITUENCY,state-assembly-sc-737-og
FEDERAL_CONSTITUENCY,fed-fc-275-og,STATE_CONSTITUENCY,state-assembly-sc-738-og
FEDERAL_CONSTITUENCY,fed-fc-275-og,STATE_CONSTITUENCY,state-assembly-sc-739-og
FEDERAL_CONSTITUENCY,fed-fc-275-og,STATE_CONSTITUENCY,state-assembly-sc-740-og
FEDERAL_CONSTITUENCY,fed-fc-275-og,STATE_CONSTITUENCY,state-assembly-sc-941-og
FEDERAL_CONSTITUENCY,fed-fc-270-og,STATE_CONSTITUENCY,state-assembly-sc-742-og
FEDERAL_CONSTITUENCY,fed-fc-270-og,STATE_CONSTITUENCY,state-assembly-sc-743-og
FEDERAL_CONSTITUENCY,fed-fc-270-og,STATE_CONSTITUENCY,state-assembly-sc-744-og
FEDERAL_CONSTITUENCY,fed-fc-271-og,STATE_CONSTITUENCY,state-assembly-sc-745-og
FEDERAL_CONSTITUENCY,fed-fc-271-og,STATE_CONSTITUENCY,state-assembly-sc-746-og
FEDERAL_CONSTITUENCY,fed-fc-269-og,STATE_CONSTITUENCY,state-assembly-sc-747-og
FEDERAL_CONSTITUENCY,fed-fc-269-og,STATE_CONSTITUENCY,state-assembly-sc-748-og
STATE_CONSTITUENCY,state-assembly-sc-726-og,WARD,inec-ward-6425
WARD,inec-ward-6425,POLLING_UNIT,inec-pu-89709
WARD,inec-ward-6425,POLLING_UNIT,inec-pu-89710
WARD,inec-ward-6425,POLLING_UNIT,inec-pu-89711
WARD,inec-ward-6425,POLLING_UNIT,inec-pu-89712
WARD,inec-ward-6425,POLLING_UNIT,inec-pu-89713
WARD,inec-ward-6425,POLLING_UNIT,inec-pu-89714
WARD,inec-ward-6425,POLLING_UNIT,inec-pu-89715
WARD,inec-ward-6425,POLLING_UNIT,inec-pu-89716
WARD,inec-ward-6425,POLLING_UNIT,inec-pu-89717
WARD,inec-ward-6425,POLLING_UNIT,inec-pu-89718
WARD,inec-ward-6425,POLLING_UNIT,inec-pu-89719
WARD,inec-ward-6425,POLLING_UNIT,inec-pu-89720
WARD,inec-ward-6425,POLLING_UNIT,inec-pu-660067
WARD,inec-ward-6425,POLLING_UNIT,inec-pu-660068
WARD,inec-ward-6425,POLLING_UNIT,inec-pu-660069
STATE_CONSTITUENCY,state-assembly-sc-726-og,WARD,inec-ward-6426
WARD,inec-ward-6426,POLLING_UNIT,inec-pu-89721
WARD,inec-ward-6426,POLLING_UNIT,inec-pu-89722
WARD,inec-ward-6426,POLLING_UNIT,inec-pu-89723
WARD,inec-ward-6426,POLLING_UNIT,inec-pu-89724
WARD,inec-ward-6426,POLLING_UNIT,inec-pu-89725
WARD,inec-ward-6426,POLLING_UNIT,inec-pu-89726
WARD,inec-ward-6426,POLLING_UNIT,inec-pu-660070
WARD,inec-ward-6426,POLLING_UNIT,inec-pu-660071
WARD,inec-ward-6426,POLLING_UNIT,inec-pu-660072
WARD,inec-ward-6426,POLLING_UNIT,inec-pu-660073
STATE_CONSTITUENCY,state-assembly-sc-726-og,WARD,inec-ward-6427
WARD,inec-ward-6427,POLLING_UNIT,inec-pu-89728
WARD,inec-ward-6427,POLLING_UNIT,inec-pu-89729
WARD,inec-ward-6427,POLLING_UNIT,inec-pu-89730
WARD,inec-ward-6427,POLLING_UNIT,inec-pu-89731
WARD,inec-ward-6427,POLLING_UNIT,inec-pu-89732
WARD,inec-ward-6427,POLLING_UNIT,inec-pu-89733
WARD,inec-ward-6427,POLLING_UNIT,inec-pu-89734
WARD,inec-ward-6427,POLLING_UNIT,inec-pu-89735
WARD,inec-ward-6427,POLLING_UNIT,inec-pu-89736
WARD,inec-ward-6427,POLLING_UNIT,inec-pu-89737
WARD,inec-ward-6427,POLLING_UNIT,inec-pu-89738
WARD,inec-ward-6427,POLLING_UNIT,inec-pu-660028
WARD,inec-ward-6427,POLLING_UNIT,inec-pu-660029
WARD,inec-ward-6427,POLLING_UNIT,inec-pu-660030
WARD,inec-ward-6427,POLLING_UNIT,inec-pu-660031
WARD,inec-ward-6427,POLLING_UNIT,inec-pu-660032
WARD,inec-ward-6427,POLLING_UNIT,inec-pu-660033
STATE_CONSTITUENCY,state-assembly-sc-726-og,WARD,inec-ward-6428
WARD,inec-ward-6428,POLLING_UNIT,inec-pu-89739
WARD,inec-ward-6428,POLLING_UNIT,inec-pu-89740
WARD,inec-ward-6428,POLLING_UNIT,inec-pu-89741
WARD,inec-ward-6428,POLLING_UNIT,inec-pu-89742
WARD,inec-ward-6428,POLLING_UNIT,inec-pu-89743
WARD,inec-ward-6428,POLLING_UNIT,inec-pu-89744
WARD,inec-ward-6428,POLLING_UNIT,inec-pu-89745
WARD,inec-ward-6428,POLLING_UNIT,inec-pu-89746
WARD,inec-ward-6428,POLLING_UNIT,inec-pu-89747
WARD,inec-ward-6428,POLLING_UNIT,inec-pu-89748
WARD,inec-ward-6428,POLLING_UNIT,inec-pu-660034
WARD,inec-ward-6428,POLLING_UNIT,inec-pu-660035
WARD,inec-ward-6428,POLLING_UNIT,inec-pu-660036
WARD,inec-ward-6428,POLLING_UNIT,inec-pu-660037
WARD,inec-ward-6428,POLLING_UNIT,inec-pu-660038
WARD,inec-ward-6428,POLLING_UNIT,inec-pu-660039
WARD,inec-ward-6428,POLLING_UNIT,inec-pu-660040
WARD,inec-ward-6428,POLLING_UNIT,inec-pu-660041
WARD,inec-ward-6428,POLLING_UNIT,inec-pu-660042
WARD,inec-ward-6428,POLLING_UNIT,inec-pu-660043
STATE_CONSTITUENCY,state-assembly-sc-726-og,WARD,inec-ward-6429
WARD,inec-ward-6429,POLLING_UNIT,inec-pu-89749
WARD,inec-ward-6429,POLLING_UNIT,inec-pu-89750
WARD,inec-ward-6429,POLLING_UNIT,inec-pu-89751
WARD,inec-ward-6429,POLLING_UNIT,inec-pu-89752
WARD,inec-ward-6429,POLLING_UNIT,inec-pu-89753
WARD,inec-ward-6429,POLLING_UNIT,inec-pu-89754
WARD,inec-ward-6429,POLLING_UNIT,inec-pu-89755
WARD,inec-ward-6429,POLLING_UNIT,inec-pu-89756
WARD,inec-ward-6429,POLLING_UNIT,inec-pu-89757
WARD,inec-ward-6429,POLLING_UNIT,inec-pu-89758
WARD,inec-ward-6429,POLLING_UNIT,inec-pu-89759
WARD,inec-ward-6429,POLLING_UNIT,inec-pu-89760
WARD,inec-ward-6429,POLLING_UNIT,inec-pu-89761
WARD,inec-ward-6429,POLLING_UNIT,inec-pu-89762
WARD,inec-ward-6429,POLLING_UNIT,inec-pu-89763
WARD,inec-ward-6429,POLLING_UNIT,inec-pu-89764
WARD,inec-ward-6429,POLLING_UNIT,inec-pu-89765
WARD,inec-ward-6429,POLLING_UNIT,inec-pu-89766
WARD,inec-ward-6429,POLLING_UNIT,inec-pu-89767
WARD,inec-ward-6429,POLLING_UNIT,inec-pu-660074
WARD,inec-ward-6429,POLLING_UNIT,inec-pu-660075
WARD,inec-ward-6429,POLLING_UNIT,inec-pu-660076
WARD,inec-ward-6429,POLLING_UNIT,inec-pu-660077
WARD,inec-ward-6429,POLLING_UNIT,inec-pu-660078
WARD,inec-ward-6429,POLLING_UNIT,inec-pu-660079
WARD,inec-ward-6429,POLLING_UNIT,inec-pu-660080
WARD,inec-ward-6429,POLLING_UNIT,inec-pu-660081
WARD,inec-ward-6429,POLLING_UNIT,inec-pu-660082
WARD,inec-ward-6429,POLLING_UNIT,inec-pu-660083
WARD,inec-ward-6429,POLLING_UNIT,inec-pu-660084
WARD,inec-ward-6429,POLLING_UNIT,inec-pu-660085
WARD,inec-ward-6429,POLLING_UNIT,inec-pu-660086
WARD,inec-ward-6429,POLLING_UNIT,inec-pu-660087
WARD,inec-ward-6429,POLLING_UNIT,inec-pu-660088
STATE_CONSTITUENCY,state-assembly-sc-726-og,WARD,inec-ward-6430
WARD,inec-ward-6430,POLLING_UNIT,inec-pu-89768
WARD,inec-ward-6430,POLLING_UNIT,inec-pu-89769
WARD,inec-ward-6430,POLLING_UNIT,inec-pu-89770
WARD,inec-ward-6430,POLLING_UNIT,inec-pu-89771
WARD,inec-ward-6430,POLLING_UNIT,inec-pu-89772
WARD,inec-ward-6430,POLLING_UNIT,inec-pu-89773
WARD,inec-ward-6430,POLLING_UNIT,inec-pu-89774
WARD,inec-ward-6430,POLLING_UNIT,inec-pu-89775
WARD,inec-ward-6430,POLLING_UNIT,inec-pu-89776
WARD,inec-ward-6430,POLLING_UNIT,inec-pu-89777
WARD,inec-ward-6430,POLLING_UNIT,inec-pu-89778
WARD,inec-ward-6430,POLLING_UNIT,inec-pu-660044
WARD,inec-ward-6430,POLLING_UNIT,inec-pu-660045
STATE_CONSTITUENCY,state-assembly-sc-726-og,WARD,inec-ward-6431
WARD,inec-ward-6431,POLLING_UNIT,inec-pu-89779
WARD,inec-ward-6431,POLLING_UNIT,inec-pu-89780
WARD,inec-ward-6431,POLLING_UNIT,inec-pu-89781
WARD,inec-ward-6431,POLLING_UNIT,inec-pu-89782
WARD,inec-ward-6431,POLLING_UNIT,inec-pu-89783
WARD,inec-ward-6431,POLLING_UNIT,inec-pu-89784
WARD,inec-ward-6431,POLLING_UNIT,inec-pu-89785
WARD,inec-ward-6431,POLLING_UNIT,inec-pu-89786
WARD,inec-ward-6431,POLLING_UNIT,inec-pu-89787
WARD,inec-ward-6431,POLLING_UNIT,inec-pu-89788
WARD,inec-ward-6431,POLLING_UNIT,inec-pu-89789
WARD,inec-ward-6431,POLLING_UNIT,inec-pu-660058
WARD,inec-ward-6431,POLLING_UNIT,inec-pu-660059
WARD,inec-ward-6431,POLLING_UNIT,inec-pu-660060
WARD,inec-ward-6431,POLLING_UNIT,inec-pu-660061
WARD,inec-ward-6431,POLLING_UNIT,inec-pu-660062
WARD,inec-ward-6431,POLLING_UNIT,inec-pu-660063
WARD,inec-ward-6431,POLLING_UNIT,inec-pu-660064
WARD,inec-ward-6431,POLLING_UNIT,inec-pu-660065
WARD,inec-ward-6431,POLLING_UNIT,inec-pu-660066
STATE_CONSTITUENCY,state-assembly-sc-726-og,WARD,inec-ward-6432
WARD,inec-ward-6432,POLLING_UNIT,inec-pu-89790
WARD,inec-ward-6432,POLLING_UNIT,inec-pu-89791
WARD,inec-ward-6432,POLLING_UNIT,inec-pu-89792
WARD,inec-ward-6432,POLLING_UNIT,inec-pu-89793
WARD,inec-ward-6432,POLLING_UNIT,inec-pu-89794
WARD,inec-ward-6432,POLLING_UNIT,inec-pu-89795
WARD,inec-ward-6432,POLLING_UNIT,inec-pu-89796
WARD,inec-ward-6432,POLLING_UNIT,inec-pu-89797
WARD,inec-ward-6432,POLLING_UNIT,inec-pu-89798
WARD,inec-ward-6432,POLLING_UNIT,inec-pu-660100
WARD,inec-ward-6432,POLLING_UNIT,inec-pu-660101
WARD,inec-ward-6432,POLLING_UNIT,inec-pu-660102
WARD,inec-ward-6432,POLLING_UNIT,inec-pu-660103
WARD,inec-ward-6432,POLLING_UNIT,inec-pu-660104
STATE_CONSTITUENCY,state-assembly-sc-726-og,WARD,inec-ward-6433
WARD,inec-ward-6433,POLLING_UNIT,inec-pu-89799
WARD,inec-ward-6433,POLLING_UNIT,inec-pu-89800
WARD,inec-ward-6433,POLLING_UNIT,inec-pu-89801
WARD,inec-ward-6433,POLLING_UNIT,inec-pu-89802
WARD,inec-ward-6433,POLLING_UNIT,inec-pu-89803
WARD,inec-ward-6433,POLLING_UNIT,inec-pu-89804
WARD,inec-ward-6433,POLLING_UNIT,inec-pu-89805
WARD,inec-ward-6433,POLLING_UNIT,inec-pu-89806
WARD,inec-ward-6433,POLLING_UNIT,inec-pu-89807
WARD,inec-ward-6433,POLLING_UNIT,inec-pu-89808
WARD,inec-ward-6433,POLLING_UNIT,inec-pu-89809
WARD,inec-ward-6433,POLLING_UNIT,inec-pu-89810
WARD,inec-ward-6433,POLLING_UNIT,inec-pu-89811
WARD,inec-ward-6433,POLLING_UNIT,inec-pu-660107
WARD,inec-ward-6433,POLLING_UNIT,inec-pu-660108
WARD,inec-ward-6433,POLLING_UNIT,inec-pu-660109
WARD,inec-ward-6433,POLLING_UNIT,inec-pu-660110
WARD,inec-ward-6433,POLLING_UNIT,inec-pu-660111
WARD,inec-ward-6433,POLLING_UNIT,inec-pu-660112
WARD,inec-ward-6433,POLLING_UNIT,inec-pu-660113
WARD,inec-ward-6433,POLLING_UNIT,inec-pu-660114
WARD,inec-ward-6433,POLLING_UNIT,inec-pu-660115
WARD,inec-ward-6433,POLLING_UNIT,inec-pu-660116
WARD,inec-ward-6433,POLLING_UNIT,inec-pu-660117
WARD,inec-ward-6433,POLLING_UNIT,inec-pu-660118
WARD,inec-ward-6433,POLLING_UNIT,inec-pu-660119
WARD,inec-ward-6433,POLLING_UNIT,inec-pu-660120
WARD,inec-ward-6433,POLLING_UNIT,inec-pu-660121
WARD,inec-ward-6433,POLLING_UNIT,inec-pu-660122
WARD,inec-ward-6433,POLLING_UNIT,inec-pu-660123
WARD,inec-ward-6433,POLLING_UNIT,inec-pu-660124
WARD,inec-ward-6433,POLLING_UNIT,inec-pu-660125
STATE_CONSTITUENCY,state-assembly-sc-726-og,WARD,inec-ward-6434
WARD,inec-ward-6434,POLLING_UNIT,inec-pu-89812
WARD,inec-ward-6434,POLLING_UNIT,inec-pu-89813
WARD,inec-ward-6434,POLLING_UNIT,inec-pu-89814
WARD,inec-ward-6434,POLLING_UNIT,inec-pu-89815
WARD,inec-ward-6434,POLLING_UNIT,inec-pu-89816
WARD,inec-ward-6434,POLLING_UNIT,inec-pu-89817
WARD,inec-ward-6434,POLLING_UNIT,inec-pu-89818
WARD,inec-ward-6434,POLLING_UNIT,inec-pu-89819
WARD,inec-ward-6434,POLLING_UNIT,inec-pu-89820
WARD,inec-ward-6434,POLLING_UNIT,inec-pu-89821
WARD,inec-ward-6434,POLLING_UNIT,inec-pu-89822
WARD,inec-ward-6434,POLLING_UNIT,inec-pu-89823
WARD,inec-ward-6434,POLLING_UNIT,inec-pu-89824
WARD,inec-ward-6434,POLLING_UNIT,inec-pu-89825
WARD,inec-ward-6434,POLLING_UNIT,inec-pu-89826
WARD,inec-ward-6434,POLLING_UNIT,inec-pu-660105
WARD,inec-ward-6434,POLLING_UNIT,inec-pu-660106
STATE_CONSTITUENCY,state-assembly-sc-726-og,WARD,inec-ward-6435
WARD,inec-ward-6435,POLLING_UNIT,inec-pu-89827
WARD,inec-ward-6435,POLLING_UNIT,inec-pu-89828
WARD,inec-ward-6435,POLLING_UNIT,inec-pu-89829
WARD,inec-ward-6435,POLLING_UNIT,inec-pu-89830
WARD,inec-ward-6435,POLLING_UNIT,inec-pu-89831
WARD,inec-ward-6435,POLLING_UNIT,inec-pu-89832
WARD,inec-ward-6435,POLLING_UNIT,inec-pu-89833
WARD,inec-ward-6435,POLLING_UNIT,inec-pu-89834
WARD,inec-ward-6435,POLLING_UNIT,inec-pu-89835
WARD,inec-ward-6435,POLLING_UNIT,inec-pu-89836
WARD,inec-ward-6435,POLLING_UNIT,inec-pu-89837
WARD,inec-ward-6435,POLLING_UNIT,inec-pu-89838
WARD,inec-ward-6435,POLLING_UNIT,inec-pu-89839
WARD,inec-ward-6435,POLLING_UNIT,inec-pu-89840
WARD,inec-ward-6435,POLLING_UNIT,inec-pu-89841
WARD,inec-ward-6435,POLLING_UNIT,inec-pu-89842
WARD,inec-ward-6435,POLLING_UNIT,inec-pu-89843
WARD,inec-ward-6435,POLLING_UNIT,inec-pu-89844
WARD,inec-ward-6435,POLLING_UNIT,inec-pu-89845
WARD,inec-ward-6435,POLLING_UNIT,inec-pu-89846
WARD,inec-ward-6435,POLLING_UNIT,inec-pu-89847
WARD,inec-ward-6435,POLLING_UNIT,inec-pu-89848
WARD,inec-ward-6435,POLLING_UNIT,inec-pu-89849
WARD,inec-ward-6435,POLLING_UNIT,inec-pu-89850
WARD,inec-ward-6435,POLLING_UNIT,inec-pu-89851
WARD,inec-ward-6435,POLLING_UNIT,inec-pu-89852
WARD,inec-ward-6435,POLLING_UNIT,inec-pu-89853
WARD,inec-ward-6435,POLLING_UNIT,inec-pu-660126
WARD,inec-ward-6435,POLLING_UNIT,inec-pu-660127
WARD,inec-ward-6435,POLLING_UNIT,inec-pu-660128
WARD,inec-ward-6435,POLLING_UNIT,inec-pu-660129
WARD,inec-ward-6435,POLLING_UNIT,inec-pu-660130
WARD,inec-ward-6435,POLLING_UNIT,inec-pu-660131
WARD,inec-ward-6435,POLLING_UNIT,inec-pu-660132
WARD,inec-ward-6435,POLLING_UNIT,inec-pu-660133
WARD,inec-ward-6435,POLLING_UNIT,inec-pu-660134
WARD,inec-ward-6435,POLLING_UNIT,inec-pu-660135
WARD,inec-ward-6435,POLLING_UNIT,inec-pu-660136
WARD,inec-ward-6435,POLLING_UNIT,inec-pu-660137
STATE_CONSTITUENCY,state-assembly-sc-726-og,WARD,inec-ward-6436
WARD,inec-ward-6436,POLLING_UNIT,inec-pu-89854
WARD,inec-ward-6436,POLLING_UNIT,inec-pu-89855
WARD,inec-ward-6436,POLLING_UNIT,inec-pu-89856
WARD,inec-ward-6436,POLLING_UNIT,inec-pu-89857
WARD,inec-ward-6436,POLLING_UNIT,inec-pu-89858
WARD,inec-ward-6436,POLLING_UNIT,inec-pu-89859
WARD,inec-ward-6436,POLLING_UNIT,inec-pu-89860
WARD,inec-ward-6436,POLLING_UNIT,inec-pu-89861
WARD,inec-ward-6436,POLLING_UNIT,inec-pu-89862
WARD,inec-ward-6436,POLLING_UNIT,inec-pu-89863
WARD,inec-ward-6436,POLLING_UNIT,inec-pu-89864
WARD,inec-ward-6436,POLLING_UNIT,inec-pu-89865
WARD,inec-ward-6436,POLLING_UNIT,inec-pu-660091
WARD,inec-ward-6436,POLLING_UNIT,inec-pu-660092
WARD,inec-ward-6436,POLLING_UNIT,inec-pu-660093
WARD,inec-ward-6436,POLLING_UNIT,inec-pu-660094
WARD,inec-ward-6436,POLLING_UNIT,inec-pu-660095
WARD,inec-ward-6436,POLLING_UNIT,inec-pu-660096
WARD,inec-ward-6436,POLLING_UNIT,inec-pu-660097
WARD,inec-ward-6436,POLLING_UNIT,inec-pu-660098
WARD,inec-ward-6436,POLLING_UNIT,inec-pu-660099
STATE_CONSTITUENCY,state-assembly-sc-726-og,WARD,inec-ward-6437
WARD,inec-ward-6437,POLLING_UNIT,inec-pu-89866
WARD,inec-ward-6437,POLLING_UNIT,inec-pu-89867
WARD,inec-ward-6437,POLLING_UNIT,inec-pu-89868
WARD,inec-ward-6437,POLLING_UNIT,inec-pu-89869
WARD,inec-ward-6437,POLLING_UNIT,inec-pu-89870
WARD,inec-ward-6437,POLLING_UNIT,inec-pu-89871
WARD,inec-ward-6437,POLLING_UNIT,inec-pu-89872
WARD,inec-ward-6437,POLLING_UNIT,inec-pu-89873
WARD,inec-ward-6437,POLLING_UNIT,inec-pu-89874
WARD,inec-ward-6437,POLLING_UNIT,inec-pu-89875
WARD,inec-ward-6437,POLLING_UNIT,inec-pu-89876
WARD,inec-ward-6437,POLLING_UNIT,inec-pu-89877
WARD,inec-ward-6437,POLLING_UNIT,inec-pu-89878
WARD,inec-ward-6437,POLLING_UNIT,inec-pu-89879
WARD,inec-ward-6437,POLLING_UNIT,inec-pu-89880
WARD,inec-ward-6437,POLLING_UNIT,inec-pu-89881
WARD,inec-ward-6437,POLLING_UNIT,inec-pu-89882
STATE_CONSTITUENCY,state-assembly-sc-726-og,WARD,inec-ward-6438
WARD,inec-ward-6438,POLLING_UNIT,inec-pu-89883
WARD,inec-ward-6438,POLLING_UNIT,inec-pu-89884
WARD,inec-ward-6438,POLLING_UNIT,inec-pu-89885
WARD,inec-ward-6438,POLLING_UNIT,inec-pu-89886
WARD,inec-ward-6438,POLLING_UNIT,inec-pu-89887
WARD,inec-ward-6438,POLLING_UNIT,inec-pu-89888
WARD,inec-ward-6438,POLLING_UNIT,inec-pu-89889
WARD,inec-ward-6438,POLLING_UNIT,inec-pu-89890
WARD,inec-ward-6438,POLLING_UNIT,inec-pu-89891
WARD,inec-ward-6438,POLLING_UNIT,inec-pu-89892
WARD,inec-ward-6438,POLLING_UNIT,inec-pu-89893
WARD,inec-ward-6438,POLLING_UNIT,inec-pu-89894
WARD,inec-ward-6438,POLLING_UNIT,inec-pu-89895
WARD,inec-ward-6438,POLLING_UNIT,inec-pu-89896
WARD,inec-ward-6438,POLLING_UNIT,inec-pu-89897
WARD,inec-ward-6438,POLLING_UNIT,inec-pu-89898
WARD,inec-ward-6438,POLLING_UNIT,inec-pu-89899
WARD,inec-ward-6438,POLLING_UNIT,inec-pu-89900
WARD,inec-ward-6438,POLLING_UNIT,inec-pu-89901
WARD,inec-ward-6438,POLLING_UNIT,inec-pu-89902
WARD,inec-ward-6438,POLLING_UNIT,inec-pu-89903
WARD,inec-ward-6438,POLLING_UNIT,inec-pu-89904
WARD,inec-ward-6438,POLLING_UNIT,inec-pu-89905
WARD,inec-ward-6438,POLLING_UNIT,inec-pu-660089
STATE_CONSTITUENCY,state-assembly-sc-726-og,WARD,inec-ward-6439
WARD,inec-ward-6439,POLLING_UNIT,inec-pu-89906
WARD,inec-ward-6439,POLLING_UNIT,inec-pu-89907
WARD,inec-ward-6439,POLLING_UNIT,inec-pu-89908
WARD,inec-ward-6439,POLLING_UNIT,inec-pu-89909
WARD,inec-ward-6439,POLLING_UNIT,inec-pu-89910
WARD,inec-ward-6439,POLLING_UNIT,inec-pu-89911
WARD,inec-ward-6439,POLLING_UNIT,inec-pu-89912
WARD,inec-ward-6439,POLLING_UNIT,inec-pu-89913
WARD,inec-ward-6439,POLLING_UNIT,inec-pu-89914
WARD,inec-ward-6439,POLLING_UNIT,inec-pu-89915
WARD,inec-ward-6439,POLLING_UNIT,inec-pu-89916
WARD,inec-ward-6439,POLLING_UNIT,inec-pu-89917
WARD,inec-ward-6439,POLLING_UNIT,inec-pu-89918
WARD,inec-ward-6439,POLLING_UNIT,inec-pu-89919
WARD,inec-ward-6439,POLLING_UNIT,inec-pu-89920
WARD,inec-ward-6439,POLLING_UNIT,inec-pu-89921
WARD,inec-ward-6439,POLLING_UNIT,inec-pu-660090
STATE_CONSTITUENCY,state-assembly-sc-726-og,WARD,inec-ward-6440
WARD,inec-ward-6440,POLLING_UNIT,inec-pu-89922
WARD,inec-ward-6440,POLLING_UNIT,inec-pu-89923
WARD,inec-ward-6440,POLLING_UNIT,inec-pu-89924
WARD,inec-ward-6440,POLLING_UNIT,inec-pu-89925
WARD,inec-ward-6440,POLLING_UNIT,inec-pu-89926
WARD,inec-ward-6440,POLLING_UNIT,inec-pu-89927
WARD,inec-ward-6440,POLLING_UNIT,inec-pu-89928
WARD,inec-ward-6440,POLLING_UNIT,inec-pu-89929
WARD,inec-ward-6440,POLLING_UNIT,inec-pu-89930
WARD,inec-ward-6440,POLLING_UNIT,inec-pu-89931
WARD,inec-ward-6440,POLLING_UNIT,inec-pu-89932
WARD,inec-ward-6440,POLLING_UNIT,inec-pu-89933
WARD,inec-ward-6440,POLLING_UNIT,inec-pu-89934
WARD,inec-ward-6440,POLLING_UNIT,inec-pu-89935
WARD,inec-ward-6440,POLLING_UNIT,inec-pu-89936
WARD,inec-ward-6440,POLLING_UNIT,inec-pu-89937
WARD,inec-ward-6440,POLLING_UNIT,inec-pu-660046
WARD,inec-ward-6440,POLLING_UNIT,inec-pu-660047
WARD,inec-ward-6440,POLLING_UNIT,inec-pu-660048
WARD,inec-ward-6440,POLLING_UNIT,inec-pu-660049
WARD,inec-ward-6440,POLLING_UNIT,inec-pu-660050
WARD,inec-ward-6440,POLLING_UNIT,inec-pu-660051
WARD,inec-ward-6440,POLLING_UNIT,inec-pu-660052
WARD,inec-ward-6440,POLLING_UNIT,inec-pu-660053
WARD,inec-ward-6440,POLLING_UNIT,inec-pu-660054
WARD,inec-ward-6440,POLLING_UNIT,inec-pu-660055
WARD,inec-ward-6440,POLLING_UNIT,inec-pu-660056
WARD,inec-ward-6440,POLLING_UNIT,inec-pu-660057
STATE_CONSTITUENCY,state-assembly-sc-723-og,WARD,inec-ward-6441
WARD,inec-ward-6441,POLLING_UNIT,inec-pu-89938
WARD,inec-ward-6441,POLLING_UNIT,inec-pu-89939
WARD,inec-ward-6441,POLLING_UNIT,inec-pu-89940
WARD,inec-ward-6441,POLLING_UNIT,inec-pu-89941
WARD,inec-ward-6441,POLLING_UNIT,inec-pu-89942
WARD,inec-ward-6441,POLLING_UNIT,inec-pu-89943
WARD,inec-ward-6441,POLLING_UNIT,inec-pu-89944
WARD,inec-ward-6441,POLLING_UNIT,inec-pu-89945
WARD,inec-ward-6441,POLLING_UNIT,inec-pu-89946
WARD,inec-ward-6441,POLLING_UNIT,inec-pu-89947
WARD,inec-ward-6441,POLLING_UNIT,inec-pu-89948
WARD,inec-ward-6441,POLLING_UNIT,inec-pu-89949
WARD,inec-ward-6441,POLLING_UNIT,inec-pu-89950
WARD,inec-ward-6441,POLLING_UNIT,inec-pu-89951
WARD,inec-ward-6441,POLLING_UNIT,inec-pu-89952
WARD,inec-ward-6441,POLLING_UNIT,inec-pu-89953
WARD,inec-ward-6441,POLLING_UNIT,inec-pu-660155
WARD,inec-ward-6441,POLLING_UNIT,inec-pu-660156
WARD,inec-ward-6441,POLLING_UNIT,inec-pu-660157
WARD,inec-ward-6441,POLLING_UNIT,inec-pu-660158
WARD,inec-ward-6441,POLLING_UNIT,inec-pu-660159
WARD,inec-ward-6441,POLLING_UNIT,inec-pu-660160
WARD,inec-ward-6441,POLLING_UNIT,inec-pu-660161
WARD,inec-ward-6441,POLLING_UNIT,inec-pu-660162
WARD,inec-ward-6441,POLLING_UNIT,inec-pu-660163
WARD,inec-ward-6441,POLLING_UNIT,inec-pu-660164
STATE_CONSTITUENCY,state-assembly-sc-723-og,WARD,inec-ward-6442
WARD,inec-ward-6442,POLLING_UNIT,inec-pu-89955
WARD,inec-ward-6442,POLLING_UNIT,inec-pu-89956
WARD,inec-ward-6442,POLLING_UNIT,inec-pu-89957
WARD,inec-ward-6442,POLLING_UNIT,inec-pu-89958
WARD,inec-ward-6442,POLLING_UNIT,inec-pu-89959
WARD,inec-ward-6442,POLLING_UNIT,inec-pu-89960
WARD,inec-ward-6442,POLLING_UNIT,inec-pu-89961
WARD,inec-ward-6442,POLLING_UNIT,inec-pu-89962
WARD,inec-ward-6442,POLLING_UNIT,inec-pu-89963
WARD,inec-ward-6442,POLLING_UNIT,inec-pu-89964
WARD,inec-ward-6442,POLLING_UNIT,inec-pu-89965
WARD,inec-ward-6442,POLLING_UNIT,inec-pu-89966
WARD,inec-ward-6442,POLLING_UNIT,inec-pu-89967
WARD,inec-ward-6442,POLLING_UNIT,inec-pu-89968
WARD,inec-ward-6442,POLLING_UNIT,inec-pu-89969
WARD,inec-ward-6442,POLLING_UNIT,inec-pu-89970
WARD,inec-ward-6442,POLLING_UNIT,inec-pu-89971
WARD,inec-ward-6442,POLLING_UNIT,inec-pu-660165
WARD,inec-ward-6442,POLLING_UNIT,inec-pu-660166
WARD,inec-ward-6442,POLLING_UNIT,inec-pu-660167
WARD,inec-ward-6442,POLLING_UNIT,inec-pu-660168
WARD,inec-ward-6442,POLLING_UNIT,inec-pu-660169
WARD,inec-ward-6442,POLLING_UNIT,inec-pu-660170
WARD,inec-ward-6442,POLLING_UNIT,inec-pu-660171
WARD,inec-ward-6442,POLLING_UNIT,inec-pu-660172
WARD,inec-ward-6442,POLLING_UNIT,inec-pu-660173
WARD,inec-ward-6442,POLLING_UNIT,inec-pu-660174
WARD,inec-ward-6442,POLLING_UNIT,inec-pu-660175
WARD,inec-ward-6442,POLLING_UNIT,inec-pu-660176
WARD,inec-ward-6442,POLLING_UNIT,inec-pu-660177
WARD,inec-ward-6442,POLLING_UNIT,inec-pu-660178
WARD,inec-ward-6442,POLLING_UNIT,inec-pu-660179
WARD,inec-ward-6442,POLLING_UNIT,inec-pu-660180
WARD,inec-ward-6442,POLLING_UNIT,inec-pu-660181
WARD,inec-ward-6442,POLLING_UNIT,inec-pu-660182
STATE_CONSTITUENCY,state-assembly-sc-723-og,WARD,inec-ward-6443
WARD,inec-ward-6443,POLLING_UNIT,inec-pu-89972
WARD,inec-ward-6443,POLLING_UNIT,inec-pu-89973
WARD,inec-ward-6443,POLLING_UNIT,inec-pu-89974
WARD,inec-ward-6443,POLLING_UNIT,inec-pu-89975
WARD,inec-ward-6443,POLLING_UNIT,inec-pu-89976
WARD,inec-ward-6443,POLLING_UNIT,inec-pu-89977
WARD,inec-ward-6443,POLLING_UNIT,inec-pu-89978
WARD,inec-ward-6443,POLLING_UNIT,inec-pu-89979
WARD,inec-ward-6443,POLLING_UNIT,inec-pu-89980
WARD,inec-ward-6443,POLLING_UNIT,inec-pu-89981
WARD,inec-ward-6443,POLLING_UNIT,inec-pu-89982
WARD,inec-ward-6443,POLLING_UNIT,inec-pu-89983
WARD,inec-ward-6443,POLLING_UNIT,inec-pu-89984
WARD,inec-ward-6443,POLLING_UNIT,inec-pu-89985
WARD,inec-ward-6443,POLLING_UNIT,inec-pu-89986
WARD,inec-ward-6443,POLLING_UNIT,inec-pu-660183
WARD,inec-ward-6443,POLLING_UNIT,inec-pu-660184
WARD,inec-ward-6443,POLLING_UNIT,inec-pu-660185
WARD,inec-ward-6443,POLLING_UNIT,inec-pu-660186
WARD,inec-ward-6443,POLLING_UNIT,inec-pu-660187
WARD,inec-ward-6443,POLLING_UNIT,inec-pu-660188
WARD,inec-ward-6443,POLLING_UNIT,inec-pu-660189
WARD,inec-ward-6443,POLLING_UNIT,inec-pu-660190
WARD,inec-ward-6443,POLLING_UNIT,inec-pu-660191
WARD,inec-ward-6443,POLLING_UNIT,inec-pu-660192
WARD,inec-ward-6443,POLLING_UNIT,inec-pu-660193
WARD,inec-ward-6443,POLLING_UNIT,inec-pu-660194
WARD,inec-ward-6443,POLLING_UNIT,inec-pu-660195
WARD,inec-ward-6443,POLLING_UNIT,inec-pu-660196
STATE_CONSTITUENCY,state-assembly-sc-723-og,WARD,inec-ward-6444
WARD,inec-ward-6444,POLLING_UNIT,inec-pu-89987
WARD,inec-ward-6444,POLLING_UNIT,inec-pu-89988
WARD,inec-ward-6444,POLLING_UNIT,inec-pu-89989
WARD,inec-ward-6444,POLLING_UNIT,inec-pu-89990
WARD,inec-ward-6444,POLLING_UNIT,inec-pu-89991
WARD,inec-ward-6444,POLLING_UNIT,inec-pu-89992
WARD,inec-ward-6444,POLLING_UNIT,inec-pu-89993
WARD,inec-ward-6444,POLLING_UNIT,inec-pu-89994
WARD,inec-ward-6444,POLLING_UNIT,inec-pu-89995
WARD,inec-ward-6444,POLLING_UNIT,inec-pu-89996
WARD,inec-ward-6444,POLLING_UNIT,inec-pu-89997
WARD,inec-ward-6444,POLLING_UNIT,inec-pu-89998
WARD,inec-ward-6444,POLLING_UNIT,inec-pu-89999
WARD,inec-ward-6444,POLLING_UNIT,inec-pu-90000
WARD,inec-ward-6444,POLLING_UNIT,inec-pu-90001
WARD,inec-ward-6444,POLLING_UNIT,inec-pu-90002
WARD,inec-ward-6444,POLLING_UNIT,inec-pu-90003
WARD,inec-ward-6444,POLLING_UNIT,inec-pu-90004
WARD,inec-ward-6444,POLLING_UNIT,inec-pu-90005
WARD,inec-ward-6444,POLLING_UNIT,inec-pu-90006
WARD,inec-ward-6444,POLLING_UNIT,inec-pu-90007
WARD,inec-ward-6444,POLLING_UNIT,inec-pu-90008
WARD,inec-ward-6444,POLLING_UNIT,inec-pu-90009
WARD,inec-ward-6444,POLLING_UNIT,inec-pu-90010
WARD,inec-ward-6444,POLLING_UNIT,inec-pu-90011
WARD,inec-ward-6444,POLLING_UNIT,inec-pu-660286
WARD,inec-ward-6444,POLLING_UNIT,inec-pu-660287
WARD,inec-ward-6444,POLLING_UNIT,inec-pu-660288
WARD,inec-ward-6444,POLLING_UNIT,inec-pu-660289
WARD,inec-ward-6444,POLLING_UNIT,inec-pu-660290
WARD,inec-ward-6444,POLLING_UNIT,inec-pu-660291
STATE_CONSTITUENCY,state-assembly-sc-723-og,WARD,inec-ward-6445
WARD,inec-ward-6445,POLLING_UNIT,inec-pu-90012
WARD,inec-ward-6445,POLLING_UNIT,inec-pu-90013
WARD,inec-ward-6445,POLLING_UNIT,inec-pu-90014
WARD,inec-ward-6445,POLLING_UNIT,inec-pu-90015
WARD,inec-ward-6445,POLLING_UNIT,inec-pu-90016
WARD,inec-ward-6445,POLLING_UNIT,inec-pu-90017
WARD,inec-ward-6445,POLLING_UNIT,inec-pu-90018
WARD,inec-ward-6445,POLLING_UNIT,inec-pu-90019
WARD,inec-ward-6445,POLLING_UNIT,inec-pu-90020
WARD,inec-ward-6445,POLLING_UNIT,inec-pu-90021
WARD,inec-ward-6445,POLLING_UNIT,inec-pu-90022
WARD,inec-ward-6445,POLLING_UNIT,inec-pu-90023
WARD,inec-ward-6445,POLLING_UNIT,inec-pu-90024
WARD,inec-ward-6445,POLLING_UNIT,inec-pu-90025
WARD,inec-ward-6445,POLLING_UNIT,inec-pu-90026
WARD,inec-ward-6445,POLLING_UNIT,inec-pu-90027
WARD,inec-ward-6445,POLLING_UNIT,inec-pu-90028
WARD,inec-ward-6445,POLLING_UNIT,inec-pu-660259
WARD,inec-ward-6445,POLLING_UNIT,inec-pu-660260
WARD,inec-ward-6445,POLLING_UNIT,inec-pu-660261
WARD,inec-ward-6445,POLLING_UNIT,inec-pu-660262
WARD,inec-ward-6445,POLLING_UNIT,inec-pu-660263
WARD,inec-ward-6445,POLLING_UNIT,inec-pu-660264
STATE_CONSTITUENCY,state-assembly-sc-723-og,WARD,inec-ward-6446
WARD,inec-ward-6446,POLLING_UNIT,inec-pu-90029
WARD,inec-ward-6446,POLLING_UNIT,inec-pu-90030
WARD,inec-ward-6446,POLLING_UNIT,inec-pu-90031
WARD,inec-ward-6446,POLLING_UNIT,inec-pu-90032
WARD,inec-ward-6446,POLLING_UNIT,inec-pu-90033
WARD,inec-ward-6446,POLLING_UNIT,inec-pu-90034
WARD,inec-ward-6446,POLLING_UNIT,inec-pu-90035
WARD,inec-ward-6446,POLLING_UNIT,inec-pu-90036
WARD,inec-ward-6446,POLLING_UNIT,inec-pu-90037
WARD,inec-ward-6446,POLLING_UNIT,inec-pu-90038
WARD,inec-ward-6446,POLLING_UNIT,inec-pu-90039
WARD,inec-ward-6446,POLLING_UNIT,inec-pu-90040
WARD,inec-ward-6446,POLLING_UNIT,inec-pu-660282
WARD,inec-ward-6446,POLLING_UNIT,inec-pu-660283
WARD,inec-ward-6446,POLLING_UNIT,inec-pu-660284
WARD,inec-ward-6446,POLLING_UNIT,inec-pu-660285
STATE_CONSTITUENCY,state-assembly-sc-723-og,WARD,inec-ward-6447
WARD,inec-ward-6447,POLLING_UNIT,inec-pu-90041
WARD,inec-ward-6447,POLLING_UNIT,inec-pu-90042
WARD,inec-ward-6447,POLLING_UNIT,inec-pu-90043
WARD,inec-ward-6447,POLLING_UNIT,inec-pu-90044
WARD,inec-ward-6447,POLLING_UNIT,inec-pu-90045
WARD,inec-ward-6447,POLLING_UNIT,inec-pu-90046
WARD,inec-ward-6447,POLLING_UNIT,inec-pu-90047
WARD,inec-ward-6447,POLLING_UNIT,inec-pu-90048
WARD,inec-ward-6447,POLLING_UNIT,inec-pu-90049
WARD,inec-ward-6447,POLLING_UNIT,inec-pu-90050
WARD,inec-ward-6447,POLLING_UNIT,inec-pu-90051
WARD,inec-ward-6447,POLLING_UNIT,inec-pu-90052
WARD,inec-ward-6447,POLLING_UNIT,inec-pu-90053
WARD,inec-ward-6447,POLLING_UNIT,inec-pu-90054
WARD,inec-ward-6447,POLLING_UNIT,inec-pu-90055
WARD,inec-ward-6447,POLLING_UNIT,inec-pu-90056
WARD,inec-ward-6447,POLLING_UNIT,inec-pu-90057
WARD,inec-ward-6447,POLLING_UNIT,inec-pu-90058
WARD,inec-ward-6447,POLLING_UNIT,inec-pu-90059
WARD,inec-ward-6447,POLLING_UNIT,inec-pu-90060
WARD,inec-ward-6447,POLLING_UNIT,inec-pu-90061
WARD,inec-ward-6447,POLLING_UNIT,inec-pu-90062
WARD,inec-ward-6447,POLLING_UNIT,inec-pu-90063
WARD,inec-ward-6447,POLLING_UNIT,inec-pu-90064
WARD,inec-ward-6447,POLLING_UNIT,inec-pu-90065
WARD,inec-ward-6447,POLLING_UNIT,inec-pu-90066
WARD,inec-ward-6447,POLLING_UNIT,inec-pu-660240
WARD,inec-ward-6447,POLLING_UNIT,inec-pu-660241
WARD,inec-ward-6447,POLLING_UNIT,inec-pu-660242
WARD,inec-ward-6447,POLLING_UNIT,inec-pu-660243
WARD,inec-ward-6447,POLLING_UNIT,inec-pu-660244
WARD,inec-ward-6447,POLLING_UNIT,inec-pu-660245
WARD,inec-ward-6447,POLLING_UNIT,inec-pu-660246
WARD,inec-ward-6447,POLLING_UNIT,inec-pu-660247
WARD,inec-ward-6447,POLLING_UNIT,inec-pu-660248
WARD,inec-ward-6447,POLLING_UNIT,inec-pu-660249
WARD,inec-ward-6447,POLLING_UNIT,inec-pu-660250
WARD,inec-ward-6447,POLLING_UNIT,inec-pu-660251
WARD,inec-ward-6447,POLLING_UNIT,inec-pu-660252
WARD,inec-ward-6447,POLLING_UNIT,inec-pu-660253
WARD,inec-ward-6447,POLLING_UNIT,inec-pu-660254
WARD,inec-ward-6447,POLLING_UNIT,inec-pu-660255
WARD,inec-ward-6447,POLLING_UNIT,inec-pu-660256
WARD,inec-ward-6447,POLLING_UNIT,inec-pu-660257
WARD,inec-ward-6447,POLLING_UNIT,inec-pu-660258
STATE_CONSTITUENCY,state-assembly-sc-724-og,WARD,inec-ward-6448
WARD,inec-ward-6448,POLLING_UNIT,inec-pu-90067
WARD,inec-ward-6448,POLLING_UNIT,inec-pu-90068
WARD,inec-ward-6448,POLLING_UNIT,inec-pu-90069
WARD,inec-ward-6448,POLLING_UNIT,inec-pu-90070
WARD,inec-ward-6448,POLLING_UNIT,inec-pu-90071
WARD,inec-ward-6448,POLLING_UNIT,inec-pu-90072
WARD,inec-ward-6448,POLLING_UNIT,inec-pu-90073
WARD,inec-ward-6448,POLLING_UNIT,inec-pu-90074
WARD,inec-ward-6448,POLLING_UNIT,inec-pu-90075
WARD,inec-ward-6448,POLLING_UNIT,inec-pu-90076
WARD,inec-ward-6448,POLLING_UNIT,inec-pu-90077
WARD,inec-ward-6448,POLLING_UNIT,inec-pu-90078
WARD,inec-ward-6448,POLLING_UNIT,inec-pu-90079
WARD,inec-ward-6448,POLLING_UNIT,inec-pu-90080
WARD,inec-ward-6448,POLLING_UNIT,inec-pu-90081
WARD,inec-ward-6448,POLLING_UNIT,inec-pu-90082
WARD,inec-ward-6448,POLLING_UNIT,inec-pu-90083
WARD,inec-ward-6448,POLLING_UNIT,inec-pu-90084
WARD,inec-ward-6448,POLLING_UNIT,inec-pu-90085
WARD,inec-ward-6448,POLLING_UNIT,inec-pu-90086
WARD,inec-ward-6448,POLLING_UNIT,inec-pu-90087
WARD,inec-ward-6448,POLLING_UNIT,inec-pu-90088
WARD,inec-ward-6448,POLLING_UNIT,inec-pu-660197
WARD,inec-ward-6448,POLLING_UNIT,inec-pu-660198
WARD,inec-ward-6448,POLLING_UNIT,inec-pu-660199
WARD,inec-ward-6448,POLLING_UNIT,inec-pu-660200
STATE_CONSTITUENCY,state-assembly-sc-724-og,WARD,inec-ward-6449
WARD,inec-ward-6449,POLLING_UNIT,inec-pu-90089
WARD,inec-ward-6449,POLLING_UNIT,inec-pu-90090
WARD,inec-ward-6449,POLLING_UNIT,inec-pu-90091
WARD,inec-ward-6449,POLLING_UNIT,inec-pu-90092
WARD,inec-ward-6449,POLLING_UNIT,inec-pu-90093
WARD,inec-ward-6449,POLLING_UNIT,inec-pu-90094
WARD,inec-ward-6449,POLLING_UNIT,inec-pu-90095
WARD,inec-ward-6449,POLLING_UNIT,inec-pu-90096
WARD,inec-ward-6449,POLLING_UNIT,inec-pu-90097
WARD,inec-ward-6449,POLLING_UNIT,inec-pu-90098
WARD,inec-ward-6449,POLLING_UNIT,inec-pu-90099
WARD,inec-ward-6449,POLLING_UNIT,inec-pu-90100
WARD,inec-ward-6449,POLLING_UNIT,inec-pu-90101
WARD,inec-ward-6449,POLLING_UNIT,inec-pu-90102
WARD,inec-ward-6449,POLLING_UNIT,inec-pu-90103
WARD,inec-ward-6449,POLLING_UNIT,inec-pu-90104
WARD,inec-ward-6449,POLLING_UNIT,inec-pu-90105
WARD,inec-ward-6449,POLLING_UNIT,inec-pu-90106
WARD,inec-ward-6449,POLLING_UNIT,inec-pu-90107
WARD,inec-ward-6449,POLLING_UNIT,inec-pu-90108
WARD,inec-ward-6449,POLLING_UNIT,inec-pu-90109
WARD,inec-ward-6449,POLLING_UNIT,inec-pu-660138
WARD,inec-ward-6449,POLLING_UNIT,inec-pu-660139
WARD,inec-ward-6449,POLLING_UNIT,inec-pu-660140
WARD,inec-ward-6449,POLLING_UNIT,inec-pu-660141
WARD,inec-ward-6449,POLLING_UNIT,inec-pu-660142
WARD,inec-ward-6449,POLLING_UNIT,inec-pu-660143
WARD,inec-ward-6449,POLLING_UNIT,inec-pu-660144
WARD,inec-ward-6449,POLLING_UNIT,inec-pu-660145
WARD,inec-ward-6449,POLLING_UNIT,inec-pu-660146
WARD,inec-ward-6449,POLLING_UNIT,inec-pu-660147
WARD,inec-ward-6449,POLLING_UNIT,inec-pu-660148
WARD,inec-ward-6449,POLLING_UNIT,inec-pu-660149
WARD,inec-ward-6449,POLLING_UNIT,inec-pu-660150
WARD,inec-ward-6449,POLLING_UNIT,inec-pu-660151
WARD,inec-ward-6449,POLLING_UNIT,inec-pu-660152
WARD,inec-ward-6449,POLLING_UNIT,inec-pu-660153
WARD,inec-ward-6449,POLLING_UNIT,inec-pu-660154
STATE_CONSTITUENCY,state-assembly-sc-724-og,WARD,inec-ward-6450
WARD,inec-ward-6450,POLLING_UNIT,inec-pu-90110
WARD,inec-ward-6450,POLLING_UNIT,inec-pu-90111
WARD,inec-ward-6450,POLLING_UNIT,inec-pu-90112
WARD,inec-ward-6450,POLLING_UNIT,inec-pu-90113
WARD,inec-ward-6450,POLLING_UNIT,inec-pu-90114
WARD,inec-ward-6450,POLLING_UNIT,inec-pu-90115
WARD,inec-ward-6450,POLLING_UNIT,inec-pu-90116
WARD,inec-ward-6450,POLLING_UNIT,inec-pu-90117
WARD,inec-ward-6450,POLLING_UNIT,inec-pu-90118
WARD,inec-ward-6450,POLLING_UNIT,inec-pu-90119
STATE_CONSTITUENCY,state-assembly-sc-724-og,WARD,inec-ward-6451
WARD,inec-ward-6451,POLLING_UNIT,inec-pu-90120
WARD,inec-ward-6451,POLLING_UNIT,inec-pu-90121
WARD,inec-ward-6451,POLLING_UNIT,inec-pu-90122
WARD,inec-ward-6451,POLLING_UNIT,inec-pu-90123
WARD,inec-ward-6451,POLLING_UNIT,inec-pu-90124
WARD,inec-ward-6451,POLLING_UNIT,inec-pu-90125
WARD,inec-ward-6451,POLLING_UNIT,inec-pu-90126
WARD,inec-ward-6451,POLLING_UNIT,inec-pu-90127
WARD,inec-ward-6451,POLLING_UNIT,inec-pu-90128
WARD,inec-ward-6451,POLLING_UNIT,inec-pu-90129
WARD,inec-ward-6451,POLLING_UNIT,inec-pu-90130
WARD,inec-ward-6451,POLLING_UNIT,inec-pu-90131
WARD,inec-ward-6451,POLLING_UNIT,inec-pu-90132
WARD,inec-ward-6451,POLLING_UNIT,inec-pu-90133
WARD,inec-ward-6451,POLLING_UNIT,inec-pu-90134
WARD,inec-ward-6451,POLLING_UNIT,inec-pu-90135
WARD,inec-ward-6451,POLLING_UNIT,inec-pu-90136
WARD,inec-ward-6451,POLLING_UNIT,inec-pu-90137
WARD,inec-ward-6451,POLLING_UNIT,inec-pu-90138
WARD,inec-ward-6451,POLLING_UNIT,inec-pu-90139
WARD,inec-ward-6451,POLLING_UNIT,inec-pu-90140
WARD,inec-ward-6451,POLLING_UNIT,inec-pu-90141
WARD,inec-ward-6451,POLLING_UNIT,inec-pu-90142
WARD,inec-ward-6451,POLLING_UNIT,inec-pu-90143
WARD,inec-ward-6451,POLLING_UNIT,inec-pu-90144
WARD,inec-ward-6451,POLLING_UNIT,inec-pu-660292
WARD,inec-ward-6451,POLLING_UNIT,inec-pu-660293
STATE_CONSTITUENCY,state-assembly-sc-724-og,WARD,inec-ward-6452
WARD,inec-ward-6452,POLLING_UNIT,inec-pu-90145
WARD,inec-ward-6452,POLLING_UNIT,inec-pu-90146
WARD,inec-ward-6452,POLLING_UNIT,inec-pu-90147
WARD,inec-ward-6452,POLLING_UNIT,inec-pu-90148
WARD,inec-ward-6452,POLLING_UNIT,inec-pu-90149
WARD,inec-ward-6452,POLLING_UNIT,inec-pu-90150
WARD,inec-ward-6452,POLLING_UNIT,inec-pu-90151
WARD,inec-ward-6452,POLLING_UNIT,inec-pu-90152
WARD,inec-ward-6452,POLLING_UNIT,inec-pu-90153
WARD,inec-ward-6452,POLLING_UNIT,inec-pu-90154
WARD,inec-ward-6452,POLLING_UNIT,inec-pu-90155
WARD,inec-ward-6452,POLLING_UNIT,inec-pu-90156
WARD,inec-ward-6452,POLLING_UNIT,inec-pu-90157
WARD,inec-ward-6452,POLLING_UNIT,inec-pu-90158
WARD,inec-ward-6452,POLLING_UNIT,inec-pu-90159
WARD,inec-ward-6452,POLLING_UNIT,inec-pu-90160
WARD,inec-ward-6452,POLLING_UNIT,inec-pu-90161
WARD,inec-ward-6452,POLLING_UNIT,inec-pu-90162
WARD,inec-ward-6452,POLLING_UNIT,inec-pu-90163
WARD,inec-ward-6452,POLLING_UNIT,inec-pu-90164
WARD,inec-ward-6452,POLLING_UNIT,inec-pu-90165
WARD,inec-ward-6452,POLLING_UNIT,inec-pu-90166
WARD,inec-ward-6452,POLLING_UNIT,inec-pu-90167
WARD,inec-ward-6452,POLLING_UNIT,inec-pu-90168
WARD,inec-ward-6452,POLLING_UNIT,inec-pu-90169
WARD,inec-ward-6452,POLLING_UNIT,inec-pu-660265
WARD,inec-ward-6452,POLLING_UNIT,inec-pu-660266
WARD,inec-ward-6452,POLLING_UNIT,inec-pu-660267
WARD,inec-ward-6452,POLLING_UNIT,inec-pu-660268
WARD,inec-ward-6452,POLLING_UNIT,inec-pu-660269
WARD,inec-ward-6452,POLLING_UNIT,inec-pu-660270
WARD,inec-ward-6452,POLLING_UNIT,inec-pu-660271
WARD,inec-ward-6452,POLLING_UNIT,inec-pu-660272
WARD,inec-ward-6452,POLLING_UNIT,inec-pu-660273
WARD,inec-ward-6452,POLLING_UNIT,inec-pu-660274
WARD,inec-ward-6452,POLLING_UNIT,inec-pu-660275
WARD,inec-ward-6452,POLLING_UNIT,inec-pu-660276
WARD,inec-ward-6452,POLLING_UNIT,inec-pu-660277
WARD,inec-ward-6452,POLLING_UNIT,inec-pu-660278
WARD,inec-ward-6452,POLLING_UNIT,inec-pu-660279
WARD,inec-ward-6452,POLLING_UNIT,inec-pu-660280
WARD,inec-ward-6452,POLLING_UNIT,inec-pu-660281
STATE_CONSTITUENCY,state-assembly-sc-724-og,WARD,inec-ward-6453
WARD,inec-ward-6453,POLLING_UNIT,inec-pu-90170
WARD,inec-ward-6453,POLLING_UNIT,inec-pu-90171
WARD,inec-ward-6453,POLLING_UNIT,inec-pu-90172
WARD,inec-ward-6453,POLLING_UNIT,inec-pu-90173
WARD,inec-ward-6453,POLLING_UNIT,inec-pu-90174
WARD,inec-ward-6453,POLLING_UNIT,inec-pu-90175
WARD,inec-ward-6453,POLLING_UNIT,inec-pu-90176
WARD,inec-ward-6453,POLLING_UNIT,inec-pu-90177
WARD,inec-ward-6453,POLLING_UNIT,inec-pu-90178
WARD,inec-ward-6453,POLLING_UNIT,inec-pu-90179
WARD,inec-ward-6453,POLLING_UNIT,inec-pu-90180
WARD,inec-ward-6453,POLLING_UNIT,inec-pu-90181
WARD,inec-ward-6453,POLLING_UNIT,inec-pu-90182
WARD,inec-ward-6453,POLLING_UNIT,inec-pu-90183
WARD,inec-ward-6453,POLLING_UNIT,inec-pu-90184
WARD,inec-ward-6453,POLLING_UNIT,inec-pu-90185
WARD,inec-ward-6453,POLLING_UNIT,inec-pu-90186
WARD,inec-ward-6453,POLLING_UNIT,inec-pu-90187
WARD,inec-ward-6453,POLLING_UNIT,inec-pu-90188
WARD,inec-ward-6453,POLLING_UNIT,inec-pu-90189
WARD,inec-ward-6453,POLLING_UNIT,inec-pu-90190
WARD,inec-ward-6453,POLLING_UNIT,inec-pu-90191
WARD,inec-ward-6453,POLLING_UNIT,inec-pu-90192
WARD,inec-ward-6453,POLLING_UNIT,inec-pu-660236
WARD,inec-ward-6453,POLLING_UNIT,inec-pu-660237
WARD,inec-ward-6453,POLLING_UNIT,inec-pu-660238
WARD,inec-ward-6453,POLLING_UNIT,inec-pu-660239
STATE_CONSTITUENCY,state-assembly-sc-724-og,WARD,inec-ward-6454
WARD,inec-ward-6454,POLLING_UNIT,inec-pu-90193
WARD,inec-ward-6454,POLLING_UNIT,inec-pu-90194
WARD,inec-ward-6454,POLLING_UNIT,inec-pu-90195
WARD,inec-ward-6454,POLLING_UNIT,inec-pu-90196
WARD,inec-ward-6454,POLLING_UNIT,inec-pu-90197
WARD,inec-ward-6454,POLLING_UNIT,inec-pu-90198
WARD,inec-ward-6454,POLLING_UNIT,inec-pu-90199
WARD,inec-ward-6454,POLLING_UNIT,inec-pu-90200
WARD,inec-ward-6454,POLLING_UNIT,inec-pu-90201
WARD,inec-ward-6454,POLLING_UNIT,inec-pu-90202
WARD,inec-ward-6454,POLLING_UNIT,inec-pu-90203
WARD,inec-ward-6454,POLLING_UNIT,inec-pu-90204
WARD,inec-ward-6454,POLLING_UNIT,inec-pu-90205
WARD,inec-ward-6454,POLLING_UNIT,inec-pu-90206
WARD,inec-ward-6454,POLLING_UNIT,inec-pu-90207
WARD,inec-ward-6454,POLLING_UNIT,inec-pu-90208
WARD,inec-ward-6454,POLLING_UNIT,inec-pu-90209
WARD,inec-ward-6454,POLLING_UNIT,inec-pu-660201
WARD,inec-ward-6454,POLLING_UNIT,inec-pu-660202
WARD,inec-ward-6454,POLLING_UNIT,inec-pu-660203
WARD,inec-ward-6454,POLLING_UNIT,inec-pu-660204
WARD,inec-ward-6454,POLLING_UNIT,inec-pu-660205
WARD,inec-ward-6454,POLLING_UNIT,inec-pu-660206
WARD,inec-ward-6454,POLLING_UNIT,inec-pu-660207
WARD,inec-ward-6454,POLLING_UNIT,inec-pu-660208
WARD,inec-ward-6454,POLLING_UNIT,inec-pu-660209
WARD,inec-ward-6454,POLLING_UNIT,inec-pu-660210
WARD,inec-ward-6454,POLLING_UNIT,inec-pu-660211
WARD,inec-ward-6454,POLLING_UNIT,inec-pu-660212
WARD,inec-ward-6454,POLLING_UNIT,inec-pu-660213
WARD,inec-ward-6454,POLLING_UNIT,inec-pu-660214
WARD,inec-ward-6454,POLLING_UNIT,inec-pu-660215
WARD,inec-ward-6454,POLLING_UNIT,inec-pu-660216
WARD,inec-ward-6454,POLLING_UNIT,inec-pu-660217
WARD,inec-ward-6454,POLLING_UNIT,inec-pu-660218
WARD,inec-ward-6454,POLLING_UNIT,inec-pu-660219
WARD,inec-ward-6454,POLLING_UNIT,inec-pu-660220
WARD,inec-ward-6454,POLLING_UNIT,inec-pu-660221
WARD,inec-ward-6454,POLLING_UNIT,inec-pu-660222
STATE_CONSTITUENCY,state-assembly-sc-724-og,WARD,inec-ward-6455
WARD,inec-ward-6455,POLLING_UNIT,inec-pu-90210
WARD,inec-ward-6455,POLLING_UNIT,inec-pu-90211
WARD,inec-ward-6455,POLLING_UNIT,inec-pu-90212
WARD,inec-ward-6455,POLLING_UNIT,inec-pu-90213
WARD,inec-ward-6455,POLLING_UNIT,inec-pu-90214
WARD,inec-ward-6455,POLLING_UNIT,inec-pu-90215
WARD,inec-ward-6455,POLLING_UNIT,inec-pu-90216
WARD,inec-ward-6455,POLLING_UNIT,inec-pu-90217
WARD,inec-ward-6455,POLLING_UNIT,inec-pu-90218
WARD,inec-ward-6455,POLLING_UNIT,inec-pu-90219
WARD,inec-ward-6455,POLLING_UNIT,inec-pu-90220
WARD,inec-ward-6455,POLLING_UNIT,inec-pu-90221
WARD,inec-ward-6455,POLLING_UNIT,inec-pu-90222
WARD,inec-ward-6455,POLLING_UNIT,inec-pu-90223
WARD,inec-ward-6455,POLLING_UNIT,inec-pu-90224
WARD,inec-ward-6455,POLLING_UNIT,inec-pu-90225
WARD,inec-ward-6455,POLLING_UNIT,inec-pu-90226
WARD,inec-ward-6455,POLLING_UNIT,inec-pu-90227
WARD,inec-ward-6455,POLLING_UNIT,inec-pu-660223
WARD,inec-ward-6455,POLLING_UNIT,inec-pu-660224
WARD,inec-ward-6455,POLLING_UNIT,inec-pu-660225
WARD,inec-ward-6455,POLLING_UNIT,inec-pu-660226
WARD,inec-ward-6455,POLLING_UNIT,inec-pu-660227
WARD,inec-ward-6455,POLLING_UNIT,inec-pu-660228
WARD,inec-ward-6455,POLLING_UNIT,inec-pu-660229
WARD,inec-ward-6455,POLLING_UNIT,inec-pu-660230
WARD,inec-ward-6455,POLLING_UNIT,inec-pu-660231
WARD,inec-ward-6455,POLLING_UNIT,inec-pu-660232
WARD,inec-ward-6455,POLLING_UNIT,inec-pu-660233
WARD,inec-ward-6455,POLLING_UNIT,inec-pu-660234
WARD,inec-ward-6455,POLLING_UNIT,inec-pu-660235
STATE_CONSTITUENCY,state-assembly-sc-747-og,WARD,inec-ward-6456
WARD,inec-ward-6456,POLLING_UNIT,inec-pu-90228
WARD,inec-ward-6456,POLLING_UNIT,inec-pu-90229
WARD,inec-ward-6456,POLLING_UNIT,inec-pu-90230
WARD,inec-ward-6456,POLLING_UNIT,inec-pu-90231
WARD,inec-ward-6456,POLLING_UNIT,inec-pu-90232
WARD,inec-ward-6456,POLLING_UNIT,inec-pu-90233
WARD,inec-ward-6456,POLLING_UNIT,inec-pu-90234
WARD,inec-ward-6456,POLLING_UNIT,inec-pu-90235
WARD,inec-ward-6456,POLLING_UNIT,inec-pu-90236
WARD,inec-ward-6456,POLLING_UNIT,inec-pu-90237
WARD,inec-ward-6456,POLLING_UNIT,inec-pu-90238
WARD,inec-ward-6456,POLLING_UNIT,inec-pu-90239
WARD,inec-ward-6456,POLLING_UNIT,inec-pu-90240
WARD,inec-ward-6456,POLLING_UNIT,inec-pu-90241
WARD,inec-ward-6456,POLLING_UNIT,inec-pu-90242
WARD,inec-ward-6456,POLLING_UNIT,inec-pu-90243
WARD,inec-ward-6456,POLLING_UNIT,inec-pu-90244
WARD,inec-ward-6456,POLLING_UNIT,inec-pu-90245
WARD,inec-ward-6456,POLLING_UNIT,inec-pu-660525
WARD,inec-ward-6456,POLLING_UNIT,inec-pu-660526
WARD,inec-ward-6456,POLLING_UNIT,inec-pu-660527
WARD,inec-ward-6456,POLLING_UNIT,inec-pu-660528
WARD,inec-ward-6456,POLLING_UNIT,inec-pu-660529
WARD,inec-ward-6456,POLLING_UNIT,inec-pu-660530
WARD,inec-ward-6456,POLLING_UNIT,inec-pu-660531
WARD,inec-ward-6456,POLLING_UNIT,inec-pu-660532
WARD,inec-ward-6456,POLLING_UNIT,inec-pu-660533
WARD,inec-ward-6456,POLLING_UNIT,inec-pu-660534
WARD,inec-ward-6456,POLLING_UNIT,inec-pu-660535
WARD,inec-ward-6456,POLLING_UNIT,inec-pu-660536
WARD,inec-ward-6456,POLLING_UNIT,inec-pu-660537
WARD,inec-ward-6456,POLLING_UNIT,inec-pu-660538
WARD,inec-ward-6456,POLLING_UNIT,inec-pu-660539
WARD,inec-ward-6456,POLLING_UNIT,inec-pu-660540
WARD,inec-ward-6456,POLLING_UNIT,inec-pu-660541
WARD,inec-ward-6456,POLLING_UNIT,inec-pu-660542
WARD,inec-ward-6456,POLLING_UNIT,inec-pu-660543
WARD,inec-ward-6456,POLLING_UNIT,inec-pu-660544
WARD,inec-ward-6456,POLLING_UNIT,inec-pu-660545
WARD,inec-ward-6456,POLLING_UNIT,inec-pu-660546
WARD,inec-ward-6456,POLLING_UNIT,inec-pu-660547
WARD,inec-ward-6456,POLLING_UNIT,inec-pu-660548
WARD,inec-ward-6456,POLLING_UNIT,inec-pu-660549
WARD,inec-ward-6456,POLLING_UNIT,inec-pu-660550
WARD,inec-ward-6456,POLLING_UNIT,inec-pu-660551
WARD,inec-ward-6456,POLLING_UNIT,inec-pu-660552
WARD,inec-ward-6456,POLLING_UNIT,inec-pu-660553
WARD,inec-ward-6456,POLLING_UNIT,inec-pu-660554
WARD,inec-ward-6456,POLLING_UNIT,inec-pu-660555
WARD,inec-ward-6456,POLLING_UNIT,inec-pu-660556
WARD,inec-ward-6456,POLLING_UNIT,inec-pu-660557
WARD,inec-ward-6456,POLLING_UNIT,inec-pu-660558
STATE_CONSTITUENCY,state-assembly-sc-747-og,WARD,inec-ward-6457
WARD,inec-ward-6457,POLLING_UNIT,inec-pu-90246
WARD,inec-ward-6457,POLLING_UNIT,inec-pu-90247
WARD,inec-ward-6457,POLLING_UNIT,inec-pu-90248
WARD,inec-ward-6457,POLLING_UNIT,inec-pu-90249
WARD,inec-ward-6457,POLLING_UNIT,inec-pu-90250
WARD,inec-ward-6457,POLLING_UNIT,inec-pu-90251
WARD,inec-ward-6457,POLLING_UNIT,inec-pu-90252
WARD,inec-ward-6457,POLLING_UNIT,inec-pu-90253
WARD,inec-ward-6457,POLLING_UNIT,inec-pu-90254
WARD,inec-ward-6457,POLLING_UNIT,inec-pu-90255
WARD,inec-ward-6457,POLLING_UNIT,inec-pu-90256
WARD,inec-ward-6457,POLLING_UNIT,inec-pu-90257
WARD,inec-ward-6457,POLLING_UNIT,inec-pu-90258
WARD,inec-ward-6457,POLLING_UNIT,inec-pu-660559
WARD,inec-ward-6457,POLLING_UNIT,inec-pu-660560
WARD,inec-ward-6457,POLLING_UNIT,inec-pu-660561
WARD,inec-ward-6457,POLLING_UNIT,inec-pu-660562
WARD,inec-ward-6457,POLLING_UNIT,inec-pu-660563
WARD,inec-ward-6457,POLLING_UNIT,inec-pu-660564
WARD,inec-ward-6457,POLLING_UNIT,inec-pu-660565
WARD,inec-ward-6457,POLLING_UNIT,inec-pu-660566
WARD,inec-ward-6457,POLLING_UNIT,inec-pu-660567
WARD,inec-ward-6457,POLLING_UNIT,inec-pu-660568
WARD,inec-ward-6457,POLLING_UNIT,inec-pu-660569
WARD,inec-ward-6457,POLLING_UNIT,inec-pu-660570
WARD,inec-ward-6457,POLLING_UNIT,inec-pu-660571
WARD,inec-ward-6457,POLLING_UNIT,inec-pu-660572
WARD,inec-ward-6457,POLLING_UNIT,inec-pu-660573
WARD,inec-ward-6457,POLLING_UNIT,inec-pu-660574
WARD,inec-ward-6457,POLLING_UNIT,inec-pu-660575
WARD,inec-ward-6457,POLLING_UNIT,inec-pu-660576
WARD,inec-ward-6457,POLLING_UNIT,inec-pu-660577
WARD,inec-ward-6457,POLLING_UNIT,inec-pu-660578
WARD,inec-ward-6457,POLLING_UNIT,inec-pu-660579
WARD,inec-ward-6457,POLLING_UNIT,inec-pu-660580
WARD,inec-ward-6457,POLLING_UNIT,inec-pu-660581
WARD,inec-ward-6457,POLLING_UNIT,inec-pu-660582
WARD,inec-ward-6457,POLLING_UNIT,inec-pu-660583
WARD,inec-ward-6457,POLLING_UNIT,inec-pu-660584
WARD,inec-ward-6457,POLLING_UNIT,inec-pu-660585
WARD,inec-ward-6457,POLLING_UNIT,inec-pu-660586
WARD,inec-ward-6457,POLLING_UNIT,inec-pu-660587
WARD,inec-ward-6457,POLLING_UNIT,inec-pu-660588
WARD,inec-ward-6457,POLLING_UNIT,inec-pu-660589
WARD,inec-ward-6457,POLLING_UNIT,inec-pu-660590
WARD,inec-ward-6457,POLLING_UNIT,inec-pu-660591
WARD,inec-ward-6457,POLLING_UNIT,inec-pu-660592
WARD,inec-ward-6457,POLLING_UNIT,inec-pu-660593
WARD,inec-ward-6457,POLLING_UNIT,inec-pu-660594
WARD,inec-ward-6457,POLLING_UNIT,inec-pu-660595
WARD,inec-ward-6457,POLLING_UNIT,inec-pu-660596
WARD,inec-ward-6457,POLLING_UNIT,inec-pu-660597
STATE_CONSTITUENCY,state-assembly-sc-747-og,WARD,inec-ward-6458
WARD,inec-ward-6458,POLLING_UNIT,inec-pu-90259
WARD,inec-ward-6458,POLLING_UNIT,inec-pu-90260
WARD,inec-ward-6458,POLLING_UNIT,inec-pu-90261
WARD,inec-ward-6458,POLLING_UNIT,inec-pu-90262
WARD,inec-ward-6458,POLLING_UNIT,inec-pu-90263
WARD,inec-ward-6458,POLLING_UNIT,inec-pu-90264
WARD,inec-ward-6458,POLLING_UNIT,inec-pu-90265
WARD,inec-ward-6458,POLLING_UNIT,inec-pu-90266
WARD,inec-ward-6458,POLLING_UNIT,inec-pu-90267
WARD,inec-ward-6458,POLLING_UNIT,inec-pu-90268
WARD,inec-ward-6458,POLLING_UNIT,inec-pu-90269
WARD,inec-ward-6458,POLLING_UNIT,inec-pu-90270
WARD,inec-ward-6458,POLLING_UNIT,inec-pu-90271
WARD,inec-ward-6458,POLLING_UNIT,inec-pu-90272
WARD,inec-ward-6458,POLLING_UNIT,inec-pu-90273
WARD,inec-ward-6458,POLLING_UNIT,inec-pu-90274
WARD,inec-ward-6458,POLLING_UNIT,inec-pu-90275
WARD,inec-ward-6458,POLLING_UNIT,inec-pu-90276
WARD,inec-ward-6458,POLLING_UNIT,inec-pu-90277
WARD,inec-ward-6458,POLLING_UNIT,inec-pu-90278
WARD,inec-ward-6458,POLLING_UNIT,inec-pu-90279
WARD,inec-ward-6458,POLLING_UNIT,inec-pu-90280
WARD,inec-ward-6458,POLLING_UNIT,inec-pu-90281
WARD,inec-ward-6458,POLLING_UNIT,inec-pu-90282
WARD,inec-ward-6458,POLLING_UNIT,inec-pu-90283
WARD,inec-ward-6458,POLLING_UNIT,inec-pu-90284
WARD,inec-ward-6458,POLLING_UNIT,inec-pu-90285
WARD,inec-ward-6458,POLLING_UNIT,inec-pu-90286
WARD,inec-ward-6458,POLLING_UNIT,inec-pu-90287
WARD,inec-ward-6458,POLLING_UNIT,inec-pu-90288
WARD,inec-ward-6458,POLLING_UNIT,inec-pu-90289
WARD,inec-ward-6458,POLLING_UNIT,inec-pu-90290
WARD,inec-ward-6458,POLLING_UNIT,inec-pu-90291
WARD,inec-ward-6458,POLLING_UNIT,inec-pu-90292
WARD,inec-ward-6458,POLLING_UNIT,inec-pu-90293
WARD,inec-ward-6458,POLLING_UNIT,inec-pu-660598
WARD,inec-ward-6458,POLLING_UNIT,inec-pu-660599
WARD,inec-ward-6458,POLLING_UNIT,inec-pu-660600
WARD,inec-ward-6458,POLLING_UNIT,inec-pu-660601
WARD,inec-ward-6458,POLLING_UNIT,inec-pu-660602
WARD,inec-ward-6458,POLLING_UNIT,inec-pu-660603
WARD,inec-ward-6458,POLLING_UNIT,inec-pu-660604
WARD,inec-ward-6458,POLLING_UNIT,inec-pu-660605
WARD,inec-ward-6458,POLLING_UNIT,inec-pu-660606
WARD,inec-ward-6458,POLLING_UNIT,inec-pu-660607
WARD,inec-ward-6458,POLLING_UNIT,inec-pu-660608
WARD,inec-ward-6458,POLLING_UNIT,inec-pu-660609
WARD,inec-ward-6458,POLLING_UNIT,inec-pu-660610
WARD,inec-ward-6458,POLLING_UNIT,inec-pu-660611
WARD,inec-ward-6458,POLLING_UNIT,inec-pu-660612
WARD,inec-ward-6458,POLLING_UNIT,inec-pu-660613
WARD,inec-ward-6458,POLLING_UNIT,inec-pu-660614
WARD,inec-ward-6458,POLLING_UNIT,inec-pu-660615
WARD,inec-ward-6458,POLLING_UNIT,inec-pu-660616
WARD,inec-ward-6458,POLLING_UNIT,inec-pu-660617
WARD,inec-ward-6458,POLLING_UNIT,inec-pu-660618
WARD,inec-ward-6458,POLLING_UNIT,inec-pu-660619
WARD,inec-ward-6458,POLLING_UNIT,inec-pu-660620
WARD,inec-ward-6458,POLLING_UNIT,inec-pu-660621
WARD,inec-ward-6458,POLLING_UNIT,inec-pu-660622
WARD,inec-ward-6458,POLLING_UNIT,inec-pu-660623
WARD,inec-ward-6458,POLLING_UNIT,inec-pu-660624
WARD,inec-ward-6458,POLLING_UNIT,inec-pu-660625
WARD,inec-ward-6458,POLLING_UNIT,inec-pu-660626
WARD,inec-ward-6458,POLLING_UNIT,inec-pu-660627
WARD,inec-ward-6458,POLLING_UNIT,inec-pu-660628
WARD,inec-ward-6458,POLLING_UNIT,inec-pu-660629
WARD,inec-ward-6458,POLLING_UNIT,inec-pu-660630
WARD,inec-ward-6458,POLLING_UNIT,inec-pu-660631
WARD,inec-ward-6458,POLLING_UNIT,inec-pu-660632
WARD,inec-ward-6458,POLLING_UNIT,inec-pu-660633
WARD,inec-ward-6458,POLLING_UNIT,inec-pu-660634
WARD,inec-ward-6458,POLLING_UNIT,inec-pu-660635
WARD,inec-ward-6458,POLLING_UNIT,inec-pu-660636
WARD,inec-ward-6458,POLLING_UNIT,inec-pu-660637
WARD,inec-ward-6458,POLLING_UNIT,inec-pu-660638
STATE_CONSTITUENCY,state-assembly-sc-747-og,WARD,inec-ward-6459
WARD,inec-ward-6459,POLLING_UNIT,inec-pu-90294
WARD,inec-ward-6459,POLLING_UNIT,inec-pu-90295
WARD,inec-ward-6459,POLLING_UNIT,inec-pu-90296
WARD,inec-ward-6459,POLLING_UNIT,inec-pu-90297
WARD,inec-ward-6459,POLLING_UNIT,inec-pu-90298
WARD,inec-ward-6459,POLLING_UNIT,inec-pu-90299
WARD,inec-ward-6459,POLLING_UNIT,inec-pu-90300
WARD,inec-ward-6459,POLLING_UNIT,inec-pu-90301
WARD,inec-ward-6459,POLLING_UNIT,inec-pu-90302
WARD,inec-ward-6459,POLLING_UNIT,inec-pu-90303
WARD,inec-ward-6459,POLLING_UNIT,inec-pu-90304
WARD,inec-ward-6459,POLLING_UNIT,inec-pu-90305
WARD,inec-ward-6459,POLLING_UNIT,inec-pu-660639
WARD,inec-ward-6459,POLLING_UNIT,inec-pu-660640
WARD,inec-ward-6459,POLLING_UNIT,inec-pu-660641
WARD,inec-ward-6459,POLLING_UNIT,inec-pu-660642
WARD,inec-ward-6459,POLLING_UNIT,inec-pu-660643
WARD,inec-ward-6459,POLLING_UNIT,inec-pu-660644
WARD,inec-ward-6459,POLLING_UNIT,inec-pu-660645
WARD,inec-ward-6459,POLLING_UNIT,inec-pu-660646
WARD,inec-ward-6459,POLLING_UNIT,inec-pu-660647
WARD,inec-ward-6459,POLLING_UNIT,inec-pu-660648
WARD,inec-ward-6459,POLLING_UNIT,inec-pu-660649
WARD,inec-ward-6459,POLLING_UNIT,inec-pu-660650
WARD,inec-ward-6459,POLLING_UNIT,inec-pu-660651
WARD,inec-ward-6459,POLLING_UNIT,inec-pu-660652
WARD,inec-ward-6459,POLLING_UNIT,inec-pu-660653
WARD,inec-ward-6459,POLLING_UNIT,inec-pu-660654
WARD,inec-ward-6459,POLLING_UNIT,inec-pu-660655
WARD,inec-ward-6459,POLLING_UNIT,inec-pu-660656
WARD,inec-ward-6459,POLLING_UNIT,inec-pu-660657
WARD,inec-ward-6459,POLLING_UNIT,inec-pu-660658
WARD,inec-ward-6459,POLLING_UNIT,inec-pu-660659
WARD,inec-ward-6459,POLLING_UNIT,inec-pu-660660
WARD,inec-ward-6459,POLLING_UNIT,inec-pu-660661
WARD,inec-ward-6459,POLLING_UNIT,inec-pu-660662
WARD,inec-ward-6459,POLLING_UNIT,inec-pu-660663
WARD,inec-ward-6459,POLLING_UNIT,inec-pu-660664
WARD,inec-ward-6459,POLLING_UNIT,inec-pu-660665
WARD,inec-ward-6459,POLLING_UNIT,inec-pu-660666
WARD,inec-ward-6459,POLLING_UNIT,inec-pu-660667
WARD,inec-ward-6459,POLLING_UNIT,inec-pu-660668
WARD,inec-ward-6459,POLLING_UNIT,inec-pu-660669
WARD,inec-ward-6459,POLLING_UNIT,inec-pu-660670
WARD,inec-ward-6459,POLLING_UNIT,inec-pu-660671
STATE_CONSTITUENCY,state-assembly-sc-747-og,WARD,inec-ward-6460
WARD,inec-ward-6460,POLLING_UNIT,inec-pu-90306
WARD,inec-ward-6460,POLLING_UNIT,inec-pu-90307
WARD,inec-ward-6460,POLLING_UNIT,inec-pu-90308
WARD,inec-ward-6460,POLLING_UNIT,inec-pu-90309
WARD,inec-ward-6460,POLLING_UNIT,inec-pu-90310
WARD,inec-ward-6460,POLLING_UNIT,inec-pu-90311
WARD,inec-ward-6460,POLLING_UNIT,inec-pu-90312
WARD,inec-ward-6460,POLLING_UNIT,inec-pu-90313
WARD,inec-ward-6460,POLLING_UNIT,inec-pu-90314
WARD,inec-ward-6460,POLLING_UNIT,inec-pu-90315
WARD,inec-ward-6460,POLLING_UNIT,inec-pu-90316
WARD,inec-ward-6460,POLLING_UNIT,inec-pu-90317
WARD,inec-ward-6460,POLLING_UNIT,inec-pu-90318
WARD,inec-ward-6460,POLLING_UNIT,inec-pu-90319
WARD,inec-ward-6460,POLLING_UNIT,inec-pu-90320
WARD,inec-ward-6460,POLLING_UNIT,inec-pu-660371
WARD,inec-ward-6460,POLLING_UNIT,inec-pu-660372
WARD,inec-ward-6460,POLLING_UNIT,inec-pu-660373
WARD,inec-ward-6460,POLLING_UNIT,inec-pu-660374
WARD,inec-ward-6460,POLLING_UNIT,inec-pu-660375
WARD,inec-ward-6460,POLLING_UNIT,inec-pu-660376
WARD,inec-ward-6460,POLLING_UNIT,inec-pu-660377
WARD,inec-ward-6460,POLLING_UNIT,inec-pu-660378
WARD,inec-ward-6460,POLLING_UNIT,inec-pu-660379
WARD,inec-ward-6460,POLLING_UNIT,inec-pu-660380
WARD,inec-ward-6460,POLLING_UNIT,inec-pu-660381
WARD,inec-ward-6460,POLLING_UNIT,inec-pu-660382
WARD,inec-ward-6460,POLLING_UNIT,inec-pu-660383
WARD,inec-ward-6460,POLLING_UNIT,inec-pu-660384
WARD,inec-ward-6460,POLLING_UNIT,inec-pu-660385
WARD,inec-ward-6460,POLLING_UNIT,inec-pu-660386
WARD,inec-ward-6460,POLLING_UNIT,inec-pu-660387
WARD,inec-ward-6460,POLLING_UNIT,inec-pu-660388
WARD,inec-ward-6460,POLLING_UNIT,inec-pu-660389
WARD,inec-ward-6460,POLLING_UNIT,inec-pu-660390
WARD,inec-ward-6460,POLLING_UNIT,inec-pu-660391
WARD,inec-ward-6460,POLLING_UNIT,inec-pu-660392
WARD,inec-ward-6460,POLLING_UNIT,inec-pu-660393
WARD,inec-ward-6460,POLLING_UNIT,inec-pu-660394
WARD,inec-ward-6460,POLLING_UNIT,inec-pu-660395
WARD,inec-ward-6460,POLLING_UNIT,inec-pu-660396
WARD,inec-ward-6460,POLLING_UNIT,inec-pu-660397
WARD,inec-ward-6460,POLLING_UNIT,inec-pu-660398
WARD,inec-ward-6460,POLLING_UNIT,inec-pu-660399
WARD,inec-ward-6460,POLLING_UNIT,inec-pu-660400
WARD,inec-ward-6460,POLLING_UNIT,inec-pu-660401
WARD,inec-ward-6460,POLLING_UNIT,inec-pu-660402
WARD,inec-ward-6460,POLLING_UNIT,inec-pu-660403
WARD,inec-ward-6460,POLLING_UNIT,inec-pu-660404
WARD,inec-ward-6460,POLLING_UNIT,inec-pu-660405
WARD,inec-ward-6460,POLLING_UNIT,inec-pu-660406
WARD,inec-ward-6460,POLLING_UNIT,inec-pu-660407
WARD,inec-ward-6460,POLLING_UNIT,inec-pu-660408
WARD,inec-ward-6460,POLLING_UNIT,inec-pu-660409
WARD,inec-ward-6460,POLLING_UNIT,inec-pu-660410
WARD,inec-ward-6460,POLLING_UNIT,inec-pu-660411
WARD,inec-ward-6460,POLLING_UNIT,inec-pu-660412
WARD,inec-ward-6460,POLLING_UNIT,inec-pu-660413
WARD,inec-ward-6460,POLLING_UNIT,inec-pu-660414
STATE_CONSTITUENCY,state-assembly-sc-747-og,WARD,inec-ward-6461
WARD,inec-ward-6461,POLLING_UNIT,inec-pu-90321
WARD,inec-ward-6461,POLLING_UNIT,inec-pu-90322
WARD,inec-ward-6461,POLLING_UNIT,inec-pu-90323
WARD,inec-ward-6461,POLLING_UNIT,inec-pu-90324
WARD,inec-ward-6461,POLLING_UNIT,inec-pu-90325
WARD,inec-ward-6461,POLLING_UNIT,inec-pu-90326
WARD,inec-ward-6461,POLLING_UNIT,inec-pu-90327
WARD,inec-ward-6461,POLLING_UNIT,inec-pu-90328
WARD,inec-ward-6461,POLLING_UNIT,inec-pu-90329
WARD,inec-ward-6461,POLLING_UNIT,inec-pu-90330
WARD,inec-ward-6461,POLLING_UNIT,inec-pu-90331
WARD,inec-ward-6461,POLLING_UNIT,inec-pu-90332
WARD,inec-ward-6461,POLLING_UNIT,inec-pu-90333
WARD,inec-ward-6461,POLLING_UNIT,inec-pu-90334
WARD,inec-ward-6461,POLLING_UNIT,inec-pu-90335
WARD,inec-ward-6461,POLLING_UNIT,inec-pu-90336
WARD,inec-ward-6461,POLLING_UNIT,inec-pu-90337
WARD,inec-ward-6461,POLLING_UNIT,inec-pu-90338
WARD,inec-ward-6461,POLLING_UNIT,inec-pu-90339
WARD,inec-ward-6461,POLLING_UNIT,inec-pu-90340
WARD,inec-ward-6461,POLLING_UNIT,inec-pu-660339
WARD,inec-ward-6461,POLLING_UNIT,inec-pu-660340
WARD,inec-ward-6461,POLLING_UNIT,inec-pu-660341
WARD,inec-ward-6461,POLLING_UNIT,inec-pu-660342
WARD,inec-ward-6461,POLLING_UNIT,inec-pu-660343
WARD,inec-ward-6461,POLLING_UNIT,inec-pu-660344
WARD,inec-ward-6461,POLLING_UNIT,inec-pu-660345
WARD,inec-ward-6461,POLLING_UNIT,inec-pu-660346
WARD,inec-ward-6461,POLLING_UNIT,inec-pu-660347
WARD,inec-ward-6461,POLLING_UNIT,inec-pu-660348
WARD,inec-ward-6461,POLLING_UNIT,inec-pu-660349
WARD,inec-ward-6461,POLLING_UNIT,inec-pu-660350
WARD,inec-ward-6461,POLLING_UNIT,inec-pu-660351
WARD,inec-ward-6461,POLLING_UNIT,inec-pu-660352
WARD,inec-ward-6461,POLLING_UNIT,inec-pu-660353
WARD,inec-ward-6461,POLLING_UNIT,inec-pu-660354
WARD,inec-ward-6461,POLLING_UNIT,inec-pu-660355
WARD,inec-ward-6461,POLLING_UNIT,inec-pu-660356
WARD,inec-ward-6461,POLLING_UNIT,inec-pu-660357
WARD,inec-ward-6461,POLLING_UNIT,inec-pu-660358
WARD,inec-ward-6461,POLLING_UNIT,inec-pu-660359
STATE_CONSTITUENCY,state-assembly-sc-747-og,WARD,inec-ward-6462
WARD,inec-ward-6462,POLLING_UNIT,inec-pu-90341
WARD,inec-ward-6462,POLLING_UNIT,inec-pu-90342
WARD,inec-ward-6462,POLLING_UNIT,inec-pu-90343
WARD,inec-ward-6462,POLLING_UNIT,inec-pu-90344
WARD,inec-ward-6462,POLLING_UNIT,inec-pu-90345
WARD,inec-ward-6462,POLLING_UNIT,inec-pu-90346
WARD,inec-ward-6462,POLLING_UNIT,inec-pu-90347
WARD,inec-ward-6462,POLLING_UNIT,inec-pu-90348
WARD,inec-ward-6462,POLLING_UNIT,inec-pu-90349
WARD,inec-ward-6462,POLLING_UNIT,inec-pu-90350
WARD,inec-ward-6462,POLLING_UNIT,inec-pu-90351
WARD,inec-ward-6462,POLLING_UNIT,inec-pu-90352
WARD,inec-ward-6462,POLLING_UNIT,inec-pu-90353
WARD,inec-ward-6462,POLLING_UNIT,inec-pu-90354
WARD,inec-ward-6462,POLLING_UNIT,inec-pu-90355
WARD,inec-ward-6462,POLLING_UNIT,inec-pu-90356
WARD,inec-ward-6462,POLLING_UNIT,inec-pu-90357
WARD,inec-ward-6462,POLLING_UNIT,inec-pu-660415
WARD,inec-ward-6462,POLLING_UNIT,inec-pu-660416
WARD,inec-ward-6462,POLLING_UNIT,inec-pu-660417
WARD,inec-ward-6462,POLLING_UNIT,inec-pu-660418
WARD,inec-ward-6462,POLLING_UNIT,inec-pu-660419
WARD,inec-ward-6462,POLLING_UNIT,inec-pu-660420
WARD,inec-ward-6462,POLLING_UNIT,inec-pu-660421
WARD,inec-ward-6462,POLLING_UNIT,inec-pu-660422
WARD,inec-ward-6462,POLLING_UNIT,inec-pu-660423
WARD,inec-ward-6462,POLLING_UNIT,inec-pu-660424
WARD,inec-ward-6462,POLLING_UNIT,inec-pu-660425
WARD,inec-ward-6462,POLLING_UNIT,inec-pu-660426
WARD,inec-ward-6462,POLLING_UNIT,inec-pu-660427
WARD,inec-ward-6462,POLLING_UNIT,inec-pu-660428
WARD,inec-ward-6462,POLLING_UNIT,inec-pu-660429
WARD,inec-ward-6462,POLLING_UNIT,inec-pu-660430
WARD,inec-ward-6462,POLLING_UNIT,inec-pu-660431
WARD,inec-ward-6462,POLLING_UNIT,inec-pu-660432
WARD,inec-ward-6462,POLLING_UNIT,inec-pu-660433
WARD,inec-ward-6462,POLLING_UNIT,inec-pu-660434
WARD,inec-ward-6462,POLLING_UNIT,inec-pu-660435
WARD,inec-ward-6462,POLLING_UNIT,inec-pu-660436
WARD,inec-ward-6462,POLLING_UNIT,inec-pu-660437
WARD,inec-ward-6462,POLLING_UNIT,inec-pu-660438
WARD,inec-ward-6462,POLLING_UNIT,inec-pu-660439
WARD,inec-ward-6462,POLLING_UNIT,inec-pu-660440
WARD,inec-ward-6462,POLLING_UNIT,inec-pu-660441
WARD,inec-ward-6462,POLLING_UNIT,inec-pu-660442
WARD,inec-ward-6462,POLLING_UNIT,inec-pu-660443
WARD,inec-ward-6462,POLLING_UNIT,inec-pu-660444
WARD,inec-ward-6462,POLLING_UNIT,inec-pu-660445
WARD,inec-ward-6462,POLLING_UNIT,inec-pu-660446
WARD,inec-ward-6462,POLLING_UNIT,inec-pu-660447
WARD,inec-ward-6462,POLLING_UNIT,inec-pu-660448
WARD,inec-ward-6462,POLLING_UNIT,inec-pu-660449
WARD,inec-ward-6462,POLLING_UNIT,inec-pu-660450
WARD,inec-ward-6462,POLLING_UNIT,inec-pu-660451
WARD,inec-ward-6462,POLLING_UNIT,inec-pu-660452
WARD,inec-ward-6462,POLLING_UNIT,inec-pu-660453
WARD,inec-ward-6462,POLLING_UNIT,inec-pu-660454
WARD,inec-ward-6462,POLLING_UNIT,inec-pu-660455
WARD,inec-ward-6462,POLLING_UNIT,inec-pu-660456
WARD,inec-ward-6462,POLLING_UNIT,inec-pu-660457
WARD,inec-ward-6462,POLLING_UNIT,inec-pu-660458
WARD,inec-ward-6462,POLLING_UNIT,inec-pu-660459
WARD,inec-ward-6462,POLLING_UNIT,inec-pu-660460
WARD,inec-ward-6462,POLLING_UNIT,inec-pu-660461
WARD,inec-ward-6462,POLLING_UNIT,inec-pu-660462
WARD,inec-ward-6462,POLLING_UNIT,inec-pu-660463
WARD,inec-ward-6462,POLLING_UNIT,inec-pu-660464
WARD,inec-ward-6462,POLLING_UNIT,inec-pu-660465
WARD,inec-ward-6462,POLLING_UNIT,inec-pu-660466
WARD,inec-ward-6462,POLLING_UNIT,inec-pu-660467
WARD,inec-ward-6462,POLLING_UNIT,inec-pu-660468
WARD,inec-ward-6462,POLLING_UNIT,inec-pu-660469
WARD,inec-ward-6462,POLLING_UNIT,inec-pu-660470
WARD,inec-ward-6462,POLLING_UNIT,inec-pu-660471
WARD,inec-ward-6462,POLLING_UNIT,inec-pu-660472
WARD,inec-ward-6462,POLLING_UNIT,inec-pu-660473
STATE_CONSTITUENCY,state-assembly-sc-747-og,WARD,inec-ward-6463
WARD,inec-ward-6463,POLLING_UNIT,inec-pu-90358
WARD,inec-ward-6463,POLLING_UNIT,inec-pu-90359
WARD,inec-ward-6463,POLLING_UNIT,inec-pu-90360
WARD,inec-ward-6463,POLLING_UNIT,inec-pu-90361
WARD,inec-ward-6463,POLLING_UNIT,inec-pu-90362
WARD,inec-ward-6463,POLLING_UNIT,inec-pu-90363
WARD,inec-ward-6463,POLLING_UNIT,inec-pu-90364
WARD,inec-ward-6463,POLLING_UNIT,inec-pu-90365
WARD,inec-ward-6463,POLLING_UNIT,inec-pu-90366
WARD,inec-ward-6463,POLLING_UNIT,inec-pu-90367
WARD,inec-ward-6463,POLLING_UNIT,inec-pu-90368
WARD,inec-ward-6463,POLLING_UNIT,inec-pu-90369
WARD,inec-ward-6463,POLLING_UNIT,inec-pu-90370
WARD,inec-ward-6463,POLLING_UNIT,inec-pu-90371
WARD,inec-ward-6463,POLLING_UNIT,inec-pu-90372
WARD,inec-ward-6463,POLLING_UNIT,inec-pu-90373
WARD,inec-ward-6463,POLLING_UNIT,inec-pu-90374
WARD,inec-ward-6463,POLLING_UNIT,inec-pu-90375
WARD,inec-ward-6463,POLLING_UNIT,inec-pu-90376
WARD,inec-ward-6463,POLLING_UNIT,inec-pu-90377
WARD,inec-ward-6463,POLLING_UNIT,inec-pu-660474
WARD,inec-ward-6463,POLLING_UNIT,inec-pu-660475
WARD,inec-ward-6463,POLLING_UNIT,inec-pu-660476
WARD,inec-ward-6463,POLLING_UNIT,inec-pu-660477
WARD,inec-ward-6463,POLLING_UNIT,inec-pu-660478
WARD,inec-ward-6463,POLLING_UNIT,inec-pu-660479
WARD,inec-ward-6463,POLLING_UNIT,inec-pu-660480
WARD,inec-ward-6463,POLLING_UNIT,inec-pu-660481
WARD,inec-ward-6463,POLLING_UNIT,inec-pu-660482
WARD,inec-ward-6463,POLLING_UNIT,inec-pu-660483
WARD,inec-ward-6463,POLLING_UNIT,inec-pu-660484
WARD,inec-ward-6463,POLLING_UNIT,inec-pu-660485
WARD,inec-ward-6463,POLLING_UNIT,inec-pu-660486
WARD,inec-ward-6463,POLLING_UNIT,inec-pu-660487
WARD,inec-ward-6463,POLLING_UNIT,inec-pu-660488
WARD,inec-ward-6463,POLLING_UNIT,inec-pu-660489
WARD,inec-ward-6463,POLLING_UNIT,inec-pu-660490
WARD,inec-ward-6463,POLLING_UNIT,inec-pu-660491
WARD,inec-ward-6463,POLLING_UNIT,inec-pu-660492
WARD,inec-ward-6463,POLLING_UNIT,inec-pu-660493
WARD,inec-ward-6463,POLLING_UNIT,inec-pu-660494
WARD,inec-ward-6463,POLLING_UNIT,inec-pu-660495
WARD,inec-ward-6463,POLLING_UNIT,inec-pu-660496
WARD,inec-ward-6463,POLLING_UNIT,inec-pu-660497
WARD,inec-ward-6463,POLLING_UNIT,inec-pu-660498
WARD,inec-ward-6463,POLLING_UNIT,inec-pu-660499
WARD,inec-ward-6463,POLLING_UNIT,inec-pu-660500
WARD,inec-ward-6463,POLLING_UNIT,inec-pu-660501
WARD,inec-ward-6463,POLLING_UNIT,inec-pu-660502
WARD,inec-ward-6463,POLLING_UNIT,inec-pu-660503
WARD,inec-ward-6463,POLLING_UNIT,inec-pu-660504
WARD,inec-ward-6463,POLLING_UNIT,inec-pu-660505
WARD,inec-ward-6463,POLLING_UNIT,inec-pu-660506
WARD,inec-ward-6463,POLLING_UNIT,inec-pu-660507
WARD,inec-ward-6463,POLLING_UNIT,inec-pu-660508
WARD,inec-ward-6463,POLLING_UNIT,inec-pu-660509
STATE_CONSTITUENCY,state-assembly-sc-748-og,WARD,inec-ward-6464
WARD,inec-ward-6464,POLLING_UNIT,inec-pu-90378
WARD,inec-ward-6464,POLLING_UNIT,inec-pu-90379
WARD,inec-ward-6464,POLLING_UNIT,inec-pu-90380
WARD,inec-ward-6464,POLLING_UNIT,inec-pu-90381
WARD,inec-ward-6464,POLLING_UNIT,inec-pu-90382
WARD,inec-ward-6464,POLLING_UNIT,inec-pu-90383
WARD,inec-ward-6464,POLLING_UNIT,inec-pu-90384
WARD,inec-ward-6464,POLLING_UNIT,inec-pu-90385
WARD,inec-ward-6464,POLLING_UNIT,inec-pu-90386
WARD,inec-ward-6464,POLLING_UNIT,inec-pu-90387
WARD,inec-ward-6464,POLLING_UNIT,inec-pu-90388
WARD,inec-ward-6464,POLLING_UNIT,inec-pu-90389
WARD,inec-ward-6464,POLLING_UNIT,inec-pu-90390
WARD,inec-ward-6464,POLLING_UNIT,inec-pu-90391
WARD,inec-ward-6464,POLLING_UNIT,inec-pu-90392
WARD,inec-ward-6464,POLLING_UNIT,inec-pu-90393
WARD,inec-ward-6464,POLLING_UNIT,inec-pu-90394
WARD,inec-ward-6464,POLLING_UNIT,inec-pu-90395
WARD,inec-ward-6464,POLLING_UNIT,inec-pu-90396
WARD,inec-ward-6464,POLLING_UNIT,inec-pu-90397
WARD,inec-ward-6464,POLLING_UNIT,inec-pu-660298
STATE_CONSTITUENCY,state-assembly-sc-748-og,WARD,inec-ward-6465
WARD,inec-ward-6465,POLLING_UNIT,inec-pu-90398
WARD,inec-ward-6465,POLLING_UNIT,inec-pu-90399
WARD,inec-ward-6465,POLLING_UNIT,inec-pu-90400
WARD,inec-ward-6465,POLLING_UNIT,inec-pu-90401
WARD,inec-ward-6465,POLLING_UNIT,inec-pu-90402
WARD,inec-ward-6465,POLLING_UNIT,inec-pu-90403
WARD,inec-ward-6465,POLLING_UNIT,inec-pu-90404
WARD,inec-ward-6465,POLLING_UNIT,inec-pu-90405
WARD,inec-ward-6465,POLLING_UNIT,inec-pu-90406
WARD,inec-ward-6465,POLLING_UNIT,inec-pu-90407
WARD,inec-ward-6465,POLLING_UNIT,inec-pu-90408
WARD,inec-ward-6465,POLLING_UNIT,inec-pu-90409
WARD,inec-ward-6465,POLLING_UNIT,inec-pu-90410
WARD,inec-ward-6465,POLLING_UNIT,inec-pu-90411
WARD,inec-ward-6465,POLLING_UNIT,inec-pu-90412
WARD,inec-ward-6465,POLLING_UNIT,inec-pu-660299
WARD,inec-ward-6465,POLLING_UNIT,inec-pu-660300
WARD,inec-ward-6465,POLLING_UNIT,inec-pu-660301
WARD,inec-ward-6465,POLLING_UNIT,inec-pu-660302
WARD,inec-ward-6465,POLLING_UNIT,inec-pu-660303
STATE_CONSTITUENCY,state-assembly-sc-748-og,WARD,inec-ward-6466
WARD,inec-ward-6466,POLLING_UNIT,inec-pu-90413
WARD,inec-ward-6466,POLLING_UNIT,inec-pu-90414
WARD,inec-ward-6466,POLLING_UNIT,inec-pu-90415
WARD,inec-ward-6466,POLLING_UNIT,inec-pu-90416
WARD,inec-ward-6466,POLLING_UNIT,inec-pu-90417
WARD,inec-ward-6466,POLLING_UNIT,inec-pu-90418
WARD,inec-ward-6466,POLLING_UNIT,inec-pu-90419
WARD,inec-ward-6466,POLLING_UNIT,inec-pu-90420
WARD,inec-ward-6466,POLLING_UNIT,inec-pu-90421
WARD,inec-ward-6466,POLLING_UNIT,inec-pu-90422
WARD,inec-ward-6466,POLLING_UNIT,inec-pu-90423
WARD,inec-ward-6466,POLLING_UNIT,inec-pu-90424
WARD,inec-ward-6466,POLLING_UNIT,inec-pu-90425
WARD,inec-ward-6466,POLLING_UNIT,inec-pu-90426
WARD,inec-ward-6466,POLLING_UNIT,inec-pu-90427
WARD,inec-ward-6466,POLLING_UNIT,inec-pu-90428
WARD,inec-ward-6466,POLLING_UNIT,inec-pu-90429
WARD,inec-ward-6466,POLLING_UNIT,inec-pu-90430
WARD,inec-ward-6466,POLLING_UNIT,inec-pu-90431
WARD,inec-ward-6466,POLLING_UNIT,inec-pu-90432
WARD,inec-ward-6466,POLLING_UNIT,inec-pu-90433
WARD,inec-ward-6466,POLLING_UNIT,inec-pu-90434
WARD,inec-ward-6466,POLLING_UNIT,inec-pu-90435
WARD,inec-ward-6466,POLLING_UNIT,inec-pu-90436
WARD,inec-ward-6466,POLLING_UNIT,inec-pu-660294
WARD,inec-ward-6466,POLLING_UNIT,inec-pu-660295
WARD,inec-ward-6466,POLLING_UNIT,inec-pu-660296
WARD,inec-ward-6466,POLLING_UNIT,inec-pu-660297
STATE_CONSTITUENCY,state-assembly-sc-748-og,WARD,inec-ward-6467
WARD,inec-ward-6467,POLLING_UNIT,inec-pu-90437
WARD,inec-ward-6467,POLLING_UNIT,inec-pu-90438
WARD,inec-ward-6467,POLLING_UNIT,inec-pu-90439
WARD,inec-ward-6467,POLLING_UNIT,inec-pu-90440
WARD,inec-ward-6467,POLLING_UNIT,inec-pu-90441
WARD,inec-ward-6467,POLLING_UNIT,inec-pu-90442
WARD,inec-ward-6467,POLLING_UNIT,inec-pu-90443
WARD,inec-ward-6467,POLLING_UNIT,inec-pu-90444
WARD,inec-ward-6467,POLLING_UNIT,inec-pu-90445
WARD,inec-ward-6467,POLLING_UNIT,inec-pu-90446
WARD,inec-ward-6467,POLLING_UNIT,inec-pu-90447
WARD,inec-ward-6467,POLLING_UNIT,inec-pu-90448
WARD,inec-ward-6467,POLLING_UNIT,inec-pu-90449
WARD,inec-ward-6467,POLLING_UNIT,inec-pu-90450
WARD,inec-ward-6467,POLLING_UNIT,inec-pu-90451
WARD,inec-ward-6467,POLLING_UNIT,inec-pu-90452
WARD,inec-ward-6467,POLLING_UNIT,inec-pu-660330
WARD,inec-ward-6467,POLLING_UNIT,inec-pu-660331
WARD,inec-ward-6467,POLLING_UNIT,inec-pu-660332
WARD,inec-ward-6467,POLLING_UNIT,inec-pu-660333
WARD,inec-ward-6467,POLLING_UNIT,inec-pu-660334
WARD,inec-ward-6467,POLLING_UNIT,inec-pu-660335
WARD,inec-ward-6467,POLLING_UNIT,inec-pu-660336
WARD,inec-ward-6467,POLLING_UNIT,inec-pu-660337
WARD,inec-ward-6467,POLLING_UNIT,inec-pu-660338
STATE_CONSTITUENCY,state-assembly-sc-748-og,WARD,inec-ward-6468
WARD,inec-ward-6468,POLLING_UNIT,inec-pu-90453
WARD,inec-ward-6468,POLLING_UNIT,inec-pu-90454
WARD,inec-ward-6468,POLLING_UNIT,inec-pu-90455
WARD,inec-ward-6468,POLLING_UNIT,inec-pu-90456
WARD,inec-ward-6468,POLLING_UNIT,inec-pu-90457
WARD,inec-ward-6468,POLLING_UNIT,inec-pu-90458
WARD,inec-ward-6468,POLLING_UNIT,inec-pu-90459
WARD,inec-ward-6468,POLLING_UNIT,inec-pu-90460
WARD,inec-ward-6468,POLLING_UNIT,inec-pu-90461
WARD,inec-ward-6468,POLLING_UNIT,inec-pu-90462
WARD,inec-ward-6468,POLLING_UNIT,inec-pu-90463
WARD,inec-ward-6468,POLLING_UNIT,inec-pu-90464
WARD,inec-ward-6468,POLLING_UNIT,inec-pu-90465
WARD,inec-ward-6468,POLLING_UNIT,inec-pu-90466
WARD,inec-ward-6468,POLLING_UNIT,inec-pu-90467
WARD,inec-ward-6468,POLLING_UNIT,inec-pu-660510
WARD,inec-ward-6468,POLLING_UNIT,inec-pu-660511
WARD,inec-ward-6468,POLLING_UNIT,inec-pu-660512
WARD,inec-ward-6468,POLLING_UNIT,inec-pu-660513
WARD,inec-ward-6468,POLLING_UNIT,inec-pu-660514
WARD,inec-ward-6468,POLLING_UNIT,inec-pu-660515
WARD,inec-ward-6468,POLLING_UNIT,inec-pu-660516
WARD,inec-ward-6468,POLLING_UNIT,inec-pu-660517
WARD,inec-ward-6468,POLLING_UNIT,inec-pu-660518
WARD,inec-ward-6468,POLLING_UNIT,inec-pu-660519
WARD,inec-ward-6468,POLLING_UNIT,inec-pu-660520
WARD,inec-ward-6468,POLLING_UNIT,inec-pu-660521
WARD,inec-ward-6468,POLLING_UNIT,inec-pu-660522
WARD,inec-ward-6468,POLLING_UNIT,inec-pu-660523
WARD,inec-ward-6468,POLLING_UNIT,inec-pu-660524
STATE_CONSTITUENCY,state-assembly-sc-748-og,WARD,inec-ward-6469
WARD,inec-ward-6469,POLLING_UNIT,inec-pu-90468
WARD,inec-ward-6469,POLLING_UNIT,inec-pu-90469
WARD,inec-ward-6469,POLLING_UNIT,inec-pu-90470
WARD,inec-ward-6469,POLLING_UNIT,inec-pu-90471
WARD,inec-ward-6469,POLLING_UNIT,inec-pu-90472
WARD,inec-ward-6469,POLLING_UNIT,inec-pu-90473
WARD,inec-ward-6469,POLLING_UNIT,inec-pu-90474
WARD,inec-ward-6469,POLLING_UNIT,inec-pu-90475
WARD,inec-ward-6469,POLLING_UNIT,inec-pu-90476
WARD,inec-ward-6469,POLLING_UNIT,inec-pu-90477
WARD,inec-ward-6469,POLLING_UNIT,inec-pu-90478
WARD,inec-ward-6469,POLLING_UNIT,inec-pu-90479
WARD,inec-ward-6469,POLLING_UNIT,inec-pu-660360
WARD,inec-ward-6469,POLLING_UNIT,inec-pu-660361
WARD,inec-ward-6469,POLLING_UNIT,inec-pu-660362
WARD,inec-ward-6469,POLLING_UNIT,inec-pu-660363
WARD,inec-ward-6469,POLLING_UNIT,inec-pu-660364
WARD,inec-ward-6469,POLLING_UNIT,inec-pu-660365
WARD,inec-ward-6469,POLLING_UNIT,inec-pu-660366
WARD,inec-ward-6469,POLLING_UNIT,inec-pu-660367
WARD,inec-ward-6469,POLLING_UNIT,inec-pu-660368
WARD,inec-ward-6469,POLLING_UNIT,inec-pu-660369
WARD,inec-ward-6469,POLLING_UNIT,inec-pu-660370
STATE_CONSTITUENCY,state-assembly-sc-748-og,WARD,inec-ward-6470
WARD,inec-ward-6470,POLLING_UNIT,inec-pu-90480
WARD,inec-ward-6470,POLLING_UNIT,inec-pu-90481
WARD,inec-ward-6470,POLLING_UNIT,inec-pu-90482
WARD,inec-ward-6470,POLLING_UNIT,inec-pu-90483
WARD,inec-ward-6470,POLLING_UNIT,inec-pu-90484
WARD,inec-ward-6470,POLLING_UNIT,inec-pu-90485
WARD,inec-ward-6470,POLLING_UNIT,inec-pu-90486
WARD,inec-ward-6470,POLLING_UNIT,inec-pu-90487
WARD,inec-ward-6470,POLLING_UNIT,inec-pu-90488
WARD,inec-ward-6470,POLLING_UNIT,inec-pu-90489
WARD,inec-ward-6470,POLLING_UNIT,inec-pu-90490
WARD,inec-ward-6470,POLLING_UNIT,inec-pu-90491
WARD,inec-ward-6470,POLLING_UNIT,inec-pu-90492
WARD,inec-ward-6470,POLLING_UNIT,inec-pu-90493
WARD,inec-ward-6470,POLLING_UNIT,inec-pu-660304
WARD,inec-ward-6470,POLLING_UNIT,inec-pu-660305
WARD,inec-ward-6470,POLLING_UNIT,inec-pu-660306
WARD,inec-ward-6470,POLLING_UNIT,inec-pu-660307
WARD,inec-ward-6470,POLLING_UNIT,inec-pu-660308
WARD,inec-ward-6470,POLLING_UNIT,inec-pu-660309
WARD,inec-ward-6470,POLLING_UNIT,inec-pu-660310
WARD,inec-ward-6470,POLLING_UNIT,inec-pu-660311
WARD,inec-ward-6470,POLLING_UNIT,inec-pu-660312
WARD,inec-ward-6470,POLLING_UNIT,inec-pu-660313
WARD,inec-ward-6470,POLLING_UNIT,inec-pu-660314
WARD,inec-ward-6470,POLLING_UNIT,inec-pu-660315
STATE_CONSTITUENCY,state-assembly-sc-748-og,WARD,inec-ward-6471
WARD,inec-ward-6471,POLLING_UNIT,inec-pu-90494
WARD,inec-ward-6471,POLLING_UNIT,inec-pu-90495
WARD,inec-ward-6471,POLLING_UNIT,inec-pu-90496
WARD,inec-ward-6471,POLLING_UNIT,inec-pu-90497
WARD,inec-ward-6471,POLLING_UNIT,inec-pu-90498
WARD,inec-ward-6471,POLLING_UNIT,inec-pu-90499
WARD,inec-ward-6471,POLLING_UNIT,inec-pu-90500
WARD,inec-ward-6471,POLLING_UNIT,inec-pu-90501
WARD,inec-ward-6471,POLLING_UNIT,inec-pu-90502
WARD,inec-ward-6471,POLLING_UNIT,inec-pu-90503
WARD,inec-ward-6471,POLLING_UNIT,inec-pu-90504
WARD,inec-ward-6471,POLLING_UNIT,inec-pu-660316
WARD,inec-ward-6471,POLLING_UNIT,inec-pu-660317
WARD,inec-ward-6471,POLLING_UNIT,inec-pu-660318
WARD,inec-ward-6471,POLLING_UNIT,inec-pu-660319
WARD,inec-ward-6471,POLLING_UNIT,inec-pu-660320
WARD,inec-ward-6471,POLLING_UNIT,inec-pu-660321
WARD,inec-ward-6471,POLLING_UNIT,inec-pu-660322
WARD,inec-ward-6471,POLLING_UNIT,inec-pu-660323
WARD,inec-ward-6471,POLLING_UNIT,inec-pu-660324
WARD,inec-ward-6471,POLLING_UNIT,inec-pu-660325
WARD,inec-ward-6471,POLLING_UNIT,inec-pu-660326
WARD,inec-ward-6471,POLLING_UNIT,inec-pu-660327
WARD,inec-ward-6471,POLLING_UNIT,inec-pu-660328
WARD,inec-ward-6471,POLLING_UNIT,inec-pu-660329
STATE_CONSTITUENCY,state-assembly-sc-743-og,WARD,inec-ward-6472
WARD,inec-ward-6472,POLLING_UNIT,inec-pu-90505
WARD,inec-ward-6472,POLLING_UNIT,inec-pu-90506
WARD,inec-ward-6472,POLLING_UNIT,inec-pu-90507
WARD,inec-ward-6472,POLLING_UNIT,inec-pu-90508
WARD,inec-ward-6472,POLLING_UNIT,inec-pu-90509
WARD,inec-ward-6472,POLLING_UNIT,inec-pu-90510
WARD,inec-ward-6472,POLLING_UNIT,inec-pu-90511
WARD,inec-ward-6472,POLLING_UNIT,inec-pu-90512
WARD,inec-ward-6472,POLLING_UNIT,inec-pu-90513
WARD,inec-ward-6472,POLLING_UNIT,inec-pu-90514
WARD,inec-ward-6472,POLLING_UNIT,inec-pu-90515
WARD,inec-ward-6472,POLLING_UNIT,inec-pu-90516
WARD,inec-ward-6472,POLLING_UNIT,inec-pu-90517
WARD,inec-ward-6472,POLLING_UNIT,inec-pu-90518
WARD,inec-ward-6472,POLLING_UNIT,inec-pu-90519
WARD,inec-ward-6472,POLLING_UNIT,inec-pu-90520
WARD,inec-ward-6472,POLLING_UNIT,inec-pu-90521
WARD,inec-ward-6472,POLLING_UNIT,inec-pu-90522
WARD,inec-ward-6472,POLLING_UNIT,inec-pu-90523
WARD,inec-ward-6472,POLLING_UNIT,inec-pu-90524
WARD,inec-ward-6472,POLLING_UNIT,inec-pu-90525
WARD,inec-ward-6472,POLLING_UNIT,inec-pu-90526
WARD,inec-ward-6472,POLLING_UNIT,inec-pu-90527
WARD,inec-ward-6472,POLLING_UNIT,inec-pu-90528
WARD,inec-ward-6472,POLLING_UNIT,inec-pu-90529
WARD,inec-ward-6472,POLLING_UNIT,inec-pu-90530
WARD,inec-ward-6472,POLLING_UNIT,inec-pu-90531
WARD,inec-ward-6472,POLLING_UNIT,inec-pu-660711
WARD,inec-ward-6472,POLLING_UNIT,inec-pu-660712
WARD,inec-ward-6472,POLLING_UNIT,inec-pu-660713
STATE_CONSTITUENCY,state-assembly-sc-743-og,WARD,inec-ward-6473
WARD,inec-ward-6473,POLLING_UNIT,inec-pu-90532
WARD,inec-ward-6473,POLLING_UNIT,inec-pu-90533
WARD,inec-ward-6473,POLLING_UNIT,inec-pu-90534
WARD,inec-ward-6473,POLLING_UNIT,inec-pu-90535
WARD,inec-ward-6473,POLLING_UNIT,inec-pu-90536
WARD,inec-ward-6473,POLLING_UNIT,inec-pu-90537
WARD,inec-ward-6473,POLLING_UNIT,inec-pu-90538
WARD,inec-ward-6473,POLLING_UNIT,inec-pu-90539
WARD,inec-ward-6473,POLLING_UNIT,inec-pu-90540
WARD,inec-ward-6473,POLLING_UNIT,inec-pu-90541
WARD,inec-ward-6473,POLLING_UNIT,inec-pu-90542
WARD,inec-ward-6473,POLLING_UNIT,inec-pu-90543
WARD,inec-ward-6473,POLLING_UNIT,inec-pu-90544
WARD,inec-ward-6473,POLLING_UNIT,inec-pu-90545
WARD,inec-ward-6473,POLLING_UNIT,inec-pu-90546
WARD,inec-ward-6473,POLLING_UNIT,inec-pu-90547
WARD,inec-ward-6473,POLLING_UNIT,inec-pu-90548
WARD,inec-ward-6473,POLLING_UNIT,inec-pu-90549
WARD,inec-ward-6473,POLLING_UNIT,inec-pu-90550
WARD,inec-ward-6473,POLLING_UNIT,inec-pu-660681
WARD,inec-ward-6473,POLLING_UNIT,inec-pu-660682
WARD,inec-ward-6473,POLLING_UNIT,inec-pu-660683
WARD,inec-ward-6473,POLLING_UNIT,inec-pu-660684
STATE_CONSTITUENCY,state-assembly-sc-743-og,WARD,inec-ward-6474
WARD,inec-ward-6474,POLLING_UNIT,inec-pu-90551
WARD,inec-ward-6474,POLLING_UNIT,inec-pu-90552
WARD,inec-ward-6474,POLLING_UNIT,inec-pu-90553
WARD,inec-ward-6474,POLLING_UNIT,inec-pu-90554
WARD,inec-ward-6474,POLLING_UNIT,inec-pu-90555
WARD,inec-ward-6474,POLLING_UNIT,inec-pu-90556
WARD,inec-ward-6474,POLLING_UNIT,inec-pu-90557
WARD,inec-ward-6474,POLLING_UNIT,inec-pu-90558
WARD,inec-ward-6474,POLLING_UNIT,inec-pu-90559
WARD,inec-ward-6474,POLLING_UNIT,inec-pu-90560
WARD,inec-ward-6474,POLLING_UNIT,inec-pu-90561
WARD,inec-ward-6474,POLLING_UNIT,inec-pu-90562
WARD,inec-ward-6474,POLLING_UNIT,inec-pu-90563
WARD,inec-ward-6474,POLLING_UNIT,inec-pu-90564
WARD,inec-ward-6474,POLLING_UNIT,inec-pu-660685
WARD,inec-ward-6474,POLLING_UNIT,inec-pu-660686
WARD,inec-ward-6474,POLLING_UNIT,inec-pu-660687
WARD,inec-ward-6474,POLLING_UNIT,inec-pu-660688
WARD,inec-ward-6474,POLLING_UNIT,inec-pu-660689
WARD,inec-ward-6474,POLLING_UNIT,inec-pu-660690
STATE_CONSTITUENCY,state-assembly-sc-743-og,WARD,inec-ward-6475
WARD,inec-ward-6475,POLLING_UNIT,inec-pu-90565
WARD,inec-ward-6475,POLLING_UNIT,inec-pu-90566
WARD,inec-ward-6475,POLLING_UNIT,inec-pu-90567
WARD,inec-ward-6475,POLLING_UNIT,inec-pu-90568
WARD,inec-ward-6475,POLLING_UNIT,inec-pu-90569
WARD,inec-ward-6475,POLLING_UNIT,inec-pu-90570
WARD,inec-ward-6475,POLLING_UNIT,inec-pu-90571
WARD,inec-ward-6475,POLLING_UNIT,inec-pu-90572
WARD,inec-ward-6475,POLLING_UNIT,inec-pu-90573
WARD,inec-ward-6475,POLLING_UNIT,inec-pu-90574
WARD,inec-ward-6475,POLLING_UNIT,inec-pu-90575
WARD,inec-ward-6475,POLLING_UNIT,inec-pu-90576
WARD,inec-ward-6475,POLLING_UNIT,inec-pu-90577
WARD,inec-ward-6475,POLLING_UNIT,inec-pu-90578
WARD,inec-ward-6475,POLLING_UNIT,inec-pu-90579
WARD,inec-ward-6475,POLLING_UNIT,inec-pu-90580
WARD,inec-ward-6475,POLLING_UNIT,inec-pu-90581
WARD,inec-ward-6475,POLLING_UNIT,inec-pu-660723
WARD,inec-ward-6475,POLLING_UNIT,inec-pu-660724
WARD,inec-ward-6475,POLLING_UNIT,inec-pu-660725
WARD,inec-ward-6475,POLLING_UNIT,inec-pu-660726
STATE_CONSTITUENCY,state-assembly-sc-743-og,WARD,inec-ward-6476
WARD,inec-ward-6476,POLLING_UNIT,inec-pu-90582
WARD,inec-ward-6476,POLLING_UNIT,inec-pu-90583
WARD,inec-ward-6476,POLLING_UNIT,inec-pu-90584
WARD,inec-ward-6476,POLLING_UNIT,inec-pu-90585
WARD,inec-ward-6476,POLLING_UNIT,inec-pu-90586
WARD,inec-ward-6476,POLLING_UNIT,inec-pu-90587
WARD,inec-ward-6476,POLLING_UNIT,inec-pu-90588
WARD,inec-ward-6476,POLLING_UNIT,inec-pu-90589
WARD,inec-ward-6476,POLLING_UNIT,inec-pu-660708
WARD,inec-ward-6476,POLLING_UNIT,inec-pu-660709
WARD,inec-ward-6476,POLLING_UNIT,inec-pu-660710
STATE_CONSTITUENCY,state-assembly-sc-743-og,WARD,inec-ward-6477
WARD,inec-ward-6477,POLLING_UNIT,inec-pu-90590
WARD,inec-ward-6477,POLLING_UNIT,inec-pu-90591
WARD,inec-ward-6477,POLLING_UNIT,inec-pu-90592
WARD,inec-ward-6477,POLLING_UNIT,inec-pu-90593
WARD,inec-ward-6477,POLLING_UNIT,inec-pu-90594
WARD,inec-ward-6477,POLLING_UNIT,inec-pu-90595
WARD,inec-ward-6477,POLLING_UNIT,inec-pu-90596
WARD,inec-ward-6477,POLLING_UNIT,inec-pu-660714
WARD,inec-ward-6477,POLLING_UNIT,inec-pu-660715
WARD,inec-ward-6477,POLLING_UNIT,inec-pu-660716
STATE_CONSTITUENCY,state-assembly-sc-744-og,WARD,inec-ward-6478
WARD,inec-ward-6478,POLLING_UNIT,inec-pu-90597
WARD,inec-ward-6478,POLLING_UNIT,inec-pu-90598
WARD,inec-ward-6478,POLLING_UNIT,inec-pu-90599
WARD,inec-ward-6478,POLLING_UNIT,inec-pu-90600
WARD,inec-ward-6478,POLLING_UNIT,inec-pu-90601
WARD,inec-ward-6478,POLLING_UNIT,inec-pu-90602
WARD,inec-ward-6478,POLLING_UNIT,inec-pu-90603
WARD,inec-ward-6478,POLLING_UNIT,inec-pu-90604
WARD,inec-ward-6478,POLLING_UNIT,inec-pu-90605
WARD,inec-ward-6478,POLLING_UNIT,inec-pu-90606
WARD,inec-ward-6478,POLLING_UNIT,inec-pu-90607
WARD,inec-ward-6478,POLLING_UNIT,inec-pu-90608
WARD,inec-ward-6478,POLLING_UNIT,inec-pu-90609
WARD,inec-ward-6478,POLLING_UNIT,inec-pu-90610
WARD,inec-ward-6478,POLLING_UNIT,inec-pu-90611
WARD,inec-ward-6478,POLLING_UNIT,inec-pu-90612
WARD,inec-ward-6478,POLLING_UNIT,inec-pu-90613
WARD,inec-ward-6478,POLLING_UNIT,inec-pu-90614
WARD,inec-ward-6478,POLLING_UNIT,inec-pu-660691
WARD,inec-ward-6478,POLLING_UNIT,inec-pu-660692
WARD,inec-ward-6478,POLLING_UNIT,inec-pu-660693
WARD,inec-ward-6478,POLLING_UNIT,inec-pu-660694
WARD,inec-ward-6478,POLLING_UNIT,inec-pu-660695
WARD,inec-ward-6478,POLLING_UNIT,inec-pu-660696
WARD,inec-ward-6478,POLLING_UNIT,inec-pu-660697
WARD,inec-ward-6478,POLLING_UNIT,inec-pu-660698
WARD,inec-ward-6478,POLLING_UNIT,inec-pu-660699
WARD,inec-ward-6478,POLLING_UNIT,inec-pu-660700
STATE_CONSTITUENCY,state-assembly-sc-743-og,WARD,inec-ward-6479
WARD,inec-ward-6479,POLLING_UNIT,inec-pu-90615
WARD,inec-ward-6479,POLLING_UNIT,inec-pu-90616
WARD,inec-ward-6479,POLLING_UNIT,inec-pu-90617
WARD,inec-ward-6479,POLLING_UNIT,inec-pu-90618
WARD,inec-ward-6479,POLLING_UNIT,inec-pu-90619
WARD,inec-ward-6479,POLLING_UNIT,inec-pu-90620
WARD,inec-ward-6479,POLLING_UNIT,inec-pu-90621
WARD,inec-ward-6479,POLLING_UNIT,inec-pu-90622
WARD,inec-ward-6479,POLLING_UNIT,inec-pu-90623
WARD,inec-ward-6479,POLLING_UNIT,inec-pu-90624
WARD,inec-ward-6479,POLLING_UNIT,inec-pu-90625
WARD,inec-ward-6479,POLLING_UNIT,inec-pu-90626
WARD,inec-ward-6479,POLLING_UNIT,inec-pu-90627
WARD,inec-ward-6479,POLLING_UNIT,inec-pu-90628
WARD,inec-ward-6479,POLLING_UNIT,inec-pu-90629
WARD,inec-ward-6479,POLLING_UNIT,inec-pu-90630
WARD,inec-ward-6479,POLLING_UNIT,inec-pu-90631
WARD,inec-ward-6479,POLLING_UNIT,inec-pu-90632
WARD,inec-ward-6479,POLLING_UNIT,inec-pu-660717
WARD,inec-ward-6479,POLLING_UNIT,inec-pu-660718
WARD,inec-ward-6479,POLLING_UNIT,inec-pu-660719
WARD,inec-ward-6479,POLLING_UNIT,inec-pu-660720
WARD,inec-ward-6479,POLLING_UNIT,inec-pu-660721
WARD,inec-ward-6479,POLLING_UNIT,inec-pu-660722
STATE_CONSTITUENCY,state-assembly-sc-744-og,WARD,inec-ward-6480
WARD,inec-ward-6480,POLLING_UNIT,inec-pu-90633
WARD,inec-ward-6480,POLLING_UNIT,inec-pu-90634
WARD,inec-ward-6480,POLLING_UNIT,inec-pu-90635
WARD,inec-ward-6480,POLLING_UNIT,inec-pu-90636
WARD,inec-ward-6480,POLLING_UNIT,inec-pu-90637
WARD,inec-ward-6480,POLLING_UNIT,inec-pu-90638
WARD,inec-ward-6480,POLLING_UNIT,inec-pu-90639
WARD,inec-ward-6480,POLLING_UNIT,inec-pu-90640
WARD,inec-ward-6480,POLLING_UNIT,inec-pu-90641
WARD,inec-ward-6480,POLLING_UNIT,inec-pu-90642
WARD,inec-ward-6480,POLLING_UNIT,inec-pu-90643
WARD,inec-ward-6480,POLLING_UNIT,inec-pu-90644
WARD,inec-ward-6480,POLLING_UNIT,inec-pu-90645
WARD,inec-ward-6480,POLLING_UNIT,inec-pu-90646
WARD,inec-ward-6480,POLLING_UNIT,inec-pu-90647
WARD,inec-ward-6480,POLLING_UNIT,inec-pu-90648
WARD,inec-ward-6480,POLLING_UNIT,inec-pu-90649
WARD,inec-ward-6480,POLLING_UNIT,inec-pu-90650
WARD,inec-ward-6480,POLLING_UNIT,inec-pu-90651
WARD,inec-ward-6480,POLLING_UNIT,inec-pu-90652
WARD,inec-ward-6480,POLLING_UNIT,inec-pu-90653
WARD,inec-ward-6480,POLLING_UNIT,inec-pu-90654
WARD,inec-ward-6480,POLLING_UNIT,inec-pu-90655
WARD,inec-ward-6480,POLLING_UNIT,inec-pu-90656
WARD,inec-ward-6480,POLLING_UNIT,inec-pu-90657
WARD,inec-ward-6480,POLLING_UNIT,inec-pu-90658
STATE_CONSTITUENCY,state-assembly-sc-744-og,WARD,inec-ward-6481
WARD,inec-ward-6481,POLLING_UNIT,inec-pu-90659
WARD,inec-ward-6481,POLLING_UNIT,inec-pu-90660
WARD,inec-ward-6481,POLLING_UNIT,inec-pu-90661
WARD,inec-ward-6481,POLLING_UNIT,inec-pu-90662
WARD,inec-ward-6481,POLLING_UNIT,inec-pu-90663
WARD,inec-ward-6481,POLLING_UNIT,inec-pu-90664
WARD,inec-ward-6481,POLLING_UNIT,inec-pu-90665
WARD,inec-ward-6481,POLLING_UNIT,inec-pu-90666
WARD,inec-ward-6481,POLLING_UNIT,inec-pu-90667
WARD,inec-ward-6481,POLLING_UNIT,inec-pu-90668
WARD,inec-ward-6481,POLLING_UNIT,inec-pu-90669
WARD,inec-ward-6481,POLLING_UNIT,inec-pu-90670
WARD,inec-ward-6481,POLLING_UNIT,inec-pu-90671
WARD,inec-ward-6481,POLLING_UNIT,inec-pu-90672
WARD,inec-ward-6481,POLLING_UNIT,inec-pu-90673
WARD,inec-ward-6481,POLLING_UNIT,inec-pu-90674
WARD,inec-ward-6481,POLLING_UNIT,inec-pu-90675
WARD,inec-ward-6481,POLLING_UNIT,inec-pu-90676
WARD,inec-ward-6481,POLLING_UNIT,inec-pu-90677
WARD,inec-ward-6481,POLLING_UNIT,inec-pu-90678
WARD,inec-ward-6481,POLLING_UNIT,inec-pu-90679
WARD,inec-ward-6481,POLLING_UNIT,inec-pu-90680
WARD,inec-ward-6481,POLLING_UNIT,inec-pu-660672
WARD,inec-ward-6481,POLLING_UNIT,inec-pu-660673
WARD,inec-ward-6481,POLLING_UNIT,inec-pu-660674
WARD,inec-ward-6481,POLLING_UNIT,inec-pu-660675
WARD,inec-ward-6481,POLLING_UNIT,inec-pu-660676
WARD,inec-ward-6481,POLLING_UNIT,inec-pu-660677
WARD,inec-ward-6481,POLLING_UNIT,inec-pu-660678
WARD,inec-ward-6481,POLLING_UNIT,inec-pu-660679
WARD,inec-ward-6481,POLLING_UNIT,inec-pu-660680
STATE_CONSTITUENCY,state-assembly-sc-743-og,WARD,inec-ward-6482
WARD,inec-ward-6482,POLLING_UNIT,inec-pu-90681
WARD,inec-ward-6482,POLLING_UNIT,inec-pu-90682
WARD,inec-ward-6482,POLLING_UNIT,inec-pu-90683
WARD,inec-ward-6482,POLLING_UNIT,inec-pu-90684
WARD,inec-ward-6482,POLLING_UNIT,inec-pu-90685
WARD,inec-ward-6482,POLLING_UNIT,inec-pu-90686
WARD,inec-ward-6482,POLLING_UNIT,inec-pu-90687
WARD,inec-ward-6482,POLLING_UNIT,inec-pu-90688
WARD,inec-ward-6482,POLLING_UNIT,inec-pu-90689
WARD,inec-ward-6482,POLLING_UNIT,inec-pu-90690
WARD,inec-ward-6482,POLLING_UNIT,inec-pu-90691
WARD,inec-ward-6482,POLLING_UNIT,inec-pu-90692
WARD,inec-ward-6482,POLLING_UNIT,inec-pu-90693
WARD,inec-ward-6482,POLLING_UNIT,inec-pu-90694
WARD,inec-ward-6482,POLLING_UNIT,inec-pu-90695
WARD,inec-ward-6482,POLLING_UNIT,inec-pu-90696
WARD,inec-ward-6482,POLLING_UNIT,inec-pu-90697
WARD,inec-ward-6482,POLLING_UNIT,inec-pu-90698
WARD,inec-ward-6482,POLLING_UNIT,inec-pu-90699
WARD,inec-ward-6482,POLLING_UNIT,inec-pu-90700
WARD,inec-ward-6482,POLLING_UNIT,inec-pu-660701
WARD,inec-ward-6482,POLLING_UNIT,inec-pu-660702
WARD,inec-ward-6482,POLLING_UNIT,inec-pu-660703
WARD,inec-ward-6482,POLLING_UNIT,inec-pu-660704
WARD,inec-ward-6482,POLLING_UNIT,inec-pu-660705
WARD,inec-ward-6482,POLLING_UNIT,inec-pu-660706
WARD,inec-ward-6482,POLLING_UNIT,inec-pu-660707
STATE_CONSTITUENCY,state-assembly-sc-746-og,WARD,inec-ward-6483
WARD,inec-ward-6483,POLLING_UNIT,inec-pu-90701
WARD,inec-ward-6483,POLLING_UNIT,inec-pu-90702
WARD,inec-ward-6483,POLLING_UNIT,inec-pu-90703
WARD,inec-ward-6483,POLLING_UNIT,inec-pu-90704
WARD,inec-ward-6483,POLLING_UNIT,inec-pu-90705
WARD,inec-ward-6483,POLLING_UNIT,inec-pu-90706
WARD,inec-ward-6483,POLLING_UNIT,inec-pu-90707
WARD,inec-ward-6483,POLLING_UNIT,inec-pu-90708
WARD,inec-ward-6483,POLLING_UNIT,inec-pu-90709
WARD,inec-ward-6483,POLLING_UNIT,inec-pu-90710
WARD,inec-ward-6483,POLLING_UNIT,inec-pu-90711
WARD,inec-ward-6483,POLLING_UNIT,inec-pu-90712
WARD,inec-ward-6483,POLLING_UNIT,inec-pu-90713
WARD,inec-ward-6483,POLLING_UNIT,inec-pu-90714
WARD,inec-ward-6483,POLLING_UNIT,inec-pu-90715
WARD,inec-ward-6483,POLLING_UNIT,inec-pu-90716
WARD,inec-ward-6483,POLLING_UNIT,inec-pu-90717
WARD,inec-ward-6483,POLLING_UNIT,inec-pu-660734
WARD,inec-ward-6483,POLLING_UNIT,inec-pu-660735
WARD,inec-ward-6483,POLLING_UNIT,inec-pu-660736
WARD,inec-ward-6483,POLLING_UNIT,inec-pu-660737
WARD,inec-ward-6483,POLLING_UNIT,inec-pu-660738
WARD,inec-ward-6483,POLLING_UNIT,inec-pu-660739
WARD,inec-ward-6483,POLLING_UNIT,inec-pu-660740
WARD,inec-ward-6483,POLLING_UNIT,inec-pu-660741
WARD,inec-ward-6483,POLLING_UNIT,inec-pu-660742
WARD,inec-ward-6483,POLLING_UNIT,inec-pu-660743
WARD,inec-ward-6483,POLLING_UNIT,inec-pu-660744
WARD,inec-ward-6483,POLLING_UNIT,inec-pu-660745
WARD,inec-ward-6483,POLLING_UNIT,inec-pu-660746
WARD,inec-ward-6483,POLLING_UNIT,inec-pu-660747
WARD,inec-ward-6483,POLLING_UNIT,inec-pu-660748
WARD,inec-ward-6483,POLLING_UNIT,inec-pu-660749
WARD,inec-ward-6483,POLLING_UNIT,inec-pu-660750
WARD,inec-ward-6483,POLLING_UNIT,inec-pu-660751
WARD,inec-ward-6483,POLLING_UNIT,inec-pu-660752
STATE_CONSTITUENCY,state-assembly-sc-746-og,WARD,inec-ward-6484
WARD,inec-ward-6484,POLLING_UNIT,inec-pu-90718
WARD,inec-ward-6484,POLLING_UNIT,inec-pu-90719
WARD,inec-ward-6484,POLLING_UNIT,inec-pu-90720
WARD,inec-ward-6484,POLLING_UNIT,inec-pu-90721
WARD,inec-ward-6484,POLLING_UNIT,inec-pu-90722
WARD,inec-ward-6484,POLLING_UNIT,inec-pu-90723
WARD,inec-ward-6484,POLLING_UNIT,inec-pu-90724
WARD,inec-ward-6484,POLLING_UNIT,inec-pu-90725
WARD,inec-ward-6484,POLLING_UNIT,inec-pu-90726
WARD,inec-ward-6484,POLLING_UNIT,inec-pu-90727
WARD,inec-ward-6484,POLLING_UNIT,inec-pu-90728
WARD,inec-ward-6484,POLLING_UNIT,inec-pu-90729
WARD,inec-ward-6484,POLLING_UNIT,inec-pu-90730
WARD,inec-ward-6484,POLLING_UNIT,inec-pu-90731
WARD,inec-ward-6484,POLLING_UNIT,inec-pu-90732
WARD,inec-ward-6484,POLLING_UNIT,inec-pu-660753
WARD,inec-ward-6484,POLLING_UNIT,inec-pu-660754
WARD,inec-ward-6484,POLLING_UNIT,inec-pu-660755
WARD,inec-ward-6484,POLLING_UNIT,inec-pu-660756
WARD,inec-ward-6484,POLLING_UNIT,inec-pu-660757
WARD,inec-ward-6484,POLLING_UNIT,inec-pu-660758
WARD,inec-ward-6484,POLLING_UNIT,inec-pu-660759
WARD,inec-ward-6484,POLLING_UNIT,inec-pu-660760
STATE_CONSTITUENCY,state-assembly-sc-746-og,WARD,inec-ward-6485
WARD,inec-ward-6485,POLLING_UNIT,inec-pu-90733
WARD,inec-ward-6485,POLLING_UNIT,inec-pu-90734
WARD,inec-ward-6485,POLLING_UNIT,inec-pu-90735
WARD,inec-ward-6485,POLLING_UNIT,inec-pu-90736
WARD,inec-ward-6485,POLLING_UNIT,inec-pu-90737
WARD,inec-ward-6485,POLLING_UNIT,inec-pu-90738
WARD,inec-ward-6485,POLLING_UNIT,inec-pu-90739
WARD,inec-ward-6485,POLLING_UNIT,inec-pu-90740
WARD,inec-ward-6485,POLLING_UNIT,inec-pu-90741
WARD,inec-ward-6485,POLLING_UNIT,inec-pu-90742
WARD,inec-ward-6485,POLLING_UNIT,inec-pu-90743
WARD,inec-ward-6485,POLLING_UNIT,inec-pu-90744
WARD,inec-ward-6485,POLLING_UNIT,inec-pu-90745
WARD,inec-ward-6485,POLLING_UNIT,inec-pu-90746
WARD,inec-ward-6485,POLLING_UNIT,inec-pu-90747
WARD,inec-ward-6485,POLLING_UNIT,inec-pu-90748
WARD,inec-ward-6485,POLLING_UNIT,inec-pu-90749
WARD,inec-ward-6485,POLLING_UNIT,inec-pu-90750
WARD,inec-ward-6485,POLLING_UNIT,inec-pu-90751
WARD,inec-ward-6485,POLLING_UNIT,inec-pu-90752
WARD,inec-ward-6485,POLLING_UNIT,inec-pu-90753
WARD,inec-ward-6485,POLLING_UNIT,inec-pu-90754
WARD,inec-ward-6485,POLLING_UNIT,inec-pu-90755
WARD,inec-ward-6485,POLLING_UNIT,inec-pu-90756
WARD,inec-ward-6485,POLLING_UNIT,inec-pu-90757
WARD,inec-ward-6485,POLLING_UNIT,inec-pu-660761
WARD,inec-ward-6485,POLLING_UNIT,inec-pu-660762
WARD,inec-ward-6485,POLLING_UNIT,inec-pu-660763
WARD,inec-ward-6485,POLLING_UNIT,inec-pu-660764
WARD,inec-ward-6485,POLLING_UNIT,inec-pu-660765
STATE_CONSTITUENCY,state-assembly-sc-746-og,WARD,inec-ward-6486
WARD,inec-ward-6486,POLLING_UNIT,inec-pu-90758
WARD,inec-ward-6486,POLLING_UNIT,inec-pu-90759
WARD,inec-ward-6486,POLLING_UNIT,inec-pu-90760
WARD,inec-ward-6486,POLLING_UNIT,inec-pu-90761
WARD,inec-ward-6486,POLLING_UNIT,inec-pu-90762
WARD,inec-ward-6486,POLLING_UNIT,inec-pu-90763
WARD,inec-ward-6486,POLLING_UNIT,inec-pu-90764
WARD,inec-ward-6486,POLLING_UNIT,inec-pu-90765
WARD,inec-ward-6486,POLLING_UNIT,inec-pu-90766
WARD,inec-ward-6486,POLLING_UNIT,inec-pu-90767
WARD,inec-ward-6486,POLLING_UNIT,inec-pu-90768
WARD,inec-ward-6486,POLLING_UNIT,inec-pu-90769
WARD,inec-ward-6486,POLLING_UNIT,inec-pu-90770
WARD,inec-ward-6486,POLLING_UNIT,inec-pu-90771
WARD,inec-ward-6486,POLLING_UNIT,inec-pu-90772
WARD,inec-ward-6486,POLLING_UNIT,inec-pu-90773
WARD,inec-ward-6486,POLLING_UNIT,inec-pu-660777
WARD,inec-ward-6486,POLLING_UNIT,inec-pu-660778
WARD,inec-ward-6486,POLLING_UNIT,inec-pu-660779
WARD,inec-ward-6486,POLLING_UNIT,inec-pu-675554
STATE_CONSTITUENCY,state-assembly-sc-746-og,WARD,inec-ward-6487
WARD,inec-ward-6487,POLLING_UNIT,inec-pu-90774
WARD,inec-ward-6487,POLLING_UNIT,inec-pu-90775
WARD,inec-ward-6487,POLLING_UNIT,inec-pu-90776
WARD,inec-ward-6487,POLLING_UNIT,inec-pu-90777
WARD,inec-ward-6487,POLLING_UNIT,inec-pu-90778
WARD,inec-ward-6487,POLLING_UNIT,inec-pu-90779
WARD,inec-ward-6487,POLLING_UNIT,inec-pu-90780
WARD,inec-ward-6487,POLLING_UNIT,inec-pu-90781
WARD,inec-ward-6487,POLLING_UNIT,inec-pu-90782
WARD,inec-ward-6487,POLLING_UNIT,inec-pu-90783
WARD,inec-ward-6487,POLLING_UNIT,inec-pu-90784
WARD,inec-ward-6487,POLLING_UNIT,inec-pu-90785
WARD,inec-ward-6487,POLLING_UNIT,inec-pu-90786
WARD,inec-ward-6487,POLLING_UNIT,inec-pu-90787
WARD,inec-ward-6487,POLLING_UNIT,inec-pu-90788
WARD,inec-ward-6487,POLLING_UNIT,inec-pu-90789
WARD,inec-ward-6487,POLLING_UNIT,inec-pu-660732
WARD,inec-ward-6487,POLLING_UNIT,inec-pu-660733
STATE_CONSTITUENCY,state-assembly-sc-746-og,WARD,inec-ward-6488
WARD,inec-ward-6488,POLLING_UNIT,inec-pu-90790
WARD,inec-ward-6488,POLLING_UNIT,inec-pu-90791
WARD,inec-ward-6488,POLLING_UNIT,inec-pu-90792
WARD,inec-ward-6488,POLLING_UNIT,inec-pu-90793
WARD,inec-ward-6488,POLLING_UNIT,inec-pu-90794
WARD,inec-ward-6488,POLLING_UNIT,inec-pu-90795
WARD,inec-ward-6488,POLLING_UNIT,inec-pu-90796
WARD,inec-ward-6488,POLLING_UNIT,inec-pu-90797
WARD,inec-ward-6488,POLLING_UNIT,inec-pu-90798
WARD,inec-ward-6488,POLLING_UNIT,inec-pu-90799
WARD,inec-ward-6488,POLLING_UNIT,inec-pu-90800
WARD,inec-ward-6488,POLLING_UNIT,inec-pu-90801
WARD,inec-ward-6488,POLLING_UNIT,inec-pu-90802
WARD,inec-ward-6488,POLLING_UNIT,inec-pu-90803
WARD,inec-ward-6488,POLLING_UNIT,inec-pu-90804
WARD,inec-ward-6488,POLLING_UNIT,inec-pu-90805
WARD,inec-ward-6488,POLLING_UNIT,inec-pu-90806
WARD,inec-ward-6488,POLLING_UNIT,inec-pu-90807
WARD,inec-ward-6488,POLLING_UNIT,inec-pu-90808
WARD,inec-ward-6488,POLLING_UNIT,inec-pu-90809
WARD,inec-ward-6488,POLLING_UNIT,inec-pu-90810
WARD,inec-ward-6488,POLLING_UNIT,inec-pu-90811
WARD,inec-ward-6488,POLLING_UNIT,inec-pu-90812
WARD,inec-ward-6488,POLLING_UNIT,inec-pu-90813
WARD,inec-ward-6488,POLLING_UNIT,inec-pu-660781
WARD,inec-ward-6488,POLLING_UNIT,inec-pu-660782
WARD,inec-ward-6488,POLLING_UNIT,inec-pu-660783
WARD,inec-ward-6488,POLLING_UNIT,inec-pu-660784
STATE_CONSTITUENCY,state-assembly-sc-746-og,WARD,inec-ward-6489
WARD,inec-ward-6489,POLLING_UNIT,inec-pu-90814
WARD,inec-ward-6489,POLLING_UNIT,inec-pu-90815
WARD,inec-ward-6489,POLLING_UNIT,inec-pu-90816
WARD,inec-ward-6489,POLLING_UNIT,inec-pu-90817
WARD,inec-ward-6489,POLLING_UNIT,inec-pu-90818
WARD,inec-ward-6489,POLLING_UNIT,inec-pu-90819
WARD,inec-ward-6489,POLLING_UNIT,inec-pu-90820
WARD,inec-ward-6489,POLLING_UNIT,inec-pu-90821
WARD,inec-ward-6489,POLLING_UNIT,inec-pu-90822
WARD,inec-ward-6489,POLLING_UNIT,inec-pu-90823
WARD,inec-ward-6489,POLLING_UNIT,inec-pu-90824
WARD,inec-ward-6489,POLLING_UNIT,inec-pu-90825
WARD,inec-ward-6489,POLLING_UNIT,inec-pu-90826
WARD,inec-ward-6489,POLLING_UNIT,inec-pu-90827
WARD,inec-ward-6489,POLLING_UNIT,inec-pu-90828
WARD,inec-ward-6489,POLLING_UNIT,inec-pu-90829
WARD,inec-ward-6489,POLLING_UNIT,inec-pu-90830
WARD,inec-ward-6489,POLLING_UNIT,inec-pu-90831
WARD,inec-ward-6489,POLLING_UNIT,inec-pu-90832
WARD,inec-ward-6489,POLLING_UNIT,inec-pu-90833
WARD,inec-ward-6489,POLLING_UNIT,inec-pu-660785
WARD,inec-ward-6489,POLLING_UNIT,inec-pu-660786
WARD,inec-ward-6489,POLLING_UNIT,inec-pu-660787
WARD,inec-ward-6489,POLLING_UNIT,inec-pu-660788
WARD,inec-ward-6489,POLLING_UNIT,inec-pu-660789
WARD,inec-ward-6489,POLLING_UNIT,inec-pu-660790
WARD,inec-ward-6489,POLLING_UNIT,inec-pu-660791
WARD,inec-ward-6489,POLLING_UNIT,inec-pu-660792
WARD,inec-ward-6489,POLLING_UNIT,inec-pu-660793
WARD,inec-ward-6489,POLLING_UNIT,inec-pu-660794
WARD,inec-ward-6489,POLLING_UNIT,inec-pu-660795
WARD,inec-ward-6489,POLLING_UNIT,inec-pu-660796
WARD,inec-ward-6489,POLLING_UNIT,inec-pu-660797
STATE_CONSTITUENCY,state-assembly-sc-746-og,WARD,inec-ward-6490
WARD,inec-ward-6490,POLLING_UNIT,inec-pu-90834
WARD,inec-ward-6490,POLLING_UNIT,inec-pu-90835
WARD,inec-ward-6490,POLLING_UNIT,inec-pu-90836
WARD,inec-ward-6490,POLLING_UNIT,inec-pu-90837
WARD,inec-ward-6490,POLLING_UNIT,inec-pu-90838
WARD,inec-ward-6490,POLLING_UNIT,inec-pu-90839
WARD,inec-ward-6490,POLLING_UNIT,inec-pu-90840
WARD,inec-ward-6490,POLLING_UNIT,inec-pu-90841
WARD,inec-ward-6490,POLLING_UNIT,inec-pu-90842
WARD,inec-ward-6490,POLLING_UNIT,inec-pu-90843
WARD,inec-ward-6490,POLLING_UNIT,inec-pu-90844
WARD,inec-ward-6490,POLLING_UNIT,inec-pu-90845
WARD,inec-ward-6490,POLLING_UNIT,inec-pu-90846
WARD,inec-ward-6490,POLLING_UNIT,inec-pu-90847
WARD,inec-ward-6490,POLLING_UNIT,inec-pu-90848
WARD,inec-ward-6490,POLLING_UNIT,inec-pu-90849
WARD,inec-ward-6490,POLLING_UNIT,inec-pu-90850
WARD,inec-ward-6490,POLLING_UNIT,inec-pu-660798
WARD,inec-ward-6490,POLLING_UNIT,inec-pu-660799
WARD,inec-ward-6490,POLLING_UNIT,inec-pu-660800
WARD,inec-ward-6490,POLLING_UNIT,inec-pu-660801
WARD,inec-ward-6490,POLLING_UNIT,inec-pu-660802
WARD,inec-ward-6490,POLLING_UNIT,inec-pu-660803
WARD,inec-ward-6490,POLLING_UNIT,inec-pu-660804
WARD,inec-ward-6490,POLLING_UNIT,inec-pu-660805
STATE_CONSTITUENCY,state-assembly-sc-746-og,WARD,inec-ward-6491
WARD,inec-ward-6491,POLLING_UNIT,inec-pu-90851
WARD,inec-ward-6491,POLLING_UNIT,inec-pu-90852
WARD,inec-ward-6491,POLLING_UNIT,inec-pu-90853
WARD,inec-ward-6491,POLLING_UNIT,inec-pu-90854
WARD,inec-ward-6491,POLLING_UNIT,inec-pu-90855
WARD,inec-ward-6491,POLLING_UNIT,inec-pu-90856
WARD,inec-ward-6491,POLLING_UNIT,inec-pu-90857
WARD,inec-ward-6491,POLLING_UNIT,inec-pu-90858
WARD,inec-ward-6491,POLLING_UNIT,inec-pu-90859
WARD,inec-ward-6491,POLLING_UNIT,inec-pu-90860
WARD,inec-ward-6491,POLLING_UNIT,inec-pu-660766
WARD,inec-ward-6491,POLLING_UNIT,inec-pu-660767
WARD,inec-ward-6491,POLLING_UNIT,inec-pu-660768
WARD,inec-ward-6491,POLLING_UNIT,inec-pu-660769
WARD,inec-ward-6491,POLLING_UNIT,inec-pu-660770
WARD,inec-ward-6491,POLLING_UNIT,inec-pu-660771
WARD,inec-ward-6491,POLLING_UNIT,inec-pu-660772
WARD,inec-ward-6491,POLLING_UNIT,inec-pu-660773
WARD,inec-ward-6491,POLLING_UNIT,inec-pu-660774
WARD,inec-ward-6491,POLLING_UNIT,inec-pu-660775
WARD,inec-ward-6491,POLLING_UNIT,inec-pu-660776
STATE_CONSTITUENCY,state-assembly-sc-746-og,WARD,inec-ward-6492
WARD,inec-ward-6492,POLLING_UNIT,inec-pu-90861
WARD,inec-ward-6492,POLLING_UNIT,inec-pu-90862
WARD,inec-ward-6492,POLLING_UNIT,inec-pu-90863
WARD,inec-ward-6492,POLLING_UNIT,inec-pu-90864
WARD,inec-ward-6492,POLLING_UNIT,inec-pu-90865
WARD,inec-ward-6492,POLLING_UNIT,inec-pu-90866
WARD,inec-ward-6492,POLLING_UNIT,inec-pu-90867
WARD,inec-ward-6492,POLLING_UNIT,inec-pu-90868
WARD,inec-ward-6492,POLLING_UNIT,inec-pu-90869
WARD,inec-ward-6492,POLLING_UNIT,inec-pu-90870
WARD,inec-ward-6492,POLLING_UNIT,inec-pu-90871
WARD,inec-ward-6492,POLLING_UNIT,inec-pu-90872
WARD,inec-ward-6492,POLLING_UNIT,inec-pu-90873
WARD,inec-ward-6492,POLLING_UNIT,inec-pu-90874
WARD,inec-ward-6492,POLLING_UNIT,inec-pu-90875
WARD,inec-ward-6492,POLLING_UNIT,inec-pu-90876
WARD,inec-ward-6492,POLLING_UNIT,inec-pu-90877
WARD,inec-ward-6492,POLLING_UNIT,inec-pu-90878
WARD,inec-ward-6492,POLLING_UNIT,inec-pu-660727
WARD,inec-ward-6492,POLLING_UNIT,inec-pu-660728
WARD,inec-ward-6492,POLLING_UNIT,inec-pu-660729
WARD,inec-ward-6492,POLLING_UNIT,inec-pu-660730
WARD,inec-ward-6492,POLLING_UNIT,inec-pu-660731
STATE_CONSTITUENCY,state-assembly-sc-730-og,WARD,inec-ward-6493
WARD,inec-ward-6493,POLLING_UNIT,inec-pu-90879
WARD,inec-ward-6493,POLLING_UNIT,inec-pu-90880
WARD,inec-ward-6493,POLLING_UNIT,inec-pu-90881
WARD,inec-ward-6493,POLLING_UNIT,inec-pu-90882
WARD,inec-ward-6493,POLLING_UNIT,inec-pu-90883
WARD,inec-ward-6493,POLLING_UNIT,inec-pu-90884
WARD,inec-ward-6493,POLLING_UNIT,inec-pu-90885
WARD,inec-ward-6493,POLLING_UNIT,inec-pu-90886
WARD,inec-ward-6493,POLLING_UNIT,inec-pu-90887
WARD,inec-ward-6493,POLLING_UNIT,inec-pu-90888
WARD,inec-ward-6493,POLLING_UNIT,inec-pu-90889
WARD,inec-ward-6493,POLLING_UNIT,inec-pu-90890
WARD,inec-ward-6493,POLLING_UNIT,inec-pu-90891
WARD,inec-ward-6493,POLLING_UNIT,inec-pu-90892
WARD,inec-ward-6493,POLLING_UNIT,inec-pu-90893
WARD,inec-ward-6493,POLLING_UNIT,inec-pu-90894
WARD,inec-ward-6493,POLLING_UNIT,inec-pu-90895
WARD,inec-ward-6493,POLLING_UNIT,inec-pu-90896
WARD,inec-ward-6493,POLLING_UNIT,inec-pu-90897
WARD,inec-ward-6493,POLLING_UNIT,inec-pu-660806
WARD,inec-ward-6493,POLLING_UNIT,inec-pu-660807
WARD,inec-ward-6493,POLLING_UNIT,inec-pu-660808
STATE_CONSTITUENCY,state-assembly-sc-730-og,WARD,inec-ward-6494
WARD,inec-ward-6494,POLLING_UNIT,inec-pu-90898
WARD,inec-ward-6494,POLLING_UNIT,inec-pu-90899
WARD,inec-ward-6494,POLLING_UNIT,inec-pu-90900
WARD,inec-ward-6494,POLLING_UNIT,inec-pu-90901
WARD,inec-ward-6494,POLLING_UNIT,inec-pu-90902
WARD,inec-ward-6494,POLLING_UNIT,inec-pu-90903
WARD,inec-ward-6494,POLLING_UNIT,inec-pu-90904
WARD,inec-ward-6494,POLLING_UNIT,inec-pu-90905
WARD,inec-ward-6494,POLLING_UNIT,inec-pu-90906
WARD,inec-ward-6494,POLLING_UNIT,inec-pu-90907
WARD,inec-ward-6494,POLLING_UNIT,inec-pu-90908
WARD,inec-ward-6494,POLLING_UNIT,inec-pu-660818
STATE_CONSTITUENCY,state-assembly-sc-730-og,WARD,inec-ward-6495
WARD,inec-ward-6495,POLLING_UNIT,inec-pu-90909
WARD,inec-ward-6495,POLLING_UNIT,inec-pu-90910
WARD,inec-ward-6495,POLLING_UNIT,inec-pu-90911
WARD,inec-ward-6495,POLLING_UNIT,inec-pu-90912
WARD,inec-ward-6495,POLLING_UNIT,inec-pu-90913
WARD,inec-ward-6495,POLLING_UNIT,inec-pu-90914
WARD,inec-ward-6495,POLLING_UNIT,inec-pu-90915
WARD,inec-ward-6495,POLLING_UNIT,inec-pu-90916
WARD,inec-ward-6495,POLLING_UNIT,inec-pu-660809
WARD,inec-ward-6495,POLLING_UNIT,inec-pu-660810
WARD,inec-ward-6495,POLLING_UNIT,inec-pu-660811
WARD,inec-ward-6495,POLLING_UNIT,inec-pu-660812
WARD,inec-ward-6495,POLLING_UNIT,inec-pu-660813
WARD,inec-ward-6495,POLLING_UNIT,inec-pu-660814
WARD,inec-ward-6495,POLLING_UNIT,inec-pu-660815
WARD,inec-ward-6495,POLLING_UNIT,inec-pu-660816
WARD,inec-ward-6495,POLLING_UNIT,inec-pu-660817
STATE_CONSTITUENCY,state-assembly-sc-730-og,WARD,inec-ward-6496
WARD,inec-ward-6496,POLLING_UNIT,inec-pu-90917
WARD,inec-ward-6496,POLLING_UNIT,inec-pu-90918
WARD,inec-ward-6496,POLLING_UNIT,inec-pu-90919
WARD,inec-ward-6496,POLLING_UNIT,inec-pu-90920
WARD,inec-ward-6496,POLLING_UNIT,inec-pu-90921
WARD,inec-ward-6496,POLLING_UNIT,inec-pu-90922
WARD,inec-ward-6496,POLLING_UNIT,inec-pu-90923
WARD,inec-ward-6496,POLLING_UNIT,inec-pu-90924
WARD,inec-ward-6496,POLLING_UNIT,inec-pu-90925
WARD,inec-ward-6496,POLLING_UNIT,inec-pu-90926
WARD,inec-ward-6496,POLLING_UNIT,inec-pu-90927
WARD,inec-ward-6496,POLLING_UNIT,inec-pu-90928
WARD,inec-ward-6496,POLLING_UNIT,inec-pu-90929
WARD,inec-ward-6496,POLLING_UNIT,inec-pu-90930
WARD,inec-ward-6496,POLLING_UNIT,inec-pu-90931
WARD,inec-ward-6496,POLLING_UNIT,inec-pu-90932
WARD,inec-ward-6496,POLLING_UNIT,inec-pu-90933
WARD,inec-ward-6496,POLLING_UNIT,inec-pu-90934
WARD,inec-ward-6496,POLLING_UNIT,inec-pu-90935
WARD,inec-ward-6496,POLLING_UNIT,inec-pu-90936
WARD,inec-ward-6496,POLLING_UNIT,inec-pu-90937
WARD,inec-ward-6496,POLLING_UNIT,inec-pu-90938
WARD,inec-ward-6496,POLLING_UNIT,inec-pu-90939
WARD,inec-ward-6496,POLLING_UNIT,inec-pu-90940
WARD,inec-ward-6496,POLLING_UNIT,inec-pu-90941
WARD,inec-ward-6496,POLLING_UNIT,inec-pu-90942
WARD,inec-ward-6496,POLLING_UNIT,inec-pu-660822
WARD,inec-ward-6496,POLLING_UNIT,inec-pu-660823
WARD,inec-ward-6496,POLLING_UNIT,inec-pu-660824
WARD,inec-ward-6496,POLLING_UNIT,inec-pu-660825
WARD,inec-ward-6496,POLLING_UNIT,inec-pu-660826
WARD,inec-ward-6496,POLLING_UNIT,inec-pu-660827
WARD,inec-ward-6496,POLLING_UNIT,inec-pu-660828
WARD,inec-ward-6496,POLLING_UNIT,inec-pu-660829
WARD,inec-ward-6496,POLLING_UNIT,inec-pu-660830
WARD,inec-ward-6496,POLLING_UNIT,inec-pu-660831
WARD,inec-ward-6496,POLLING_UNIT,inec-pu-660832
WARD,inec-ward-6496,POLLING_UNIT,inec-pu-660833
WARD,inec-ward-6496,POLLING_UNIT,inec-pu-660834
WARD,inec-ward-6496,POLLING_UNIT,inec-pu-660835
WARD,inec-ward-6496,POLLING_UNIT,inec-pu-660836
WARD,inec-ward-6496,POLLING_UNIT,inec-pu-660837
WARD,inec-ward-6496,POLLING_UNIT,inec-pu-660838
WARD,inec-ward-6496,POLLING_UNIT,inec-pu-660839
WARD,inec-ward-6496,POLLING_UNIT,inec-pu-660840
WARD,inec-ward-6496,POLLING_UNIT,inec-pu-660841
STATE_CONSTITUENCY,state-assembly-sc-730-og,WARD,inec-ward-6497
WARD,inec-ward-6497,POLLING_UNIT,inec-pu-90943
WARD,inec-ward-6497,POLLING_UNIT,inec-pu-90944
WARD,inec-ward-6497,POLLING_UNIT,inec-pu-90945
WARD,inec-ward-6497,POLLING_UNIT,inec-pu-90946
WARD,inec-ward-6497,POLLING_UNIT,inec-pu-90947
WARD,inec-ward-6497,POLLING_UNIT,inec-pu-90948
WARD,inec-ward-6497,POLLING_UNIT,inec-pu-90949
WARD,inec-ward-6497,POLLING_UNIT,inec-pu-90950
WARD,inec-ward-6497,POLLING_UNIT,inec-pu-90951
WARD,inec-ward-6497,POLLING_UNIT,inec-pu-90952
WARD,inec-ward-6497,POLLING_UNIT,inec-pu-90953
WARD,inec-ward-6497,POLLING_UNIT,inec-pu-90954
WARD,inec-ward-6497,POLLING_UNIT,inec-pu-660819
WARD,inec-ward-6497,POLLING_UNIT,inec-pu-660820
WARD,inec-ward-6497,POLLING_UNIT,inec-pu-660821
STATE_CONSTITUENCY,state-assembly-sc-730-og,WARD,inec-ward-6498
WARD,inec-ward-6498,POLLING_UNIT,inec-pu-90955
WARD,inec-ward-6498,POLLING_UNIT,inec-pu-90956
WARD,inec-ward-6498,POLLING_UNIT,inec-pu-90957
WARD,inec-ward-6498,POLLING_UNIT,inec-pu-90958
WARD,inec-ward-6498,POLLING_UNIT,inec-pu-90959
WARD,inec-ward-6498,POLLING_UNIT,inec-pu-90960
WARD,inec-ward-6498,POLLING_UNIT,inec-pu-90961
WARD,inec-ward-6498,POLLING_UNIT,inec-pu-90962
WARD,inec-ward-6498,POLLING_UNIT,inec-pu-90963
WARD,inec-ward-6498,POLLING_UNIT,inec-pu-90964
WARD,inec-ward-6498,POLLING_UNIT,inec-pu-90965
WARD,inec-ward-6498,POLLING_UNIT,inec-pu-90966
WARD,inec-ward-6498,POLLING_UNIT,inec-pu-90967
WARD,inec-ward-6498,POLLING_UNIT,inec-pu-90968
WARD,inec-ward-6498,POLLING_UNIT,inec-pu-90969
WARD,inec-ward-6498,POLLING_UNIT,inec-pu-660851
WARD,inec-ward-6498,POLLING_UNIT,inec-pu-660852
WARD,inec-ward-6498,POLLING_UNIT,inec-pu-660853
WARD,inec-ward-6498,POLLING_UNIT,inec-pu-660854
WARD,inec-ward-6498,POLLING_UNIT,inec-pu-660855
WARD,inec-ward-6498,POLLING_UNIT,inec-pu-660856
WARD,inec-ward-6498,POLLING_UNIT,inec-pu-660857
WARD,inec-ward-6498,POLLING_UNIT,inec-pu-660858
WARD,inec-ward-6498,POLLING_UNIT,inec-pu-660859
WARD,inec-ward-6498,POLLING_UNIT,inec-pu-660860
WARD,inec-ward-6498,POLLING_UNIT,inec-pu-660861
WARD,inec-ward-6498,POLLING_UNIT,inec-pu-660862
WARD,inec-ward-6498,POLLING_UNIT,inec-pu-660863
STATE_CONSTITUENCY,state-assembly-sc-730-og,WARD,inec-ward-6499
WARD,inec-ward-6499,POLLING_UNIT,inec-pu-90970
WARD,inec-ward-6499,POLLING_UNIT,inec-pu-90971
WARD,inec-ward-6499,POLLING_UNIT,inec-pu-90972
WARD,inec-ward-6499,POLLING_UNIT,inec-pu-90973
WARD,inec-ward-6499,POLLING_UNIT,inec-pu-90974
WARD,inec-ward-6499,POLLING_UNIT,inec-pu-90975
WARD,inec-ward-6499,POLLING_UNIT,inec-pu-90976
WARD,inec-ward-6499,POLLING_UNIT,inec-pu-90977
WARD,inec-ward-6499,POLLING_UNIT,inec-pu-90978
WARD,inec-ward-6499,POLLING_UNIT,inec-pu-660864
WARD,inec-ward-6499,POLLING_UNIT,inec-pu-660865
WARD,inec-ward-6499,POLLING_UNIT,inec-pu-660866
STATE_CONSTITUENCY,state-assembly-sc-730-og,WARD,inec-ward-6500
WARD,inec-ward-6500,POLLING_UNIT,inec-pu-90980
WARD,inec-ward-6500,POLLING_UNIT,inec-pu-90981
WARD,inec-ward-6500,POLLING_UNIT,inec-pu-90982
WARD,inec-ward-6500,POLLING_UNIT,inec-pu-90983
WARD,inec-ward-6500,POLLING_UNIT,inec-pu-90984
WARD,inec-ward-6500,POLLING_UNIT,inec-pu-90985
WARD,inec-ward-6500,POLLING_UNIT,inec-pu-90986
WARD,inec-ward-6500,POLLING_UNIT,inec-pu-90987
WARD,inec-ward-6500,POLLING_UNIT,inec-pu-90988
WARD,inec-ward-6500,POLLING_UNIT,inec-pu-90989
WARD,inec-ward-6500,POLLING_UNIT,inec-pu-90990
STATE_CONSTITUENCY,state-assembly-sc-730-og,WARD,inec-ward-6501
WARD,inec-ward-6501,POLLING_UNIT,inec-pu-90991
WARD,inec-ward-6501,POLLING_UNIT,inec-pu-90992
WARD,inec-ward-6501,POLLING_UNIT,inec-pu-90993
WARD,inec-ward-6501,POLLING_UNIT,inec-pu-90994
WARD,inec-ward-6501,POLLING_UNIT,inec-pu-90995
WARD,inec-ward-6501,POLLING_UNIT,inec-pu-90996
WARD,inec-ward-6501,POLLING_UNIT,inec-pu-90997
WARD,inec-ward-6501,POLLING_UNIT,inec-pu-660850
STATE_CONSTITUENCY,state-assembly-sc-730-og,WARD,inec-ward-6502
WARD,inec-ward-6502,POLLING_UNIT,inec-pu-90998
WARD,inec-ward-6502,POLLING_UNIT,inec-pu-90999
WARD,inec-ward-6502,POLLING_UNIT,inec-pu-91000
WARD,inec-ward-6502,POLLING_UNIT,inec-pu-91001
WARD,inec-ward-6502,POLLING_UNIT,inec-pu-91002
WARD,inec-ward-6502,POLLING_UNIT,inec-pu-91003
WARD,inec-ward-6502,POLLING_UNIT,inec-pu-91004
WARD,inec-ward-6502,POLLING_UNIT,inec-pu-91005
WARD,inec-ward-6502,POLLING_UNIT,inec-pu-91006
WARD,inec-ward-6502,POLLING_UNIT,inec-pu-660842
WARD,inec-ward-6502,POLLING_UNIT,inec-pu-660843
WARD,inec-ward-6502,POLLING_UNIT,inec-pu-660844
WARD,inec-ward-6502,POLLING_UNIT,inec-pu-660845
WARD,inec-ward-6502,POLLING_UNIT,inec-pu-660846
WARD,inec-ward-6502,POLLING_UNIT,inec-pu-660847
WARD,inec-ward-6502,POLLING_UNIT,inec-pu-660848
WARD,inec-ward-6502,POLLING_UNIT,inec-pu-660849
STATE_CONSTITUENCY,state-assembly-sc-728-og,WARD,inec-ward-6503
WARD,inec-ward-6503,POLLING_UNIT,inec-pu-91007
WARD,inec-ward-6503,POLLING_UNIT,inec-pu-91008
WARD,inec-ward-6503,POLLING_UNIT,inec-pu-91009
WARD,inec-ward-6503,POLLING_UNIT,inec-pu-91010
WARD,inec-ward-6503,POLLING_UNIT,inec-pu-91011
WARD,inec-ward-6503,POLLING_UNIT,inec-pu-91012
WARD,inec-ward-6503,POLLING_UNIT,inec-pu-91013
WARD,inec-ward-6503,POLLING_UNIT,inec-pu-91014
WARD,inec-ward-6503,POLLING_UNIT,inec-pu-91015
WARD,inec-ward-6503,POLLING_UNIT,inec-pu-91016
WARD,inec-ward-6503,POLLING_UNIT,inec-pu-91017
WARD,inec-ward-6503,POLLING_UNIT,inec-pu-91018
WARD,inec-ward-6503,POLLING_UNIT,inec-pu-660963
WARD,inec-ward-6503,POLLING_UNIT,inec-pu-660964
WARD,inec-ward-6503,POLLING_UNIT,inec-pu-660965
WARD,inec-ward-6503,POLLING_UNIT,inec-pu-660966
WARD,inec-ward-6503,POLLING_UNIT,inec-pu-660967
WARD,inec-ward-6503,POLLING_UNIT,inec-pu-660968
WARD,inec-ward-6503,POLLING_UNIT,inec-pu-660969
WARD,inec-ward-6503,POLLING_UNIT,inec-pu-660970
WARD,inec-ward-6503,POLLING_UNIT,inec-pu-660971
WARD,inec-ward-6503,POLLING_UNIT,inec-pu-660972
WARD,inec-ward-6503,POLLING_UNIT,inec-pu-660973
WARD,inec-ward-6503,POLLING_UNIT,inec-pu-660974
WARD,inec-ward-6503,POLLING_UNIT,inec-pu-660975
WARD,inec-ward-6503,POLLING_UNIT,inec-pu-660976
STATE_CONSTITUENCY,state-assembly-sc-728-og,WARD,inec-ward-6504
WARD,inec-ward-6504,POLLING_UNIT,inec-pu-91019
WARD,inec-ward-6504,POLLING_UNIT,inec-pu-91020
WARD,inec-ward-6504,POLLING_UNIT,inec-pu-91021
WARD,inec-ward-6504,POLLING_UNIT,inec-pu-91022
WARD,inec-ward-6504,POLLING_UNIT,inec-pu-91023
WARD,inec-ward-6504,POLLING_UNIT,inec-pu-91024
WARD,inec-ward-6504,POLLING_UNIT,inec-pu-91025
WARD,inec-ward-6504,POLLING_UNIT,inec-pu-91026
WARD,inec-ward-6504,POLLING_UNIT,inec-pu-91027
WARD,inec-ward-6504,POLLING_UNIT,inec-pu-91028
WARD,inec-ward-6504,POLLING_UNIT,inec-pu-91029
WARD,inec-ward-6504,POLLING_UNIT,inec-pu-91030
WARD,inec-ward-6504,POLLING_UNIT,inec-pu-91031
WARD,inec-ward-6504,POLLING_UNIT,inec-pu-660977
WARD,inec-ward-6504,POLLING_UNIT,inec-pu-660978
WARD,inec-ward-6504,POLLING_UNIT,inec-pu-660979
WARD,inec-ward-6504,POLLING_UNIT,inec-pu-660980
WARD,inec-ward-6504,POLLING_UNIT,inec-pu-660981
WARD,inec-ward-6504,POLLING_UNIT,inec-pu-660982
WARD,inec-ward-6504,POLLING_UNIT,inec-pu-660983
WARD,inec-ward-6504,POLLING_UNIT,inec-pu-660984
WARD,inec-ward-6504,POLLING_UNIT,inec-pu-660985
WARD,inec-ward-6504,POLLING_UNIT,inec-pu-660986
WARD,inec-ward-6504,POLLING_UNIT,inec-pu-660987
WARD,inec-ward-6504,POLLING_UNIT,inec-pu-660988
WARD,inec-ward-6504,POLLING_UNIT,inec-pu-660989
STATE_CONSTITUENCY,state-assembly-sc-728-og,WARD,inec-ward-6505
WARD,inec-ward-6505,POLLING_UNIT,inec-pu-91032
WARD,inec-ward-6505,POLLING_UNIT,inec-pu-91033
WARD,inec-ward-6505,POLLING_UNIT,inec-pu-91034
WARD,inec-ward-6505,POLLING_UNIT,inec-pu-91035
WARD,inec-ward-6505,POLLING_UNIT,inec-pu-91036
WARD,inec-ward-6505,POLLING_UNIT,inec-pu-91037
WARD,inec-ward-6505,POLLING_UNIT,inec-pu-91038
WARD,inec-ward-6505,POLLING_UNIT,inec-pu-91039
WARD,inec-ward-6505,POLLING_UNIT,inec-pu-91040
WARD,inec-ward-6505,POLLING_UNIT,inec-pu-91041
WARD,inec-ward-6505,POLLING_UNIT,inec-pu-91042
WARD,inec-ward-6505,POLLING_UNIT,inec-pu-91043
WARD,inec-ward-6505,POLLING_UNIT,inec-pu-91044
WARD,inec-ward-6505,POLLING_UNIT,inec-pu-91045
WARD,inec-ward-6505,POLLING_UNIT,inec-pu-91046
WARD,inec-ward-6505,POLLING_UNIT,inec-pu-91047
WARD,inec-ward-6505,POLLING_UNIT,inec-pu-91048
WARD,inec-ward-6505,POLLING_UNIT,inec-pu-91049
WARD,inec-ward-6505,POLLING_UNIT,inec-pu-91050
WARD,inec-ward-6505,POLLING_UNIT,inec-pu-91051
WARD,inec-ward-6505,POLLING_UNIT,inec-pu-91052
WARD,inec-ward-6505,POLLING_UNIT,inec-pu-91053
WARD,inec-ward-6505,POLLING_UNIT,inec-pu-91054
WARD,inec-ward-6505,POLLING_UNIT,inec-pu-91055
WARD,inec-ward-6505,POLLING_UNIT,inec-pu-660990
WARD,inec-ward-6505,POLLING_UNIT,inec-pu-660991
WARD,inec-ward-6505,POLLING_UNIT,inec-pu-660992
WARD,inec-ward-6505,POLLING_UNIT,inec-pu-660993
WARD,inec-ward-6505,POLLING_UNIT,inec-pu-660994
WARD,inec-ward-6505,POLLING_UNIT,inec-pu-660995
WARD,inec-ward-6505,POLLING_UNIT,inec-pu-660996
WARD,inec-ward-6505,POLLING_UNIT,inec-pu-660997
WARD,inec-ward-6505,POLLING_UNIT,inec-pu-660998
WARD,inec-ward-6505,POLLING_UNIT,inec-pu-660999
WARD,inec-ward-6505,POLLING_UNIT,inec-pu-661000
WARD,inec-ward-6505,POLLING_UNIT,inec-pu-661001
WARD,inec-ward-6505,POLLING_UNIT,inec-pu-661002
WARD,inec-ward-6505,POLLING_UNIT,inec-pu-661003
WARD,inec-ward-6505,POLLING_UNIT,inec-pu-661004
WARD,inec-ward-6505,POLLING_UNIT,inec-pu-661005
STATE_CONSTITUENCY,state-assembly-sc-728-og,WARD,inec-ward-6506
WARD,inec-ward-6506,POLLING_UNIT,inec-pu-91056
WARD,inec-ward-6506,POLLING_UNIT,inec-pu-91057
WARD,inec-ward-6506,POLLING_UNIT,inec-pu-91058
WARD,inec-ward-6506,POLLING_UNIT,inec-pu-91059
WARD,inec-ward-6506,POLLING_UNIT,inec-pu-91060
WARD,inec-ward-6506,POLLING_UNIT,inec-pu-91061
WARD,inec-ward-6506,POLLING_UNIT,inec-pu-91062
WARD,inec-ward-6506,POLLING_UNIT,inec-pu-91063
WARD,inec-ward-6506,POLLING_UNIT,inec-pu-91064
WARD,inec-ward-6506,POLLING_UNIT,inec-pu-91065
WARD,inec-ward-6506,POLLING_UNIT,inec-pu-91066
WARD,inec-ward-6506,POLLING_UNIT,inec-pu-91067
WARD,inec-ward-6506,POLLING_UNIT,inec-pu-91068
WARD,inec-ward-6506,POLLING_UNIT,inec-pu-91069
WARD,inec-ward-6506,POLLING_UNIT,inec-pu-91070
WARD,inec-ward-6506,POLLING_UNIT,inec-pu-91071
WARD,inec-ward-6506,POLLING_UNIT,inec-pu-91072
WARD,inec-ward-6506,POLLING_UNIT,inec-pu-91073
WARD,inec-ward-6506,POLLING_UNIT,inec-pu-91074
WARD,inec-ward-6506,POLLING_UNIT,inec-pu-91075
WARD,inec-ward-6506,POLLING_UNIT,inec-pu-91076
WARD,inec-ward-6506,POLLING_UNIT,inec-pu-91077
WARD,inec-ward-6506,POLLING_UNIT,inec-pu-91078
WARD,inec-ward-6506,POLLING_UNIT,inec-pu-91079
WARD,inec-ward-6506,POLLING_UNIT,inec-pu-91080
WARD,inec-ward-6506,POLLING_UNIT,inec-pu-91081
WARD,inec-ward-6506,POLLING_UNIT,inec-pu-91082
WARD,inec-ward-6506,POLLING_UNIT,inec-pu-91083
WARD,inec-ward-6506,POLLING_UNIT,inec-pu-91084
WARD,inec-ward-6506,POLLING_UNIT,inec-pu-91085
WARD,inec-ward-6506,POLLING_UNIT,inec-pu-91086
WARD,inec-ward-6506,POLLING_UNIT,inec-pu-91087
WARD,inec-ward-6506,POLLING_UNIT,inec-pu-660867
WARD,inec-ward-6506,POLLING_UNIT,inec-pu-660868
WARD,inec-ward-6506,POLLING_UNIT,inec-pu-660869
WARD,inec-ward-6506,POLLING_UNIT,inec-pu-660870
WARD,inec-ward-6506,POLLING_UNIT,inec-pu-660871
WARD,inec-ward-6506,POLLING_UNIT,inec-pu-660872
WARD,inec-ward-6506,POLLING_UNIT,inec-pu-660873
WARD,inec-ward-6506,POLLING_UNIT,inec-pu-660874
WARD,inec-ward-6506,POLLING_UNIT,inec-pu-660875
WARD,inec-ward-6506,POLLING_UNIT,inec-pu-660876
WARD,inec-ward-6506,POLLING_UNIT,inec-pu-660877
WARD,inec-ward-6506,POLLING_UNIT,inec-pu-660878
WARD,inec-ward-6506,POLLING_UNIT,inec-pu-660879
WARD,inec-ward-6506,POLLING_UNIT,inec-pu-660880
WARD,inec-ward-6506,POLLING_UNIT,inec-pu-660881
WARD,inec-ward-6506,POLLING_UNIT,inec-pu-660882
WARD,inec-ward-6506,POLLING_UNIT,inec-pu-660883
WARD,inec-ward-6506,POLLING_UNIT,inec-pu-660884
WARD,inec-ward-6506,POLLING_UNIT,inec-pu-660885
WARD,inec-ward-6506,POLLING_UNIT,inec-pu-660886
WARD,inec-ward-6506,POLLING_UNIT,inec-pu-660887
WARD,inec-ward-6506,POLLING_UNIT,inec-pu-660888
WARD,inec-ward-6506,POLLING_UNIT,inec-pu-660889
WARD,inec-ward-6506,POLLING_UNIT,inec-pu-660890
WARD,inec-ward-6506,POLLING_UNIT,inec-pu-660891
WARD,inec-ward-6506,POLLING_UNIT,inec-pu-660892
WARD,inec-ward-6506,POLLING_UNIT,inec-pu-660893
WARD,inec-ward-6506,POLLING_UNIT,inec-pu-660894
WARD,inec-ward-6506,POLLING_UNIT,inec-pu-660895
WARD,inec-ward-6506,POLLING_UNIT,inec-pu-660896
WARD,inec-ward-6506,POLLING_UNIT,inec-pu-660897
WARD,inec-ward-6506,POLLING_UNIT,inec-pu-660898
WARD,inec-ward-6506,POLLING_UNIT,inec-pu-660899
WARD,inec-ward-6506,POLLING_UNIT,inec-pu-660900
WARD,inec-ward-6506,POLLING_UNIT,inec-pu-660901
WARD,inec-ward-6506,POLLING_UNIT,inec-pu-660902
WARD,inec-ward-6506,POLLING_UNIT,inec-pu-660903
WARD,inec-ward-6506,POLLING_UNIT,inec-pu-660904
WARD,inec-ward-6506,POLLING_UNIT,inec-pu-660905
STATE_CONSTITUENCY,state-assembly-sc-728-og,WARD,inec-ward-6507
WARD,inec-ward-6507,POLLING_UNIT,inec-pu-91088
WARD,inec-ward-6507,POLLING_UNIT,inec-pu-91089
WARD,inec-ward-6507,POLLING_UNIT,inec-pu-91090
WARD,inec-ward-6507,POLLING_UNIT,inec-pu-91091
WARD,inec-ward-6507,POLLING_UNIT,inec-pu-91092
WARD,inec-ward-6507,POLLING_UNIT,inec-pu-91093
WARD,inec-ward-6507,POLLING_UNIT,inec-pu-91094
WARD,inec-ward-6507,POLLING_UNIT,inec-pu-91095
WARD,inec-ward-6507,POLLING_UNIT,inec-pu-91096
WARD,inec-ward-6507,POLLING_UNIT,inec-pu-91097
WARD,inec-ward-6507,POLLING_UNIT,inec-pu-91098
WARD,inec-ward-6507,POLLING_UNIT,inec-pu-91099
WARD,inec-ward-6507,POLLING_UNIT,inec-pu-91100
WARD,inec-ward-6507,POLLING_UNIT,inec-pu-91101
WARD,inec-ward-6507,POLLING_UNIT,inec-pu-91102
WARD,inec-ward-6507,POLLING_UNIT,inec-pu-91103
WARD,inec-ward-6507,POLLING_UNIT,inec-pu-91104
WARD,inec-ward-6507,POLLING_UNIT,inec-pu-91105
WARD,inec-ward-6507,POLLING_UNIT,inec-pu-91106
WARD,inec-ward-6507,POLLING_UNIT,inec-pu-661006
WARD,inec-ward-6507,POLLING_UNIT,inec-pu-661007
WARD,inec-ward-6507,POLLING_UNIT,inec-pu-661008
WARD,inec-ward-6507,POLLING_UNIT,inec-pu-661009
WARD,inec-ward-6507,POLLING_UNIT,inec-pu-661010
WARD,inec-ward-6507,POLLING_UNIT,inec-pu-661011
WARD,inec-ward-6507,POLLING_UNIT,inec-pu-661012
WARD,inec-ward-6507,POLLING_UNIT,inec-pu-661013
WARD,inec-ward-6507,POLLING_UNIT,inec-pu-661014
WARD,inec-ward-6507,POLLING_UNIT,inec-pu-661015
WARD,inec-ward-6507,POLLING_UNIT,inec-pu-661016
WARD,inec-ward-6507,POLLING_UNIT,inec-pu-661017
WARD,inec-ward-6507,POLLING_UNIT,inec-pu-661018
WARD,inec-ward-6507,POLLING_UNIT,inec-pu-661019
WARD,inec-ward-6507,POLLING_UNIT,inec-pu-661020
WARD,inec-ward-6507,POLLING_UNIT,inec-pu-661021
WARD,inec-ward-6507,POLLING_UNIT,inec-pu-661022
WARD,inec-ward-6507,POLLING_UNIT,inec-pu-661023
WARD,inec-ward-6507,POLLING_UNIT,inec-pu-661024
WARD,inec-ward-6507,POLLING_UNIT,inec-pu-661025
WARD,inec-ward-6507,POLLING_UNIT,inec-pu-661026
WARD,inec-ward-6507,POLLING_UNIT,inec-pu-661027
WARD,inec-ward-6507,POLLING_UNIT,inec-pu-661028
WARD,inec-ward-6507,POLLING_UNIT,inec-pu-661029
WARD,inec-ward-6507,POLLING_UNIT,inec-pu-661030
WARD,inec-ward-6507,POLLING_UNIT,inec-pu-661031
WARD,inec-ward-6507,POLLING_UNIT,inec-pu-661032
STATE_CONSTITUENCY,state-assembly-sc-728-og,WARD,inec-ward-6508
WARD,inec-ward-6508,POLLING_UNIT,inec-pu-91107
WARD,inec-ward-6508,POLLING_UNIT,inec-pu-91108
WARD,inec-ward-6508,POLLING_UNIT,inec-pu-91109
WARD,inec-ward-6508,POLLING_UNIT,inec-pu-91110
WARD,inec-ward-6508,POLLING_UNIT,inec-pu-91111
WARD,inec-ward-6508,POLLING_UNIT,inec-pu-91112
WARD,inec-ward-6508,POLLING_UNIT,inec-pu-91113
WARD,inec-ward-6508,POLLING_UNIT,inec-pu-91114
WARD,inec-ward-6508,POLLING_UNIT,inec-pu-91115
WARD,inec-ward-6508,POLLING_UNIT,inec-pu-91116
WARD,inec-ward-6508,POLLING_UNIT,inec-pu-91117
WARD,inec-ward-6508,POLLING_UNIT,inec-pu-91118
WARD,inec-ward-6508,POLLING_UNIT,inec-pu-91119
WARD,inec-ward-6508,POLLING_UNIT,inec-pu-91120
WARD,inec-ward-6508,POLLING_UNIT,inec-pu-91121
WARD,inec-ward-6508,POLLING_UNIT,inec-pu-91122
WARD,inec-ward-6508,POLLING_UNIT,inec-pu-91123
WARD,inec-ward-6508,POLLING_UNIT,inec-pu-91124
WARD,inec-ward-6508,POLLING_UNIT,inec-pu-91125
WARD,inec-ward-6508,POLLING_UNIT,inec-pu-91126
WARD,inec-ward-6508,POLLING_UNIT,inec-pu-91127
WARD,inec-ward-6508,POLLING_UNIT,inec-pu-91128
WARD,inec-ward-6508,POLLING_UNIT,inec-pu-91129
WARD,inec-ward-6508,POLLING_UNIT,inec-pu-91130
WARD,inec-ward-6508,POLLING_UNIT,inec-pu-91131
WARD,inec-ward-6508,POLLING_UNIT,inec-pu-91132
WARD,inec-ward-6508,POLLING_UNIT,inec-pu-91133
WARD,inec-ward-6508,POLLING_UNIT,inec-pu-91134
WARD,inec-ward-6508,POLLING_UNIT,inec-pu-91135
WARD,inec-ward-6508,POLLING_UNIT,inec-pu-91136
WARD,inec-ward-6508,POLLING_UNIT,inec-pu-91137
WARD,inec-ward-6508,POLLING_UNIT,inec-pu-91138
WARD,inec-ward-6508,POLLING_UNIT,inec-pu-91139
WARD,inec-ward-6508,POLLING_UNIT,inec-pu-91140
WARD,inec-ward-6508,POLLING_UNIT,inec-pu-91141
WARD,inec-ward-6508,POLLING_UNIT,inec-pu-91142
WARD,inec-ward-6508,POLLING_UNIT,inec-pu-91143
WARD,inec-ward-6508,POLLING_UNIT,inec-pu-91144
WARD,inec-ward-6508,POLLING_UNIT,inec-pu-660906
WARD,inec-ward-6508,POLLING_UNIT,inec-pu-660907
WARD,inec-ward-6508,POLLING_UNIT,inec-pu-660908
WARD,inec-ward-6508,POLLING_UNIT,inec-pu-660909
WARD,inec-ward-6508,POLLING_UNIT,inec-pu-660910
WARD,inec-ward-6508,POLLING_UNIT,inec-pu-660911
WARD,inec-ward-6508,POLLING_UNIT,inec-pu-660912
WARD,inec-ward-6508,POLLING_UNIT,inec-pu-660913
WARD,inec-ward-6508,POLLING_UNIT,inec-pu-660914
WARD,inec-ward-6508,POLLING_UNIT,inec-pu-660915
WARD,inec-ward-6508,POLLING_UNIT,inec-pu-660916
WARD,inec-ward-6508,POLLING_UNIT,inec-pu-660917
WARD,inec-ward-6508,POLLING_UNIT,inec-pu-660918
WARD,inec-ward-6508,POLLING_UNIT,inec-pu-660919
WARD,inec-ward-6508,POLLING_UNIT,inec-pu-660920
WARD,inec-ward-6508,POLLING_UNIT,inec-pu-660921
WARD,inec-ward-6508,POLLING_UNIT,inec-pu-660922
WARD,inec-ward-6508,POLLING_UNIT,inec-pu-660923
WARD,inec-ward-6508,POLLING_UNIT,inec-pu-660924
WARD,inec-ward-6508,POLLING_UNIT,inec-pu-660925
WARD,inec-ward-6508,POLLING_UNIT,inec-pu-660926
WARD,inec-ward-6508,POLLING_UNIT,inec-pu-660927
STATE_CONSTITUENCY,state-assembly-sc-728-og,WARD,inec-ward-6509
WARD,inec-ward-6509,POLLING_UNIT,inec-pu-91145
WARD,inec-ward-6509,POLLING_UNIT,inec-pu-91146
WARD,inec-ward-6509,POLLING_UNIT,inec-pu-91147
WARD,inec-ward-6509,POLLING_UNIT,inec-pu-91148
WARD,inec-ward-6509,POLLING_UNIT,inec-pu-91149
WARD,inec-ward-6509,POLLING_UNIT,inec-pu-91150
WARD,inec-ward-6509,POLLING_UNIT,inec-pu-91151
WARD,inec-ward-6509,POLLING_UNIT,inec-pu-91152
WARD,inec-ward-6509,POLLING_UNIT,inec-pu-91153
WARD,inec-ward-6509,POLLING_UNIT,inec-pu-91154
WARD,inec-ward-6509,POLLING_UNIT,inec-pu-91155
WARD,inec-ward-6509,POLLING_UNIT,inec-pu-91156
WARD,inec-ward-6509,POLLING_UNIT,inec-pu-91157
WARD,inec-ward-6509,POLLING_UNIT,inec-pu-91158
WARD,inec-ward-6509,POLLING_UNIT,inec-pu-91159
WARD,inec-ward-6509,POLLING_UNIT,inec-pu-91160
WARD,inec-ward-6509,POLLING_UNIT,inec-pu-91161
WARD,inec-ward-6509,POLLING_UNIT,inec-pu-91162
WARD,inec-ward-6509,POLLING_UNIT,inec-pu-91163
WARD,inec-ward-6509,POLLING_UNIT,inec-pu-91164
WARD,inec-ward-6509,POLLING_UNIT,inec-pu-91165
WARD,inec-ward-6509,POLLING_UNIT,inec-pu-91166
WARD,inec-ward-6509,POLLING_UNIT,inec-pu-91167
WARD,inec-ward-6509,POLLING_UNIT,inec-pu-91168
WARD,inec-ward-6509,POLLING_UNIT,inec-pu-91169
WARD,inec-ward-6509,POLLING_UNIT,inec-pu-91170
WARD,inec-ward-6509,POLLING_UNIT,inec-pu-91171
WARD,inec-ward-6509,POLLING_UNIT,inec-pu-91172
WARD,inec-ward-6509,POLLING_UNIT,inec-pu-91173
WARD,inec-ward-6509,POLLING_UNIT,inec-pu-91174
WARD,inec-ward-6509,POLLING_UNIT,inec-pu-91175
WARD,inec-ward-6509,POLLING_UNIT,inec-pu-91176
WARD,inec-ward-6509,POLLING_UNIT,inec-pu-661033
WARD,inec-ward-6509,POLLING_UNIT,inec-pu-661034
WARD,inec-ward-6509,POLLING_UNIT,inec-pu-661035
WARD,inec-ward-6509,POLLING_UNIT,inec-pu-661036
WARD,inec-ward-6509,POLLING_UNIT,inec-pu-661037
WARD,inec-ward-6509,POLLING_UNIT,inec-pu-661038
WARD,inec-ward-6509,POLLING_UNIT,inec-pu-661039
WARD,inec-ward-6509,POLLING_UNIT,inec-pu-661040
WARD,inec-ward-6509,POLLING_UNIT,inec-pu-661041
WARD,inec-ward-6509,POLLING_UNIT,inec-pu-661042
WARD,inec-ward-6509,POLLING_UNIT,inec-pu-661043
WARD,inec-ward-6509,POLLING_UNIT,inec-pu-661044
WARD,inec-ward-6509,POLLING_UNIT,inec-pu-661045
WARD,inec-ward-6509,POLLING_UNIT,inec-pu-661046
WARD,inec-ward-6509,POLLING_UNIT,inec-pu-661047
WARD,inec-ward-6509,POLLING_UNIT,inec-pu-661048
WARD,inec-ward-6509,POLLING_UNIT,inec-pu-661049
WARD,inec-ward-6509,POLLING_UNIT,inec-pu-661050
WARD,inec-ward-6509,POLLING_UNIT,inec-pu-661051
WARD,inec-ward-6509,POLLING_UNIT,inec-pu-661052
WARD,inec-ward-6509,POLLING_UNIT,inec-pu-661053
WARD,inec-ward-6509,POLLING_UNIT,inec-pu-661054
WARD,inec-ward-6509,POLLING_UNIT,inec-pu-661055
WARD,inec-ward-6509,POLLING_UNIT,inec-pu-661056
WARD,inec-ward-6509,POLLING_UNIT,inec-pu-661057
WARD,inec-ward-6509,POLLING_UNIT,inec-pu-661058
STATE_CONSTITUENCY,state-assembly-sc-728-og,WARD,inec-ward-6510
WARD,inec-ward-6510,POLLING_UNIT,inec-pu-91177
WARD,inec-ward-6510,POLLING_UNIT,inec-pu-91178
WARD,inec-ward-6510,POLLING_UNIT,inec-pu-91179
WARD,inec-ward-6510,POLLING_UNIT,inec-pu-91180
WARD,inec-ward-6510,POLLING_UNIT,inec-pu-91181
WARD,inec-ward-6510,POLLING_UNIT,inec-pu-91182
WARD,inec-ward-6510,POLLING_UNIT,inec-pu-91183
WARD,inec-ward-6510,POLLING_UNIT,inec-pu-91184
WARD,inec-ward-6510,POLLING_UNIT,inec-pu-91185
WARD,inec-ward-6510,POLLING_UNIT,inec-pu-91186
WARD,inec-ward-6510,POLLING_UNIT,inec-pu-91187
WARD,inec-ward-6510,POLLING_UNIT,inec-pu-91188
WARD,inec-ward-6510,POLLING_UNIT,inec-pu-91189
WARD,inec-ward-6510,POLLING_UNIT,inec-pu-91190
WARD,inec-ward-6510,POLLING_UNIT,inec-pu-91191
WARD,inec-ward-6510,POLLING_UNIT,inec-pu-91192
WARD,inec-ward-6510,POLLING_UNIT,inec-pu-91193
WARD,inec-ward-6510,POLLING_UNIT,inec-pu-661059
WARD,inec-ward-6510,POLLING_UNIT,inec-pu-661060
WARD,inec-ward-6510,POLLING_UNIT,inec-pu-661061
WARD,inec-ward-6510,POLLING_UNIT,inec-pu-661062
WARD,inec-ward-6510,POLLING_UNIT,inec-pu-661063
WARD,inec-ward-6510,POLLING_UNIT,inec-pu-661064
WARD,inec-ward-6510,POLLING_UNIT,inec-pu-661065
WARD,inec-ward-6510,POLLING_UNIT,inec-pu-661066
WARD,inec-ward-6510,POLLING_UNIT,inec-pu-661067
WARD,inec-ward-6510,POLLING_UNIT,inec-pu-661068
WARD,inec-ward-6510,POLLING_UNIT,inec-pu-661069
WARD,inec-ward-6510,POLLING_UNIT,inec-pu-661070
WARD,inec-ward-6510,POLLING_UNIT,inec-pu-661071
WARD,inec-ward-6510,POLLING_UNIT,inec-pu-661072
WARD,inec-ward-6510,POLLING_UNIT,inec-pu-661073
WARD,inec-ward-6510,POLLING_UNIT,inec-pu-661074
WARD,inec-ward-6510,POLLING_UNIT,inec-pu-661075
WARD,inec-ward-6510,POLLING_UNIT,inec-pu-661076
WARD,inec-ward-6510,POLLING_UNIT,inec-pu-661077
WARD,inec-ward-6510,POLLING_UNIT,inec-pu-661078
WARD,inec-ward-6510,POLLING_UNIT,inec-pu-661079
WARD,inec-ward-6510,POLLING_UNIT,inec-pu-661080
WARD,inec-ward-6510,POLLING_UNIT,inec-pu-661081
WARD,inec-ward-6510,POLLING_UNIT,inec-pu-661082
WARD,inec-ward-6510,POLLING_UNIT,inec-pu-661083
WARD,inec-ward-6510,POLLING_UNIT,inec-pu-661084
WARD,inec-ward-6510,POLLING_UNIT,inec-pu-661085
WARD,inec-ward-6510,POLLING_UNIT,inec-pu-661086
WARD,inec-ward-6510,POLLING_UNIT,inec-pu-661087
WARD,inec-ward-6510,POLLING_UNIT,inec-pu-661088
WARD,inec-ward-6510,POLLING_UNIT,inec-pu-661089
WARD,inec-ward-6510,POLLING_UNIT,inec-pu-661090
STATE_CONSTITUENCY,state-assembly-sc-729-og,WARD,inec-ward-6511
WARD,inec-ward-6511,POLLING_UNIT,inec-pu-91194
WARD,inec-ward-6511,POLLING_UNIT,inec-pu-91195
WARD,inec-ward-6511,POLLING_UNIT,inec-pu-91196
WARD,inec-ward-6511,POLLING_UNIT,inec-pu-91197
WARD,inec-ward-6511,POLLING_UNIT,inec-pu-91198
WARD,inec-ward-6511,POLLING_UNIT,inec-pu-91199
WARD,inec-ward-6511,POLLING_UNIT,inec-pu-91200
WARD,inec-ward-6511,POLLING_UNIT,inec-pu-91201
WARD,inec-ward-6511,POLLING_UNIT,inec-pu-661091
WARD,inec-ward-6511,POLLING_UNIT,inec-pu-661092
WARD,inec-ward-6511,POLLING_UNIT,inec-pu-661093
STATE_CONSTITUENCY,state-assembly-sc-728-og,WARD,inec-ward-6512
WARD,inec-ward-6512,POLLING_UNIT,inec-pu-91202
WARD,inec-ward-6512,POLLING_UNIT,inec-pu-91203
WARD,inec-ward-6512,POLLING_UNIT,inec-pu-91204
WARD,inec-ward-6512,POLLING_UNIT,inec-pu-91205
WARD,inec-ward-6512,POLLING_UNIT,inec-pu-91206
WARD,inec-ward-6512,POLLING_UNIT,inec-pu-91207
WARD,inec-ward-6512,POLLING_UNIT,inec-pu-91208
WARD,inec-ward-6512,POLLING_UNIT,inec-pu-91209
WARD,inec-ward-6512,POLLING_UNIT,inec-pu-91210
WARD,inec-ward-6512,POLLING_UNIT,inec-pu-91211
WARD,inec-ward-6512,POLLING_UNIT,inec-pu-91212
WARD,inec-ward-6512,POLLING_UNIT,inec-pu-660928
WARD,inec-ward-6512,POLLING_UNIT,inec-pu-660929
WARD,inec-ward-6512,POLLING_UNIT,inec-pu-660930
WARD,inec-ward-6512,POLLING_UNIT,inec-pu-660931
WARD,inec-ward-6512,POLLING_UNIT,inec-pu-660932
WARD,inec-ward-6512,POLLING_UNIT,inec-pu-660933
WARD,inec-ward-6512,POLLING_UNIT,inec-pu-660934
WARD,inec-ward-6512,POLLING_UNIT,inec-pu-660935
WARD,inec-ward-6512,POLLING_UNIT,inec-pu-660936
WARD,inec-ward-6512,POLLING_UNIT,inec-pu-660937
WARD,inec-ward-6512,POLLING_UNIT,inec-pu-660938
WARD,inec-ward-6512,POLLING_UNIT,inec-pu-660939
WARD,inec-ward-6512,POLLING_UNIT,inec-pu-660940
WARD,inec-ward-6512,POLLING_UNIT,inec-pu-660941
WARD,inec-ward-6512,POLLING_UNIT,inec-pu-660942
WARD,inec-ward-6512,POLLING_UNIT,inec-pu-660943
WARD,inec-ward-6512,POLLING_UNIT,inec-pu-660944
WARD,inec-ward-6512,POLLING_UNIT,inec-pu-660945
WARD,inec-ward-6512,POLLING_UNIT,inec-pu-660946
WARD,inec-ward-6512,POLLING_UNIT,inec-pu-660947
WARD,inec-ward-6512,POLLING_UNIT,inec-pu-660948
WARD,inec-ward-6512,POLLING_UNIT,inec-pu-660949
WARD,inec-ward-6512,POLLING_UNIT,inec-pu-660950
WARD,inec-ward-6512,POLLING_UNIT,inec-pu-660951
WARD,inec-ward-6512,POLLING_UNIT,inec-pu-660952
WARD,inec-ward-6512,POLLING_UNIT,inec-pu-660953
WARD,inec-ward-6512,POLLING_UNIT,inec-pu-660954
WARD,inec-ward-6512,POLLING_UNIT,inec-pu-660955
WARD,inec-ward-6512,POLLING_UNIT,inec-pu-660956
WARD,inec-ward-6512,POLLING_UNIT,inec-pu-660957
STATE_CONSTITUENCY,state-assembly-sc-728-og,WARD,inec-ward-6513
WARD,inec-ward-6513,POLLING_UNIT,inec-pu-91213
WARD,inec-ward-6513,POLLING_UNIT,inec-pu-91214
WARD,inec-ward-6513,POLLING_UNIT,inec-pu-91215
WARD,inec-ward-6513,POLLING_UNIT,inec-pu-91216
WARD,inec-ward-6513,POLLING_UNIT,inec-pu-91217
WARD,inec-ward-6513,POLLING_UNIT,inec-pu-91218
WARD,inec-ward-6513,POLLING_UNIT,inec-pu-91219
WARD,inec-ward-6513,POLLING_UNIT,inec-pu-91220
WARD,inec-ward-6513,POLLING_UNIT,inec-pu-91221
WARD,inec-ward-6513,POLLING_UNIT,inec-pu-91222
WARD,inec-ward-6513,POLLING_UNIT,inec-pu-91223
WARD,inec-ward-6513,POLLING_UNIT,inec-pu-91224
WARD,inec-ward-6513,POLLING_UNIT,inec-pu-91225
WARD,inec-ward-6513,POLLING_UNIT,inec-pu-91226
WARD,inec-ward-6513,POLLING_UNIT,inec-pu-91227
WARD,inec-ward-6513,POLLING_UNIT,inec-pu-660958
WARD,inec-ward-6513,POLLING_UNIT,inec-pu-660959
WARD,inec-ward-6513,POLLING_UNIT,inec-pu-660960
WARD,inec-ward-6513,POLLING_UNIT,inec-pu-660961
WARD,inec-ward-6513,POLLING_UNIT,inec-pu-660962
STATE_CONSTITUENCY,state-assembly-sc-733-og,WARD,inec-ward-6514
WARD,inec-ward-6514,POLLING_UNIT,inec-pu-91228
WARD,inec-ward-6514,POLLING_UNIT,inec-pu-91229
WARD,inec-ward-6514,POLLING_UNIT,inec-pu-91230
WARD,inec-ward-6514,POLLING_UNIT,inec-pu-91231
WARD,inec-ward-6514,POLLING_UNIT,inec-pu-91232
WARD,inec-ward-6514,POLLING_UNIT,inec-pu-91233
WARD,inec-ward-6514,POLLING_UNIT,inec-pu-91234
WARD,inec-ward-6514,POLLING_UNIT,inec-pu-91235
WARD,inec-ward-6514,POLLING_UNIT,inec-pu-91236
WARD,inec-ward-6514,POLLING_UNIT,inec-pu-91237
WARD,inec-ward-6514,POLLING_UNIT,inec-pu-661112
WARD,inec-ward-6514,POLLING_UNIT,inec-pu-661113
STATE_CONSTITUENCY,state-assembly-sc-733-og,WARD,inec-ward-6515
WARD,inec-ward-6515,POLLING_UNIT,inec-pu-91238
WARD,inec-ward-6515,POLLING_UNIT,inec-pu-91239
WARD,inec-ward-6515,POLLING_UNIT,inec-pu-91240
WARD,inec-ward-6515,POLLING_UNIT,inec-pu-91241
WARD,inec-ward-6515,POLLING_UNIT,inec-pu-91242
WARD,inec-ward-6515,POLLING_UNIT,inec-pu-91243
WARD,inec-ward-6515,POLLING_UNIT,inec-pu-91244
WARD,inec-ward-6515,POLLING_UNIT,inec-pu-91245
WARD,inec-ward-6515,POLLING_UNIT,inec-pu-91246
WARD,inec-ward-6515,POLLING_UNIT,inec-pu-91247
WARD,inec-ward-6515,POLLING_UNIT,inec-pu-91248
WARD,inec-ward-6515,POLLING_UNIT,inec-pu-661114
WARD,inec-ward-6515,POLLING_UNIT,inec-pu-661115
STATE_CONSTITUENCY,state-assembly-sc-733-og,WARD,inec-ward-6516
WARD,inec-ward-6516,POLLING_UNIT,inec-pu-91249
WARD,inec-ward-6516,POLLING_UNIT,inec-pu-91250
WARD,inec-ward-6516,POLLING_UNIT,inec-pu-91251
WARD,inec-ward-6516,POLLING_UNIT,inec-pu-91252
WARD,inec-ward-6516,POLLING_UNIT,inec-pu-91253
WARD,inec-ward-6516,POLLING_UNIT,inec-pu-91254
WARD,inec-ward-6516,POLLING_UNIT,inec-pu-91255
WARD,inec-ward-6516,POLLING_UNIT,inec-pu-91256
WARD,inec-ward-6516,POLLING_UNIT,inec-pu-91257
WARD,inec-ward-6516,POLLING_UNIT,inec-pu-91258
WARD,inec-ward-6516,POLLING_UNIT,inec-pu-91259
WARD,inec-ward-6516,POLLING_UNIT,inec-pu-661109
WARD,inec-ward-6516,POLLING_UNIT,inec-pu-661110
WARD,inec-ward-6516,POLLING_UNIT,inec-pu-661111
STATE_CONSTITUENCY,state-assembly-sc-733-og,WARD,inec-ward-6517
WARD,inec-ward-6517,POLLING_UNIT,inec-pu-91260
WARD,inec-ward-6517,POLLING_UNIT,inec-pu-91261
WARD,inec-ward-6517,POLLING_UNIT,inec-pu-91262
WARD,inec-ward-6517,POLLING_UNIT,inec-pu-91263
WARD,inec-ward-6517,POLLING_UNIT,inec-pu-91264
WARD,inec-ward-6517,POLLING_UNIT,inec-pu-91265
WARD,inec-ward-6517,POLLING_UNIT,inec-pu-91266
WARD,inec-ward-6517,POLLING_UNIT,inec-pu-91267
WARD,inec-ward-6517,POLLING_UNIT,inec-pu-91268
WARD,inec-ward-6517,POLLING_UNIT,inec-pu-91269
WARD,inec-ward-6517,POLLING_UNIT,inec-pu-91270
WARD,inec-ward-6517,POLLING_UNIT,inec-pu-91271
STATE_CONSTITUENCY,state-assembly-sc-733-og,WARD,inec-ward-6518
WARD,inec-ward-6518,POLLING_UNIT,inec-pu-91272
WARD,inec-ward-6518,POLLING_UNIT,inec-pu-91273
WARD,inec-ward-6518,POLLING_UNIT,inec-pu-91274
WARD,inec-ward-6518,POLLING_UNIT,inec-pu-91275
WARD,inec-ward-6518,POLLING_UNIT,inec-pu-91276
WARD,inec-ward-6518,POLLING_UNIT,inec-pu-91277
WARD,inec-ward-6518,POLLING_UNIT,inec-pu-91278
WARD,inec-ward-6518,POLLING_UNIT,inec-pu-91279
WARD,inec-ward-6518,POLLING_UNIT,inec-pu-91280
WARD,inec-ward-6518,POLLING_UNIT,inec-pu-91281
WARD,inec-ward-6518,POLLING_UNIT,inec-pu-91282
WARD,inec-ward-6518,POLLING_UNIT,inec-pu-661132
WARD,inec-ward-6518,POLLING_UNIT,inec-pu-661133
WARD,inec-ward-6518,POLLING_UNIT,inec-pu-661134
WARD,inec-ward-6518,POLLING_UNIT,inec-pu-661135
WARD,inec-ward-6518,POLLING_UNIT,inec-pu-661136
STATE_CONSTITUENCY,state-assembly-sc-726-og,WARD,inec-ward-6519
WARD,inec-ward-6519,POLLING_UNIT,inec-pu-91283
WARD,inec-ward-6519,POLLING_UNIT,inec-pu-91284
WARD,inec-ward-6519,POLLING_UNIT,inec-pu-91285
WARD,inec-ward-6519,POLLING_UNIT,inec-pu-91286
WARD,inec-ward-6519,POLLING_UNIT,inec-pu-91287
WARD,inec-ward-6519,POLLING_UNIT,inec-pu-91288
WARD,inec-ward-6519,POLLING_UNIT,inec-pu-661116
WARD,inec-ward-6519,POLLING_UNIT,inec-pu-661117
STATE_CONSTITUENCY,state-assembly-sc-733-og,WARD,inec-ward-6520
WARD,inec-ward-6520,POLLING_UNIT,inec-pu-91289
WARD,inec-ward-6520,POLLING_UNIT,inec-pu-91290
WARD,inec-ward-6520,POLLING_UNIT,inec-pu-91291
WARD,inec-ward-6520,POLLING_UNIT,inec-pu-91292
WARD,inec-ward-6520,POLLING_UNIT,inec-pu-91293
WARD,inec-ward-6520,POLLING_UNIT,inec-pu-91294
WARD,inec-ward-6520,POLLING_UNIT,inec-pu-91295
WARD,inec-ward-6520,POLLING_UNIT,inec-pu-91296
WARD,inec-ward-6520,POLLING_UNIT,inec-pu-91297
WARD,inec-ward-6520,POLLING_UNIT,inec-pu-91298
WARD,inec-ward-6520,POLLING_UNIT,inec-pu-91299
WARD,inec-ward-6520,POLLING_UNIT,inec-pu-661118
WARD,inec-ward-6520,POLLING_UNIT,inec-pu-661119
WARD,inec-ward-6520,POLLING_UNIT,inec-pu-661120
WARD,inec-ward-6520,POLLING_UNIT,inec-pu-661121
WARD,inec-ward-6520,POLLING_UNIT,inec-pu-661122
WARD,inec-ward-6520,POLLING_UNIT,inec-pu-661123
STATE_CONSTITUENCY,state-assembly-sc-733-og,WARD,inec-ward-6521
WARD,inec-ward-6521,POLLING_UNIT,inec-pu-91300
WARD,inec-ward-6521,POLLING_UNIT,inec-pu-91301
WARD,inec-ward-6521,POLLING_UNIT,inec-pu-91302
WARD,inec-ward-6521,POLLING_UNIT,inec-pu-91303
WARD,inec-ward-6521,POLLING_UNIT,inec-pu-91304
WARD,inec-ward-6521,POLLING_UNIT,inec-pu-91305
WARD,inec-ward-6521,POLLING_UNIT,inec-pu-91306
WARD,inec-ward-6521,POLLING_UNIT,inec-pu-91307
WARD,inec-ward-6521,POLLING_UNIT,inec-pu-91308
WARD,inec-ward-6521,POLLING_UNIT,inec-pu-91309
WARD,inec-ward-6521,POLLING_UNIT,inec-pu-91310
WARD,inec-ward-6521,POLLING_UNIT,inec-pu-91311
WARD,inec-ward-6521,POLLING_UNIT,inec-pu-91312
WARD,inec-ward-6521,POLLING_UNIT,inec-pu-661124
WARD,inec-ward-6521,POLLING_UNIT,inec-pu-661125
WARD,inec-ward-6521,POLLING_UNIT,inec-pu-661126
WARD,inec-ward-6521,POLLING_UNIT,inec-pu-661127
WARD,inec-ward-6521,POLLING_UNIT,inec-pu-661128
WARD,inec-ward-6521,POLLING_UNIT,inec-pu-661129
WARD,inec-ward-6521,POLLING_UNIT,inec-pu-661130
WARD,inec-ward-6521,POLLING_UNIT,inec-pu-661131
STATE_CONSTITUENCY,state-assembly-sc-733-og,WARD,inec-ward-6522
WARD,inec-ward-6522,POLLING_UNIT,inec-pu-91313
WARD,inec-ward-6522,POLLING_UNIT,inec-pu-91314
WARD,inec-ward-6522,POLLING_UNIT,inec-pu-91315
WARD,inec-ward-6522,POLLING_UNIT,inec-pu-91316
WARD,inec-ward-6522,POLLING_UNIT,inec-pu-91317
WARD,inec-ward-6522,POLLING_UNIT,inec-pu-91318
WARD,inec-ward-6522,POLLING_UNIT,inec-pu-91319
WARD,inec-ward-6522,POLLING_UNIT,inec-pu-91320
STATE_CONSTITUENCY,state-assembly-sc-733-og,WARD,inec-ward-6523
WARD,inec-ward-6523,POLLING_UNIT,inec-pu-91321
WARD,inec-ward-6523,POLLING_UNIT,inec-pu-91322
WARD,inec-ward-6523,POLLING_UNIT,inec-pu-91323
WARD,inec-ward-6523,POLLING_UNIT,inec-pu-91324
WARD,inec-ward-6523,POLLING_UNIT,inec-pu-91325
WARD,inec-ward-6523,POLLING_UNIT,inec-pu-91326
WARD,inec-ward-6523,POLLING_UNIT,inec-pu-91327
WARD,inec-ward-6523,POLLING_UNIT,inec-pu-91328
STATE_CONSTITUENCY,state-assembly-sc-733-og,WARD,inec-ward-6524
WARD,inec-ward-6524,POLLING_UNIT,inec-pu-91329
WARD,inec-ward-6524,POLLING_UNIT,inec-pu-91330
WARD,inec-ward-6524,POLLING_UNIT,inec-pu-91331
WARD,inec-ward-6524,POLLING_UNIT,inec-pu-91332
WARD,inec-ward-6524,POLLING_UNIT,inec-pu-91333
WARD,inec-ward-6524,POLLING_UNIT,inec-pu-91334
WARD,inec-ward-6524,POLLING_UNIT,inec-pu-91335
WARD,inec-ward-6524,POLLING_UNIT,inec-pu-91336
WARD,inec-ward-6524,POLLING_UNIT,inec-pu-91337
WARD,inec-ward-6524,POLLING_UNIT,inec-pu-91338
WARD,inec-ward-6524,POLLING_UNIT,inec-pu-661094
WARD,inec-ward-6524,POLLING_UNIT,inec-pu-661095
WARD,inec-ward-6524,POLLING_UNIT,inec-pu-661096
WARD,inec-ward-6524,POLLING_UNIT,inec-pu-661097
WARD,inec-ward-6524,POLLING_UNIT,inec-pu-661098
WARD,inec-ward-6524,POLLING_UNIT,inec-pu-661099
WARD,inec-ward-6524,POLLING_UNIT,inec-pu-661100
WARD,inec-ward-6524,POLLING_UNIT,inec-pu-661101
WARD,inec-ward-6524,POLLING_UNIT,inec-pu-661102
WARD,inec-ward-6524,POLLING_UNIT,inec-pu-661103
WARD,inec-ward-6524,POLLING_UNIT,inec-pu-661104
WARD,inec-ward-6524,POLLING_UNIT,inec-pu-661105
WARD,inec-ward-6524,POLLING_UNIT,inec-pu-661106
WARD,inec-ward-6524,POLLING_UNIT,inec-pu-661107
WARD,inec-ward-6524,POLLING_UNIT,inec-pu-661108
STATE_CONSTITUENCY,state-assembly-sc-731-og,WARD,inec-ward-6525
WARD,inec-ward-6525,POLLING_UNIT,inec-pu-91339
WARD,inec-ward-6525,POLLING_UNIT,inec-pu-91340
WARD,inec-ward-6525,POLLING_UNIT,inec-pu-91341
WARD,inec-ward-6525,POLLING_UNIT,inec-pu-91342
WARD,inec-ward-6525,POLLING_UNIT,inec-pu-91343
WARD,inec-ward-6525,POLLING_UNIT,inec-pu-91344
WARD,inec-ward-6525,POLLING_UNIT,inec-pu-91345
WARD,inec-ward-6525,POLLING_UNIT,inec-pu-91346
WARD,inec-ward-6525,POLLING_UNIT,inec-pu-91347
WARD,inec-ward-6525,POLLING_UNIT,inec-pu-91348
WARD,inec-ward-6525,POLLING_UNIT,inec-pu-91349
WARD,inec-ward-6525,POLLING_UNIT,inec-pu-91350
WARD,inec-ward-6525,POLLING_UNIT,inec-pu-91351
WARD,inec-ward-6525,POLLING_UNIT,inec-pu-91352
WARD,inec-ward-6525,POLLING_UNIT,inec-pu-91353
WARD,inec-ward-6525,POLLING_UNIT,inec-pu-91354
WARD,inec-ward-6525,POLLING_UNIT,inec-pu-91355
WARD,inec-ward-6525,POLLING_UNIT,inec-pu-661148
WARD,inec-ward-6525,POLLING_UNIT,inec-pu-661149
WARD,inec-ward-6525,POLLING_UNIT,inec-pu-661150
WARD,inec-ward-6525,POLLING_UNIT,inec-pu-661151
WARD,inec-ward-6525,POLLING_UNIT,inec-pu-661152
STATE_CONSTITUENCY,state-assembly-sc-731-og,WARD,inec-ward-6526
WARD,inec-ward-6526,POLLING_UNIT,inec-pu-91356
WARD,inec-ward-6526,POLLING_UNIT,inec-pu-91357
WARD,inec-ward-6526,POLLING_UNIT,inec-pu-91358
WARD,inec-ward-6526,POLLING_UNIT,inec-pu-91359
WARD,inec-ward-6526,POLLING_UNIT,inec-pu-91360
WARD,inec-ward-6526,POLLING_UNIT,inec-pu-91361
WARD,inec-ward-6526,POLLING_UNIT,inec-pu-91362
WARD,inec-ward-6526,POLLING_UNIT,inec-pu-91363
WARD,inec-ward-6526,POLLING_UNIT,inec-pu-91364
WARD,inec-ward-6526,POLLING_UNIT,inec-pu-91365
WARD,inec-ward-6526,POLLING_UNIT,inec-pu-91366
WARD,inec-ward-6526,POLLING_UNIT,inec-pu-91367
WARD,inec-ward-6526,POLLING_UNIT,inec-pu-91368
WARD,inec-ward-6526,POLLING_UNIT,inec-pu-91369
WARD,inec-ward-6526,POLLING_UNIT,inec-pu-91370
WARD,inec-ward-6526,POLLING_UNIT,inec-pu-91371
WARD,inec-ward-6526,POLLING_UNIT,inec-pu-91372
WARD,inec-ward-6526,POLLING_UNIT,inec-pu-661153
WARD,inec-ward-6526,POLLING_UNIT,inec-pu-661154
WARD,inec-ward-6526,POLLING_UNIT,inec-pu-661155
STATE_CONSTITUENCY,state-assembly-sc-731-og,WARD,inec-ward-6527
WARD,inec-ward-6527,POLLING_UNIT,inec-pu-91373
WARD,inec-ward-6527,POLLING_UNIT,inec-pu-91374
WARD,inec-ward-6527,POLLING_UNIT,inec-pu-91375
WARD,inec-ward-6527,POLLING_UNIT,inec-pu-91376
WARD,inec-ward-6527,POLLING_UNIT,inec-pu-91377
WARD,inec-ward-6527,POLLING_UNIT,inec-pu-91378
WARD,inec-ward-6527,POLLING_UNIT,inec-pu-91379
WARD,inec-ward-6527,POLLING_UNIT,inec-pu-91380
WARD,inec-ward-6527,POLLING_UNIT,inec-pu-91381
WARD,inec-ward-6527,POLLING_UNIT,inec-pu-91382
WARD,inec-ward-6527,POLLING_UNIT,inec-pu-91383
WARD,inec-ward-6527,POLLING_UNIT,inec-pu-91384
WARD,inec-ward-6527,POLLING_UNIT,inec-pu-91385
WARD,inec-ward-6527,POLLING_UNIT,inec-pu-91386
WARD,inec-ward-6527,POLLING_UNIT,inec-pu-91387
WARD,inec-ward-6527,POLLING_UNIT,inec-pu-91388
WARD,inec-ward-6527,POLLING_UNIT,inec-pu-91389
WARD,inec-ward-6527,POLLING_UNIT,inec-pu-91390
WARD,inec-ward-6527,POLLING_UNIT,inec-pu-91391
WARD,inec-ward-6527,POLLING_UNIT,inec-pu-91392
WARD,inec-ward-6527,POLLING_UNIT,inec-pu-91393
WARD,inec-ward-6527,POLLING_UNIT,inec-pu-91394
STATE_CONSTITUENCY,state-assembly-sc-731-og,WARD,inec-ward-6528
WARD,inec-ward-6528,POLLING_UNIT,inec-pu-91395
WARD,inec-ward-6528,POLLING_UNIT,inec-pu-91396
WARD,inec-ward-6528,POLLING_UNIT,inec-pu-91397
WARD,inec-ward-6528,POLLING_UNIT,inec-pu-91398
WARD,inec-ward-6528,POLLING_UNIT,inec-pu-91399
WARD,inec-ward-6528,POLLING_UNIT,inec-pu-91400
WARD,inec-ward-6528,POLLING_UNIT,inec-pu-91401
WARD,inec-ward-6528,POLLING_UNIT,inec-pu-91402
WARD,inec-ward-6528,POLLING_UNIT,inec-pu-91403
WARD,inec-ward-6528,POLLING_UNIT,inec-pu-91404
WARD,inec-ward-6528,POLLING_UNIT,inec-pu-91405
WARD,inec-ward-6528,POLLING_UNIT,inec-pu-91406
WARD,inec-ward-6528,POLLING_UNIT,inec-pu-91407
WARD,inec-ward-6528,POLLING_UNIT,inec-pu-91408
WARD,inec-ward-6528,POLLING_UNIT,inec-pu-91409
WARD,inec-ward-6528,POLLING_UNIT,inec-pu-91410
WARD,inec-ward-6528,POLLING_UNIT,inec-pu-91411
WARD,inec-ward-6528,POLLING_UNIT,inec-pu-91412
WARD,inec-ward-6528,POLLING_UNIT,inec-pu-91413
WARD,inec-ward-6528,POLLING_UNIT,inec-pu-91414
WARD,inec-ward-6528,POLLING_UNIT,inec-pu-91415
WARD,inec-ward-6528,POLLING_UNIT,inec-pu-91416
WARD,inec-ward-6528,POLLING_UNIT,inec-pu-91417
WARD,inec-ward-6528,POLLING_UNIT,inec-pu-91418
WARD,inec-ward-6528,POLLING_UNIT,inec-pu-91419
WARD,inec-ward-6528,POLLING_UNIT,inec-pu-91420
WARD,inec-ward-6528,POLLING_UNIT,inec-pu-661171
WARD,inec-ward-6528,POLLING_UNIT,inec-pu-661172
WARD,inec-ward-6528,POLLING_UNIT,inec-pu-661173
STATE_CONSTITUENCY,state-assembly-sc-731-og,WARD,inec-ward-6529
WARD,inec-ward-6529,POLLING_UNIT,inec-pu-91421
WARD,inec-ward-6529,POLLING_UNIT,inec-pu-91422
WARD,inec-ward-6529,POLLING_UNIT,inec-pu-91423
WARD,inec-ward-6529,POLLING_UNIT,inec-pu-91424
WARD,inec-ward-6529,POLLING_UNIT,inec-pu-91425
WARD,inec-ward-6529,POLLING_UNIT,inec-pu-91426
WARD,inec-ward-6529,POLLING_UNIT,inec-pu-91427
WARD,inec-ward-6529,POLLING_UNIT,inec-pu-91428
WARD,inec-ward-6529,POLLING_UNIT,inec-pu-91429
WARD,inec-ward-6529,POLLING_UNIT,inec-pu-91430
WARD,inec-ward-6529,POLLING_UNIT,inec-pu-91431
WARD,inec-ward-6529,POLLING_UNIT,inec-pu-91432
WARD,inec-ward-6529,POLLING_UNIT,inec-pu-91433
WARD,inec-ward-6529,POLLING_UNIT,inec-pu-91434
WARD,inec-ward-6529,POLLING_UNIT,inec-pu-91435
WARD,inec-ward-6529,POLLING_UNIT,inec-pu-91436
WARD,inec-ward-6529,POLLING_UNIT,inec-pu-91437
WARD,inec-ward-6529,POLLING_UNIT,inec-pu-91438
WARD,inec-ward-6529,POLLING_UNIT,inec-pu-91439
WARD,inec-ward-6529,POLLING_UNIT,inec-pu-91440
WARD,inec-ward-6529,POLLING_UNIT,inec-pu-91441
WARD,inec-ward-6529,POLLING_UNIT,inec-pu-91442
WARD,inec-ward-6529,POLLING_UNIT,inec-pu-91443
WARD,inec-ward-6529,POLLING_UNIT,inec-pu-91444
WARD,inec-ward-6529,POLLING_UNIT,inec-pu-661156
WARD,inec-ward-6529,POLLING_UNIT,inec-pu-661157
STATE_CONSTITUENCY,state-assembly-sc-731-og,WARD,inec-ward-6530
WARD,inec-ward-6530,POLLING_UNIT,inec-pu-91445
WARD,inec-ward-6530,POLLING_UNIT,inec-pu-91446
WARD,inec-ward-6530,POLLING_UNIT,inec-pu-91447
WARD,inec-ward-6530,POLLING_UNIT,inec-pu-91448
WARD,inec-ward-6530,POLLING_UNIT,inec-pu-91449
WARD,inec-ward-6530,POLLING_UNIT,inec-pu-91450
WARD,inec-ward-6530,POLLING_UNIT,inec-pu-91451
WARD,inec-ward-6530,POLLING_UNIT,inec-pu-91452
WARD,inec-ward-6530,POLLING_UNIT,inec-pu-91453
WARD,inec-ward-6530,POLLING_UNIT,inec-pu-91454
WARD,inec-ward-6530,POLLING_UNIT,inec-pu-91455
WARD,inec-ward-6530,POLLING_UNIT,inec-pu-91456
WARD,inec-ward-6530,POLLING_UNIT,inec-pu-91457
WARD,inec-ward-6530,POLLING_UNIT,inec-pu-91458
WARD,inec-ward-6530,POLLING_UNIT,inec-pu-91459
WARD,inec-ward-6530,POLLING_UNIT,inec-pu-91460
WARD,inec-ward-6530,POLLING_UNIT,inec-pu-91461
WARD,inec-ward-6530,POLLING_UNIT,inec-pu-91462
WARD,inec-ward-6530,POLLING_UNIT,inec-pu-91463
WARD,inec-ward-6530,POLLING_UNIT,inec-pu-91464
WARD,inec-ward-6530,POLLING_UNIT,inec-pu-91465
WARD,inec-ward-6530,POLLING_UNIT,inec-pu-91466
WARD,inec-ward-6530,POLLING_UNIT,inec-pu-91467
WARD,inec-ward-6530,POLLING_UNIT,inec-pu-91468
WARD,inec-ward-6530,POLLING_UNIT,inec-pu-91469
WARD,inec-ward-6530,POLLING_UNIT,inec-pu-91470
WARD,inec-ward-6530,POLLING_UNIT,inec-pu-91471
WARD,inec-ward-6530,POLLING_UNIT,inec-pu-91472
WARD,inec-ward-6530,POLLING_UNIT,inec-pu-91473
WARD,inec-ward-6530,POLLING_UNIT,inec-pu-91474
WARD,inec-ward-6530,POLLING_UNIT,inec-pu-91475
WARD,inec-ward-6530,POLLING_UNIT,inec-pu-91476
WARD,inec-ward-6530,POLLING_UNIT,inec-pu-661158
WARD,inec-ward-6530,POLLING_UNIT,inec-pu-661159
WARD,inec-ward-6530,POLLING_UNIT,inec-pu-661160
WARD,inec-ward-6530,POLLING_UNIT,inec-pu-661161
WARD,inec-ward-6530,POLLING_UNIT,inec-pu-661162
WARD,inec-ward-6530,POLLING_UNIT,inec-pu-661163
WARD,inec-ward-6530,POLLING_UNIT,inec-pu-661164
STATE_CONSTITUENCY,state-assembly-sc-732-og,WARD,inec-ward-6531
WARD,inec-ward-6531,POLLING_UNIT,inec-pu-91477
WARD,inec-ward-6531,POLLING_UNIT,inec-pu-91478
WARD,inec-ward-6531,POLLING_UNIT,inec-pu-91479
WARD,inec-ward-6531,POLLING_UNIT,inec-pu-91480
WARD,inec-ward-6531,POLLING_UNIT,inec-pu-91481
WARD,inec-ward-6531,POLLING_UNIT,inec-pu-91482
WARD,inec-ward-6531,POLLING_UNIT,inec-pu-91483
WARD,inec-ward-6531,POLLING_UNIT,inec-pu-91484
WARD,inec-ward-6531,POLLING_UNIT,inec-pu-91485
WARD,inec-ward-6531,POLLING_UNIT,inec-pu-91486
WARD,inec-ward-6531,POLLING_UNIT,inec-pu-91487
WARD,inec-ward-6531,POLLING_UNIT,inec-pu-91488
WARD,inec-ward-6531,POLLING_UNIT,inec-pu-91489
WARD,inec-ward-6531,POLLING_UNIT,inec-pu-91490
WARD,inec-ward-6531,POLLING_UNIT,inec-pu-91491
WARD,inec-ward-6531,POLLING_UNIT,inec-pu-91492
WARD,inec-ward-6531,POLLING_UNIT,inec-pu-91493
WARD,inec-ward-6531,POLLING_UNIT,inec-pu-91494
WARD,inec-ward-6531,POLLING_UNIT,inec-pu-661165
WARD,inec-ward-6531,POLLING_UNIT,inec-pu-661166
WARD,inec-ward-6531,POLLING_UNIT,inec-pu-661167
WARD,inec-ward-6531,POLLING_UNIT,inec-pu-661168
WARD,inec-ward-6531,POLLING_UNIT,inec-pu-661169
WARD,inec-ward-6531,POLLING_UNIT,inec-pu-661170
STATE_CONSTITUENCY,state-assembly-sc-732-og,WARD,inec-ward-6532
WARD,inec-ward-6532,POLLING_UNIT,inec-pu-91495
WARD,inec-ward-6532,POLLING_UNIT,inec-pu-91496
WARD,inec-ward-6532,POLLING_UNIT,inec-pu-91497
WARD,inec-ward-6532,POLLING_UNIT,inec-pu-91498
WARD,inec-ward-6532,POLLING_UNIT,inec-pu-91499
WARD,inec-ward-6532,POLLING_UNIT,inec-pu-91500
WARD,inec-ward-6532,POLLING_UNIT,inec-pu-91501
WARD,inec-ward-6532,POLLING_UNIT,inec-pu-91502
WARD,inec-ward-6532,POLLING_UNIT,inec-pu-91503
WARD,inec-ward-6532,POLLING_UNIT,inec-pu-91504
WARD,inec-ward-6532,POLLING_UNIT,inec-pu-91505
WARD,inec-ward-6532,POLLING_UNIT,inec-pu-91506
WARD,inec-ward-6532,POLLING_UNIT,inec-pu-91507
WARD,inec-ward-6532,POLLING_UNIT,inec-pu-91508
WARD,inec-ward-6532,POLLING_UNIT,inec-pu-91509
WARD,inec-ward-6532,POLLING_UNIT,inec-pu-91510
WARD,inec-ward-6532,POLLING_UNIT,inec-pu-91511
WARD,inec-ward-6532,POLLING_UNIT,inec-pu-91512
WARD,inec-ward-6532,POLLING_UNIT,inec-pu-91513
WARD,inec-ward-6532,POLLING_UNIT,inec-pu-91514
WARD,inec-ward-6532,POLLING_UNIT,inec-pu-661137
WARD,inec-ward-6532,POLLING_UNIT,inec-pu-661138
WARD,inec-ward-6532,POLLING_UNIT,inec-pu-661139
WARD,inec-ward-6532,POLLING_UNIT,inec-pu-661140
WARD,inec-ward-6532,POLLING_UNIT,inec-pu-661141
WARD,inec-ward-6532,POLLING_UNIT,inec-pu-661143
STATE_CONSTITUENCY,state-assembly-sc-732-og,WARD,inec-ward-6533
WARD,inec-ward-6533,POLLING_UNIT,inec-pu-91515
WARD,inec-ward-6533,POLLING_UNIT,inec-pu-91516
WARD,inec-ward-6533,POLLING_UNIT,inec-pu-91517
WARD,inec-ward-6533,POLLING_UNIT,inec-pu-91518
WARD,inec-ward-6533,POLLING_UNIT,inec-pu-91519
WARD,inec-ward-6533,POLLING_UNIT,inec-pu-91520
WARD,inec-ward-6533,POLLING_UNIT,inec-pu-91521
WARD,inec-ward-6533,POLLING_UNIT,inec-pu-91522
WARD,inec-ward-6533,POLLING_UNIT,inec-pu-91523
WARD,inec-ward-6533,POLLING_UNIT,inec-pu-91524
WARD,inec-ward-6533,POLLING_UNIT,inec-pu-91525
WARD,inec-ward-6533,POLLING_UNIT,inec-pu-91526
WARD,inec-ward-6533,POLLING_UNIT,inec-pu-91527
WARD,inec-ward-6533,POLLING_UNIT,inec-pu-91528
WARD,inec-ward-6533,POLLING_UNIT,inec-pu-91529
WARD,inec-ward-6533,POLLING_UNIT,inec-pu-91530
WARD,inec-ward-6533,POLLING_UNIT,inec-pu-91531
WARD,inec-ward-6533,POLLING_UNIT,inec-pu-91532
WARD,inec-ward-6533,POLLING_UNIT,inec-pu-661144
WARD,inec-ward-6533,POLLING_UNIT,inec-pu-661145
STATE_CONSTITUENCY,state-assembly-sc-732-og,WARD,inec-ward-6534
WARD,inec-ward-6534,POLLING_UNIT,inec-pu-91533
WARD,inec-ward-6534,POLLING_UNIT,inec-pu-91534
WARD,inec-ward-6534,POLLING_UNIT,inec-pu-91535
WARD,inec-ward-6534,POLLING_UNIT,inec-pu-91536
WARD,inec-ward-6534,POLLING_UNIT,inec-pu-91537
WARD,inec-ward-6534,POLLING_UNIT,inec-pu-91538
WARD,inec-ward-6534,POLLING_UNIT,inec-pu-91539
WARD,inec-ward-6534,POLLING_UNIT,inec-pu-91540
WARD,inec-ward-6534,POLLING_UNIT,inec-pu-91541
WARD,inec-ward-6534,POLLING_UNIT,inec-pu-91542
WARD,inec-ward-6534,POLLING_UNIT,inec-pu-91543
WARD,inec-ward-6534,POLLING_UNIT,inec-pu-91544
WARD,inec-ward-6534,POLLING_UNIT,inec-pu-91545
WARD,inec-ward-6534,POLLING_UNIT,inec-pu-91546
WARD,inec-ward-6534,POLLING_UNIT,inec-pu-91547
WARD,inec-ward-6534,POLLING_UNIT,inec-pu-91548
WARD,inec-ward-6534,POLLING_UNIT,inec-pu-91549
WARD,inec-ward-6534,POLLING_UNIT,inec-pu-661146
WARD,inec-ward-6534,POLLING_UNIT,inec-pu-661147
WARD,inec-ward-6534,POLLING_UNIT,inec-pu-675505
STATE_CONSTITUENCY,state-assembly-sc-732-og,WARD,inec-ward-6535
WARD,inec-ward-6535,POLLING_UNIT,inec-pu-91550
WARD,inec-ward-6535,POLLING_UNIT,inec-pu-91551
WARD,inec-ward-6535,POLLING_UNIT,inec-pu-91552
WARD,inec-ward-6535,POLLING_UNIT,inec-pu-91553
WARD,inec-ward-6535,POLLING_UNIT,inec-pu-91554
WARD,inec-ward-6535,POLLING_UNIT,inec-pu-91555
WARD,inec-ward-6535,POLLING_UNIT,inec-pu-91556
WARD,inec-ward-6535,POLLING_UNIT,inec-pu-91557
WARD,inec-ward-6535,POLLING_UNIT,inec-pu-91558
WARD,inec-ward-6535,POLLING_UNIT,inec-pu-91559
WARD,inec-ward-6535,POLLING_UNIT,inec-pu-91560
WARD,inec-ward-6535,POLLING_UNIT,inec-pu-91561
WARD,inec-ward-6535,POLLING_UNIT,inec-pu-91562
WARD,inec-ward-6535,POLLING_UNIT,inec-pu-91563
WARD,inec-ward-6535,POLLING_UNIT,inec-pu-91564
WARD,inec-ward-6535,POLLING_UNIT,inec-pu-91565
WARD,inec-ward-6535,POLLING_UNIT,inec-pu-91566
WARD,inec-ward-6535,POLLING_UNIT,inec-pu-91567
WARD,inec-ward-6535,POLLING_UNIT,inec-pu-91568
WARD,inec-ward-6535,POLLING_UNIT,inec-pu-91569
STATE_CONSTITUENCY,state-assembly-sc-737-og,WARD,inec-ward-6536
WARD,inec-ward-6536,POLLING_UNIT,inec-pu-91570
WARD,inec-ward-6536,POLLING_UNIT,inec-pu-91571
WARD,inec-ward-6536,POLLING_UNIT,inec-pu-91572
WARD,inec-ward-6536,POLLING_UNIT,inec-pu-91573
WARD,inec-ward-6536,POLLING_UNIT,inec-pu-91574
WARD,inec-ward-6536,POLLING_UNIT,inec-pu-91575
WARD,inec-ward-6536,POLLING_UNIT,inec-pu-91576
WARD,inec-ward-6536,POLLING_UNIT,inec-pu-91577
WARD,inec-ward-6536,POLLING_UNIT,inec-pu-91578
WARD,inec-ward-6536,POLLING_UNIT,inec-pu-91579
STATE_CONSTITUENCY,state-assembly-sc-737-og,WARD,inec-ward-6537
WARD,inec-ward-6537,POLLING_UNIT,inec-pu-91580
WARD,inec-ward-6537,POLLING_UNIT,inec-pu-91581
WARD,inec-ward-6537,POLLING_UNIT,inec-pu-91582
WARD,inec-ward-6537,POLLING_UNIT,inec-pu-91583
WARD,inec-ward-6537,POLLING_UNIT,inec-pu-91584
WARD,inec-ward-6537,POLLING_UNIT,inec-pu-91585
WARD,inec-ward-6537,POLLING_UNIT,inec-pu-91586
WARD,inec-ward-6537,POLLING_UNIT,inec-pu-91587
WARD,inec-ward-6537,POLLING_UNIT,inec-pu-91588
WARD,inec-ward-6537,POLLING_UNIT,inec-pu-91589
WARD,inec-ward-6537,POLLING_UNIT,inec-pu-91590
WARD,inec-ward-6537,POLLING_UNIT,inec-pu-91591
WARD,inec-ward-6537,POLLING_UNIT,inec-pu-91592
WARD,inec-ward-6537,POLLING_UNIT,inec-pu-91593
WARD,inec-ward-6537,POLLING_UNIT,inec-pu-91594
WARD,inec-ward-6537,POLLING_UNIT,inec-pu-91595
STATE_CONSTITUENCY,state-assembly-sc-737-og,WARD,inec-ward-6538
WARD,inec-ward-6538,POLLING_UNIT,inec-pu-91596
WARD,inec-ward-6538,POLLING_UNIT,inec-pu-91597
WARD,inec-ward-6538,POLLING_UNIT,inec-pu-91598
WARD,inec-ward-6538,POLLING_UNIT,inec-pu-91599
WARD,inec-ward-6538,POLLING_UNIT,inec-pu-91600
WARD,inec-ward-6538,POLLING_UNIT,inec-pu-91601
WARD,inec-ward-6538,POLLING_UNIT,inec-pu-91602
WARD,inec-ward-6538,POLLING_UNIT,inec-pu-91603
WARD,inec-ward-6538,POLLING_UNIT,inec-pu-91604
WARD,inec-ward-6538,POLLING_UNIT,inec-pu-91605
WARD,inec-ward-6538,POLLING_UNIT,inec-pu-91606
WARD,inec-ward-6538,POLLING_UNIT,inec-pu-91607
WARD,inec-ward-6538,POLLING_UNIT,inec-pu-91608
WARD,inec-ward-6538,POLLING_UNIT,inec-pu-91609
WARD,inec-ward-6538,POLLING_UNIT,inec-pu-91610
STATE_CONSTITUENCY,state-assembly-sc-737-og,WARD,inec-ward-6539
WARD,inec-ward-6539,POLLING_UNIT,inec-pu-91611
WARD,inec-ward-6539,POLLING_UNIT,inec-pu-91612
WARD,inec-ward-6539,POLLING_UNIT,inec-pu-91613
WARD,inec-ward-6539,POLLING_UNIT,inec-pu-91614
WARD,inec-ward-6539,POLLING_UNIT,inec-pu-91615
WARD,inec-ward-6539,POLLING_UNIT,inec-pu-91616
WARD,inec-ward-6539,POLLING_UNIT,inec-pu-91617
STATE_CONSTITUENCY,state-assembly-sc-737-og,WARD,inec-ward-6540
WARD,inec-ward-6540,POLLING_UNIT,inec-pu-91618
WARD,inec-ward-6540,POLLING_UNIT,inec-pu-91619
WARD,inec-ward-6540,POLLING_UNIT,inec-pu-91620
WARD,inec-ward-6540,POLLING_UNIT,inec-pu-91621
WARD,inec-ward-6540,POLLING_UNIT,inec-pu-91622
WARD,inec-ward-6540,POLLING_UNIT,inec-pu-91623
STATE_CONSTITUENCY,state-assembly-sc-737-og,WARD,inec-ward-6541
WARD,inec-ward-6541,POLLING_UNIT,inec-pu-91624
WARD,inec-ward-6541,POLLING_UNIT,inec-pu-91625
WARD,inec-ward-6541,POLLING_UNIT,inec-pu-91626
WARD,inec-ward-6541,POLLING_UNIT,inec-pu-91627
WARD,inec-ward-6541,POLLING_UNIT,inec-pu-91628
WARD,inec-ward-6541,POLLING_UNIT,inec-pu-91629
WARD,inec-ward-6541,POLLING_UNIT,inec-pu-91630
WARD,inec-ward-6541,POLLING_UNIT,inec-pu-91631
STATE_CONSTITUENCY,state-assembly-sc-737-og,WARD,inec-ward-6542
WARD,inec-ward-6542,POLLING_UNIT,inec-pu-91632
WARD,inec-ward-6542,POLLING_UNIT,inec-pu-91633
WARD,inec-ward-6542,POLLING_UNIT,inec-pu-91634
WARD,inec-ward-6542,POLLING_UNIT,inec-pu-91635
WARD,inec-ward-6542,POLLING_UNIT,inec-pu-91636
WARD,inec-ward-6542,POLLING_UNIT,inec-pu-91637
WARD,inec-ward-6542,POLLING_UNIT,inec-pu-91638
WARD,inec-ward-6542,POLLING_UNIT,inec-pu-91639
WARD,inec-ward-6542,POLLING_UNIT,inec-pu-91640
STATE_CONSTITUENCY,state-assembly-sc-737-og,WARD,inec-ward-6543
WARD,inec-ward-6543,POLLING_UNIT,inec-pu-91641
WARD,inec-ward-6543,POLLING_UNIT,inec-pu-91642
WARD,inec-ward-6543,POLLING_UNIT,inec-pu-91643
WARD,inec-ward-6543,POLLING_UNIT,inec-pu-91644
WARD,inec-ward-6543,POLLING_UNIT,inec-pu-91645
WARD,inec-ward-6543,POLLING_UNIT,inec-pu-91646
WARD,inec-ward-6543,POLLING_UNIT,inec-pu-91647
WARD,inec-ward-6543,POLLING_UNIT,inec-pu-91648
WARD,inec-ward-6543,POLLING_UNIT,inec-pu-91649
WARD,inec-ward-6543,POLLING_UNIT,inec-pu-91650
WARD,inec-ward-6543,POLLING_UNIT,inec-pu-91651
WARD,inec-ward-6543,POLLING_UNIT,inec-pu-661176
WARD,inec-ward-6543,POLLING_UNIT,inec-pu-661177
WARD,inec-ward-6543,POLLING_UNIT,inec-pu-661178
WARD,inec-ward-6543,POLLING_UNIT,inec-pu-661179
WARD,inec-ward-6543,POLLING_UNIT,inec-pu-661180
WARD,inec-ward-6543,POLLING_UNIT,inec-pu-661181
STATE_CONSTITUENCY,state-assembly-sc-737-og,WARD,inec-ward-6544
WARD,inec-ward-6544,POLLING_UNIT,inec-pu-91652
WARD,inec-ward-6544,POLLING_UNIT,inec-pu-91653
WARD,inec-ward-6544,POLLING_UNIT,inec-pu-91654
WARD,inec-ward-6544,POLLING_UNIT,inec-pu-91655
WARD,inec-ward-6544,POLLING_UNIT,inec-pu-91656
WARD,inec-ward-6544,POLLING_UNIT,inec-pu-91657
WARD,inec-ward-6544,POLLING_UNIT,inec-pu-91658
WARD,inec-ward-6544,POLLING_UNIT,inec-pu-91659
WARD,inec-ward-6544,POLLING_UNIT,inec-pu-661182
WARD,inec-ward-6544,POLLING_UNIT,inec-pu-661183
WARD,inec-ward-6544,POLLING_UNIT,inec-pu-661184
WARD,inec-ward-6544,POLLING_UNIT,inec-pu-661185
WARD,inec-ward-6544,POLLING_UNIT,inec-pu-661186
STATE_CONSTITUENCY,state-assembly-sc-737-og,WARD,inec-ward-6545
WARD,inec-ward-6545,POLLING_UNIT,inec-pu-91660
WARD,inec-ward-6545,POLLING_UNIT,inec-pu-91661
WARD,inec-ward-6545,POLLING_UNIT,inec-pu-91662
WARD,inec-ward-6545,POLLING_UNIT,inec-pu-91663
WARD,inec-ward-6545,POLLING_UNIT,inec-pu-91664
WARD,inec-ward-6545,POLLING_UNIT,inec-pu-91665
WARD,inec-ward-6545,POLLING_UNIT,inec-pu-91666
WARD,inec-ward-6545,POLLING_UNIT,inec-pu-91667
WARD,inec-ward-6545,POLLING_UNIT,inec-pu-661174
WARD,inec-ward-6545,POLLING_UNIT,inec-pu-661175
STATE_CONSTITUENCY,state-assembly-sc-735-og,WARD,inec-ward-6546
WARD,inec-ward-6546,POLLING_UNIT,inec-pu-91668
WARD,inec-ward-6546,POLLING_UNIT,inec-pu-91669
WARD,inec-ward-6546,POLLING_UNIT,inec-pu-91670
WARD,inec-ward-6546,POLLING_UNIT,inec-pu-91671
WARD,inec-ward-6546,POLLING_UNIT,inec-pu-91672
WARD,inec-ward-6546,POLLING_UNIT,inec-pu-91673
WARD,inec-ward-6546,POLLING_UNIT,inec-pu-91674
WARD,inec-ward-6546,POLLING_UNIT,inec-pu-91675
WARD,inec-ward-6546,POLLING_UNIT,inec-pu-661222
WARD,inec-ward-6546,POLLING_UNIT,inec-pu-661223
WARD,inec-ward-6546,POLLING_UNIT,inec-pu-661224
STATE_CONSTITUENCY,state-assembly-sc-735-og,WARD,inec-ward-6547
WARD,inec-ward-6547,POLLING_UNIT,inec-pu-91676
WARD,inec-ward-6547,POLLING_UNIT,inec-pu-91677
WARD,inec-ward-6547,POLLING_UNIT,inec-pu-91678
WARD,inec-ward-6547,POLLING_UNIT,inec-pu-91679
WARD,inec-ward-6547,POLLING_UNIT,inec-pu-91680
WARD,inec-ward-6547,POLLING_UNIT,inec-pu-91681
WARD,inec-ward-6547,POLLING_UNIT,inec-pu-661187
WARD,inec-ward-6547,POLLING_UNIT,inec-pu-661188
WARD,inec-ward-6547,POLLING_UNIT,inec-pu-661189
WARD,inec-ward-6547,POLLING_UNIT,inec-pu-661190
WARD,inec-ward-6547,POLLING_UNIT,inec-pu-661191
STATE_CONSTITUENCY,state-assembly-sc-735-og,WARD,inec-ward-6548
WARD,inec-ward-6548,POLLING_UNIT,inec-pu-91682
WARD,inec-ward-6548,POLLING_UNIT,inec-pu-91683
WARD,inec-ward-6548,POLLING_UNIT,inec-pu-91684
WARD,inec-ward-6548,POLLING_UNIT,inec-pu-91685
WARD,inec-ward-6548,POLLING_UNIT,inec-pu-91686
WARD,inec-ward-6548,POLLING_UNIT,inec-pu-91687
WARD,inec-ward-6548,POLLING_UNIT,inec-pu-661225
STATE_CONSTITUENCY,state-assembly-sc-735-og,WARD,inec-ward-6549
WARD,inec-ward-6549,POLLING_UNIT,inec-pu-91688
WARD,inec-ward-6549,POLLING_UNIT,inec-pu-91689
WARD,inec-ward-6549,POLLING_UNIT,inec-pu-91690
WARD,inec-ward-6549,POLLING_UNIT,inec-pu-91691
WARD,inec-ward-6549,POLLING_UNIT,inec-pu-91692
WARD,inec-ward-6549,POLLING_UNIT,inec-pu-91693
WARD,inec-ward-6549,POLLING_UNIT,inec-pu-661192
WARD,inec-ward-6549,POLLING_UNIT,inec-pu-661193
STATE_CONSTITUENCY,state-assembly-sc-735-og,WARD,inec-ward-6550
WARD,inec-ward-6550,POLLING_UNIT,inec-pu-91694
WARD,inec-ward-6550,POLLING_UNIT,inec-pu-91695
WARD,inec-ward-6550,POLLING_UNIT,inec-pu-91696
WARD,inec-ward-6550,POLLING_UNIT,inec-pu-91697
WARD,inec-ward-6550,POLLING_UNIT,inec-pu-91698
WARD,inec-ward-6550,POLLING_UNIT,inec-pu-91699
WARD,inec-ward-6550,POLLING_UNIT,inec-pu-91700
WARD,inec-ward-6550,POLLING_UNIT,inec-pu-91701
WARD,inec-ward-6550,POLLING_UNIT,inec-pu-91702
WARD,inec-ward-6550,POLLING_UNIT,inec-pu-91703
WARD,inec-ward-6550,POLLING_UNIT,inec-pu-91704
WARD,inec-ward-6550,POLLING_UNIT,inec-pu-91705
WARD,inec-ward-6550,POLLING_UNIT,inec-pu-661194
WARD,inec-ward-6550,POLLING_UNIT,inec-pu-661195
WARD,inec-ward-6550,POLLING_UNIT,inec-pu-661196
WARD,inec-ward-6550,POLLING_UNIT,inec-pu-661197
WARD,inec-ward-6550,POLLING_UNIT,inec-pu-661198
WARD,inec-ward-6550,POLLING_UNIT,inec-pu-661199
WARD,inec-ward-6550,POLLING_UNIT,inec-pu-661200
WARD,inec-ward-6550,POLLING_UNIT,inec-pu-661201
WARD,inec-ward-6550,POLLING_UNIT,inec-pu-661202
WARD,inec-ward-6550,POLLING_UNIT,inec-pu-661203
WARD,inec-ward-6550,POLLING_UNIT,inec-pu-661204
STATE_CONSTITUENCY,state-assembly-sc-735-og,WARD,inec-ward-6551
WARD,inec-ward-6551,POLLING_UNIT,inec-pu-91706
WARD,inec-ward-6551,POLLING_UNIT,inec-pu-91707
WARD,inec-ward-6551,POLLING_UNIT,inec-pu-91708
WARD,inec-ward-6551,POLLING_UNIT,inec-pu-91709
WARD,inec-ward-6551,POLLING_UNIT,inec-pu-91710
WARD,inec-ward-6551,POLLING_UNIT,inec-pu-91711
WARD,inec-ward-6551,POLLING_UNIT,inec-pu-91712
WARD,inec-ward-6551,POLLING_UNIT,inec-pu-91713
WARD,inec-ward-6551,POLLING_UNIT,inec-pu-91714
WARD,inec-ward-6551,POLLING_UNIT,inec-pu-91715
WARD,inec-ward-6551,POLLING_UNIT,inec-pu-661234
WARD,inec-ward-6551,POLLING_UNIT,inec-pu-661235
WARD,inec-ward-6551,POLLING_UNIT,inec-pu-661236
WARD,inec-ward-6551,POLLING_UNIT,inec-pu-661237
WARD,inec-ward-6551,POLLING_UNIT,inec-pu-661238
WARD,inec-ward-6551,POLLING_UNIT,inec-pu-661239
WARD,inec-ward-6551,POLLING_UNIT,inec-pu-661240
STATE_CONSTITUENCY,state-assembly-sc-735-og,WARD,inec-ward-6552
WARD,inec-ward-6552,POLLING_UNIT,inec-pu-91716
WARD,inec-ward-6552,POLLING_UNIT,inec-pu-91717
WARD,inec-ward-6552,POLLING_UNIT,inec-pu-91718
WARD,inec-ward-6552,POLLING_UNIT,inec-pu-91719
WARD,inec-ward-6552,POLLING_UNIT,inec-pu-91720
WARD,inec-ward-6552,POLLING_UNIT,inec-pu-91721
WARD,inec-ward-6552,POLLING_UNIT,inec-pu-91722
WARD,inec-ward-6552,POLLING_UNIT,inec-pu-91723
WARD,inec-ward-6552,POLLING_UNIT,inec-pu-91724
WARD,inec-ward-6552,POLLING_UNIT,inec-pu-661241
WARD,inec-ward-6552,POLLING_UNIT,inec-pu-661242
WARD,inec-ward-6552,POLLING_UNIT,inec-pu-661243
WARD,inec-ward-6552,POLLING_UNIT,inec-pu-661244
WARD,inec-ward-6552,POLLING_UNIT,inec-pu-661245
WARD,inec-ward-6552,POLLING_UNIT,inec-pu-661246
WARD,inec-ward-6552,POLLING_UNIT,inec-pu-661247
WARD,inec-ward-6552,POLLING_UNIT,inec-pu-661248
WARD,inec-ward-6552,POLLING_UNIT,inec-pu-661249
STATE_CONSTITUENCY,state-assembly-sc-735-og,WARD,inec-ward-6553
WARD,inec-ward-6553,POLLING_UNIT,inec-pu-91725
WARD,inec-ward-6553,POLLING_UNIT,inec-pu-91726
WARD,inec-ward-6553,POLLING_UNIT,inec-pu-91727
WARD,inec-ward-6553,POLLING_UNIT,inec-pu-91728
WARD,inec-ward-6553,POLLING_UNIT,inec-pu-91729
WARD,inec-ward-6553,POLLING_UNIT,inec-pu-91730
WARD,inec-ward-6553,POLLING_UNIT,inec-pu-91731
WARD,inec-ward-6553,POLLING_UNIT,inec-pu-91732
WARD,inec-ward-6553,POLLING_UNIT,inec-pu-91733
WARD,inec-ward-6553,POLLING_UNIT,inec-pu-91734
WARD,inec-ward-6553,POLLING_UNIT,inec-pu-91735
WARD,inec-ward-6553,POLLING_UNIT,inec-pu-661205
WARD,inec-ward-6553,POLLING_UNIT,inec-pu-661206
WARD,inec-ward-6553,POLLING_UNIT,inec-pu-661207
WARD,inec-ward-6553,POLLING_UNIT,inec-pu-661208
WARD,inec-ward-6553,POLLING_UNIT,inec-pu-661209
WARD,inec-ward-6553,POLLING_UNIT,inec-pu-661210
WARD,inec-ward-6553,POLLING_UNIT,inec-pu-661211
WARD,inec-ward-6553,POLLING_UNIT,inec-pu-661212
WARD,inec-ward-6553,POLLING_UNIT,inec-pu-661213
WARD,inec-ward-6553,POLLING_UNIT,inec-pu-661214
WARD,inec-ward-6553,POLLING_UNIT,inec-pu-661215
WARD,inec-ward-6553,POLLING_UNIT,inec-pu-661216
WARD,inec-ward-6553,POLLING_UNIT,inec-pu-661217
WARD,inec-ward-6553,POLLING_UNIT,inec-pu-661218
WARD,inec-ward-6553,POLLING_UNIT,inec-pu-661219
WARD,inec-ward-6553,POLLING_UNIT,inec-pu-661220
WARD,inec-ward-6553,POLLING_UNIT,inec-pu-661221
STATE_CONSTITUENCY,state-assembly-sc-735-og,WARD,inec-ward-6554
WARD,inec-ward-6554,POLLING_UNIT,inec-pu-91736
WARD,inec-ward-6554,POLLING_UNIT,inec-pu-91737
WARD,inec-ward-6554,POLLING_UNIT,inec-pu-91738
WARD,inec-ward-6554,POLLING_UNIT,inec-pu-91739
WARD,inec-ward-6554,POLLING_UNIT,inec-pu-91740
WARD,inec-ward-6554,POLLING_UNIT,inec-pu-91741
WARD,inec-ward-6554,POLLING_UNIT,inec-pu-91742
WARD,inec-ward-6554,POLLING_UNIT,inec-pu-91743
WARD,inec-ward-6554,POLLING_UNIT,inec-pu-91744
WARD,inec-ward-6554,POLLING_UNIT,inec-pu-91745
WARD,inec-ward-6554,POLLING_UNIT,inec-pu-91746
WARD,inec-ward-6554,POLLING_UNIT,inec-pu-91747
WARD,inec-ward-6554,POLLING_UNIT,inec-pu-91748
WARD,inec-ward-6554,POLLING_UNIT,inec-pu-661226
WARD,inec-ward-6554,POLLING_UNIT,inec-pu-661227
WARD,inec-ward-6554,POLLING_UNIT,inec-pu-661228
WARD,inec-ward-6554,POLLING_UNIT,inec-pu-661229
WARD,inec-ward-6554,POLLING_UNIT,inec-pu-661230
WARD,inec-ward-6554,POLLING_UNIT,inec-pu-661231
WARD,inec-ward-6554,POLLING_UNIT,inec-pu-661232
WARD,inec-ward-6554,POLLING_UNIT,inec-pu-661233
STATE_CONSTITUENCY,state-assembly-sc-735-og,WARD,inec-ward-6555
WARD,inec-ward-6555,POLLING_UNIT,inec-pu-91749
WARD,inec-ward-6555,POLLING_UNIT,inec-pu-91750
WARD,inec-ward-6555,POLLING_UNIT,inec-pu-91751
WARD,inec-ward-6555,POLLING_UNIT,inec-pu-91752
WARD,inec-ward-6555,POLLING_UNIT,inec-pu-91753
WARD,inec-ward-6555,POLLING_UNIT,inec-pu-91754
WARD,inec-ward-6555,POLLING_UNIT,inec-pu-91755
STATE_CONSTITUENCY,state-assembly-sc-735-og,WARD,inec-ward-6556
WARD,inec-ward-6556,POLLING_UNIT,inec-pu-91756
WARD,inec-ward-6556,POLLING_UNIT,inec-pu-91757
WARD,inec-ward-6556,POLLING_UNIT,inec-pu-91758
WARD,inec-ward-6556,POLLING_UNIT,inec-pu-91759
WARD,inec-ward-6556,POLLING_UNIT,inec-pu-91760
WARD,inec-ward-6556,POLLING_UNIT,inec-pu-91761
WARD,inec-ward-6556,POLLING_UNIT,inec-pu-91762
WARD,inec-ward-6556,POLLING_UNIT,inec-pu-91763
WARD,inec-ward-6556,POLLING_UNIT,inec-pu-91764
WARD,inec-ward-6556,POLLING_UNIT,inec-pu-91765
STATE_CONSTITUENCY,state-assembly-sc-740-og,WARD,inec-ward-6557
WARD,inec-ward-6557,POLLING_UNIT,inec-pu-91766
WARD,inec-ward-6557,POLLING_UNIT,inec-pu-91767
WARD,inec-ward-6557,POLLING_UNIT,inec-pu-91768
WARD,inec-ward-6557,POLLING_UNIT,inec-pu-91769
WARD,inec-ward-6557,POLLING_UNIT,inec-pu-91770
WARD,inec-ward-6557,POLLING_UNIT,inec-pu-91771
WARD,inec-ward-6557,POLLING_UNIT,inec-pu-91772
WARD,inec-ward-6557,POLLING_UNIT,inec-pu-91773
WARD,inec-ward-6557,POLLING_UNIT,inec-pu-91774
WARD,inec-ward-6557,POLLING_UNIT,inec-pu-91775
WARD,inec-ward-6557,POLLING_UNIT,inec-pu-91776
WARD,inec-ward-6557,POLLING_UNIT,inec-pu-661250
WARD,inec-ward-6557,POLLING_UNIT,inec-pu-661251
WARD,inec-ward-6557,POLLING_UNIT,inec-pu-661252
WARD,inec-ward-6557,POLLING_UNIT,inec-pu-661253
WARD,inec-ward-6557,POLLING_UNIT,inec-pu-661254
WARD,inec-ward-6557,POLLING_UNIT,inec-pu-661255
WARD,inec-ward-6557,POLLING_UNIT,inec-pu-661256
WARD,inec-ward-6557,POLLING_UNIT,inec-pu-661257
STATE_CONSTITUENCY,state-assembly-sc-740-og,WARD,inec-ward-6558
WARD,inec-ward-6558,POLLING_UNIT,inec-pu-91777
WARD,inec-ward-6558,POLLING_UNIT,inec-pu-91778
WARD,inec-ward-6558,POLLING_UNIT,inec-pu-91779
WARD,inec-ward-6558,POLLING_UNIT,inec-pu-91780
WARD,inec-ward-6558,POLLING_UNIT,inec-pu-91781
WARD,inec-ward-6558,POLLING_UNIT,inec-pu-91782
WARD,inec-ward-6558,POLLING_UNIT,inec-pu-91783
WARD,inec-ward-6558,POLLING_UNIT,inec-pu-91784
WARD,inec-ward-6558,POLLING_UNIT,inec-pu-91785
WARD,inec-ward-6558,POLLING_UNIT,inec-pu-91786
WARD,inec-ward-6558,POLLING_UNIT,inec-pu-91787
WARD,inec-ward-6558,POLLING_UNIT,inec-pu-91788
WARD,inec-ward-6558,POLLING_UNIT,inec-pu-661258
WARD,inec-ward-6558,POLLING_UNIT,inec-pu-661259
WARD,inec-ward-6558,POLLING_UNIT,inec-pu-661260
WARD,inec-ward-6558,POLLING_UNIT,inec-pu-661261
WARD,inec-ward-6558,POLLING_UNIT,inec-pu-661262
STATE_CONSTITUENCY,state-assembly-sc-740-og,WARD,inec-ward-6559
WARD,inec-ward-6559,POLLING_UNIT,inec-pu-91789
WARD,inec-ward-6559,POLLING_UNIT,inec-pu-91790
WARD,inec-ward-6559,POLLING_UNIT,inec-pu-91791
WARD,inec-ward-6559,POLLING_UNIT,inec-pu-91792
WARD,inec-ward-6559,POLLING_UNIT,inec-pu-91793
WARD,inec-ward-6559,POLLING_UNIT,inec-pu-91794
WARD,inec-ward-6559,POLLING_UNIT,inec-pu-661275
WARD,inec-ward-6559,POLLING_UNIT,inec-pu-661276
WARD,inec-ward-6559,POLLING_UNIT,inec-pu-661277
STATE_CONSTITUENCY,state-assembly-sc-740-og,WARD,inec-ward-6560
WARD,inec-ward-6560,POLLING_UNIT,inec-pu-91795
WARD,inec-ward-6560,POLLING_UNIT,inec-pu-91796
WARD,inec-ward-6560,POLLING_UNIT,inec-pu-91797
WARD,inec-ward-6560,POLLING_UNIT,inec-pu-91798
WARD,inec-ward-6560,POLLING_UNIT,inec-pu-91799
WARD,inec-ward-6560,POLLING_UNIT,inec-pu-91800
WARD,inec-ward-6560,POLLING_UNIT,inec-pu-91801
WARD,inec-ward-6560,POLLING_UNIT,inec-pu-91802
WARD,inec-ward-6560,POLLING_UNIT,inec-pu-661278
WARD,inec-ward-6560,POLLING_UNIT,inec-pu-661279
WARD,inec-ward-6560,POLLING_UNIT,inec-pu-661280
WARD,inec-ward-6560,POLLING_UNIT,inec-pu-661281
STATE_CONSTITUENCY,state-assembly-sc-740-og,WARD,inec-ward-6561
WARD,inec-ward-6561,POLLING_UNIT,inec-pu-91803
WARD,inec-ward-6561,POLLING_UNIT,inec-pu-91804
WARD,inec-ward-6561,POLLING_UNIT,inec-pu-91805
WARD,inec-ward-6561,POLLING_UNIT,inec-pu-91806
WARD,inec-ward-6561,POLLING_UNIT,inec-pu-91807
WARD,inec-ward-6561,POLLING_UNIT,inec-pu-91808
WARD,inec-ward-6561,POLLING_UNIT,inec-pu-91809
WARD,inec-ward-6561,POLLING_UNIT,inec-pu-91810
WARD,inec-ward-6561,POLLING_UNIT,inec-pu-91811
WARD,inec-ward-6561,POLLING_UNIT,inec-pu-91812
WARD,inec-ward-6561,POLLING_UNIT,inec-pu-661282
WARD,inec-ward-6561,POLLING_UNIT,inec-pu-661283
WARD,inec-ward-6561,POLLING_UNIT,inec-pu-661284
WARD,inec-ward-6561,POLLING_UNIT,inec-pu-661285
WARD,inec-ward-6561,POLLING_UNIT,inec-pu-661286
WARD,inec-ward-6561,POLLING_UNIT,inec-pu-661287
WARD,inec-ward-6561,POLLING_UNIT,inec-pu-661288
WARD,inec-ward-6561,POLLING_UNIT,inec-pu-661289
STATE_CONSTITUENCY,state-assembly-sc-740-og,WARD,inec-ward-6562
WARD,inec-ward-6562,POLLING_UNIT,inec-pu-91813
WARD,inec-ward-6562,POLLING_UNIT,inec-pu-91814
WARD,inec-ward-6562,POLLING_UNIT,inec-pu-91815
WARD,inec-ward-6562,POLLING_UNIT,inec-pu-91816
WARD,inec-ward-6562,POLLING_UNIT,inec-pu-91817
WARD,inec-ward-6562,POLLING_UNIT,inec-pu-91818
WARD,inec-ward-6562,POLLING_UNIT,inec-pu-661290
WARD,inec-ward-6562,POLLING_UNIT,inec-pu-661291
STATE_CONSTITUENCY,state-assembly-sc-740-og,WARD,inec-ward-6563
WARD,inec-ward-6563,POLLING_UNIT,inec-pu-91819
WARD,inec-ward-6563,POLLING_UNIT,inec-pu-91820
WARD,inec-ward-6563,POLLING_UNIT,inec-pu-91821
WARD,inec-ward-6563,POLLING_UNIT,inec-pu-91822
WARD,inec-ward-6563,POLLING_UNIT,inec-pu-91823
WARD,inec-ward-6563,POLLING_UNIT,inec-pu-91824
WARD,inec-ward-6563,POLLING_UNIT,inec-pu-91825
WARD,inec-ward-6563,POLLING_UNIT,inec-pu-661292
WARD,inec-ward-6563,POLLING_UNIT,inec-pu-661293
WARD,inec-ward-6563,POLLING_UNIT,inec-pu-661294
WARD,inec-ward-6563,POLLING_UNIT,inec-pu-661295
STATE_CONSTITUENCY,state-assembly-sc-740-og,WARD,inec-ward-6564
WARD,inec-ward-6564,POLLING_UNIT,inec-pu-91826
WARD,inec-ward-6564,POLLING_UNIT,inec-pu-91827
WARD,inec-ward-6564,POLLING_UNIT,inec-pu-91828
WARD,inec-ward-6564,POLLING_UNIT,inec-pu-91829
WARD,inec-ward-6564,POLLING_UNIT,inec-pu-91830
WARD,inec-ward-6564,POLLING_UNIT,inec-pu-91831
WARD,inec-ward-6564,POLLING_UNIT,inec-pu-91832
WARD,inec-ward-6564,POLLING_UNIT,inec-pu-661263
WARD,inec-ward-6564,POLLING_UNIT,inec-pu-661264
WARD,inec-ward-6564,POLLING_UNIT,inec-pu-661265
WARD,inec-ward-6564,POLLING_UNIT,inec-pu-661266
WARD,inec-ward-6564,POLLING_UNIT,inec-pu-661267
WARD,inec-ward-6564,POLLING_UNIT,inec-pu-661268
WARD,inec-ward-6564,POLLING_UNIT,inec-pu-661269
WARD,inec-ward-6564,POLLING_UNIT,inec-pu-661270
STATE_CONSTITUENCY,state-assembly-sc-740-og,WARD,inec-ward-6565
WARD,inec-ward-6565,POLLING_UNIT,inec-pu-91833
WARD,inec-ward-6565,POLLING_UNIT,inec-pu-91834
WARD,inec-ward-6565,POLLING_UNIT,inec-pu-91835
WARD,inec-ward-6565,POLLING_UNIT,inec-pu-91836
WARD,inec-ward-6565,POLLING_UNIT,inec-pu-91837
WARD,inec-ward-6565,POLLING_UNIT,inec-pu-91838
WARD,inec-ward-6565,POLLING_UNIT,inec-pu-91839
WARD,inec-ward-6565,POLLING_UNIT,inec-pu-91840
WARD,inec-ward-6565,POLLING_UNIT,inec-pu-661271
WARD,inec-ward-6565,POLLING_UNIT,inec-pu-661272
WARD,inec-ward-6565,POLLING_UNIT,inec-pu-661273
STATE_CONSTITUENCY,state-assembly-sc-740-og,WARD,inec-ward-6566
WARD,inec-ward-6566,POLLING_UNIT,inec-pu-91841
WARD,inec-ward-6566,POLLING_UNIT,inec-pu-91842
WARD,inec-ward-6566,POLLING_UNIT,inec-pu-91843
WARD,inec-ward-6566,POLLING_UNIT,inec-pu-91844
WARD,inec-ward-6566,POLLING_UNIT,inec-pu-91845
WARD,inec-ward-6566,POLLING_UNIT,inec-pu-661274
STATE_CONSTITUENCY,state-assembly-sc-742-og,WARD,inec-ward-6567
WARD,inec-ward-6567,POLLING_UNIT,inec-pu-91846
WARD,inec-ward-6567,POLLING_UNIT,inec-pu-91847
WARD,inec-ward-6567,POLLING_UNIT,inec-pu-91848
WARD,inec-ward-6567,POLLING_UNIT,inec-pu-91849
WARD,inec-ward-6567,POLLING_UNIT,inec-pu-91850
WARD,inec-ward-6567,POLLING_UNIT,inec-pu-91851
WARD,inec-ward-6567,POLLING_UNIT,inec-pu-91852
WARD,inec-ward-6567,POLLING_UNIT,inec-pu-91853
WARD,inec-ward-6567,POLLING_UNIT,inec-pu-91854
WARD,inec-ward-6567,POLLING_UNIT,inec-pu-91855
WARD,inec-ward-6567,POLLING_UNIT,inec-pu-91856
WARD,inec-ward-6567,POLLING_UNIT,inec-pu-91857
WARD,inec-ward-6567,POLLING_UNIT,inec-pu-91858
WARD,inec-ward-6567,POLLING_UNIT,inec-pu-91859
WARD,inec-ward-6567,POLLING_UNIT,inec-pu-91860
WARD,inec-ward-6567,POLLING_UNIT,inec-pu-91861
WARD,inec-ward-6567,POLLING_UNIT,inec-pu-91862
WARD,inec-ward-6567,POLLING_UNIT,inec-pu-91863
WARD,inec-ward-6567,POLLING_UNIT,inec-pu-91864
WARD,inec-ward-6567,POLLING_UNIT,inec-pu-91865
WARD,inec-ward-6567,POLLING_UNIT,inec-pu-91866
WARD,inec-ward-6567,POLLING_UNIT,inec-pu-661305
WARD,inec-ward-6567,POLLING_UNIT,inec-pu-661306
WARD,inec-ward-6567,POLLING_UNIT,inec-pu-661307
WARD,inec-ward-6567,POLLING_UNIT,inec-pu-661308
WARD,inec-ward-6567,POLLING_UNIT,inec-pu-661309
WARD,inec-ward-6567,POLLING_UNIT,inec-pu-661310
WARD,inec-ward-6567,POLLING_UNIT,inec-pu-661311
WARD,inec-ward-6567,POLLING_UNIT,inec-pu-661312
WARD,inec-ward-6567,POLLING_UNIT,inec-pu-661313
WARD,inec-ward-6567,POLLING_UNIT,inec-pu-661314
WARD,inec-ward-6567,POLLING_UNIT,inec-pu-661315
WARD,inec-ward-6567,POLLING_UNIT,inec-pu-661316
WARD,inec-ward-6567,POLLING_UNIT,inec-pu-661317
WARD,inec-ward-6567,POLLING_UNIT,inec-pu-661318
WARD,inec-ward-6567,POLLING_UNIT,inec-pu-661319
STATE_CONSTITUENCY,state-assembly-sc-742-og,WARD,inec-ward-6568
WARD,inec-ward-6568,POLLING_UNIT,inec-pu-91867
WARD,inec-ward-6568,POLLING_UNIT,inec-pu-91868
WARD,inec-ward-6568,POLLING_UNIT,inec-pu-91869
WARD,inec-ward-6568,POLLING_UNIT,inec-pu-91870
WARD,inec-ward-6568,POLLING_UNIT,inec-pu-91871
WARD,inec-ward-6568,POLLING_UNIT,inec-pu-91872
WARD,inec-ward-6568,POLLING_UNIT,inec-pu-91873
WARD,inec-ward-6568,POLLING_UNIT,inec-pu-91874
WARD,inec-ward-6568,POLLING_UNIT,inec-pu-91875
WARD,inec-ward-6568,POLLING_UNIT,inec-pu-91876
WARD,inec-ward-6568,POLLING_UNIT,inec-pu-91877
WARD,inec-ward-6568,POLLING_UNIT,inec-pu-661330
WARD,inec-ward-6568,POLLING_UNIT,inec-pu-661331
WARD,inec-ward-6568,POLLING_UNIT,inec-pu-661332
WARD,inec-ward-6568,POLLING_UNIT,inec-pu-661333
STATE_CONSTITUENCY,state-assembly-sc-742-og,WARD,inec-ward-6569
WARD,inec-ward-6569,POLLING_UNIT,inec-pu-91878
WARD,inec-ward-6569,POLLING_UNIT,inec-pu-91879
WARD,inec-ward-6569,POLLING_UNIT,inec-pu-91880
WARD,inec-ward-6569,POLLING_UNIT,inec-pu-91881
WARD,inec-ward-6569,POLLING_UNIT,inec-pu-91882
WARD,inec-ward-6569,POLLING_UNIT,inec-pu-91883
WARD,inec-ward-6569,POLLING_UNIT,inec-pu-661299
STATE_CONSTITUENCY,state-assembly-sc-742-og,WARD,inec-ward-6570
WARD,inec-ward-6570,POLLING_UNIT,inec-pu-91884
WARD,inec-ward-6570,POLLING_UNIT,inec-pu-91885
WARD,inec-ward-6570,POLLING_UNIT,inec-pu-91886
WARD,inec-ward-6570,POLLING_UNIT,inec-pu-91887
WARD,inec-ward-6570,POLLING_UNIT,inec-pu-91888
WARD,inec-ward-6570,POLLING_UNIT,inec-pu-661320
WARD,inec-ward-6570,POLLING_UNIT,inec-pu-661321
WARD,inec-ward-6570,POLLING_UNIT,inec-pu-661322
WARD,inec-ward-6570,POLLING_UNIT,inec-pu-661323
WARD,inec-ward-6570,POLLING_UNIT,inec-pu-661324
WARD,inec-ward-6570,POLLING_UNIT,inec-pu-661325
WARD,inec-ward-6570,POLLING_UNIT,inec-pu-661326
WARD,inec-ward-6570,POLLING_UNIT,inec-pu-661327
WARD,inec-ward-6570,POLLING_UNIT,inec-pu-661328
STATE_CONSTITUENCY,state-assembly-sc-742-og,WARD,inec-ward-6571
WARD,inec-ward-6571,POLLING_UNIT,inec-pu-91889
WARD,inec-ward-6571,POLLING_UNIT,inec-pu-91890
WARD,inec-ward-6571,POLLING_UNIT,inec-pu-91891
WARD,inec-ward-6571,POLLING_UNIT,inec-pu-91892
WARD,inec-ward-6571,POLLING_UNIT,inec-pu-91893
WARD,inec-ward-6571,POLLING_UNIT,inec-pu-91894
WARD,inec-ward-6571,POLLING_UNIT,inec-pu-91895
WARD,inec-ward-6571,POLLING_UNIT,inec-pu-91896
WARD,inec-ward-6571,POLLING_UNIT,inec-pu-91897
WARD,inec-ward-6571,POLLING_UNIT,inec-pu-91898
WARD,inec-ward-6571,POLLING_UNIT,inec-pu-91899
WARD,inec-ward-6571,POLLING_UNIT,inec-pu-661300
WARD,inec-ward-6571,POLLING_UNIT,inec-pu-661301
WARD,inec-ward-6571,POLLING_UNIT,inec-pu-661302
WARD,inec-ward-6571,POLLING_UNIT,inec-pu-661303
WARD,inec-ward-6571,POLLING_UNIT,inec-pu-661304
STATE_CONSTITUENCY,state-assembly-sc-742-og,WARD,inec-ward-6572
WARD,inec-ward-6572,POLLING_UNIT,inec-pu-91900
WARD,inec-ward-6572,POLLING_UNIT,inec-pu-91901
WARD,inec-ward-6572,POLLING_UNIT,inec-pu-91902
WARD,inec-ward-6572,POLLING_UNIT,inec-pu-91903
WARD,inec-ward-6572,POLLING_UNIT,inec-pu-91904
WARD,inec-ward-6572,POLLING_UNIT,inec-pu-91905
WARD,inec-ward-6572,POLLING_UNIT,inec-pu-91906
WARD,inec-ward-6572,POLLING_UNIT,inec-pu-661296
STATE_CONSTITUENCY,state-assembly-sc-742-og,WARD,inec-ward-6573
WARD,inec-ward-6573,POLLING_UNIT,inec-pu-91907
WARD,inec-ward-6573,POLLING_UNIT,inec-pu-91908
WARD,inec-ward-6573,POLLING_UNIT,inec-pu-91909
WARD,inec-ward-6573,POLLING_UNIT,inec-pu-91910
WARD,inec-ward-6573,POLLING_UNIT,inec-pu-91911
WARD,inec-ward-6573,POLLING_UNIT,inec-pu-661297
WARD,inec-ward-6573,POLLING_UNIT,inec-pu-661298
STATE_CONSTITUENCY,state-assembly-sc-742-og,WARD,inec-ward-6574
WARD,inec-ward-6574,POLLING_UNIT,inec-pu-91912
WARD,inec-ward-6574,POLLING_UNIT,inec-pu-91913
WARD,inec-ward-6574,POLLING_UNIT,inec-pu-91914
WARD,inec-ward-6574,POLLING_UNIT,inec-pu-91915
WARD,inec-ward-6574,POLLING_UNIT,inec-pu-91916
WARD,inec-ward-6574,POLLING_UNIT,inec-pu-91917
WARD,inec-ward-6574,POLLING_UNIT,inec-pu-91918
WARD,inec-ward-6574,POLLING_UNIT,inec-pu-91919
WARD,inec-ward-6574,POLLING_UNIT,inec-pu-91920
WARD,inec-ward-6574,POLLING_UNIT,inec-pu-91921
WARD,inec-ward-6574,POLLING_UNIT,inec-pu-661329
STATE_CONSTITUENCY,state-assembly-sc-742-og,WARD,inec-ward-6575
WARD,inec-ward-6575,POLLING_UNIT,inec-pu-91922
WARD,inec-ward-6575,POLLING_UNIT,inec-pu-91923
WARD,inec-ward-6575,POLLING_UNIT,inec-pu-91924
WARD,inec-ward-6575,POLLING_UNIT,inec-pu-91925
WARD,inec-ward-6575,POLLING_UNIT,inec-pu-91926
WARD,inec-ward-6575,POLLING_UNIT,inec-pu-91927
WARD,inec-ward-6575,POLLING_UNIT,inec-pu-91928
STATE_CONSTITUENCY,state-assembly-sc-742-og,WARD,inec-ward-6576
WARD,inec-ward-6576,POLLING_UNIT,inec-pu-91929
WARD,inec-ward-6576,POLLING_UNIT,inec-pu-91930
WARD,inec-ward-6576,POLLING_UNIT,inec-pu-91931
WARD,inec-ward-6576,POLLING_UNIT,inec-pu-91932
WARD,inec-ward-6576,POLLING_UNIT,inec-pu-91933
WARD,inec-ward-6576,POLLING_UNIT,inec-pu-91934
WARD,inec-ward-6576,POLLING_UNIT,inec-pu-91935
WARD,inec-ward-6576,POLLING_UNIT,inec-pu-91936
WARD,inec-ward-6576,POLLING_UNIT,inec-pu-661334
WARD,inec-ward-6576,POLLING_UNIT,inec-pu-661335
WARD,inec-ward-6576,POLLING_UNIT,inec-pu-661336
STATE_CONSTITUENCY,state-assembly-sc-745-og,WARD,inec-ward-6577
WARD,inec-ward-6577,POLLING_UNIT,inec-pu-91937
WARD,inec-ward-6577,POLLING_UNIT,inec-pu-91938
WARD,inec-ward-6577,POLLING_UNIT,inec-pu-91939
WARD,inec-ward-6577,POLLING_UNIT,inec-pu-91940
WARD,inec-ward-6577,POLLING_UNIT,inec-pu-91941
WARD,inec-ward-6577,POLLING_UNIT,inec-pu-91942
WARD,inec-ward-6577,POLLING_UNIT,inec-pu-91943
WARD,inec-ward-6577,POLLING_UNIT,inec-pu-91944
WARD,inec-ward-6577,POLLING_UNIT,inec-pu-91945
WARD,inec-ward-6577,POLLING_UNIT,inec-pu-661399
WARD,inec-ward-6577,POLLING_UNIT,inec-pu-661400
WARD,inec-ward-6577,POLLING_UNIT,inec-pu-661401
WARD,inec-ward-6577,POLLING_UNIT,inec-pu-661402
WARD,inec-ward-6577,POLLING_UNIT,inec-pu-661403
WARD,inec-ward-6577,POLLING_UNIT,inec-pu-661404
WARD,inec-ward-6577,POLLING_UNIT,inec-pu-661405
WARD,inec-ward-6577,POLLING_UNIT,inec-pu-661406
STATE_CONSTITUENCY,state-assembly-sc-745-og,WARD,inec-ward-6578
WARD,inec-ward-6578,POLLING_UNIT,inec-pu-91946
WARD,inec-ward-6578,POLLING_UNIT,inec-pu-91947
WARD,inec-ward-6578,POLLING_UNIT,inec-pu-91948
WARD,inec-ward-6578,POLLING_UNIT,inec-pu-91949
WARD,inec-ward-6578,POLLING_UNIT,inec-pu-91950
WARD,inec-ward-6578,POLLING_UNIT,inec-pu-91951
WARD,inec-ward-6578,POLLING_UNIT,inec-pu-91952
WARD,inec-ward-6578,POLLING_UNIT,inec-pu-91953
WARD,inec-ward-6578,POLLING_UNIT,inec-pu-661407
WARD,inec-ward-6578,POLLING_UNIT,inec-pu-661408
WARD,inec-ward-6578,POLLING_UNIT,inec-pu-661409
WARD,inec-ward-6578,POLLING_UNIT,inec-pu-661410
WARD,inec-ward-6578,POLLING_UNIT,inec-pu-661411
STATE_CONSTITUENCY,state-assembly-sc-745-og,WARD,inec-ward-6579
WARD,inec-ward-6579,POLLING_UNIT,inec-pu-91954
WARD,inec-ward-6579,POLLING_UNIT,inec-pu-91955
WARD,inec-ward-6579,POLLING_UNIT,inec-pu-91956
WARD,inec-ward-6579,POLLING_UNIT,inec-pu-91957
WARD,inec-ward-6579,POLLING_UNIT,inec-pu-91958
WARD,inec-ward-6579,POLLING_UNIT,inec-pu-91959
WARD,inec-ward-6579,POLLING_UNIT,inec-pu-91960
WARD,inec-ward-6579,POLLING_UNIT,inec-pu-91961
WARD,inec-ward-6579,POLLING_UNIT,inec-pu-91962
WARD,inec-ward-6579,POLLING_UNIT,inec-pu-91963
WARD,inec-ward-6579,POLLING_UNIT,inec-pu-91964
WARD,inec-ward-6579,POLLING_UNIT,inec-pu-91965
WARD,inec-ward-6579,POLLING_UNIT,inec-pu-91966
WARD,inec-ward-6579,POLLING_UNIT,inec-pu-91967
WARD,inec-ward-6579,POLLING_UNIT,inec-pu-91968
WARD,inec-ward-6579,POLLING_UNIT,inec-pu-91969
WARD,inec-ward-6579,POLLING_UNIT,inec-pu-91970
WARD,inec-ward-6579,POLLING_UNIT,inec-pu-91971
WARD,inec-ward-6579,POLLING_UNIT,inec-pu-91972
WARD,inec-ward-6579,POLLING_UNIT,inec-pu-91973
WARD,inec-ward-6579,POLLING_UNIT,inec-pu-91974
WARD,inec-ward-6579,POLLING_UNIT,inec-pu-91975
WARD,inec-ward-6579,POLLING_UNIT,inec-pu-91976
WARD,inec-ward-6579,POLLING_UNIT,inec-pu-91977
WARD,inec-ward-6579,POLLING_UNIT,inec-pu-661338
WARD,inec-ward-6579,POLLING_UNIT,inec-pu-661339
WARD,inec-ward-6579,POLLING_UNIT,inec-pu-661340
WARD,inec-ward-6579,POLLING_UNIT,inec-pu-661341
WARD,inec-ward-6579,POLLING_UNIT,inec-pu-661342
WARD,inec-ward-6579,POLLING_UNIT,inec-pu-661343
WARD,inec-ward-6579,POLLING_UNIT,inec-pu-661344
WARD,inec-ward-6579,POLLING_UNIT,inec-pu-661345
WARD,inec-ward-6579,POLLING_UNIT,inec-pu-661346
WARD,inec-ward-6579,POLLING_UNIT,inec-pu-661347
WARD,inec-ward-6579,POLLING_UNIT,inec-pu-661348
WARD,inec-ward-6579,POLLING_UNIT,inec-pu-661349
WARD,inec-ward-6579,POLLING_UNIT,inec-pu-661350
WARD,inec-ward-6579,POLLING_UNIT,inec-pu-661351
WARD,inec-ward-6579,POLLING_UNIT,inec-pu-661352
WARD,inec-ward-6579,POLLING_UNIT,inec-pu-661353
WARD,inec-ward-6579,POLLING_UNIT,inec-pu-661354
STATE_CONSTITUENCY,state-assembly-sc-745-og,WARD,inec-ward-6580
WARD,inec-ward-6580,POLLING_UNIT,inec-pu-91978
WARD,inec-ward-6580,POLLING_UNIT,inec-pu-91979
WARD,inec-ward-6580,POLLING_UNIT,inec-pu-91980
WARD,inec-ward-6580,POLLING_UNIT,inec-pu-91981
WARD,inec-ward-6580,POLLING_UNIT,inec-pu-91982
WARD,inec-ward-6580,POLLING_UNIT,inec-pu-91983
WARD,inec-ward-6580,POLLING_UNIT,inec-pu-91984
WARD,inec-ward-6580,POLLING_UNIT,inec-pu-91985
WARD,inec-ward-6580,POLLING_UNIT,inec-pu-91986
WARD,inec-ward-6580,POLLING_UNIT,inec-pu-91987
WARD,inec-ward-6580,POLLING_UNIT,inec-pu-91988
WARD,inec-ward-6580,POLLING_UNIT,inec-pu-91989
WARD,inec-ward-6580,POLLING_UNIT,inec-pu-91990
WARD,inec-ward-6580,POLLING_UNIT,inec-pu-91991
WARD,inec-ward-6580,POLLING_UNIT,inec-pu-91992
WARD,inec-ward-6580,POLLING_UNIT,inec-pu-91993
WARD,inec-ward-6580,POLLING_UNIT,inec-pu-91994
WARD,inec-ward-6580,POLLING_UNIT,inec-pu-91995
WARD,inec-ward-6580,POLLING_UNIT,inec-pu-91996
WARD,inec-ward-6580,POLLING_UNIT,inec-pu-91997
WARD,inec-ward-6580,POLLING_UNIT,inec-pu-91998
WARD,inec-ward-6580,POLLING_UNIT,inec-pu-661395
WARD,inec-ward-6580,POLLING_UNIT,inec-pu-661396
WARD,inec-ward-6580,POLLING_UNIT,inec-pu-661397
WARD,inec-ward-6580,POLLING_UNIT,inec-pu-661398
STATE_CONSTITUENCY,state-assembly-sc-745-og,WARD,inec-ward-6581
WARD,inec-ward-6581,POLLING_UNIT,inec-pu-91999
WARD,inec-ward-6581,POLLING_UNIT,inec-pu-92000
WARD,inec-ward-6581,POLLING_UNIT,inec-pu-92001
WARD,inec-ward-6581,POLLING_UNIT,inec-pu-92002
WARD,inec-ward-6581,POLLING_UNIT,inec-pu-92003
WARD,inec-ward-6581,POLLING_UNIT,inec-pu-92004
WARD,inec-ward-6581,POLLING_UNIT,inec-pu-92005
WARD,inec-ward-6581,POLLING_UNIT,inec-pu-92006
WARD,inec-ward-6581,POLLING_UNIT,inec-pu-92007
WARD,inec-ward-6581,POLLING_UNIT,inec-pu-92008
WARD,inec-ward-6581,POLLING_UNIT,inec-pu-92009
WARD,inec-ward-6581,POLLING_UNIT,inec-pu-92010
WARD,inec-ward-6581,POLLING_UNIT,inec-pu-92011
WARD,inec-ward-6581,POLLING_UNIT,inec-pu-661417
WARD,inec-ward-6581,POLLING_UNIT,inec-pu-661418
WARD,inec-ward-6581,POLLING_UNIT,inec-pu-661419
WARD,inec-ward-6581,POLLING_UNIT,inec-pu-661420
WARD,inec-ward-6581,POLLING_UNIT,inec-pu-661421
WARD,inec-ward-6581,POLLING_UNIT,inec-pu-661422
STATE_CONSTITUENCY,state-assembly-sc-745-og,WARD,inec-ward-6582
WARD,inec-ward-6582,POLLING_UNIT,inec-pu-92012
WARD,inec-ward-6582,POLLING_UNIT,inec-pu-92013
WARD,inec-ward-6582,POLLING_UNIT,inec-pu-92014
WARD,inec-ward-6582,POLLING_UNIT,inec-pu-92015
WARD,inec-ward-6582,POLLING_UNIT,inec-pu-92016
WARD,inec-ward-6582,POLLING_UNIT,inec-pu-92017
WARD,inec-ward-6582,POLLING_UNIT,inec-pu-92018
WARD,inec-ward-6582,POLLING_UNIT,inec-pu-92019
WARD,inec-ward-6582,POLLING_UNIT,inec-pu-92020
WARD,inec-ward-6582,POLLING_UNIT,inec-pu-661337
STATE_CONSTITUENCY,state-assembly-sc-745-og,WARD,inec-ward-6583
WARD,inec-ward-6583,POLLING_UNIT,inec-pu-92021
WARD,inec-ward-6583,POLLING_UNIT,inec-pu-92022
WARD,inec-ward-6583,POLLING_UNIT,inec-pu-92023
WARD,inec-ward-6583,POLLING_UNIT,inec-pu-92024
WARD,inec-ward-6583,POLLING_UNIT,inec-pu-92025
WARD,inec-ward-6583,POLLING_UNIT,inec-pu-92026
WARD,inec-ward-6583,POLLING_UNIT,inec-pu-92027
WARD,inec-ward-6583,POLLING_UNIT,inec-pu-92028
WARD,inec-ward-6583,POLLING_UNIT,inec-pu-92029
WARD,inec-ward-6583,POLLING_UNIT,inec-pu-92030
WARD,inec-ward-6583,POLLING_UNIT,inec-pu-92031
WARD,inec-ward-6583,POLLING_UNIT,inec-pu-92032
WARD,inec-ward-6583,POLLING_UNIT,inec-pu-92033
STATE_CONSTITUENCY,state-assembly-sc-745-og,WARD,inec-ward-6584
WARD,inec-ward-6584,POLLING_UNIT,inec-pu-92034
WARD,inec-ward-6584,POLLING_UNIT,inec-pu-92035
WARD,inec-ward-6584,POLLING_UNIT,inec-pu-92036
WARD,inec-ward-6584,POLLING_UNIT,inec-pu-92037
WARD,inec-ward-6584,POLLING_UNIT,inec-pu-92038
WARD,inec-ward-6584,POLLING_UNIT,inec-pu-92039
WARD,inec-ward-6584,POLLING_UNIT,inec-pu-92040
WARD,inec-ward-6584,POLLING_UNIT,inec-pu-92041
WARD,inec-ward-6584,POLLING_UNIT,inec-pu-92042
WARD,inec-ward-6584,POLLING_UNIT,inec-pu-92043
WARD,inec-ward-6584,POLLING_UNIT,inec-pu-661412
WARD,inec-ward-6584,POLLING_UNIT,inec-pu-661413
WARD,inec-ward-6584,POLLING_UNIT,inec-pu-661414
WARD,inec-ward-6584,POLLING_UNIT,inec-pu-661415
WARD,inec-ward-6584,POLLING_UNIT,inec-pu-661416
STATE_CONSTITUENCY,state-assembly-sc-745-og,WARD,inec-ward-6585
WARD,inec-ward-6585,POLLING_UNIT,inec-pu-92044
WARD,inec-ward-6585,POLLING_UNIT,inec-pu-92045
WARD,inec-ward-6585,POLLING_UNIT,inec-pu-92046
WARD,inec-ward-6585,POLLING_UNIT,inec-pu-92047
WARD,inec-ward-6585,POLLING_UNIT,inec-pu-92048
WARD,inec-ward-6585,POLLING_UNIT,inec-pu-92049
WARD,inec-ward-6585,POLLING_UNIT,inec-pu-92050
WARD,inec-ward-6585,POLLING_UNIT,inec-pu-92051
WARD,inec-ward-6585,POLLING_UNIT,inec-pu-92052
WARD,inec-ward-6585,POLLING_UNIT,inec-pu-92053
WARD,inec-ward-6585,POLLING_UNIT,inec-pu-92054
WARD,inec-ward-6585,POLLING_UNIT,inec-pu-661355
WARD,inec-ward-6585,POLLING_UNIT,inec-pu-661356
WARD,inec-ward-6585,POLLING_UNIT,inec-pu-661357
WARD,inec-ward-6585,POLLING_UNIT,inec-pu-661358
WARD,inec-ward-6585,POLLING_UNIT,inec-pu-661359
WARD,inec-ward-6585,POLLING_UNIT,inec-pu-661360
WARD,inec-ward-6585,POLLING_UNIT,inec-pu-661361
WARD,inec-ward-6585,POLLING_UNIT,inec-pu-661362
WARD,inec-ward-6585,POLLING_UNIT,inec-pu-661363
WARD,inec-ward-6585,POLLING_UNIT,inec-pu-661364
STATE_CONSTITUENCY,state-assembly-sc-745-og,WARD,inec-ward-6586
WARD,inec-ward-6586,POLLING_UNIT,inec-pu-92055
WARD,inec-ward-6586,POLLING_UNIT,inec-pu-92056
WARD,inec-ward-6586,POLLING_UNIT,inec-pu-92057
WARD,inec-ward-6586,POLLING_UNIT,inec-pu-92058
WARD,inec-ward-6586,POLLING_UNIT,inec-pu-92059
WARD,inec-ward-6586,POLLING_UNIT,inec-pu-92060
WARD,inec-ward-6586,POLLING_UNIT,inec-pu-92061
WARD,inec-ward-6586,POLLING_UNIT,inec-pu-92062
WARD,inec-ward-6586,POLLING_UNIT,inec-pu-92063
WARD,inec-ward-6586,POLLING_UNIT,inec-pu-92064
WARD,inec-ward-6586,POLLING_UNIT,inec-pu-92065
WARD,inec-ward-6586,POLLING_UNIT,inec-pu-92066
WARD,inec-ward-6586,POLLING_UNIT,inec-pu-92067
WARD,inec-ward-6586,POLLING_UNIT,inec-pu-92068
WARD,inec-ward-6586,POLLING_UNIT,inec-pu-92069
WARD,inec-ward-6586,POLLING_UNIT,inec-pu-92070
WARD,inec-ward-6586,POLLING_UNIT,inec-pu-92071
WARD,inec-ward-6586,POLLING_UNIT,inec-pu-92072
WARD,inec-ward-6586,POLLING_UNIT,inec-pu-92073
WARD,inec-ward-6586,POLLING_UNIT,inec-pu-92074
WARD,inec-ward-6586,POLLING_UNIT,inec-pu-92075
WARD,inec-ward-6586,POLLING_UNIT,inec-pu-92076
WARD,inec-ward-6586,POLLING_UNIT,inec-pu-92077
WARD,inec-ward-6586,POLLING_UNIT,inec-pu-92078
WARD,inec-ward-6586,POLLING_UNIT,inec-pu-92079
WARD,inec-ward-6586,POLLING_UNIT,inec-pu-92080
WARD,inec-ward-6586,POLLING_UNIT,inec-pu-92081
WARD,inec-ward-6586,POLLING_UNIT,inec-pu-661387
WARD,inec-ward-6586,POLLING_UNIT,inec-pu-661388
WARD,inec-ward-6586,POLLING_UNIT,inec-pu-661389
STATE_CONSTITUENCY,state-assembly-sc-745-og,WARD,inec-ward-6587
WARD,inec-ward-6587,POLLING_UNIT,inec-pu-92082
WARD,inec-ward-6587,POLLING_UNIT,inec-pu-92083
WARD,inec-ward-6587,POLLING_UNIT,inec-pu-92084
WARD,inec-ward-6587,POLLING_UNIT,inec-pu-92085
WARD,inec-ward-6587,POLLING_UNIT,inec-pu-92086
WARD,inec-ward-6587,POLLING_UNIT,inec-pu-92087
WARD,inec-ward-6587,POLLING_UNIT,inec-pu-92088
WARD,inec-ward-6587,POLLING_UNIT,inec-pu-92089
WARD,inec-ward-6587,POLLING_UNIT,inec-pu-92090
WARD,inec-ward-6587,POLLING_UNIT,inec-pu-92091
WARD,inec-ward-6587,POLLING_UNIT,inec-pu-92092
WARD,inec-ward-6587,POLLING_UNIT,inec-pu-92093
WARD,inec-ward-6587,POLLING_UNIT,inec-pu-92094
WARD,inec-ward-6587,POLLING_UNIT,inec-pu-92095
WARD,inec-ward-6587,POLLING_UNIT,inec-pu-661365
WARD,inec-ward-6587,POLLING_UNIT,inec-pu-661366
WARD,inec-ward-6587,POLLING_UNIT,inec-pu-661367
WARD,inec-ward-6587,POLLING_UNIT,inec-pu-661368
WARD,inec-ward-6587,POLLING_UNIT,inec-pu-661369
WARD,inec-ward-6587,POLLING_UNIT,inec-pu-661370
WARD,inec-ward-6587,POLLING_UNIT,inec-pu-661371
WARD,inec-ward-6587,POLLING_UNIT,inec-pu-661372
WARD,inec-ward-6587,POLLING_UNIT,inec-pu-661373
WARD,inec-ward-6587,POLLING_UNIT,inec-pu-661374
WARD,inec-ward-6587,POLLING_UNIT,inec-pu-661375
WARD,inec-ward-6587,POLLING_UNIT,inec-pu-661376
WARD,inec-ward-6587,POLLING_UNIT,inec-pu-661377
WARD,inec-ward-6587,POLLING_UNIT,inec-pu-661378
WARD,inec-ward-6587,POLLING_UNIT,inec-pu-661379
WARD,inec-ward-6587,POLLING_UNIT,inec-pu-661380
WARD,inec-ward-6587,POLLING_UNIT,inec-pu-661381
WARD,inec-ward-6587,POLLING_UNIT,inec-pu-661382
WARD,inec-ward-6587,POLLING_UNIT,inec-pu-661383
WARD,inec-ward-6587,POLLING_UNIT,inec-pu-661384
WARD,inec-ward-6587,POLLING_UNIT,inec-pu-661385
WARD,inec-ward-6587,POLLING_UNIT,inec-pu-661386
STATE_CONSTITUENCY,state-assembly-sc-745-og,WARD,inec-ward-6588
WARD,inec-ward-6588,POLLING_UNIT,inec-pu-92096
WARD,inec-ward-6588,POLLING_UNIT,inec-pu-92097
WARD,inec-ward-6588,POLLING_UNIT,inec-pu-92098
WARD,inec-ward-6588,POLLING_UNIT,inec-pu-92099
WARD,inec-ward-6588,POLLING_UNIT,inec-pu-92100
WARD,inec-ward-6588,POLLING_UNIT,inec-pu-92101
WARD,inec-ward-6588,POLLING_UNIT,inec-pu-92102
WARD,inec-ward-6588,POLLING_UNIT,inec-pu-92103
WARD,inec-ward-6588,POLLING_UNIT,inec-pu-92104
WARD,inec-ward-6588,POLLING_UNIT,inec-pu-92105
WARD,inec-ward-6588,POLLING_UNIT,inec-pu-92106
WARD,inec-ward-6588,POLLING_UNIT,inec-pu-92107
WARD,inec-ward-6588,POLLING_UNIT,inec-pu-92108
WARD,inec-ward-6588,POLLING_UNIT,inec-pu-92109
WARD,inec-ward-6588,POLLING_UNIT,inec-pu-92110
WARD,inec-ward-6588,POLLING_UNIT,inec-pu-92111
WARD,inec-ward-6588,POLLING_UNIT,inec-pu-92112
WARD,inec-ward-6588,POLLING_UNIT,inec-pu-661390
WARD,inec-ward-6588,POLLING_UNIT,inec-pu-661391
WARD,inec-ward-6588,POLLING_UNIT,inec-pu-661392
WARD,inec-ward-6588,POLLING_UNIT,inec-pu-661393
WARD,inec-ward-6588,POLLING_UNIT,inec-pu-661394
STATE_CONSTITUENCY,state-assembly-sc-727-og,WARD,inec-ward-6589
WARD,inec-ward-6589,POLLING_UNIT,inec-pu-92113
WARD,inec-ward-6589,POLLING_UNIT,inec-pu-92114
WARD,inec-ward-6589,POLLING_UNIT,inec-pu-92115
WARD,inec-ward-6589,POLLING_UNIT,inec-pu-92116
WARD,inec-ward-6589,POLLING_UNIT,inec-pu-92117
WARD,inec-ward-6589,POLLING_UNIT,inec-pu-92118
WARD,inec-ward-6589,POLLING_UNIT,inec-pu-92119
WARD,inec-ward-6589,POLLING_UNIT,inec-pu-92120
WARD,inec-ward-6589,POLLING_UNIT,inec-pu-661431
WARD,inec-ward-6589,POLLING_UNIT,inec-pu-661432
WARD,inec-ward-6589,POLLING_UNIT,inec-pu-661433
STATE_CONSTITUENCY,state-assembly-sc-727-og,WARD,inec-ward-6590
WARD,inec-ward-6590,POLLING_UNIT,inec-pu-92121
WARD,inec-ward-6590,POLLING_UNIT,inec-pu-92122
WARD,inec-ward-6590,POLLING_UNIT,inec-pu-92123
WARD,inec-ward-6590,POLLING_UNIT,inec-pu-92124
WARD,inec-ward-6590,POLLING_UNIT,inec-pu-92125
WARD,inec-ward-6590,POLLING_UNIT,inec-pu-92126
WARD,inec-ward-6590,POLLING_UNIT,inec-pu-92127
WARD,inec-ward-6590,POLLING_UNIT,inec-pu-92128
WARD,inec-ward-6590,POLLING_UNIT,inec-pu-92129
WARD,inec-ward-6590,POLLING_UNIT,inec-pu-92130
WARD,inec-ward-6590,POLLING_UNIT,inec-pu-92131
WARD,inec-ward-6590,POLLING_UNIT,inec-pu-92132
WARD,inec-ward-6590,POLLING_UNIT,inec-pu-92133
WARD,inec-ward-6590,POLLING_UNIT,inec-pu-92134
WARD,inec-ward-6590,POLLING_UNIT,inec-pu-92135
WARD,inec-ward-6590,POLLING_UNIT,inec-pu-92136
WARD,inec-ward-6590,POLLING_UNIT,inec-pu-92137
WARD,inec-ward-6590,POLLING_UNIT,inec-pu-92138
WARD,inec-ward-6590,POLLING_UNIT,inec-pu-92139
WARD,inec-ward-6590,POLLING_UNIT,inec-pu-92140
WARD,inec-ward-6590,POLLING_UNIT,inec-pu-661452
WARD,inec-ward-6590,POLLING_UNIT,inec-pu-661453
WARD,inec-ward-6590,POLLING_UNIT,inec-pu-661454
WARD,inec-ward-6590,POLLING_UNIT,inec-pu-661455
WARD,inec-ward-6590,POLLING_UNIT,inec-pu-661456
WARD,inec-ward-6590,POLLING_UNIT,inec-pu-661457
WARD,inec-ward-6590,POLLING_UNIT,inec-pu-661458
WARD,inec-ward-6590,POLLING_UNIT,inec-pu-661459
WARD,inec-ward-6590,POLLING_UNIT,inec-pu-661460
WARD,inec-ward-6590,POLLING_UNIT,inec-pu-661461
WARD,inec-ward-6590,POLLING_UNIT,inec-pu-661462
WARD,inec-ward-6590,POLLING_UNIT,inec-pu-661463
WARD,inec-ward-6590,POLLING_UNIT,inec-pu-661464
WARD,inec-ward-6590,POLLING_UNIT,inec-pu-661465
WARD,inec-ward-6590,POLLING_UNIT,inec-pu-661466
WARD,inec-ward-6590,POLLING_UNIT,inec-pu-661467
WARD,inec-ward-6590,POLLING_UNIT,inec-pu-661468
WARD,inec-ward-6590,POLLING_UNIT,inec-pu-661469
WARD,inec-ward-6590,POLLING_UNIT,inec-pu-661470
WARD,inec-ward-6590,POLLING_UNIT,inec-pu-661471
WARD,inec-ward-6590,POLLING_UNIT,inec-pu-661472
WARD,inec-ward-6590,POLLING_UNIT,inec-pu-661473
WARD,inec-ward-6590,POLLING_UNIT,inec-pu-661474
WARD,inec-ward-6590,POLLING_UNIT,inec-pu-661475
WARD,inec-ward-6590,POLLING_UNIT,inec-pu-661476
WARD,inec-ward-6590,POLLING_UNIT,inec-pu-661477
WARD,inec-ward-6590,POLLING_UNIT,inec-pu-661478
WARD,inec-ward-6590,POLLING_UNIT,inec-pu-661479
WARD,inec-ward-6590,POLLING_UNIT,inec-pu-661480
WARD,inec-ward-6590,POLLING_UNIT,inec-pu-661481
WARD,inec-ward-6590,POLLING_UNIT,inec-pu-661482
WARD,inec-ward-6590,POLLING_UNIT,inec-pu-661483
WARD,inec-ward-6590,POLLING_UNIT,inec-pu-661484
WARD,inec-ward-6590,POLLING_UNIT,inec-pu-661485
WARD,inec-ward-6590,POLLING_UNIT,inec-pu-661486
WARD,inec-ward-6590,POLLING_UNIT,inec-pu-661487
WARD,inec-ward-6590,POLLING_UNIT,inec-pu-661488
WARD,inec-ward-6590,POLLING_UNIT,inec-pu-661489
WARD,inec-ward-6590,POLLING_UNIT,inec-pu-661490
WARD,inec-ward-6590,POLLING_UNIT,inec-pu-661491
WARD,inec-ward-6590,POLLING_UNIT,inec-pu-661492
WARD,inec-ward-6590,POLLING_UNIT,inec-pu-661493
WARD,inec-ward-6590,POLLING_UNIT,inec-pu-661494
WARD,inec-ward-6590,POLLING_UNIT,inec-pu-661495
WARD,inec-ward-6590,POLLING_UNIT,inec-pu-661496
WARD,inec-ward-6590,POLLING_UNIT,inec-pu-661497
WARD,inec-ward-6590,POLLING_UNIT,inec-pu-661498
WARD,inec-ward-6590,POLLING_UNIT,inec-pu-661499
WARD,inec-ward-6590,POLLING_UNIT,inec-pu-661500
WARD,inec-ward-6590,POLLING_UNIT,inec-pu-661501
WARD,inec-ward-6590,POLLING_UNIT,inec-pu-661502
WARD,inec-ward-6590,POLLING_UNIT,inec-pu-661503
WARD,inec-ward-6590,POLLING_UNIT,inec-pu-661504
WARD,inec-ward-6590,POLLING_UNIT,inec-pu-661505
WARD,inec-ward-6590,POLLING_UNIT,inec-pu-661506
WARD,inec-ward-6590,POLLING_UNIT,inec-pu-661507
WARD,inec-ward-6590,POLLING_UNIT,inec-pu-661508
WARD,inec-ward-6590,POLLING_UNIT,inec-pu-661509
WARD,inec-ward-6590,POLLING_UNIT,inec-pu-661510
WARD,inec-ward-6590,POLLING_UNIT,inec-pu-661511
WARD,inec-ward-6590,POLLING_UNIT,inec-pu-661512
WARD,inec-ward-6590,POLLING_UNIT,inec-pu-661513
WARD,inec-ward-6590,POLLING_UNIT,inec-pu-661514
WARD,inec-ward-6590,POLLING_UNIT,inec-pu-661515
WARD,inec-ward-6590,POLLING_UNIT,inec-pu-661516
WARD,inec-ward-6590,POLLING_UNIT,inec-pu-661517
WARD,inec-ward-6590,POLLING_UNIT,inec-pu-661518
WARD,inec-ward-6590,POLLING_UNIT,inec-pu-661519
WARD,inec-ward-6590,POLLING_UNIT,inec-pu-661520
WARD,inec-ward-6590,POLLING_UNIT,inec-pu-661521
WARD,inec-ward-6590,POLLING_UNIT,inec-pu-661522
WARD,inec-ward-6590,POLLING_UNIT,inec-pu-661523
WARD,inec-ward-6590,POLLING_UNIT,inec-pu-661524
WARD,inec-ward-6590,POLLING_UNIT,inec-pu-661525
WARD,inec-ward-6590,POLLING_UNIT,inec-pu-661526
WARD,inec-ward-6590,POLLING_UNIT,inec-pu-661527
WARD,inec-ward-6590,POLLING_UNIT,inec-pu-661528
WARD,inec-ward-6590,POLLING_UNIT,inec-pu-661529
WARD,inec-ward-6590,POLLING_UNIT,inec-pu-661530
WARD,inec-ward-6590,POLLING_UNIT,inec-pu-661531
WARD,inec-ward-6590,POLLING_UNIT,inec-pu-661532
WARD,inec-ward-6590,POLLING_UNIT,inec-pu-661533
WARD,inec-ward-6590,POLLING_UNIT,inec-pu-661534
WARD,inec-ward-6590,POLLING_UNIT,inec-pu-661535
WARD,inec-ward-6590,POLLING_UNIT,inec-pu-661536
WARD,inec-ward-6590,POLLING_UNIT,inec-pu-661537
WARD,inec-ward-6590,POLLING_UNIT,inec-pu-661538
WARD,inec-ward-6590,POLLING_UNIT,inec-pu-661539
WARD,inec-ward-6590,POLLING_UNIT,inec-pu-661540
WARD,inec-ward-6590,POLLING_UNIT,inec-pu-661541
WARD,inec-ward-6590,POLLING_UNIT,inec-pu-661542
WARD,inec-ward-6590,POLLING_UNIT,inec-pu-661543
WARD,inec-ward-6590,POLLING_UNIT,inec-pu-661544
WARD,inec-ward-6590,POLLING_UNIT,inec-pu-661545
WARD,inec-ward-6590,POLLING_UNIT,inec-pu-661546
WARD,inec-ward-6590,POLLING_UNIT,inec-pu-661547
WARD,inec-ward-6590,POLLING_UNIT,inec-pu-661548
WARD,inec-ward-6590,POLLING_UNIT,inec-pu-661549
WARD,inec-ward-6590,POLLING_UNIT,inec-pu-661550
WARD,inec-ward-6590,POLLING_UNIT,inec-pu-661551
WARD,inec-ward-6590,POLLING_UNIT,inec-pu-661552
WARD,inec-ward-6590,POLLING_UNIT,inec-pu-661553
WARD,inec-ward-6590,POLLING_UNIT,inec-pu-661554
WARD,inec-ward-6590,POLLING_UNIT,inec-pu-661555
WARD,inec-ward-6590,POLLING_UNIT,inec-pu-661556
WARD,inec-ward-6590,POLLING_UNIT,inec-pu-661557
STATE_CONSTITUENCY,state-assembly-sc-727-og,WARD,inec-ward-6591
WARD,inec-ward-6591,POLLING_UNIT,inec-pu-92141
WARD,inec-ward-6591,POLLING_UNIT,inec-pu-92142
WARD,inec-ward-6591,POLLING_UNIT,inec-pu-92143
WARD,inec-ward-6591,POLLING_UNIT,inec-pu-92144
WARD,inec-ward-6591,POLLING_UNIT,inec-pu-92145
WARD,inec-ward-6591,POLLING_UNIT,inec-pu-92146
WARD,inec-ward-6591,POLLING_UNIT,inec-pu-92147
WARD,inec-ward-6591,POLLING_UNIT,inec-pu-92148
WARD,inec-ward-6591,POLLING_UNIT,inec-pu-92149
WARD,inec-ward-6591,POLLING_UNIT,inec-pu-92150
WARD,inec-ward-6591,POLLING_UNIT,inec-pu-92151
WARD,inec-ward-6591,POLLING_UNIT,inec-pu-92152
WARD,inec-ward-6591,POLLING_UNIT,inec-pu-92153
WARD,inec-ward-6591,POLLING_UNIT,inec-pu-92154
WARD,inec-ward-6591,POLLING_UNIT,inec-pu-92155
WARD,inec-ward-6591,POLLING_UNIT,inec-pu-92156
WARD,inec-ward-6591,POLLING_UNIT,inec-pu-92157
WARD,inec-ward-6591,POLLING_UNIT,inec-pu-92158
WARD,inec-ward-6591,POLLING_UNIT,inec-pu-92159
WARD,inec-ward-6591,POLLING_UNIT,inec-pu-92160
WARD,inec-ward-6591,POLLING_UNIT,inec-pu-92161
WARD,inec-ward-6591,POLLING_UNIT,inec-pu-92162
WARD,inec-ward-6591,POLLING_UNIT,inec-pu-661558
WARD,inec-ward-6591,POLLING_UNIT,inec-pu-661559
WARD,inec-ward-6591,POLLING_UNIT,inec-pu-661560
WARD,inec-ward-6591,POLLING_UNIT,inec-pu-661562
WARD,inec-ward-6591,POLLING_UNIT,inec-pu-661563
WARD,inec-ward-6591,POLLING_UNIT,inec-pu-661564
WARD,inec-ward-6591,POLLING_UNIT,inec-pu-661565
WARD,inec-ward-6591,POLLING_UNIT,inec-pu-661566
WARD,inec-ward-6591,POLLING_UNIT,inec-pu-661567
WARD,inec-ward-6591,POLLING_UNIT,inec-pu-661568
WARD,inec-ward-6591,POLLING_UNIT,inec-pu-661569
WARD,inec-ward-6591,POLLING_UNIT,inec-pu-661570
WARD,inec-ward-6591,POLLING_UNIT,inec-pu-661571
WARD,inec-ward-6591,POLLING_UNIT,inec-pu-661572
WARD,inec-ward-6591,POLLING_UNIT,inec-pu-661573
WARD,inec-ward-6591,POLLING_UNIT,inec-pu-661574
WARD,inec-ward-6591,POLLING_UNIT,inec-pu-675500
STATE_CONSTITUENCY,state-assembly-sc-727-og,WARD,inec-ward-6592
WARD,inec-ward-6592,POLLING_UNIT,inec-pu-92163
WARD,inec-ward-6592,POLLING_UNIT,inec-pu-92164
WARD,inec-ward-6592,POLLING_UNIT,inec-pu-92165
WARD,inec-ward-6592,POLLING_UNIT,inec-pu-92166
WARD,inec-ward-6592,POLLING_UNIT,inec-pu-92167
WARD,inec-ward-6592,POLLING_UNIT,inec-pu-92168
WARD,inec-ward-6592,POLLING_UNIT,inec-pu-92169
WARD,inec-ward-6592,POLLING_UNIT,inec-pu-92170
WARD,inec-ward-6592,POLLING_UNIT,inec-pu-92171
WARD,inec-ward-6592,POLLING_UNIT,inec-pu-92172
WARD,inec-ward-6592,POLLING_UNIT,inec-pu-92173
WARD,inec-ward-6592,POLLING_UNIT,inec-pu-92174
WARD,inec-ward-6592,POLLING_UNIT,inec-pu-92175
WARD,inec-ward-6592,POLLING_UNIT,inec-pu-92176
WARD,inec-ward-6592,POLLING_UNIT,inec-pu-92177
WARD,inec-ward-6592,POLLING_UNIT,inec-pu-92178
WARD,inec-ward-6592,POLLING_UNIT,inec-pu-92179
WARD,inec-ward-6592,POLLING_UNIT,inec-pu-92180
WARD,inec-ward-6592,POLLING_UNIT,inec-pu-661424
WARD,inec-ward-6592,POLLING_UNIT,inec-pu-661425
STATE_CONSTITUENCY,state-assembly-sc-727-og,WARD,inec-ward-6593
WARD,inec-ward-6593,POLLING_UNIT,inec-pu-92181
WARD,inec-ward-6593,POLLING_UNIT,inec-pu-92182
WARD,inec-ward-6593,POLLING_UNIT,inec-pu-92183
WARD,inec-ward-6593,POLLING_UNIT,inec-pu-92184
WARD,inec-ward-6593,POLLING_UNIT,inec-pu-92185
WARD,inec-ward-6593,POLLING_UNIT,inec-pu-92186
WARD,inec-ward-6593,POLLING_UNIT,inec-pu-92187
WARD,inec-ward-6593,POLLING_UNIT,inec-pu-92188
WARD,inec-ward-6593,POLLING_UNIT,inec-pu-92189
WARD,inec-ward-6593,POLLING_UNIT,inec-pu-92190
WARD,inec-ward-6593,POLLING_UNIT,inec-pu-92191
WARD,inec-ward-6593,POLLING_UNIT,inec-pu-92192
WARD,inec-ward-6593,POLLING_UNIT,inec-pu-92193
WARD,inec-ward-6593,POLLING_UNIT,inec-pu-92194
WARD,inec-ward-6593,POLLING_UNIT,inec-pu-661434
WARD,inec-ward-6593,POLLING_UNIT,inec-pu-661435
STATE_CONSTITUENCY,state-assembly-sc-727-og,WARD,inec-ward-6594
WARD,inec-ward-6594,POLLING_UNIT,inec-pu-92195
WARD,inec-ward-6594,POLLING_UNIT,inec-pu-92196
WARD,inec-ward-6594,POLLING_UNIT,inec-pu-92197
WARD,inec-ward-6594,POLLING_UNIT,inec-pu-92198
WARD,inec-ward-6594,POLLING_UNIT,inec-pu-92199
WARD,inec-ward-6594,POLLING_UNIT,inec-pu-92200
WARD,inec-ward-6594,POLLING_UNIT,inec-pu-92201
WARD,inec-ward-6594,POLLING_UNIT,inec-pu-92202
WARD,inec-ward-6594,POLLING_UNIT,inec-pu-92203
WARD,inec-ward-6594,POLLING_UNIT,inec-pu-92204
WARD,inec-ward-6594,POLLING_UNIT,inec-pu-92205
WARD,inec-ward-6594,POLLING_UNIT,inec-pu-92206
WARD,inec-ward-6594,POLLING_UNIT,inec-pu-92207
STATE_CONSTITUENCY,state-assembly-sc-727-og,WARD,inec-ward-6595
WARD,inec-ward-6595,POLLING_UNIT,inec-pu-92208
WARD,inec-ward-6595,POLLING_UNIT,inec-pu-92209
WARD,inec-ward-6595,POLLING_UNIT,inec-pu-92210
WARD,inec-ward-6595,POLLING_UNIT,inec-pu-92211
WARD,inec-ward-6595,POLLING_UNIT,inec-pu-92212
WARD,inec-ward-6595,POLLING_UNIT,inec-pu-92213
WARD,inec-ward-6595,POLLING_UNIT,inec-pu-92214
WARD,inec-ward-6595,POLLING_UNIT,inec-pu-92215
WARD,inec-ward-6595,POLLING_UNIT,inec-pu-92216
WARD,inec-ward-6595,POLLING_UNIT,inec-pu-92217
WARD,inec-ward-6595,POLLING_UNIT,inec-pu-92218
WARD,inec-ward-6595,POLLING_UNIT,inec-pu-92219
WARD,inec-ward-6595,POLLING_UNIT,inec-pu-92220
WARD,inec-ward-6595,POLLING_UNIT,inec-pu-92221
WARD,inec-ward-6595,POLLING_UNIT,inec-pu-92222
WARD,inec-ward-6595,POLLING_UNIT,inec-pu-92223
WARD,inec-ward-6595,POLLING_UNIT,inec-pu-92224
WARD,inec-ward-6595,POLLING_UNIT,inec-pu-92225
WARD,inec-ward-6595,POLLING_UNIT,inec-pu-92226
WARD,inec-ward-6595,POLLING_UNIT,inec-pu-92227
WARD,inec-ward-6595,POLLING_UNIT,inec-pu-92228
WARD,inec-ward-6595,POLLING_UNIT,inec-pu-92229
WARD,inec-ward-6595,POLLING_UNIT,inec-pu-92230
WARD,inec-ward-6595,POLLING_UNIT,inec-pu-92231
WARD,inec-ward-6595,POLLING_UNIT,inec-pu-661436
WARD,inec-ward-6595,POLLING_UNIT,inec-pu-661437
WARD,inec-ward-6595,POLLING_UNIT,inec-pu-661438
WARD,inec-ward-6595,POLLING_UNIT,inec-pu-661439
WARD,inec-ward-6595,POLLING_UNIT,inec-pu-661440
WARD,inec-ward-6595,POLLING_UNIT,inec-pu-661441
WARD,inec-ward-6595,POLLING_UNIT,inec-pu-661442
WARD,inec-ward-6595,POLLING_UNIT,inec-pu-661443
WARD,inec-ward-6595,POLLING_UNIT,inec-pu-661444
WARD,inec-ward-6595,POLLING_UNIT,inec-pu-661445
WARD,inec-ward-6595,POLLING_UNIT,inec-pu-661446
WARD,inec-ward-6595,POLLING_UNIT,inec-pu-661447
WARD,inec-ward-6595,POLLING_UNIT,inec-pu-661448
WARD,inec-ward-6595,POLLING_UNIT,inec-pu-661449
STATE_CONSTITUENCY,state-assembly-sc-727-og,WARD,inec-ward-6596
WARD,inec-ward-6596,POLLING_UNIT,inec-pu-92232
WARD,inec-ward-6596,POLLING_UNIT,inec-pu-92233
WARD,inec-ward-6596,POLLING_UNIT,inec-pu-92234
WARD,inec-ward-6596,POLLING_UNIT,inec-pu-92235
WARD,inec-ward-6596,POLLING_UNIT,inec-pu-92236
WARD,inec-ward-6596,POLLING_UNIT,inec-pu-92237
WARD,inec-ward-6596,POLLING_UNIT,inec-pu-92238
WARD,inec-ward-6596,POLLING_UNIT,inec-pu-92239
WARD,inec-ward-6596,POLLING_UNIT,inec-pu-92240
WARD,inec-ward-6596,POLLING_UNIT,inec-pu-92241
WARD,inec-ward-6596,POLLING_UNIT,inec-pu-92242
WARD,inec-ward-6596,POLLING_UNIT,inec-pu-92243
WARD,inec-ward-6596,POLLING_UNIT,inec-pu-661427
WARD,inec-ward-6596,POLLING_UNIT,inec-pu-661428
WARD,inec-ward-6596,POLLING_UNIT,inec-pu-661429
STATE_CONSTITUENCY,state-assembly-sc-727-og,WARD,inec-ward-6597
WARD,inec-ward-6597,POLLING_UNIT,inec-pu-92244
WARD,inec-ward-6597,POLLING_UNIT,inec-pu-92245
WARD,inec-ward-6597,POLLING_UNIT,inec-pu-92246
WARD,inec-ward-6597,POLLING_UNIT,inec-pu-92247
WARD,inec-ward-6597,POLLING_UNIT,inec-pu-92248
WARD,inec-ward-6597,POLLING_UNIT,inec-pu-92249
WARD,inec-ward-6597,POLLING_UNIT,inec-pu-92250
WARD,inec-ward-6597,POLLING_UNIT,inec-pu-92251
WARD,inec-ward-6597,POLLING_UNIT,inec-pu-92252
WARD,inec-ward-6597,POLLING_UNIT,inec-pu-92253
WARD,inec-ward-6597,POLLING_UNIT,inec-pu-92254
WARD,inec-ward-6597,POLLING_UNIT,inec-pu-661430
STATE_CONSTITUENCY,state-assembly-sc-727-og,WARD,inec-ward-6598
WARD,inec-ward-6598,POLLING_UNIT,inec-pu-92255
WARD,inec-ward-6598,POLLING_UNIT,inec-pu-92256
WARD,inec-ward-6598,POLLING_UNIT,inec-pu-92257
WARD,inec-ward-6598,POLLING_UNIT,inec-pu-92258
WARD,inec-ward-6598,POLLING_UNIT,inec-pu-92259
WARD,inec-ward-6598,POLLING_UNIT,inec-pu-92260
WARD,inec-ward-6598,POLLING_UNIT,inec-pu-92261
WARD,inec-ward-6598,POLLING_UNIT,inec-pu-92262
WARD,inec-ward-6598,POLLING_UNIT,inec-pu-92263
WARD,inec-ward-6598,POLLING_UNIT,inec-pu-92264
WARD,inec-ward-6598,POLLING_UNIT,inec-pu-92265
WARD,inec-ward-6598,POLLING_UNIT,inec-pu-92266
WARD,inec-ward-6598,POLLING_UNIT,inec-pu-661450
WARD,inec-ward-6598,POLLING_UNIT,inec-pu-661451
STATE_CONSTITUENCY,state-assembly-sc-727-og,WARD,inec-ward-6599
WARD,inec-ward-6599,POLLING_UNIT,inec-pu-92267
WARD,inec-ward-6599,POLLING_UNIT,inec-pu-92268
WARD,inec-ward-6599,POLLING_UNIT,inec-pu-92269
WARD,inec-ward-6599,POLLING_UNIT,inec-pu-92270
WARD,inec-ward-6599,POLLING_UNIT,inec-pu-92271
WARD,inec-ward-6599,POLLING_UNIT,inec-pu-92272
WARD,inec-ward-6599,POLLING_UNIT,inec-pu-92273
WARD,inec-ward-6599,POLLING_UNIT,inec-pu-92274
WARD,inec-ward-6599,POLLING_UNIT,inec-pu-92275
WARD,inec-ward-6599,POLLING_UNIT,inec-pu-92276
WARD,inec-ward-6599,POLLING_UNIT,inec-pu-92277
WARD,inec-ward-6599,POLLING_UNIT,inec-pu-92278
WARD,inec-ward-6599,POLLING_UNIT,inec-pu-661423
STATE_CONSTITUENCY,state-assembly-sc-727-og,WARD,inec-ward-6600
WARD,inec-ward-6600,POLLING_UNIT,inec-pu-92279
WARD,inec-ward-6600,POLLING_UNIT,inec-pu-92280
WARD,inec-ward-6600,POLLING_UNIT,inec-pu-92281
WARD,inec-ward-6600,POLLING_UNIT,inec-pu-92282
WARD,inec-ward-6600,POLLING_UNIT,inec-pu-92283
WARD,inec-ward-6600,POLLING_UNIT,inec-pu-92284
WARD,inec-ward-6600,POLLING_UNIT,inec-pu-92285
WARD,inec-ward-6600,POLLING_UNIT,inec-pu-92286
WARD,inec-ward-6600,POLLING_UNIT,inec-pu-92287
WARD,inec-ward-6600,POLLING_UNIT,inec-pu-92288
WARD,inec-ward-6600,POLLING_UNIT,inec-pu-92289
WARD,inec-ward-6600,POLLING_UNIT,inec-pu-661426
STATE_CONSTITUENCY,state-assembly-sc-725-og,WARD,inec-ward-6601
WARD,inec-ward-6601,POLLING_UNIT,inec-pu-92290
WARD,inec-ward-6601,POLLING_UNIT,inec-pu-92291
WARD,inec-ward-6601,POLLING_UNIT,inec-pu-92292
WARD,inec-ward-6601,POLLING_UNIT,inec-pu-92293
WARD,inec-ward-6601,POLLING_UNIT,inec-pu-92294
WARD,inec-ward-6601,POLLING_UNIT,inec-pu-92295
WARD,inec-ward-6601,POLLING_UNIT,inec-pu-92296
WARD,inec-ward-6601,POLLING_UNIT,inec-pu-92297
WARD,inec-ward-6601,POLLING_UNIT,inec-pu-92298
WARD,inec-ward-6601,POLLING_UNIT,inec-pu-92299
WARD,inec-ward-6601,POLLING_UNIT,inec-pu-92300
WARD,inec-ward-6601,POLLING_UNIT,inec-pu-92301
WARD,inec-ward-6601,POLLING_UNIT,inec-pu-92302
WARD,inec-ward-6601,POLLING_UNIT,inec-pu-92303
WARD,inec-ward-6601,POLLING_UNIT,inec-pu-92304
WARD,inec-ward-6601,POLLING_UNIT,inec-pu-661607
WARD,inec-ward-6601,POLLING_UNIT,inec-pu-661608
WARD,inec-ward-6601,POLLING_UNIT,inec-pu-661609
WARD,inec-ward-6601,POLLING_UNIT,inec-pu-661610
WARD,inec-ward-6601,POLLING_UNIT,inec-pu-661611
WARD,inec-ward-6601,POLLING_UNIT,inec-pu-661612
WARD,inec-ward-6601,POLLING_UNIT,inec-pu-661613
WARD,inec-ward-6601,POLLING_UNIT,inec-pu-661614
WARD,inec-ward-6601,POLLING_UNIT,inec-pu-661615
WARD,inec-ward-6601,POLLING_UNIT,inec-pu-661616
STATE_CONSTITUENCY,state-assembly-sc-725-og,WARD,inec-ward-6602
WARD,inec-ward-6602,POLLING_UNIT,inec-pu-92305
WARD,inec-ward-6602,POLLING_UNIT,inec-pu-92306
WARD,inec-ward-6602,POLLING_UNIT,inec-pu-92307
WARD,inec-ward-6602,POLLING_UNIT,inec-pu-92308
WARD,inec-ward-6602,POLLING_UNIT,inec-pu-92309
WARD,inec-ward-6602,POLLING_UNIT,inec-pu-92310
WARD,inec-ward-6602,POLLING_UNIT,inec-pu-92311
WARD,inec-ward-6602,POLLING_UNIT,inec-pu-92312
STATE_CONSTITUENCY,state-assembly-sc-725-og,WARD,inec-ward-6603
WARD,inec-ward-6603,POLLING_UNIT,inec-pu-92313
WARD,inec-ward-6603,POLLING_UNIT,inec-pu-92314
WARD,inec-ward-6603,POLLING_UNIT,inec-pu-92315
WARD,inec-ward-6603,POLLING_UNIT,inec-pu-92316
WARD,inec-ward-6603,POLLING_UNIT,inec-pu-92317
WARD,inec-ward-6603,POLLING_UNIT,inec-pu-92318
WARD,inec-ward-6603,POLLING_UNIT,inec-pu-92319
WARD,inec-ward-6603,POLLING_UNIT,inec-pu-92320
WARD,inec-ward-6603,POLLING_UNIT,inec-pu-92321
WARD,inec-ward-6603,POLLING_UNIT,inec-pu-92322
WARD,inec-ward-6603,POLLING_UNIT,inec-pu-92323
WARD,inec-ward-6603,POLLING_UNIT,inec-pu-92324
WARD,inec-ward-6603,POLLING_UNIT,inec-pu-661617
WARD,inec-ward-6603,POLLING_UNIT,inec-pu-661618
STATE_CONSTITUENCY,state-assembly-sc-725-og,WARD,inec-ward-6604
WARD,inec-ward-6604,POLLING_UNIT,inec-pu-92325
WARD,inec-ward-6604,POLLING_UNIT,inec-pu-92326
WARD,inec-ward-6604,POLLING_UNIT,inec-pu-92327
WARD,inec-ward-6604,POLLING_UNIT,inec-pu-92328
WARD,inec-ward-6604,POLLING_UNIT,inec-pu-92329
WARD,inec-ward-6604,POLLING_UNIT,inec-pu-92330
WARD,inec-ward-6604,POLLING_UNIT,inec-pu-92331
WARD,inec-ward-6604,POLLING_UNIT,inec-pu-92332
WARD,inec-ward-6604,POLLING_UNIT,inec-pu-92333
WARD,inec-ward-6604,POLLING_UNIT,inec-pu-92334
WARD,inec-ward-6604,POLLING_UNIT,inec-pu-92335
WARD,inec-ward-6604,POLLING_UNIT,inec-pu-92336
WARD,inec-ward-6604,POLLING_UNIT,inec-pu-661576
STATE_CONSTITUENCY,state-assembly-sc-725-og,WARD,inec-ward-6605
WARD,inec-ward-6605,POLLING_UNIT,inec-pu-92337
WARD,inec-ward-6605,POLLING_UNIT,inec-pu-92338
WARD,inec-ward-6605,POLLING_UNIT,inec-pu-92339
WARD,inec-ward-6605,POLLING_UNIT,inec-pu-92340
WARD,inec-ward-6605,POLLING_UNIT,inec-pu-92341
WARD,inec-ward-6605,POLLING_UNIT,inec-pu-92342
WARD,inec-ward-6605,POLLING_UNIT,inec-pu-92343
WARD,inec-ward-6605,POLLING_UNIT,inec-pu-92344
WARD,inec-ward-6605,POLLING_UNIT,inec-pu-92345
WARD,inec-ward-6605,POLLING_UNIT,inec-pu-92346
WARD,inec-ward-6605,POLLING_UNIT,inec-pu-92347
WARD,inec-ward-6605,POLLING_UNIT,inec-pu-92348
WARD,inec-ward-6605,POLLING_UNIT,inec-pu-92349
WARD,inec-ward-6605,POLLING_UNIT,inec-pu-92350
WARD,inec-ward-6605,POLLING_UNIT,inec-pu-92351
WARD,inec-ward-6605,POLLING_UNIT,inec-pu-92352
WARD,inec-ward-6605,POLLING_UNIT,inec-pu-661577
WARD,inec-ward-6605,POLLING_UNIT,inec-pu-661578
WARD,inec-ward-6605,POLLING_UNIT,inec-pu-661579
WARD,inec-ward-6605,POLLING_UNIT,inec-pu-661580
WARD,inec-ward-6605,POLLING_UNIT,inec-pu-661581
WARD,inec-ward-6605,POLLING_UNIT,inec-pu-661582
STATE_CONSTITUENCY,state-assembly-sc-725-og,WARD,inec-ward-6606
WARD,inec-ward-6606,POLLING_UNIT,inec-pu-92353
WARD,inec-ward-6606,POLLING_UNIT,inec-pu-92354
WARD,inec-ward-6606,POLLING_UNIT,inec-pu-92355
WARD,inec-ward-6606,POLLING_UNIT,inec-pu-92356
WARD,inec-ward-6606,POLLING_UNIT,inec-pu-92357
WARD,inec-ward-6606,POLLING_UNIT,inec-pu-92358
WARD,inec-ward-6606,POLLING_UNIT,inec-pu-92359
WARD,inec-ward-6606,POLLING_UNIT,inec-pu-92360
WARD,inec-ward-6606,POLLING_UNIT,inec-pu-92361
WARD,inec-ward-6606,POLLING_UNIT,inec-pu-661626
WARD,inec-ward-6606,POLLING_UNIT,inec-pu-661627
WARD,inec-ward-6606,POLLING_UNIT,inec-pu-661628
WARD,inec-ward-6606,POLLING_UNIT,inec-pu-661629
WARD,inec-ward-6606,POLLING_UNIT,inec-pu-661630
WARD,inec-ward-6606,POLLING_UNIT,inec-pu-661631
WARD,inec-ward-6606,POLLING_UNIT,inec-pu-661632
WARD,inec-ward-6606,POLLING_UNIT,inec-pu-661633
WARD,inec-ward-6606,POLLING_UNIT,inec-pu-661634
WARD,inec-ward-6606,POLLING_UNIT,inec-pu-661635
WARD,inec-ward-6606,POLLING_UNIT,inec-pu-661636
WARD,inec-ward-6606,POLLING_UNIT,inec-pu-661637
WARD,inec-ward-6606,POLLING_UNIT,inec-pu-661638
WARD,inec-ward-6606,POLLING_UNIT,inec-pu-661639
WARD,inec-ward-6606,POLLING_UNIT,inec-pu-661640
WARD,inec-ward-6606,POLLING_UNIT,inec-pu-661641
STATE_CONSTITUENCY,state-assembly-sc-725-og,WARD,inec-ward-6607
WARD,inec-ward-6607,POLLING_UNIT,inec-pu-92362
WARD,inec-ward-6607,POLLING_UNIT,inec-pu-92363
WARD,inec-ward-6607,POLLING_UNIT,inec-pu-92364
WARD,inec-ward-6607,POLLING_UNIT,inec-pu-92365
WARD,inec-ward-6607,POLLING_UNIT,inec-pu-92366
WARD,inec-ward-6607,POLLING_UNIT,inec-pu-92367
WARD,inec-ward-6607,POLLING_UNIT,inec-pu-92368
WARD,inec-ward-6607,POLLING_UNIT,inec-pu-92369
WARD,inec-ward-6607,POLLING_UNIT,inec-pu-92370
WARD,inec-ward-6607,POLLING_UNIT,inec-pu-92371
WARD,inec-ward-6607,POLLING_UNIT,inec-pu-92372
WARD,inec-ward-6607,POLLING_UNIT,inec-pu-92373
WARD,inec-ward-6607,POLLING_UNIT,inec-pu-92374
WARD,inec-ward-6607,POLLING_UNIT,inec-pu-92375
WARD,inec-ward-6607,POLLING_UNIT,inec-pu-661583
WARD,inec-ward-6607,POLLING_UNIT,inec-pu-661584
WARD,inec-ward-6607,POLLING_UNIT,inec-pu-661585
WARD,inec-ward-6607,POLLING_UNIT,inec-pu-661586
WARD,inec-ward-6607,POLLING_UNIT,inec-pu-661587
WARD,inec-ward-6607,POLLING_UNIT,inec-pu-661588
WARD,inec-ward-6607,POLLING_UNIT,inec-pu-661589
WARD,inec-ward-6607,POLLING_UNIT,inec-pu-661590
WARD,inec-ward-6607,POLLING_UNIT,inec-pu-661591
WARD,inec-ward-6607,POLLING_UNIT,inec-pu-661592
WARD,inec-ward-6607,POLLING_UNIT,inec-pu-661593
WARD,inec-ward-6607,POLLING_UNIT,inec-pu-661594
WARD,inec-ward-6607,POLLING_UNIT,inec-pu-661595
WARD,inec-ward-6607,POLLING_UNIT,inec-pu-661596
WARD,inec-ward-6607,POLLING_UNIT,inec-pu-661597
WARD,inec-ward-6607,POLLING_UNIT,inec-pu-661598
WARD,inec-ward-6607,POLLING_UNIT,inec-pu-661599
WARD,inec-ward-6607,POLLING_UNIT,inec-pu-661600
WARD,inec-ward-6607,POLLING_UNIT,inec-pu-661601
WARD,inec-ward-6607,POLLING_UNIT,inec-pu-661602
WARD,inec-ward-6607,POLLING_UNIT,inec-pu-661603
WARD,inec-ward-6607,POLLING_UNIT,inec-pu-661604
WARD,inec-ward-6607,POLLING_UNIT,inec-pu-661605
WARD,inec-ward-6607,POLLING_UNIT,inec-pu-675489
STATE_CONSTITUENCY,state-assembly-sc-725-og,WARD,inec-ward-6608
WARD,inec-ward-6608,POLLING_UNIT,inec-pu-92376
WARD,inec-ward-6608,POLLING_UNIT,inec-pu-92377
WARD,inec-ward-6608,POLLING_UNIT,inec-pu-92378
WARD,inec-ward-6608,POLLING_UNIT,inec-pu-92379
WARD,inec-ward-6608,POLLING_UNIT,inec-pu-92380
WARD,inec-ward-6608,POLLING_UNIT,inec-pu-92381
WARD,inec-ward-6608,POLLING_UNIT,inec-pu-92382
WARD,inec-ward-6608,POLLING_UNIT,inec-pu-661575
STATE_CONSTITUENCY,state-assembly-sc-725-og,WARD,inec-ward-6609
WARD,inec-ward-6609,POLLING_UNIT,inec-pu-92383
WARD,inec-ward-6609,POLLING_UNIT,inec-pu-92384
WARD,inec-ward-6609,POLLING_UNIT,inec-pu-92385
WARD,inec-ward-6609,POLLING_UNIT,inec-pu-92386
WARD,inec-ward-6609,POLLING_UNIT,inec-pu-92387
WARD,inec-ward-6609,POLLING_UNIT,inec-pu-92388
WARD,inec-ward-6609,POLLING_UNIT,inec-pu-92389
WARD,inec-ward-6609,POLLING_UNIT,inec-pu-92390
WARD,inec-ward-6609,POLLING_UNIT,inec-pu-92391
WARD,inec-ward-6609,POLLING_UNIT,inec-pu-92392
STATE_CONSTITUENCY,state-assembly-sc-725-og,WARD,inec-ward-6610
WARD,inec-ward-6610,POLLING_UNIT,inec-pu-92393
WARD,inec-ward-6610,POLLING_UNIT,inec-pu-92394
WARD,inec-ward-6610,POLLING_UNIT,inec-pu-92395
WARD,inec-ward-6610,POLLING_UNIT,inec-pu-92396
WARD,inec-ward-6610,POLLING_UNIT,inec-pu-92397
WARD,inec-ward-6610,POLLING_UNIT,inec-pu-92398
WARD,inec-ward-6610,POLLING_UNIT,inec-pu-92399
WARD,inec-ward-6610,POLLING_UNIT,inec-pu-92400
WARD,inec-ward-6610,POLLING_UNIT,inec-pu-92401
WARD,inec-ward-6610,POLLING_UNIT,inec-pu-92402
WARD,inec-ward-6610,POLLING_UNIT,inec-pu-92403
WARD,inec-ward-6610,POLLING_UNIT,inec-pu-92404
WARD,inec-ward-6610,POLLING_UNIT,inec-pu-661619
WARD,inec-ward-6610,POLLING_UNIT,inec-pu-661620
WARD,inec-ward-6610,POLLING_UNIT,inec-pu-661621
WARD,inec-ward-6610,POLLING_UNIT,inec-pu-661622
WARD,inec-ward-6610,POLLING_UNIT,inec-pu-661623
WARD,inec-ward-6610,POLLING_UNIT,inec-pu-661624
WARD,inec-ward-6610,POLLING_UNIT,inec-pu-661625
STATE_CONSTITUENCY,state-assembly-sc-736-og,WARD,inec-ward-6611
WARD,inec-ward-6611,POLLING_UNIT,inec-pu-92405
WARD,inec-ward-6611,POLLING_UNIT,inec-pu-92406
WARD,inec-ward-6611,POLLING_UNIT,inec-pu-92407
WARD,inec-ward-6611,POLLING_UNIT,inec-pu-92408
WARD,inec-ward-6611,POLLING_UNIT,inec-pu-661664
WARD,inec-ward-6611,POLLING_UNIT,inec-pu-661665
WARD,inec-ward-6611,POLLING_UNIT,inec-pu-661666
WARD,inec-ward-6611,POLLING_UNIT,inec-pu-661667
WARD,inec-ward-6611,POLLING_UNIT,inec-pu-661668
STATE_CONSTITUENCY,state-assembly-sc-736-og,WARD,inec-ward-6612
WARD,inec-ward-6612,POLLING_UNIT,inec-pu-92409
WARD,inec-ward-6612,POLLING_UNIT,inec-pu-92410
WARD,inec-ward-6612,POLLING_UNIT,inec-pu-92411
WARD,inec-ward-6612,POLLING_UNIT,inec-pu-92412
WARD,inec-ward-6612,POLLING_UNIT,inec-pu-92413
WARD,inec-ward-6612,POLLING_UNIT,inec-pu-92414
WARD,inec-ward-6612,POLLING_UNIT,inec-pu-92415
WARD,inec-ward-6612,POLLING_UNIT,inec-pu-92416
WARD,inec-ward-6612,POLLING_UNIT,inec-pu-92417
WARD,inec-ward-6612,POLLING_UNIT,inec-pu-92418
WARD,inec-ward-6612,POLLING_UNIT,inec-pu-92419
WARD,inec-ward-6612,POLLING_UNIT,inec-pu-661657
WARD,inec-ward-6612,POLLING_UNIT,inec-pu-661658
WARD,inec-ward-6612,POLLING_UNIT,inec-pu-661659
WARD,inec-ward-6612,POLLING_UNIT,inec-pu-661660
WARD,inec-ward-6612,POLLING_UNIT,inec-pu-661661
WARD,inec-ward-6612,POLLING_UNIT,inec-pu-661662
WARD,inec-ward-6612,POLLING_UNIT,inec-pu-661663
STATE_CONSTITUENCY,state-assembly-sc-736-og,WARD,inec-ward-6613
WARD,inec-ward-6613,POLLING_UNIT,inec-pu-92420
WARD,inec-ward-6613,POLLING_UNIT,inec-pu-92421
WARD,inec-ward-6613,POLLING_UNIT,inec-pu-92422
WARD,inec-ward-6613,POLLING_UNIT,inec-pu-92423
WARD,inec-ward-6613,POLLING_UNIT,inec-pu-92424
WARD,inec-ward-6613,POLLING_UNIT,inec-pu-92425
WARD,inec-ward-6613,POLLING_UNIT,inec-pu-92426
WARD,inec-ward-6613,POLLING_UNIT,inec-pu-92427
WARD,inec-ward-6613,POLLING_UNIT,inec-pu-92428
WARD,inec-ward-6613,POLLING_UNIT,inec-pu-661697
WARD,inec-ward-6613,POLLING_UNIT,inec-pu-661698
STATE_CONSTITUENCY,state-assembly-sc-736-og,WARD,inec-ward-6614
WARD,inec-ward-6614,POLLING_UNIT,inec-pu-92429
WARD,inec-ward-6614,POLLING_UNIT,inec-pu-92430
WARD,inec-ward-6614,POLLING_UNIT,inec-pu-92431
WARD,inec-ward-6614,POLLING_UNIT,inec-pu-92432
WARD,inec-ward-6614,POLLING_UNIT,inec-pu-92433
WARD,inec-ward-6614,POLLING_UNIT,inec-pu-92434
WARD,inec-ward-6614,POLLING_UNIT,inec-pu-92435
WARD,inec-ward-6614,POLLING_UNIT,inec-pu-92436
WARD,inec-ward-6614,POLLING_UNIT,inec-pu-92437
WARD,inec-ward-6614,POLLING_UNIT,inec-pu-661670
WARD,inec-ward-6614,POLLING_UNIT,inec-pu-661671
WARD,inec-ward-6614,POLLING_UNIT,inec-pu-661672
STATE_CONSTITUENCY,state-assembly-sc-736-og,WARD,inec-ward-6615
WARD,inec-ward-6615,POLLING_UNIT,inec-pu-92438
WARD,inec-ward-6615,POLLING_UNIT,inec-pu-92439
WARD,inec-ward-6615,POLLING_UNIT,inec-pu-92440
WARD,inec-ward-6615,POLLING_UNIT,inec-pu-92441
WARD,inec-ward-6615,POLLING_UNIT,inec-pu-92442
WARD,inec-ward-6615,POLLING_UNIT,inec-pu-92443
WARD,inec-ward-6615,POLLING_UNIT,inec-pu-92444
WARD,inec-ward-6615,POLLING_UNIT,inec-pu-92445
WARD,inec-ward-6615,POLLING_UNIT,inec-pu-661673
WARD,inec-ward-6615,POLLING_UNIT,inec-pu-661674
WARD,inec-ward-6615,POLLING_UNIT,inec-pu-661675
WARD,inec-ward-6615,POLLING_UNIT,inec-pu-661676
STATE_CONSTITUENCY,state-assembly-sc-736-og,WARD,inec-ward-6616
WARD,inec-ward-6616,POLLING_UNIT,inec-pu-92446
WARD,inec-ward-6616,POLLING_UNIT,inec-pu-92447
WARD,inec-ward-6616,POLLING_UNIT,inec-pu-92448
WARD,inec-ward-6616,POLLING_UNIT,inec-pu-92449
WARD,inec-ward-6616,POLLING_UNIT,inec-pu-92450
WARD,inec-ward-6616,POLLING_UNIT,inec-pu-92451
WARD,inec-ward-6616,POLLING_UNIT,inec-pu-92452
WARD,inec-ward-6616,POLLING_UNIT,inec-pu-92453
WARD,inec-ward-6616,POLLING_UNIT,inec-pu-661642
WARD,inec-ward-6616,POLLING_UNIT,inec-pu-661643
WARD,inec-ward-6616,POLLING_UNIT,inec-pu-661644
WARD,inec-ward-6616,POLLING_UNIT,inec-pu-661645
WARD,inec-ward-6616,POLLING_UNIT,inec-pu-661646
WARD,inec-ward-6616,POLLING_UNIT,inec-pu-661647
STATE_CONSTITUENCY,state-assembly-sc-736-og,WARD,inec-ward-6617
WARD,inec-ward-6617,POLLING_UNIT,inec-pu-92454
WARD,inec-ward-6617,POLLING_UNIT,inec-pu-92455
WARD,inec-ward-6617,POLLING_UNIT,inec-pu-92456
WARD,inec-ward-6617,POLLING_UNIT,inec-pu-92457
WARD,inec-ward-6617,POLLING_UNIT,inec-pu-92458
WARD,inec-ward-6617,POLLING_UNIT,inec-pu-92459
WARD,inec-ward-6617,POLLING_UNIT,inec-pu-92460
WARD,inec-ward-6617,POLLING_UNIT,inec-pu-661701
WARD,inec-ward-6617,POLLING_UNIT,inec-pu-661702
WARD,inec-ward-6617,POLLING_UNIT,inec-pu-661703
WARD,inec-ward-6617,POLLING_UNIT,inec-pu-661704
WARD,inec-ward-6617,POLLING_UNIT,inec-pu-661705
WARD,inec-ward-6617,POLLING_UNIT,inec-pu-661706
WARD,inec-ward-6617,POLLING_UNIT,inec-pu-661707
STATE_CONSTITUENCY,state-assembly-sc-736-og,WARD,inec-ward-6618
WARD,inec-ward-6618,POLLING_UNIT,inec-pu-92461
WARD,inec-ward-6618,POLLING_UNIT,inec-pu-92462
WARD,inec-ward-6618,POLLING_UNIT,inec-pu-92463
WARD,inec-ward-6618,POLLING_UNIT,inec-pu-92464
WARD,inec-ward-6618,POLLING_UNIT,inec-pu-661651
WARD,inec-ward-6618,POLLING_UNIT,inec-pu-661652
WARD,inec-ward-6618,POLLING_UNIT,inec-pu-661653
WARD,inec-ward-6618,POLLING_UNIT,inec-pu-661654
STATE_CONSTITUENCY,state-assembly-sc-736-og,WARD,inec-ward-6619
WARD,inec-ward-6619,POLLING_UNIT,inec-pu-92465
WARD,inec-ward-6619,POLLING_UNIT,inec-pu-92466
WARD,inec-ward-6619,POLLING_UNIT,inec-pu-92467
WARD,inec-ward-6619,POLLING_UNIT,inec-pu-92468
WARD,inec-ward-6619,POLLING_UNIT,inec-pu-92469
WARD,inec-ward-6619,POLLING_UNIT,inec-pu-92470
WARD,inec-ward-6619,POLLING_UNIT,inec-pu-661648
WARD,inec-ward-6619,POLLING_UNIT,inec-pu-661649
WARD,inec-ward-6619,POLLING_UNIT,inec-pu-661650
STATE_CONSTITUENCY,state-assembly-sc-736-og,WARD,inec-ward-6620
WARD,inec-ward-6620,POLLING_UNIT,inec-pu-92471
WARD,inec-ward-6620,POLLING_UNIT,inec-pu-92472
WARD,inec-ward-6620,POLLING_UNIT,inec-pu-92473
WARD,inec-ward-6620,POLLING_UNIT,inec-pu-92474
WARD,inec-ward-6620,POLLING_UNIT,inec-pu-92475
WARD,inec-ward-6620,POLLING_UNIT,inec-pu-661655
WARD,inec-ward-6620,POLLING_UNIT,inec-pu-661656
STATE_CONSTITUENCY,state-assembly-sc-736-og,WARD,inec-ward-6621
WARD,inec-ward-6621,POLLING_UNIT,inec-pu-92476
WARD,inec-ward-6621,POLLING_UNIT,inec-pu-92477
WARD,inec-ward-6621,POLLING_UNIT,inec-pu-92478
WARD,inec-ward-6621,POLLING_UNIT,inec-pu-92479
WARD,inec-ward-6621,POLLING_UNIT,inec-pu-92480
WARD,inec-ward-6621,POLLING_UNIT,inec-pu-92481
WARD,inec-ward-6621,POLLING_UNIT,inec-pu-92482
WARD,inec-ward-6621,POLLING_UNIT,inec-pu-92483
WARD,inec-ward-6621,POLLING_UNIT,inec-pu-92484
WARD,inec-ward-6621,POLLING_UNIT,inec-pu-92485
WARD,inec-ward-6621,POLLING_UNIT,inec-pu-92486
WARD,inec-ward-6621,POLLING_UNIT,inec-pu-92487
WARD,inec-ward-6621,POLLING_UNIT,inec-pu-92488
WARD,inec-ward-6621,POLLING_UNIT,inec-pu-92489
WARD,inec-ward-6621,POLLING_UNIT,inec-pu-661677
WARD,inec-ward-6621,POLLING_UNIT,inec-pu-661678
WARD,inec-ward-6621,POLLING_UNIT,inec-pu-661679
WARD,inec-ward-6621,POLLING_UNIT,inec-pu-661680
WARD,inec-ward-6621,POLLING_UNIT,inec-pu-661681
WARD,inec-ward-6621,POLLING_UNIT,inec-pu-661682
WARD,inec-ward-6621,POLLING_UNIT,inec-pu-661683
WARD,inec-ward-6621,POLLING_UNIT,inec-pu-661684
WARD,inec-ward-6621,POLLING_UNIT,inec-pu-661685
WARD,inec-ward-6621,POLLING_UNIT,inec-pu-661686
WARD,inec-ward-6621,POLLING_UNIT,inec-pu-661687
WARD,inec-ward-6621,POLLING_UNIT,inec-pu-661688
WARD,inec-ward-6621,POLLING_UNIT,inec-pu-661689
WARD,inec-ward-6621,POLLING_UNIT,inec-pu-661690
STATE_CONSTITUENCY,state-assembly-sc-736-og,WARD,inec-ward-6622
WARD,inec-ward-6622,POLLING_UNIT,inec-pu-92490
WARD,inec-ward-6622,POLLING_UNIT,inec-pu-92491
WARD,inec-ward-6622,POLLING_UNIT,inec-pu-92492
WARD,inec-ward-6622,POLLING_UNIT,inec-pu-92493
WARD,inec-ward-6622,POLLING_UNIT,inec-pu-92494
WARD,inec-ward-6622,POLLING_UNIT,inec-pu-92495
WARD,inec-ward-6622,POLLING_UNIT,inec-pu-92496
STATE_CONSTITUENCY,state-assembly-sc-736-og,WARD,inec-ward-6623
WARD,inec-ward-6623,POLLING_UNIT,inec-pu-92497
WARD,inec-ward-6623,POLLING_UNIT,inec-pu-92498
WARD,inec-ward-6623,POLLING_UNIT,inec-pu-92499
WARD,inec-ward-6623,POLLING_UNIT,inec-pu-661669
STATE_CONSTITUENCY,state-assembly-sc-736-og,WARD,inec-ward-6624
WARD,inec-ward-6624,POLLING_UNIT,inec-pu-92500
WARD,inec-ward-6624,POLLING_UNIT,inec-pu-92501
WARD,inec-ward-6624,POLLING_UNIT,inec-pu-92502
WARD,inec-ward-6624,POLLING_UNIT,inec-pu-92503
WARD,inec-ward-6624,POLLING_UNIT,inec-pu-92504
WARD,inec-ward-6624,POLLING_UNIT,inec-pu-92505
WARD,inec-ward-6624,POLLING_UNIT,inec-pu-92506
WARD,inec-ward-6624,POLLING_UNIT,inec-pu-92507
WARD,inec-ward-6624,POLLING_UNIT,inec-pu-92508
WARD,inec-ward-6624,POLLING_UNIT,inec-pu-92509
WARD,inec-ward-6624,POLLING_UNIT,inec-pu-661699
WARD,inec-ward-6624,POLLING_UNIT,inec-pu-661700
STATE_CONSTITUENCY,state-assembly-sc-736-og,WARD,inec-ward-6625
WARD,inec-ward-6625,POLLING_UNIT,inec-pu-92510
WARD,inec-ward-6625,POLLING_UNIT,inec-pu-92511
WARD,inec-ward-6625,POLLING_UNIT,inec-pu-92512
WARD,inec-ward-6625,POLLING_UNIT,inec-pu-92513
WARD,inec-ward-6625,POLLING_UNIT,inec-pu-92514
WARD,inec-ward-6625,POLLING_UNIT,inec-pu-92515
WARD,inec-ward-6625,POLLING_UNIT,inec-pu-92516
WARD,inec-ward-6625,POLLING_UNIT,inec-pu-661691
WARD,inec-ward-6625,POLLING_UNIT,inec-pu-661692
WARD,inec-ward-6625,POLLING_UNIT,inec-pu-661693
WARD,inec-ward-6625,POLLING_UNIT,inec-pu-661694
WARD,inec-ward-6625,POLLING_UNIT,inec-pu-661695
WARD,inec-ward-6625,POLLING_UNIT,inec-pu-661696
STATE_CONSTITUENCY,state-assembly-sc-734-og,WARD,inec-ward-6626
WARD,inec-ward-6626,POLLING_UNIT,inec-pu-92517
WARD,inec-ward-6626,POLLING_UNIT,inec-pu-92518
WARD,inec-ward-6626,POLLING_UNIT,inec-pu-92519
WARD,inec-ward-6626,POLLING_UNIT,inec-pu-92520
WARD,inec-ward-6626,POLLING_UNIT,inec-pu-92521
WARD,inec-ward-6626,POLLING_UNIT,inec-pu-92522
WARD,inec-ward-6626,POLLING_UNIT,inec-pu-92523
WARD,inec-ward-6626,POLLING_UNIT,inec-pu-92524
WARD,inec-ward-6626,POLLING_UNIT,inec-pu-661713
WARD,inec-ward-6626,POLLING_UNIT,inec-pu-661714
WARD,inec-ward-6626,POLLING_UNIT,inec-pu-661715
WARD,inec-ward-6626,POLLING_UNIT,inec-pu-661716
WARD,inec-ward-6626,POLLING_UNIT,inec-pu-661717
STATE_CONSTITUENCY,state-assembly-sc-734-og,WARD,inec-ward-6627
WARD,inec-ward-6627,POLLING_UNIT,inec-pu-92525
WARD,inec-ward-6627,POLLING_UNIT,inec-pu-92526
WARD,inec-ward-6627,POLLING_UNIT,inec-pu-92527
WARD,inec-ward-6627,POLLING_UNIT,inec-pu-92528
WARD,inec-ward-6627,POLLING_UNIT,inec-pu-92529
WARD,inec-ward-6627,POLLING_UNIT,inec-pu-92530
WARD,inec-ward-6627,POLLING_UNIT,inec-pu-92531
WARD,inec-ward-6627,POLLING_UNIT,inec-pu-92532
WARD,inec-ward-6627,POLLING_UNIT,inec-pu-92533
WARD,inec-ward-6627,POLLING_UNIT,inec-pu-92534
WARD,inec-ward-6627,POLLING_UNIT,inec-pu-92535
WARD,inec-ward-6627,POLLING_UNIT,inec-pu-661708
STATE_CONSTITUENCY,state-assembly-sc-734-og,WARD,inec-ward-6628
WARD,inec-ward-6628,POLLING_UNIT,inec-pu-92536
WARD,inec-ward-6628,POLLING_UNIT,inec-pu-92537
WARD,inec-ward-6628,POLLING_UNIT,inec-pu-92538
WARD,inec-ward-6628,POLLING_UNIT,inec-pu-92539
WARD,inec-ward-6628,POLLING_UNIT,inec-pu-92540
WARD,inec-ward-6628,POLLING_UNIT,inec-pu-92541
WARD,inec-ward-6628,POLLING_UNIT,inec-pu-92542
WARD,inec-ward-6628,POLLING_UNIT,inec-pu-92543
WARD,inec-ward-6628,POLLING_UNIT,inec-pu-92544
WARD,inec-ward-6628,POLLING_UNIT,inec-pu-92545
WARD,inec-ward-6628,POLLING_UNIT,inec-pu-92546
WARD,inec-ward-6628,POLLING_UNIT,inec-pu-92547
WARD,inec-ward-6628,POLLING_UNIT,inec-pu-92548
STATE_CONSTITUENCY,state-assembly-sc-734-og,WARD,inec-ward-6629
WARD,inec-ward-6629,POLLING_UNIT,inec-pu-92549
WARD,inec-ward-6629,POLLING_UNIT,inec-pu-92550
WARD,inec-ward-6629,POLLING_UNIT,inec-pu-92551
WARD,inec-ward-6629,POLLING_UNIT,inec-pu-92552
WARD,inec-ward-6629,POLLING_UNIT,inec-pu-92553
WARD,inec-ward-6629,POLLING_UNIT,inec-pu-92554
WARD,inec-ward-6629,POLLING_UNIT,inec-pu-92555
WARD,inec-ward-6629,POLLING_UNIT,inec-pu-92556
WARD,inec-ward-6629,POLLING_UNIT,inec-pu-92557
WARD,inec-ward-6629,POLLING_UNIT,inec-pu-92558
WARD,inec-ward-6629,POLLING_UNIT,inec-pu-92559
WARD,inec-ward-6629,POLLING_UNIT,inec-pu-92560
WARD,inec-ward-6629,POLLING_UNIT,inec-pu-92561
WARD,inec-ward-6629,POLLING_UNIT,inec-pu-92562
WARD,inec-ward-6629,POLLING_UNIT,inec-pu-92563
WARD,inec-ward-6629,POLLING_UNIT,inec-pu-661718
STATE_CONSTITUENCY,state-assembly-sc-734-og,WARD,inec-ward-6630
WARD,inec-ward-6630,POLLING_UNIT,inec-pu-92564
WARD,inec-ward-6630,POLLING_UNIT,inec-pu-92565
WARD,inec-ward-6630,POLLING_UNIT,inec-pu-92566
WARD,inec-ward-6630,POLLING_UNIT,inec-pu-92567
WARD,inec-ward-6630,POLLING_UNIT,inec-pu-92568
WARD,inec-ward-6630,POLLING_UNIT,inec-pu-92569
WARD,inec-ward-6630,POLLING_UNIT,inec-pu-92570
WARD,inec-ward-6630,POLLING_UNIT,inec-pu-92571
WARD,inec-ward-6630,POLLING_UNIT,inec-pu-92572
WARD,inec-ward-6630,POLLING_UNIT,inec-pu-92573
WARD,inec-ward-6630,POLLING_UNIT,inec-pu-92574
WARD,inec-ward-6630,POLLING_UNIT,inec-pu-92575
WARD,inec-ward-6630,POLLING_UNIT,inec-pu-92576
WARD,inec-ward-6630,POLLING_UNIT,inec-pu-92577
WARD,inec-ward-6630,POLLING_UNIT,inec-pu-661709
STATE_CONSTITUENCY,state-assembly-sc-734-og,WARD,inec-ward-6631
WARD,inec-ward-6631,POLLING_UNIT,inec-pu-92578
WARD,inec-ward-6631,POLLING_UNIT,inec-pu-92579
WARD,inec-ward-6631,POLLING_UNIT,inec-pu-92580
WARD,inec-ward-6631,POLLING_UNIT,inec-pu-92581
WARD,inec-ward-6631,POLLING_UNIT,inec-pu-92582
WARD,inec-ward-6631,POLLING_UNIT,inec-pu-92583
WARD,inec-ward-6631,POLLING_UNIT,inec-pu-92584
WARD,inec-ward-6631,POLLING_UNIT,inec-pu-92585
WARD,inec-ward-6631,POLLING_UNIT,inec-pu-92586
WARD,inec-ward-6631,POLLING_UNIT,inec-pu-92587
WARD,inec-ward-6631,POLLING_UNIT,inec-pu-92588
STATE_CONSTITUENCY,state-assembly-sc-734-og,WARD,inec-ward-6632
WARD,inec-ward-6632,POLLING_UNIT,inec-pu-92589
WARD,inec-ward-6632,POLLING_UNIT,inec-pu-92590
WARD,inec-ward-6632,POLLING_UNIT,inec-pu-92591
WARD,inec-ward-6632,POLLING_UNIT,inec-pu-92592
WARD,inec-ward-6632,POLLING_UNIT,inec-pu-92593
WARD,inec-ward-6632,POLLING_UNIT,inec-pu-92594
WARD,inec-ward-6632,POLLING_UNIT,inec-pu-92595
WARD,inec-ward-6632,POLLING_UNIT,inec-pu-92596
WARD,inec-ward-6632,POLLING_UNIT,inec-pu-92597
WARD,inec-ward-6632,POLLING_UNIT,inec-pu-92598
WARD,inec-ward-6632,POLLING_UNIT,inec-pu-92599
WARD,inec-ward-6632,POLLING_UNIT,inec-pu-661710
WARD,inec-ward-6632,POLLING_UNIT,inec-pu-661711
WARD,inec-ward-6632,POLLING_UNIT,inec-pu-661712
STATE_CONSTITUENCY,state-assembly-sc-734-og,WARD,inec-ward-6633
WARD,inec-ward-6633,POLLING_UNIT,inec-pu-92600
WARD,inec-ward-6633,POLLING_UNIT,inec-pu-92601
WARD,inec-ward-6633,POLLING_UNIT,inec-pu-92602
WARD,inec-ward-6633,POLLING_UNIT,inec-pu-92603
WARD,inec-ward-6633,POLLING_UNIT,inec-pu-92604
WARD,inec-ward-6633,POLLING_UNIT,inec-pu-92605
WARD,inec-ward-6633,POLLING_UNIT,inec-pu-92606
WARD,inec-ward-6633,POLLING_UNIT,inec-pu-92607
WARD,inec-ward-6633,POLLING_UNIT,inec-pu-92608
STATE_CONSTITUENCY,state-assembly-sc-734-og,WARD,inec-ward-6634
WARD,inec-ward-6634,POLLING_UNIT,inec-pu-92609
WARD,inec-ward-6634,POLLING_UNIT,inec-pu-92610
WARD,inec-ward-6634,POLLING_UNIT,inec-pu-92611
WARD,inec-ward-6634,POLLING_UNIT,inec-pu-92612
WARD,inec-ward-6634,POLLING_UNIT,inec-pu-92613
WARD,inec-ward-6634,POLLING_UNIT,inec-pu-92614
WARD,inec-ward-6634,POLLING_UNIT,inec-pu-92615
WARD,inec-ward-6634,POLLING_UNIT,inec-pu-92616
WARD,inec-ward-6634,POLLING_UNIT,inec-pu-92617
WARD,inec-ward-6634,POLLING_UNIT,inec-pu-92618
WARD,inec-ward-6634,POLLING_UNIT,inec-pu-92619
WARD,inec-ward-6634,POLLING_UNIT,inec-pu-661719
STATE_CONSTITUENCY,state-assembly-sc-734-og,WARD,inec-ward-6635
WARD,inec-ward-6635,POLLING_UNIT,inec-pu-92620
WARD,inec-ward-6635,POLLING_UNIT,inec-pu-92621
WARD,inec-ward-6635,POLLING_UNIT,inec-pu-92622
WARD,inec-ward-6635,POLLING_UNIT,inec-pu-92623
WARD,inec-ward-6635,POLLING_UNIT,inec-pu-92624
WARD,inec-ward-6635,POLLING_UNIT,inec-pu-92625
WARD,inec-ward-6635,POLLING_UNIT,inec-pu-92626
WARD,inec-ward-6635,POLLING_UNIT,inec-pu-92627
WARD,inec-ward-6635,POLLING_UNIT,inec-pu-92628
WARD,inec-ward-6635,POLLING_UNIT,inec-pu-661720
WARD,inec-ward-6635,POLLING_UNIT,inec-pu-661721
STATE_CONSTITUENCY,state-assembly-sc-941-og,WARD,inec-ward-6636
WARD,inec-ward-6636,POLLING_UNIT,inec-pu-92629
WARD,inec-ward-6636,POLLING_UNIT,inec-pu-92630
WARD,inec-ward-6636,POLLING_UNIT,inec-pu-92631
WARD,inec-ward-6636,POLLING_UNIT,inec-pu-92632
WARD,inec-ward-6636,POLLING_UNIT,inec-pu-92633
WARD,inec-ward-6636,POLLING_UNIT,inec-pu-92634
WARD,inec-ward-6636,POLLING_UNIT,inec-pu-92635
WARD,inec-ward-6636,POLLING_UNIT,inec-pu-92636
WARD,inec-ward-6636,POLLING_UNIT,inec-pu-92637
WARD,inec-ward-6636,POLLING_UNIT,inec-pu-92638
WARD,inec-ward-6636,POLLING_UNIT,inec-pu-92639
WARD,inec-ward-6636,POLLING_UNIT,inec-pu-92640
WARD,inec-ward-6636,POLLING_UNIT,inec-pu-92641
WARD,inec-ward-6636,POLLING_UNIT,inec-pu-92642
WARD,inec-ward-6636,POLLING_UNIT,inec-pu-92643
WARD,inec-ward-6636,POLLING_UNIT,inec-pu-92644
WARD,inec-ward-6636,POLLING_UNIT,inec-pu-661722
STATE_CONSTITUENCY,state-assembly-sc-941-og,WARD,inec-ward-6637
WARD,inec-ward-6637,POLLING_UNIT,inec-pu-92645
WARD,inec-ward-6637,POLLING_UNIT,inec-pu-92646
WARD,inec-ward-6637,POLLING_UNIT,inec-pu-92647
WARD,inec-ward-6637,POLLING_UNIT,inec-pu-92648
WARD,inec-ward-6637,POLLING_UNIT,inec-pu-92649
WARD,inec-ward-6637,POLLING_UNIT,inec-pu-92650
WARD,inec-ward-6637,POLLING_UNIT,inec-pu-92651
WARD,inec-ward-6637,POLLING_UNIT,inec-pu-92652
WARD,inec-ward-6637,POLLING_UNIT,inec-pu-92653
WARD,inec-ward-6637,POLLING_UNIT,inec-pu-92654
WARD,inec-ward-6637,POLLING_UNIT,inec-pu-92655
WARD,inec-ward-6637,POLLING_UNIT,inec-pu-92656
WARD,inec-ward-6637,POLLING_UNIT,inec-pu-92657
WARD,inec-ward-6637,POLLING_UNIT,inec-pu-92658
WARD,inec-ward-6637,POLLING_UNIT,inec-pu-92659
WARD,inec-ward-6637,POLLING_UNIT,inec-pu-92660
STATE_CONSTITUENCY,state-assembly-sc-941-og,WARD,inec-ward-6638
WARD,inec-ward-6638,POLLING_UNIT,inec-pu-92661
WARD,inec-ward-6638,POLLING_UNIT,inec-pu-92662
WARD,inec-ward-6638,POLLING_UNIT,inec-pu-92663
WARD,inec-ward-6638,POLLING_UNIT,inec-pu-92664
WARD,inec-ward-6638,POLLING_UNIT,inec-pu-92665
WARD,inec-ward-6638,POLLING_UNIT,inec-pu-92666
WARD,inec-ward-6638,POLLING_UNIT,inec-pu-92667
WARD,inec-ward-6638,POLLING_UNIT,inec-pu-92668
WARD,inec-ward-6638,POLLING_UNIT,inec-pu-92669
WARD,inec-ward-6638,POLLING_UNIT,inec-pu-661727
STATE_CONSTITUENCY,state-assembly-sc-941-og,WARD,inec-ward-6639
WARD,inec-ward-6639,POLLING_UNIT,inec-pu-92670
WARD,inec-ward-6639,POLLING_UNIT,inec-pu-92671
WARD,inec-ward-6639,POLLING_UNIT,inec-pu-92672
WARD,inec-ward-6639,POLLING_UNIT,inec-pu-92673
WARD,inec-ward-6639,POLLING_UNIT,inec-pu-92674
WARD,inec-ward-6639,POLLING_UNIT,inec-pu-92675
WARD,inec-ward-6639,POLLING_UNIT,inec-pu-92676
WARD,inec-ward-6639,POLLING_UNIT,inec-pu-92677
WARD,inec-ward-6639,POLLING_UNIT,inec-pu-92678
WARD,inec-ward-6639,POLLING_UNIT,inec-pu-92679
WARD,inec-ward-6639,POLLING_UNIT,inec-pu-92680
WARD,inec-ward-6639,POLLING_UNIT,inec-pu-92681
WARD,inec-ward-6639,POLLING_UNIT,inec-pu-92682
WARD,inec-ward-6639,POLLING_UNIT,inec-pu-92683
WARD,inec-ward-6639,POLLING_UNIT,inec-pu-92684
WARD,inec-ward-6639,POLLING_UNIT,inec-pu-92685
WARD,inec-ward-6639,POLLING_UNIT,inec-pu-92686
WARD,inec-ward-6639,POLLING_UNIT,inec-pu-92687
STATE_CONSTITUENCY,state-assembly-sc-941-og,WARD,inec-ward-6640
WARD,inec-ward-6640,POLLING_UNIT,inec-pu-92688
WARD,inec-ward-6640,POLLING_UNIT,inec-pu-92689
WARD,inec-ward-6640,POLLING_UNIT,inec-pu-92690
WARD,inec-ward-6640,POLLING_UNIT,inec-pu-92691
WARD,inec-ward-6640,POLLING_UNIT,inec-pu-92692
WARD,inec-ward-6640,POLLING_UNIT,inec-pu-92693
WARD,inec-ward-6640,POLLING_UNIT,inec-pu-661723
WARD,inec-ward-6640,POLLING_UNIT,inec-pu-661724
WARD,inec-ward-6640,POLLING_UNIT,inec-pu-661725
STATE_CONSTITUENCY,state-assembly-sc-941-og,WARD,inec-ward-6641
WARD,inec-ward-6641,POLLING_UNIT,inec-pu-92694
WARD,inec-ward-6641,POLLING_UNIT,inec-pu-92695
WARD,inec-ward-6641,POLLING_UNIT,inec-pu-92696
WARD,inec-ward-6641,POLLING_UNIT,inec-pu-92697
WARD,inec-ward-6641,POLLING_UNIT,inec-pu-92698
WARD,inec-ward-6641,POLLING_UNIT,inec-pu-92699
WARD,inec-ward-6641,POLLING_UNIT,inec-pu-92700
WARD,inec-ward-6641,POLLING_UNIT,inec-pu-92701
WARD,inec-ward-6641,POLLING_UNIT,inec-pu-92702
WARD,inec-ward-6641,POLLING_UNIT,inec-pu-92703
WARD,inec-ward-6641,POLLING_UNIT,inec-pu-92704
STATE_CONSTITUENCY,state-assembly-sc-941-og,WARD,inec-ward-6642
WARD,inec-ward-6642,POLLING_UNIT,inec-pu-92705
WARD,inec-ward-6642,POLLING_UNIT,inec-pu-92706
WARD,inec-ward-6642,POLLING_UNIT,inec-pu-92707
WARD,inec-ward-6642,POLLING_UNIT,inec-pu-92708
WARD,inec-ward-6642,POLLING_UNIT,inec-pu-92709
WARD,inec-ward-6642,POLLING_UNIT,inec-pu-92710
WARD,inec-ward-6642,POLLING_UNIT,inec-pu-92711
WARD,inec-ward-6642,POLLING_UNIT,inec-pu-92712
WARD,inec-ward-6642,POLLING_UNIT,inec-pu-92713
WARD,inec-ward-6642,POLLING_UNIT,inec-pu-661726
STATE_CONSTITUENCY,state-assembly-sc-941-og,WARD,inec-ward-6643
WARD,inec-ward-6643,POLLING_UNIT,inec-pu-92714
WARD,inec-ward-6643,POLLING_UNIT,inec-pu-92715
WARD,inec-ward-6643,POLLING_UNIT,inec-pu-92716
WARD,inec-ward-6643,POLLING_UNIT,inec-pu-92717
WARD,inec-ward-6643,POLLING_UNIT,inec-pu-92718
WARD,inec-ward-6643,POLLING_UNIT,inec-pu-92719
WARD,inec-ward-6643,POLLING_UNIT,inec-pu-92720
WARD,inec-ward-6643,POLLING_UNIT,inec-pu-92721
WARD,inec-ward-6643,POLLING_UNIT,inec-pu-92722
STATE_CONSTITUENCY,state-assembly-sc-941-og,WARD,inec-ward-6644
WARD,inec-ward-6644,POLLING_UNIT,inec-pu-92723
WARD,inec-ward-6644,POLLING_UNIT,inec-pu-92724
WARD,inec-ward-6644,POLLING_UNIT,inec-pu-92725
WARD,inec-ward-6644,POLLING_UNIT,inec-pu-92726
WARD,inec-ward-6644,POLLING_UNIT,inec-pu-92727
WARD,inec-ward-6644,POLLING_UNIT,inec-pu-92728
WARD,inec-ward-6644,POLLING_UNIT,inec-pu-92729
WARD,inec-ward-6644,POLLING_UNIT,inec-pu-92730
WARD,inec-ward-6644,POLLING_UNIT,inec-pu-92731
WARD,inec-ward-6644,POLLING_UNIT,inec-pu-92732
WARD,inec-ward-6644,POLLING_UNIT,inec-pu-92733
WARD,inec-ward-6644,POLLING_UNIT,inec-pu-92734
WARD,inec-ward-6644,POLLING_UNIT,inec-pu-92735
WARD,inec-ward-6644,POLLING_UNIT,inec-pu-92736
WARD,inec-ward-6644,POLLING_UNIT,inec-pu-92737
STATE_CONSTITUENCY,state-assembly-sc-941-og,WARD,inec-ward-6645
WARD,inec-ward-6645,POLLING_UNIT,inec-pu-92738
WARD,inec-ward-6645,POLLING_UNIT,inec-pu-92739
WARD,inec-ward-6645,POLLING_UNIT,inec-pu-92740
WARD,inec-ward-6645,POLLING_UNIT,inec-pu-92741
WARD,inec-ward-6645,POLLING_UNIT,inec-pu-92742
WARD,inec-ward-6645,POLLING_UNIT,inec-pu-92743
WARD,inec-ward-6645,POLLING_UNIT,inec-pu-92744
WARD,inec-ward-6645,POLLING_UNIT,inec-pu-92745
WARD,inec-ward-6645,POLLING_UNIT,inec-pu-92746
WARD,inec-ward-6645,POLLING_UNIT,inec-pu-92747
WARD,inec-ward-6645,POLLING_UNIT,inec-pu-92748
WARD,inec-ward-6645,POLLING_UNIT,inec-pu-92749
WARD,inec-ward-6645,POLLING_UNIT,inec-pu-92750
WARD,inec-ward-6645,POLLING_UNIT,inec-pu-92751
WARD,inec-ward-6645,POLLING_UNIT,inec-pu-92752
WARD,inec-ward-6645,POLLING_UNIT,inec-pu-92753
WARD,inec-ward-6645,POLLING_UNIT,inec-pu-661728
STATE_CONSTITUENCY,state-assembly-sc-738-og,WARD,inec-ward-6646
WARD,inec-ward-6646,POLLING_UNIT,inec-pu-92754
WARD,inec-ward-6646,POLLING_UNIT,inec-pu-92755
WARD,inec-ward-6646,POLLING_UNIT,inec-pu-92756
WARD,inec-ward-6646,POLLING_UNIT,inec-pu-92757
WARD,inec-ward-6646,POLLING_UNIT,inec-pu-92758
WARD,inec-ward-6646,POLLING_UNIT,inec-pu-92759
WARD,inec-ward-6646,POLLING_UNIT,inec-pu-92760
WARD,inec-ward-6646,POLLING_UNIT,inec-pu-661800
WARD,inec-ward-6646,POLLING_UNIT,inec-pu-661801
WARD,inec-ward-6646,POLLING_UNIT,inec-pu-661802
WARD,inec-ward-6646,POLLING_UNIT,inec-pu-661803
STATE_CONSTITUENCY,state-assembly-sc-738-og,WARD,inec-ward-6647
WARD,inec-ward-6647,POLLING_UNIT,inec-pu-92761
WARD,inec-ward-6647,POLLING_UNIT,inec-pu-92762
WARD,inec-ward-6647,POLLING_UNIT,inec-pu-92763
WARD,inec-ward-6647,POLLING_UNIT,inec-pu-92764
WARD,inec-ward-6647,POLLING_UNIT,inec-pu-92765
WARD,inec-ward-6647,POLLING_UNIT,inec-pu-92766
WARD,inec-ward-6647,POLLING_UNIT,inec-pu-92767
WARD,inec-ward-6647,POLLING_UNIT,inec-pu-92768
WARD,inec-ward-6647,POLLING_UNIT,inec-pu-92769
WARD,inec-ward-6647,POLLING_UNIT,inec-pu-92770
WARD,inec-ward-6647,POLLING_UNIT,inec-pu-92771
WARD,inec-ward-6647,POLLING_UNIT,inec-pu-92772
WARD,inec-ward-6647,POLLING_UNIT,inec-pu-661804
WARD,inec-ward-6647,POLLING_UNIT,inec-pu-661805
WARD,inec-ward-6647,POLLING_UNIT,inec-pu-661806
WARD,inec-ward-6647,POLLING_UNIT,inec-pu-661807
WARD,inec-ward-6647,POLLING_UNIT,inec-pu-661808
STATE_CONSTITUENCY,state-assembly-sc-738-og,WARD,inec-ward-6648
WARD,inec-ward-6648,POLLING_UNIT,inec-pu-92773
WARD,inec-ward-6648,POLLING_UNIT,inec-pu-92774
WARD,inec-ward-6648,POLLING_UNIT,inec-pu-92775
WARD,inec-ward-6648,POLLING_UNIT,inec-pu-92776
WARD,inec-ward-6648,POLLING_UNIT,inec-pu-92777
WARD,inec-ward-6648,POLLING_UNIT,inec-pu-92778
WARD,inec-ward-6648,POLLING_UNIT,inec-pu-92779
WARD,inec-ward-6648,POLLING_UNIT,inec-pu-92780
WARD,inec-ward-6648,POLLING_UNIT,inec-pu-661749
WARD,inec-ward-6648,POLLING_UNIT,inec-pu-661750
WARD,inec-ward-6648,POLLING_UNIT,inec-pu-661751
WARD,inec-ward-6648,POLLING_UNIT,inec-pu-661752
WARD,inec-ward-6648,POLLING_UNIT,inec-pu-661753
WARD,inec-ward-6648,POLLING_UNIT,inec-pu-661754
WARD,inec-ward-6648,POLLING_UNIT,inec-pu-661755
STATE_CONSTITUENCY,state-assembly-sc-738-og,WARD,inec-ward-6649
WARD,inec-ward-6649,POLLING_UNIT,inec-pu-92781
WARD,inec-ward-6649,POLLING_UNIT,inec-pu-92782
WARD,inec-ward-6649,POLLING_UNIT,inec-pu-92783
WARD,inec-ward-6649,POLLING_UNIT,inec-pu-92784
WARD,inec-ward-6649,POLLING_UNIT,inec-pu-92785
WARD,inec-ward-6649,POLLING_UNIT,inec-pu-92786
WARD,inec-ward-6649,POLLING_UNIT,inec-pu-92787
WARD,inec-ward-6649,POLLING_UNIT,inec-pu-92788
WARD,inec-ward-6649,POLLING_UNIT,inec-pu-92789
WARD,inec-ward-6649,POLLING_UNIT,inec-pu-92790
WARD,inec-ward-6649,POLLING_UNIT,inec-pu-92791
WARD,inec-ward-6649,POLLING_UNIT,inec-pu-92792
WARD,inec-ward-6649,POLLING_UNIT,inec-pu-92793
WARD,inec-ward-6649,POLLING_UNIT,inec-pu-92794
WARD,inec-ward-6649,POLLING_UNIT,inec-pu-92795
WARD,inec-ward-6649,POLLING_UNIT,inec-pu-92796
WARD,inec-ward-6649,POLLING_UNIT,inec-pu-661809
WARD,inec-ward-6649,POLLING_UNIT,inec-pu-661810
WARD,inec-ward-6649,POLLING_UNIT,inec-pu-661811
WARD,inec-ward-6649,POLLING_UNIT,inec-pu-661812
WARD,inec-ward-6649,POLLING_UNIT,inec-pu-661813
WARD,inec-ward-6649,POLLING_UNIT,inec-pu-661814
WARD,inec-ward-6649,POLLING_UNIT,inec-pu-661815
WARD,inec-ward-6649,POLLING_UNIT,inec-pu-661816
WARD,inec-ward-6649,POLLING_UNIT,inec-pu-661817
WARD,inec-ward-6649,POLLING_UNIT,inec-pu-661818
WARD,inec-ward-6649,POLLING_UNIT,inec-pu-661819
WARD,inec-ward-6649,POLLING_UNIT,inec-pu-661820
WARD,inec-ward-6649,POLLING_UNIT,inec-pu-661821
WARD,inec-ward-6649,POLLING_UNIT,inec-pu-661822
WARD,inec-ward-6649,POLLING_UNIT,inec-pu-661823
WARD,inec-ward-6649,POLLING_UNIT,inec-pu-661824
WARD,inec-ward-6649,POLLING_UNIT,inec-pu-661825
WARD,inec-ward-6649,POLLING_UNIT,inec-pu-661826
STATE_CONSTITUENCY,state-assembly-sc-738-og,WARD,inec-ward-6650
WARD,inec-ward-6650,POLLING_UNIT,inec-pu-92797
WARD,inec-ward-6650,POLLING_UNIT,inec-pu-92798
WARD,inec-ward-6650,POLLING_UNIT,inec-pu-92799
WARD,inec-ward-6650,POLLING_UNIT,inec-pu-92800
WARD,inec-ward-6650,POLLING_UNIT,inec-pu-92801
WARD,inec-ward-6650,POLLING_UNIT,inec-pu-92802
WARD,inec-ward-6650,POLLING_UNIT,inec-pu-92803
WARD,inec-ward-6650,POLLING_UNIT,inec-pu-92804
WARD,inec-ward-6650,POLLING_UNIT,inec-pu-92805
WARD,inec-ward-6650,POLLING_UNIT,inec-pu-92806
WARD,inec-ward-6650,POLLING_UNIT,inec-pu-92807
WARD,inec-ward-6650,POLLING_UNIT,inec-pu-92808
WARD,inec-ward-6650,POLLING_UNIT,inec-pu-92809
WARD,inec-ward-6650,POLLING_UNIT,inec-pu-92810
WARD,inec-ward-6650,POLLING_UNIT,inec-pu-92811
WARD,inec-ward-6650,POLLING_UNIT,inec-pu-92812
WARD,inec-ward-6650,POLLING_UNIT,inec-pu-661827
WARD,inec-ward-6650,POLLING_UNIT,inec-pu-661828
WARD,inec-ward-6650,POLLING_UNIT,inec-pu-661829
WARD,inec-ward-6650,POLLING_UNIT,inec-pu-661830
WARD,inec-ward-6650,POLLING_UNIT,inec-pu-661831
WARD,inec-ward-6650,POLLING_UNIT,inec-pu-661832
WARD,inec-ward-6650,POLLING_UNIT,inec-pu-661833
WARD,inec-ward-6650,POLLING_UNIT,inec-pu-661834
WARD,inec-ward-6650,POLLING_UNIT,inec-pu-661835
WARD,inec-ward-6650,POLLING_UNIT,inec-pu-661836
WARD,inec-ward-6650,POLLING_UNIT,inec-pu-661837
WARD,inec-ward-6650,POLLING_UNIT,inec-pu-661838
WARD,inec-ward-6650,POLLING_UNIT,inec-pu-661839
WARD,inec-ward-6650,POLLING_UNIT,inec-pu-661840
STATE_CONSTITUENCY,state-assembly-sc-738-og,WARD,inec-ward-6651
WARD,inec-ward-6651,POLLING_UNIT,inec-pu-92813
WARD,inec-ward-6651,POLLING_UNIT,inec-pu-92814
WARD,inec-ward-6651,POLLING_UNIT,inec-pu-92815
WARD,inec-ward-6651,POLLING_UNIT,inec-pu-92816
WARD,inec-ward-6651,POLLING_UNIT,inec-pu-92817
WARD,inec-ward-6651,POLLING_UNIT,inec-pu-92818
WARD,inec-ward-6651,POLLING_UNIT,inec-pu-92819
WARD,inec-ward-6651,POLLING_UNIT,inec-pu-92820
WARD,inec-ward-6651,POLLING_UNIT,inec-pu-661729
WARD,inec-ward-6651,POLLING_UNIT,inec-pu-661730
WARD,inec-ward-6651,POLLING_UNIT,inec-pu-661731
WARD,inec-ward-6651,POLLING_UNIT,inec-pu-661732
WARD,inec-ward-6651,POLLING_UNIT,inec-pu-661733
WARD,inec-ward-6651,POLLING_UNIT,inec-pu-661734
STATE_CONSTITUENCY,state-assembly-sc-738-og,WARD,inec-ward-6652
WARD,inec-ward-6652,POLLING_UNIT,inec-pu-92821
WARD,inec-ward-6652,POLLING_UNIT,inec-pu-92822
WARD,inec-ward-6652,POLLING_UNIT,inec-pu-92823
WARD,inec-ward-6652,POLLING_UNIT,inec-pu-92824
WARD,inec-ward-6652,POLLING_UNIT,inec-pu-92825
WARD,inec-ward-6652,POLLING_UNIT,inec-pu-92826
WARD,inec-ward-6652,POLLING_UNIT,inec-pu-92827
WARD,inec-ward-6652,POLLING_UNIT,inec-pu-92828
WARD,inec-ward-6652,POLLING_UNIT,inec-pu-661758
STATE_CONSTITUENCY,state-assembly-sc-738-og,WARD,inec-ward-6653
WARD,inec-ward-6653,POLLING_UNIT,inec-pu-92829
WARD,inec-ward-6653,POLLING_UNIT,inec-pu-92830
WARD,inec-ward-6653,POLLING_UNIT,inec-pu-92831
WARD,inec-ward-6653,POLLING_UNIT,inec-pu-92832
WARD,inec-ward-6653,POLLING_UNIT,inec-pu-92833
WARD,inec-ward-6653,POLLING_UNIT,inec-pu-92834
WARD,inec-ward-6653,POLLING_UNIT,inec-pu-92835
WARD,inec-ward-6653,POLLING_UNIT,inec-pu-92836
STATE_CONSTITUENCY,state-assembly-sc-738-og,WARD,inec-ward-6654
WARD,inec-ward-6654,POLLING_UNIT,inec-pu-92837
WARD,inec-ward-6654,POLLING_UNIT,inec-pu-92838
WARD,inec-ward-6654,POLLING_UNIT,inec-pu-92839
WARD,inec-ward-6654,POLLING_UNIT,inec-pu-92840
WARD,inec-ward-6654,POLLING_UNIT,inec-pu-92841
WARD,inec-ward-6654,POLLING_UNIT,inec-pu-92842
WARD,inec-ward-6654,POLLING_UNIT,inec-pu-92843
WARD,inec-ward-6654,POLLING_UNIT,inec-pu-92844
WARD,inec-ward-6654,POLLING_UNIT,inec-pu-92845
WARD,inec-ward-6654,POLLING_UNIT,inec-pu-92846
WARD,inec-ward-6654,POLLING_UNIT,inec-pu-92847
WARD,inec-ward-6654,POLLING_UNIT,inec-pu-92848
WARD,inec-ward-6654,POLLING_UNIT,inec-pu-661759
WARD,inec-ward-6654,POLLING_UNIT,inec-pu-661760
WARD,inec-ward-6654,POLLING_UNIT,inec-pu-661761
WARD,inec-ward-6654,POLLING_UNIT,inec-pu-661762
STATE_CONSTITUENCY,state-assembly-sc-738-og,WARD,inec-ward-6655
WARD,inec-ward-6655,POLLING_UNIT,inec-pu-92849
WARD,inec-ward-6655,POLLING_UNIT,inec-pu-92850
WARD,inec-ward-6655,POLLING_UNIT,inec-pu-92851
WARD,inec-ward-6655,POLLING_UNIT,inec-pu-92852
WARD,inec-ward-6655,POLLING_UNIT,inec-pu-92853
WARD,inec-ward-6655,POLLING_UNIT,inec-pu-92854
WARD,inec-ward-6655,POLLING_UNIT,inec-pu-92855
WARD,inec-ward-6655,POLLING_UNIT,inec-pu-92856
WARD,inec-ward-6655,POLLING_UNIT,inec-pu-92857
WARD,inec-ward-6655,POLLING_UNIT,inec-pu-92858
WARD,inec-ward-6655,POLLING_UNIT,inec-pu-92859
WARD,inec-ward-6655,POLLING_UNIT,inec-pu-92860
WARD,inec-ward-6655,POLLING_UNIT,inec-pu-92861
WARD,inec-ward-6655,POLLING_UNIT,inec-pu-92862
WARD,inec-ward-6655,POLLING_UNIT,inec-pu-92863
WARD,inec-ward-6655,POLLING_UNIT,inec-pu-92864
WARD,inec-ward-6655,POLLING_UNIT,inec-pu-92865
WARD,inec-ward-6655,POLLING_UNIT,inec-pu-92866
WARD,inec-ward-6655,POLLING_UNIT,inec-pu-92867
WARD,inec-ward-6655,POLLING_UNIT,inec-pu-661763
WARD,inec-ward-6655,POLLING_UNIT,inec-pu-661764
WARD,inec-ward-6655,POLLING_UNIT,inec-pu-661765
WARD,inec-ward-6655,POLLING_UNIT,inec-pu-661766
WARD,inec-ward-6655,POLLING_UNIT,inec-pu-661767
WARD,inec-ward-6655,POLLING_UNIT,inec-pu-661768
WARD,inec-ward-6655,POLLING_UNIT,inec-pu-661769
WARD,inec-ward-6655,POLLING_UNIT,inec-pu-661770
WARD,inec-ward-6655,POLLING_UNIT,inec-pu-661771
WARD,inec-ward-6655,POLLING_UNIT,inec-pu-661772
WARD,inec-ward-6655,POLLING_UNIT,inec-pu-661773
WARD,inec-ward-6655,POLLING_UNIT,inec-pu-661774
WARD,inec-ward-6655,POLLING_UNIT,inec-pu-661775
WARD,inec-ward-6655,POLLING_UNIT,inec-pu-661776
WARD,inec-ward-6655,POLLING_UNIT,inec-pu-661777
WARD,inec-ward-6655,POLLING_UNIT,inec-pu-661778
WARD,inec-ward-6655,POLLING_UNIT,inec-pu-661779
WARD,inec-ward-6655,POLLING_UNIT,inec-pu-661780
WARD,inec-ward-6655,POLLING_UNIT,inec-pu-661781
WARD,inec-ward-6655,POLLING_UNIT,inec-pu-661782
WARD,inec-ward-6655,POLLING_UNIT,inec-pu-661783
WARD,inec-ward-6655,POLLING_UNIT,inec-pu-661784
WARD,inec-ward-6655,POLLING_UNIT,inec-pu-661785
WARD,inec-ward-6655,POLLING_UNIT,inec-pu-661786
WARD,inec-ward-6655,POLLING_UNIT,inec-pu-661787
WARD,inec-ward-6655,POLLING_UNIT,inec-pu-661788
WARD,inec-ward-6655,POLLING_UNIT,inec-pu-661789
WARD,inec-ward-6655,POLLING_UNIT,inec-pu-661790
WARD,inec-ward-6655,POLLING_UNIT,inec-pu-661791
WARD,inec-ward-6655,POLLING_UNIT,inec-pu-661792
WARD,inec-ward-6655,POLLING_UNIT,inec-pu-661793
WARD,inec-ward-6655,POLLING_UNIT,inec-pu-661794
WARD,inec-ward-6655,POLLING_UNIT,inec-pu-661795
WARD,inec-ward-6655,POLLING_UNIT,inec-pu-661796
WARD,inec-ward-6655,POLLING_UNIT,inec-pu-661797
WARD,inec-ward-6655,POLLING_UNIT,inec-pu-661798
WARD,inec-ward-6655,POLLING_UNIT,inec-pu-661799
STATE_CONSTITUENCY,state-assembly-sc-739-og,WARD,inec-ward-6656
WARD,inec-ward-6656,POLLING_UNIT,inec-pu-92868
WARD,inec-ward-6656,POLLING_UNIT,inec-pu-92869
WARD,inec-ward-6656,POLLING_UNIT,inec-pu-92870
WARD,inec-ward-6656,POLLING_UNIT,inec-pu-92871
WARD,inec-ward-6656,POLLING_UNIT,inec-pu-92872
WARD,inec-ward-6656,POLLING_UNIT,inec-pu-92873
WARD,inec-ward-6656,POLLING_UNIT,inec-pu-92874
WARD,inec-ward-6656,POLLING_UNIT,inec-pu-92875
WARD,inec-ward-6656,POLLING_UNIT,inec-pu-661850
WARD,inec-ward-6656,POLLING_UNIT,inec-pu-661851
WARD,inec-ward-6656,POLLING_UNIT,inec-pu-661852
WARD,inec-ward-6656,POLLING_UNIT,inec-pu-661853
WARD,inec-ward-6656,POLLING_UNIT,inec-pu-661854
WARD,inec-ward-6656,POLLING_UNIT,inec-pu-661855
WARD,inec-ward-6656,POLLING_UNIT,inec-pu-661856
WARD,inec-ward-6656,POLLING_UNIT,inec-pu-661857
WARD,inec-ward-6656,POLLING_UNIT,inec-pu-661858
WARD,inec-ward-6656,POLLING_UNIT,inec-pu-661859
STATE_CONSTITUENCY,state-assembly-sc-739-og,WARD,inec-ward-6657
WARD,inec-ward-6657,POLLING_UNIT,inec-pu-92876
WARD,inec-ward-6657,POLLING_UNIT,inec-pu-92877
WARD,inec-ward-6657,POLLING_UNIT,inec-pu-92878
WARD,inec-ward-6657,POLLING_UNIT,inec-pu-92879
WARD,inec-ward-6657,POLLING_UNIT,inec-pu-92880
WARD,inec-ward-6657,POLLING_UNIT,inec-pu-92881
WARD,inec-ward-6657,POLLING_UNIT,inec-pu-92882
WARD,inec-ward-6657,POLLING_UNIT,inec-pu-92883
STATE_CONSTITUENCY,state-assembly-sc-739-og,WARD,inec-ward-6658
WARD,inec-ward-6658,POLLING_UNIT,inec-pu-92884
WARD,inec-ward-6658,POLLING_UNIT,inec-pu-92885
WARD,inec-ward-6658,POLLING_UNIT,inec-pu-92886
WARD,inec-ward-6658,POLLING_UNIT,inec-pu-92887
WARD,inec-ward-6658,POLLING_UNIT,inec-pu-92888
WARD,inec-ward-6658,POLLING_UNIT,inec-pu-92889
WARD,inec-ward-6658,POLLING_UNIT,inec-pu-92890
WARD,inec-ward-6658,POLLING_UNIT,inec-pu-92891
WARD,inec-ward-6658,POLLING_UNIT,inec-pu-92892
WARD,inec-ward-6658,POLLING_UNIT,inec-pu-92893
WARD,inec-ward-6658,POLLING_UNIT,inec-pu-92894
WARD,inec-ward-6658,POLLING_UNIT,inec-pu-92895
WARD,inec-ward-6658,POLLING_UNIT,inec-pu-92896
WARD,inec-ward-6658,POLLING_UNIT,inec-pu-92897
WARD,inec-ward-6658,POLLING_UNIT,inec-pu-92898
WARD,inec-ward-6658,POLLING_UNIT,inec-pu-92899
WARD,inec-ward-6658,POLLING_UNIT,inec-pu-661841
WARD,inec-ward-6658,POLLING_UNIT,inec-pu-661842
WARD,inec-ward-6658,POLLING_UNIT,inec-pu-661843
WARD,inec-ward-6658,POLLING_UNIT,inec-pu-661844
WARD,inec-ward-6658,POLLING_UNIT,inec-pu-661845
WARD,inec-ward-6658,POLLING_UNIT,inec-pu-661846
WARD,inec-ward-6658,POLLING_UNIT,inec-pu-661847
WARD,inec-ward-6658,POLLING_UNIT,inec-pu-661848
WARD,inec-ward-6658,POLLING_UNIT,inec-pu-661849
STATE_CONSTITUENCY,state-assembly-sc-738-og,WARD,inec-ward-6659
WARD,inec-ward-6659,POLLING_UNIT,inec-pu-92900
WARD,inec-ward-6659,POLLING_UNIT,inec-pu-92901
WARD,inec-ward-6659,POLLING_UNIT,inec-pu-92902
WARD,inec-ward-6659,POLLING_UNIT,inec-pu-92903
WARD,inec-ward-6659,POLLING_UNIT,inec-pu-92904
WARD,inec-ward-6659,POLLING_UNIT,inec-pu-92905
WARD,inec-ward-6659,POLLING_UNIT,inec-pu-92906
WARD,inec-ward-6659,POLLING_UNIT,inec-pu-92907
WARD,inec-ward-6659,POLLING_UNIT,inec-pu-92908
WARD,inec-ward-6659,POLLING_UNIT,inec-pu-92909
WARD,inec-ward-6659,POLLING_UNIT,inec-pu-92910
WARD,inec-ward-6659,POLLING_UNIT,inec-pu-92911
WARD,inec-ward-6659,POLLING_UNIT,inec-pu-92912
WARD,inec-ward-6659,POLLING_UNIT,inec-pu-92913
WARD,inec-ward-6659,POLLING_UNIT,inec-pu-92914
WARD,inec-ward-6659,POLLING_UNIT,inec-pu-661735
WARD,inec-ward-6659,POLLING_UNIT,inec-pu-661736
WARD,inec-ward-6659,POLLING_UNIT,inec-pu-661737
WARD,inec-ward-6659,POLLING_UNIT,inec-pu-661738
WARD,inec-ward-6659,POLLING_UNIT,inec-pu-661739
WARD,inec-ward-6659,POLLING_UNIT,inec-pu-661740
WARD,inec-ward-6659,POLLING_UNIT,inec-pu-661741
WARD,inec-ward-6659,POLLING_UNIT,inec-pu-661742
WARD,inec-ward-6659,POLLING_UNIT,inec-pu-661743
WARD,inec-ward-6659,POLLING_UNIT,inec-pu-661744
WARD,inec-ward-6659,POLLING_UNIT,inec-pu-661745
WARD,inec-ward-6659,POLLING_UNIT,inec-pu-661746
WARD,inec-ward-6659,POLLING_UNIT,inec-pu-661747
WARD,inec-ward-6659,POLLING_UNIT,inec-pu-661748
STATE_CONSTITUENCY,state-assembly-sc-739-og,WARD,inec-ward-6660
WARD,inec-ward-6660,POLLING_UNIT,inec-pu-92915
WARD,inec-ward-6660,POLLING_UNIT,inec-pu-92916
WARD,inec-ward-6660,POLLING_UNIT,inec-pu-92917
WARD,inec-ward-6660,POLLING_UNIT,inec-pu-92918
WARD,inec-ward-6660,POLLING_UNIT,inec-pu-92919
WARD,inec-ward-6660,POLLING_UNIT,inec-pu-92920
WARD,inec-ward-6660,POLLING_UNIT,inec-pu-92921
WARD,inec-ward-6660,POLLING_UNIT,inec-pu-661756
WARD,inec-ward-6660,POLLING_UNIT,inec-pu-661757
