kind,canonicalId,stateId,name,sourceCodeNamespace,sourceCode,aliases,lgaId,federalConstituencyId,stateConstituencyId,wardId
LGA,inec-lga-562,ng-state-ogun,ABEOKUTA NORTH,INEC_CVR_LGA,562,,,,,
LGA,inec-lga-563,ng-state-ogun,ABEOKUTA SOUTH,INEC_CVR_LGA,563,,,,,
LGA,inec-lga-564,ng-state-ogun,ADO ODO-OTA,INEC_CVR_LGA,564,,,,,
LGA,inec-lga-565,ng-state-ogun,EGBADO NORTH,INEC_CVR_LGA,565,,,,,
LGA,inec-lga-566,ng-state-ogun,EGBADO SOUTH,INEC_CVR_LGA,566,,,,,
LGA,inec-lga-567,ng-state-ogun,EWEKORO,INEC_CVR_LGA,567,,,,,
LGA,inec-lga-568,ng-state-ogun,IFO,INEC_CVR_LGA,568,,,,,
LGA,inec-lga-569,ng-state-ogun,IJEBU EAST,INEC_CVR_LGA,569,,,,,
LGA,inec-lga-570,ng-state-ogun,IJEBU NORTH,INEC_CVR_LGA,570,,,,,
LGA,inec-lga-571,ng-state-ogun,IJEBU NORTH EAST,INEC_CVR_LGA,571,,,,,
LGA,inec-lga-572,ng-state-ogun,IJEBU ODE,INEC_CVR_LGA,572,,,,,
LGA,inec-lga-573,ng-state-ogun,IKENNE,INEC_CVR_LGA,573,,,,,
LGA,inec-lga-574,ng-state-ogun,IMEKO/AFON,INEC_CVR_LGA,574,,,,,
LGA,inec-lga-575,ng-state-ogun,IPOKIA,INEC_CVR_LGA,575,,,,,
LGA,inec-lga-576,ng-state-ogun,OBAFEMI/OWODE,INEC_CVR_LGA,576,,,,,
LGA,inec-lga-577,ng-state-ogun,ODEDA,INEC_CVR_LGA,577,,,,,
LGA,inec-lga-578,ng-state-ogun,ODOGBOLU,INEC_CVR_LGA,578,,,,,
LGA,inec-lga-579,ng-state-ogun,OGUN WATER SIDE,INEC_CVR_LGA,579,,,,,
LGA,inec-lga-580,ng-state-ogun,REMO NORTH,INEC_CVR_LGA,580,,,,,
LGA,inec-lga-581,ng-state-ogun,SAGAMU,INEC_CVR_LGA,581,,,,,
STATE_CONSTITUENCY,state-assembly-sc-723-og,ng-state-ogun,ABEOKUTA SOUTH I,INEC_CONSTITUENCY_WORKBOOK,SC/723/OG,,inec-lga-563,fed-fc-268-og,,
STATE_CONSTITUENCY,state-assembly-sc-724-og,ng-state-ogun,ABEOKUTA SOUTH II,INEC_CONSTITUENCY_WORKBOOK,SC/724/OG,,inec-lga-563,fed-fc-268-og,,
STATE_CONSTITUENCY,state-assembly-sc-725-og,ng-state-ogun,ODEDA AREA,INEC_CONSTITUENCY_WORKBOOK,SC/725/OG,,inec-lga-577,fed-fc-267-og,,
STATE_CONSTITUENCY,state-assembly-sc-726-og,ng-state-ogun,ABEOKUTA NORTH,INEC_CONSTITUENCY_WORKBOOK,SC/726/OG,,inec-lga-562,fed-fc-267-og,,
STATE_CONSTITUENCY,state-assembly-sc-727-og,ng-state-ogun,OBAFEMI/OWODE,INEC_CONSTITUENCY_WORKBOOK,SC/727/OG,,inec-lga-576,fed-fc-267-og,,
STATE_CONSTITUENCY,state-assembly-sc-728-og,ng-state-ogun,IFO I,INEC_CONSTITUENCY_WORKBOOK,SC/728/OG,,inec-lga-568,fed-fc-272-og,,
STATE_CONSTITUENCY,state-assembly-sc-729-og,ng-state-ogun,IFO II,INEC_CONSTITUENCY_WORKBOOK,SC/729/OG,,inec-lga-568,fed-fc-272-og,,
STATE_CONSTITUENCY,state-assembly-sc-730-og,ng-state-ogun,EWEKORO/ITORI/ELERE-ADUBI,INEC_CONSTITUENCY_WORKBOOK,SC/730/OG,,inec-lga-567,fed-fc-272-og,,
STATE_CONSTITUENCY,state-assembly-sc-731-og,ng-state-ogun,IJEBU NORTH I (IJEBU-IGBO),INEC_CONSTITUENCY_WORKBOOK,SC/731/OG,,inec-lga-570,fed-fc-273-og,,
STATE_CONSTITUENCY,state-assembly-sc-732-og,ng-state-ogun,IJEBU NORTH II (AGO-IWOYE/ ORU/AWA,INEC_CONSTITUENCY_WORKBOOK,SC/732/OG,,inec-lga-570,fed-fc-273-og,,
STATE_CONSTITUENCY,state-assembly-sc-733-og,ng-state-ogun,IJEBU EAST AREA,INEC_CONSTITUENCY_WORKBOOK,SC/733/OG,,inec-lga-569,fed-fc-273-og,,
STATE_CONSTITUENCY,state-assembly-sc-734-og,ng-state-ogun,OGUN WATERSIDE (ABIGI/IBIADE/IWOPIN/ONI),INEC_CONSTITUENCY_WORKBOOK,SC/734/OG,,inec-lga-579,fed-fc-273-og,,
STATE_CONSTITUENCY,state-assembly-sc-735-og,ng-state-ogun,IJEBU-ODE,INEC_CONSTITUENCY_WORKBOOK,SC/735/OG,,inec-lga-572,fed-fc-274-og,,
STATE_CONSTITUENCY,state-assembly-sc-736-og,ng-state-ogun,ODOGBOLU (ALEKKUN-IFESOWAPO/LAPORU,INEC_CONSTITUENCY_WORKBOOK,SC/736/OG,,inec-lga-578,fed-fc-274-og,,
STATE_CONSTITUENCY,state-assembly-sc-737-og,ng-state-ogun,IJEBU NORTH EAST ILUGUN-ALARO,INEC_CONSTITUENCY_WORKBOOK,SC/737/OG,,inec-lga-571,fed-fc-273-og,,
STATE_CONSTITUENCY,state-assembly-sc-738-og,ng-state-ogun,SAGAMU I OFFIN,INEC_CONSTITUENCY_WORKBOOK,SC/738/OG,,inec-lga-581,fed-fc-275-og,,
STATE_CONSTITUENCY,state-assembly-sc-739-og,ng-state-ogun,SAGAMU II MAKUN,INEC_CONSTITUENCY_WORKBOOK,SC/739/OG,,inec-lga-581,fed-fc-275-og,,
STATE_CONSTITUENCY,state-assembly-sc-740-og,ng-state-ogun,IKENNE (IREPODUN),INEC_CONSTITUENCY_WORKBOOK,SC/740/OG,,inec-lga-573,fed-fc-275-og,,
STATE_CONSTITUENCY,state-assembly-sc-941-og,ng-state-ogun,REMO NORTH (IDARAPO),INEC_CONSTITUENCY_WORKBOOK,SC/941/OG,,inec-lga-580,fed-fc-275-og,,
STATE_CONSTITUENCY,state-assembly-sc-742-og,ng-state-ogun,IMEKO-AFON,INEC_CONSTITUENCY_WORKBOOK,SC/742/OG,,inec-lga-574,fed-fc-270-og,,
STATE_CONSTITUENCY,state-assembly-sc-743-og,ng-state-ogun,EGBADO NORTH I,INEC_CONSTITUENCY_WORKBOOK,SC/743/OG,,inec-lga-565,fed-fc-270-og,,
STATE_CONSTITUENCY,state-assembly-sc-744-og,ng-state-ogun,EGBADO NORTH II,INEC_CONSTITUENCY_WORKBOOK,SC/744/OG,,inec-lga-565,fed-fc-270-og,,
STATE_CONSTITUENCY,state-assembly-sc-745-og,ng-state-ogun,IDIROKO IPOKIA,INEC_CONSTITUENCY_WORKBOOK,SC/745/OG,,inec-lga-575,fed-fc-271-og,,
STATE_CONSTITUENCY,state-assembly-sc-746-og,ng-state-ogun,EGBADO SOUTH (ILARO/OWODE),INEC_CONSTITUENCY_WORKBOOK,SC/746/OG,,inec-lga-566,fed-fc-271-og,,
STATE_CONSTITUENCY,state-assembly-sc-747-og,ng-state-ogun,ADO/ODO/OTA I,INEC_CONSTITUENCY_WORKBOOK,SC/747/OG,,inec-lga-564,fed-fc-269-og,,
STATE_CONSTITUENCY,state-assembly-sc-748-og,ng-state-ogun,ADO-ODO/OTA II,INEC_CONSTITUENCY_WORKBOOK,SC/748/OG,,inec-lga-564,fed-fc-269-og,,
WARD,inec-ward-6425,ng-state-ogun,IKEREKU,INEC_CVR_WARD,6425,,inec-lga-562,,state-assembly-sc-726-og,
POLLING_UNIT,inec-pu-89709,ng-state-ogun,O.U.S PRY. SCHOOL IKEREKU I,INEC_CVR_PU,89709,,inec-lga-562,,state-assembly-sc-726-og,inec-ward-6425
POLLING_UNIT,inec-pu-89710,ng-state-ogun,O.U.S PRY. SCHOOL IKEREKU II,INEC_CVR_PU,89710,,inec-lga-562,,state-assembly-sc-726-og,inec-ward-6425
POLLING_UNIT,inec-pu-89711,ng-state-ogun,NEAR HOLY TRINITY CHURCH I,INEC_CVR_PU,89711,,inec-lga-562,,state-assembly-sc-726-og,inec-ward-6425
POLLING_UNIT,inec-pu-89712,ng-state-ogun,NEAR HOLY TRINITY CHURCH II,INEC_CVR_PU,89712,,inec-lga-562,,state-assembly-sc-726-og,inec-ward-6425
POLLING_UNIT,inec-pu-89713,ng-state-ogun,NEAR ITA OGBONI IDOMAPA I,INEC_CVR_PU,89713,,inec-lga-562,,state-assembly-sc-726-og,inec-ward-6425
POLLING_UNIT,inec-pu-89714,ng-state-ogun,NEAR ITA OGBONI IDOMAPA II,INEC_CVR_PU,89714,,inec-lga-562,,state-assembly-sc-726-og,inec-ward-6425
POLLING_UNIT,inec-pu-89715,ng-state-ogun,OJUDE AGBURIN,INEC_CVR_PU,89715,,inec-lga-562,,state-assembly-sc-726-og,inec-ward-6425
POLLING_UNIT,inec-pu-89716,ng-state-ogun,NEAR AROWOREHIN MOSQUE II,INEC_CVR_PU,89716,,inec-lga-562,,state-assembly-sc-726-og,inec-ward-6425
POLLING_UNIT,inec-pu-89717,ng-state-ogun,NEAR OKE ERI MOSQUE,INEC_CVR_PU,89717,,inec-lga-562,,state-assembly-sc-726-og,inec-ward-6425
POLLING_UNIT,inec-pu-89718,ng-state-ogun,NEAR LASODE HOUSE I,INEC_CVR_PU,89718,,inec-lga-562,,state-assembly-sc-726-og,inec-ward-6425
POLLING_UNIT,inec-pu-89719,ng-state-ogun,NEAR LASODE HOUSE II,INEC_CVR_PU,89719,,inec-lga-562,,state-assembly-sc-726-og,inec-ward-6425
POLLING_UNIT,inec-pu-89720,ng-state-ogun,OPEN SPACE CLOSE TO THE AJANAKU'S,INEC_CVR_PU,89720,,inec-lga-562,,state-assembly-sc-726-og,inec-ward-6425
POLLING_UNIT,inec-pu-660067,ng-state-ogun,"OPEN SPACE NEAR ITA OGBONI, IKEREKU",INEC_CVR_PU,660067,,inec-lga-562,,state-assembly-sc-726-og,inec-ward-6425
POLLING_UNIT,inec-pu-660068,ng-state-ogun,"OPEN SPACE NEAR ALARAN MOSQUE, IKEREKU",INEC_CVR_PU,660068,,inec-lga-562,,state-assembly-sc-726-og,inec-ward-6425
POLLING_UNIT,inec-pu-660069,ng-state-ogun,"OJUFEREWA SQUARE, AGO ODO.",INEC_CVR_PU,660069,,inec-lga-562,,state-assembly-sc-726-og,inec-ward-6425
WARD,inec-ward-6426,ng-state-ogun,IKIJA,INEC_CVR_WARD,6426,,inec-lga-562,,state-assembly-sc-726-og,
POLLING_UNIT,inec-pu-89721,ng-state-ogun,NUD IKIJA I,INEC_CVR_PU,89721,,inec-lga-562,,state-assembly-sc-726-og,inec-ward-6426
POLLING_UNIT,inec-pu-89722,ng-state-ogun,NUD IKIJA II,INEC_CVR_PU,89722,,inec-lga-562,,state-assembly-sc-726-og,inec-ward-6426
POLLING_UNIT,inec-pu-89723,ng-state-ogun,HOLY PROPHET ISALE OGUN I,INEC_CVR_PU,89723,,inec-lga-562,,state-assembly-sc-726-og,inec-ward-6426
POLLING_UNIT,inec-pu-89724,ng-state-ogun,HOLY PROPHET ISALE OGUN II,INEC_CVR_PU,89724,,inec-lga-562,,state-assembly-sc-726-og,inec-ward-6426
POLLING_UNIT,inec-pu-89725,ng-state-ogun,AHMADIYA PRY. SCHOOL,INEC_CVR_PU,89725,,inec-lga-562,,state-assembly-sc-726-og,inec-ward-6426
POLLING_UNIT,inec-pu-89726,ng-state-ogun,OPEN SPACE AT OSUNRINDE'S HOUSE I,INEC_CVR_PU,89726,,inec-lga-562,,state-assembly-sc-726-og,inec-ward-6426
POLLING_UNIT,inec-pu-660070,ng-state-ogun,"NEAR CENTRAL MOSQUE, IKIJA",INEC_CVR_PU,660070,,inec-lga-562,,state-assembly-sc-726-og,inec-ward-6426
POLLING_UNIT,inec-pu-660071,ng-state-ogun,"NEAR ADEDOTUN CENTRAL MOSQUE, OJUDE AGBURIN",INEC_CVR_PU,660071,,inec-lga-562,,state-assembly-sc-726-og,inec-ward-6426
POLLING_UNIT,inec-pu-660072,ng-state-ogun,"OPEN SPACE AT ABIYE JUNCTION, ADEDOTUN",INEC_CVR_PU,660072,,inec-lga-562,,state-assembly-sc-726-og,inec-ward-6426
POLLING_UNIT,inec-pu-660073,ng-state-ogun,OPEN SPACE AT OSUNRINDE'S HOUSE II,INEC_CVR_PU,660073,,inec-lga-562,,state-assembly-sc-726-og,inec-ward-6426
WARD,inec-ward-6427,ng-state-ogun,AGO OKO,INEC_CVR_WARD,6427,,inec-lga-562,,state-assembly-sc-726-og,
POLLING_UNIT,inec-pu-89728,ng-state-ogun,SPACE AT ITAMORIN I,INEC_CVR_PU,89728,,inec-lga-562,,state-assembly-sc-726-og,inec-ward-6427
POLLING_UNIT,inec-pu-89729,ng-state-ogun,SPACE AT ITAMORIN II,INEC_CVR_PU,89729,,inec-lga-562,,state-assembly-sc-726-og,inec-ward-6427
POLLING_UNIT,inec-pu-89730,ng-state-ogun,SPACE AT KINOSHI HOUSE I,INEC_CVR_PU,89730,,inec-lga-562,,state-assembly-sc-726-og,inec-ward-6427
POLLING_UNIT,inec-pu-89731,ng-state-ogun,SPACE AT KINOSHI HOUSE II,INEC_CVR_PU,89731,,inec-lga-562,,state-assembly-sc-726-og,inec-ward-6427
POLLING_UNIT,inec-pu-89732,ng-state-ogun,MUSLIM PRY. SCHOOL AGO-OKO I,INEC_CVR_PU,89732,,inec-lga-562,,state-assembly-sc-726-og,inec-ward-6427
POLLING_UNIT,inec-pu-89733,ng-state-ogun,MUSLIM PRY. SCHOOL AGO-OKO II,INEC_CVR_PU,89733,,inec-lga-562,,state-assembly-sc-726-og,inec-ward-6427
POLLING_UNIT,inec-pu-89734,ng-state-ogun,MUSLIM PRY. SCHOOL AGO-OKO III,INEC_CVR_PU,89734,,inec-lga-562,,state-assembly-sc-726-og,inec-ward-6427
POLLING_UNIT,inec-pu-89735,ng-state-ogun,ITA BALOGUN MOSQUE I,INEC_CVR_PU,89735,,inec-lga-562,,state-assembly-sc-726-og,inec-ward-6427
POLLING_UNIT,inec-pu-89736,ng-state-ogun,ITA BALOGUN MOSQUE II,INEC_CVR_PU,89736,,inec-lga-562,,state-assembly-sc-726-og,inec-ward-6427
POLLING_UNIT,inec-pu-89737,ng-state-ogun,ITA BALOGUN MOSQUE III,INEC_CVR_PU,89737,,inec-lga-562,,state-assembly-sc-726-og,inec-ward-6427
POLLING_UNIT,inec-pu-89738,ng-state-ogun,ARAROMI MOSQUE,INEC_CVR_PU,89738,,inec-lga-562,,state-assembly-sc-726-og,inec-ward-6427
POLLING_UNIT,inec-pu-660028,ng-state-ogun,"OPEN SPACE NEAR PUBLIC WATER, ITAMORIN",INEC_CVR_PU,660028,,inec-lga-562,,state-assembly-sc-726-og,inec-ward-6427
POLLING_UNIT,inec-pu-660029,ng-state-ogun,OPEN SPACE AT OBA ADEDAMOLA STREET,INEC_CVR_PU,660029,,inec-lga-562,,state-assembly-sc-726-og,inec-ward-6427
POLLING_UNIT,inec-pu-660030,ng-state-ogun,OPEN SPACE IN FRONT OF TAPO MOSQUE,INEC_CVR_PU,660030,,inec-lga-562,,state-assembly-sc-726-og,inec-ward-6427
POLLING_UNIT,inec-pu-660031,ng-state-ogun,NEAR ALABUKUN HOUSE,INEC_CVR_PU,660031,,inec-lga-562,,state-assembly-sc-726-og,inec-ward-6427
POLLING_UNIT,inec-pu-660032,ng-state-ogun,"OPEN SPACE NEAR TANTOLORUN MOSQUE, OKE-OKO",INEC_CVR_PU,660032,,inec-lga-562,,state-assembly-sc-726-og,inec-ward-6427
POLLING_UNIT,inec-pu-660033,ng-state-ogun,"OPEN SPACE IN FRONT OF JEHOVAH WITNESS, KINGDOM HALL",INEC_CVR_PU,660033,,inec-lga-562,,state-assembly-sc-726-og,inec-ward-6427
WARD,inec-ward-6428,ng-state-ogun,ELEGA,INEC_CVR_WARD,6428,,inec-lga-562,,state-assembly-sc-726-og,
POLLING_UNIT,inec-pu-89739,ng-state-ogun,MUSLIM PRY. SCHOOL ELEGA I,INEC_CVR_PU,89739,,inec-lga-562,,state-assembly-sc-726-og,inec-ward-6428
POLLING_UNIT,inec-pu-89740,ng-state-ogun,MUSLIM PRY. SCHOOL ELEGA II,INEC_CVR_PU,89740,,inec-lga-562,,state-assembly-sc-726-og,inec-ward-6428
POLLING_UNIT,inec-pu-89741,ng-state-ogun,MUSLIM PRY. SCHOOL ELEGA III,INEC_CVR_PU,89741,,inec-lga-562,,state-assembly-sc-726-og,inec-ward-6428
POLLING_UNIT,inec-pu-89742,ng-state-ogun,MUSLIM PRY. SCHOOL ELEGA IV,INEC_CVR_PU,89742,,inec-lga-562,,state-assembly-sc-726-og,inec-ward-6428
POLLING_UNIT,inec-pu-89743,ng-state-ogun,ILUGUN HIGH SCHOOL I,INEC_CVR_PU,89743,,inec-lga-562,,state-assembly-sc-726-og,inec-ward-6428
POLLING_UNIT,inec-pu-89744,ng-state-ogun,ILUGUN HIGH SCHOOL II,INEC_CVR_PU,89744,,inec-lga-562,,state-assembly-sc-726-og,inec-ward-6428
POLLING_UNIT,inec-pu-89745,ng-state-ogun,ILUGUN HIGH SCHOOL III,INEC_CVR_PU,89745,,inec-lga-562,,state-assembly-sc-726-og,inec-ward-6428
POLLING_UNIT,inec-pu-89746,ng-state-ogun,SPACE AT LEPER COLONY I,INEC_CVR_PU,89746,,inec-lga-562,,state-assembly-sc-726-og,inec-ward-6428
POLLING_UNIT,inec-pu-89747,ng-state-ogun,SPACE AT LEPER COLONY II,INEC_CVR_PU,89747,,inec-lga-562,,state-assembly-sc-726-og,inec-ward-6428
POLLING_UNIT,inec-pu-89748,ng-state-ogun,OPELOYERU MOSQUE IMALA,INEC_CVR_PU,89748,,inec-lga-562,,state-assembly-sc-726-og,inec-ward-6428
POLLING_UNIT,inec-pu-660034,ng-state-ogun,O.U.S NUR/PRY SCHOOL ELEGA,INEC_CVR_PU,660034,,inec-lga-562,,state-assembly-sc-726-og,inec-ward-6428
POLLING_UNIT,inec-pu-660035,ng-state-ogun,OPEN SPACE AT IYANA OJA IDOFIN,INEC_CVR_PU,660035,,inec-lga-562,,state-assembly-sc-726-og,inec-ward-6428
POLLING_UNIT,inec-pu-660036,ng-state-ogun,"OPEN SPACE BESIDE SEMBAD FILLING STATION, IDOFIN, ELEGA",INEC_CVR_PU,660036,,inec-lga-562,,state-assembly-sc-726-og,inec-ward-6428
POLLING_UNIT,inec-pu-660037,ng-state-ogun,SCHOOL PREMISES A.N.L.G NURSERY AND PRIMARY SCHOOL F.H.E. ELEGA.,INEC_CVR_PU,660037,,inec-lga-562,,state-assembly-sc-726-og,inec-ward-6428
POLLING_UNIT,inec-pu-660038,ng-state-ogun,"A2 FIELD IN FRONT F.H.E ROTARY CLUB, ELEGA",INEC_CVR_PU,660038,,inec-lga-562,,state-assembly-sc-726-og,inec-ward-6428
POLLING_UNIT,inec-pu-660039,ng-state-ogun,"OPEN SPACE BESIDE COMMUNITY MOSQUE, F.H.E. ELEGA.",INEC_CVR_PU,660039,,inec-lga-562,,state-assembly-sc-726-og,inec-ward-6428
POLLING_UNIT,inec-pu-660040,ng-state-ogun,"OPEN SPACE AT B1 JUNCTION BY GOLDEN SCHOOL, ELEGA",INEC_CVR_PU,660040,,inec-lga-562,,state-assembly-sc-726-og,inec-ward-6428
POLLING_UNIT,inec-pu-660041,ng-state-ogun,OPEN SPACE AT ODO-EJA ILUPEJU JUNCTION,INEC_CVR_PU,660041,,inec-lga-562,,state-assembly-sc-726-og,inec-ward-6428
POLLING_UNIT,inec-pu-660042,ng-state-ogun,"OPEN SPACE NEAR KENNY OGUN LAB JUNCTION,ILUPEJU",INEC_CVR_PU,660042,,inec-lga-562,,state-assembly-sc-726-og,inec-ward-6428
POLLING_UNIT,inec-pu-660043,ng-state-ogun,"OPEN SPACE AT SIKEMI OLUWA JUNCTION, IMALA ELEGA",INEC_CVR_PU,660043,,inec-lga-562,,state-assembly-sc-726-og,inec-ward-6428
WARD,inec-ward-6429,ng-state-ogun,ILUGUN/IBEREKODO,INEC_CVR_WARD,6429,,inec-lga-562,,state-assembly-sc-726-og,
POLLING_UNIT,inec-pu-89749,ng-state-ogun,ANLG SCHOOL ILUGUN ASALU I,INEC_CVR_PU,89749,,inec-lga-562,,state-assembly-sc-726-og,inec-ward-6429
POLLING_UNIT,inec-pu-89750,ng-state-ogun,ANLG SCHOOL ILUGUN ASALU II,INEC_CVR_PU,89750,,inec-lga-562,,state-assembly-sc-726-og,inec-ward-6429
POLLING_UNIT,inec-pu-89751,ng-state-ogun,ANLG SCHOOL ILUGUN ASALU III,INEC_CVR_PU,89751,,inec-lga-562,,state-assembly-sc-726-og,inec-ward-6429
POLLING_UNIT,inec-pu-89752,ng-state-ogun,NEAR GBEMISOLA'S HOUSE I,INEC_CVR_PU,89752,,inec-lga-562,,state-assembly-sc-726-og,inec-ward-6429
POLLING_UNIT,inec-pu-89753,ng-state-ogun,NEAR GBEMISOLA'S HOUSE II,INEC_CVR_PU,89753,,inec-lga-562,,state-assembly-sc-726-og,inec-ward-6429
POLLING_UNIT,inec-pu-89754,ng-state-ogun,ILE EJA I,INEC_CVR_PU,89754,,inec-lga-562,,state-assembly-sc-726-og,inec-ward-6429
POLLING_UNIT,inec-pu-89755,ng-state-ogun,ILE EJA II,INEC_CVR_PU,89755,,inec-lga-562,,state-assembly-sc-726-og,inec-ward-6429
POLLING_UNIT,inec-pu-89756,ng-state-ogun,"ISOTAKUN MOSQUE, IBEREKODO",INEC_CVR_PU,89756,,inec-lga-562,,state-assembly-sc-726-og,inec-ward-6429
POLLING_UNIT,inec-pu-89757,ng-state-ogun,BOOTH OPP. THE ISOLA'S (CLOSE TO EJIALAMALA),INEC_CVR_PU,89757,,inec-lga-562,,state-assembly-sc-726-og,inec-ward-6429
POLLING_UNIT,inec-pu-89758,ng-state-ogun,NEAR CHIEF TAIRU'S HOUSE I,INEC_CVR_PU,89758,,inec-lga-562,,state-assembly-sc-726-og,inec-ward-6429
POLLING_UNIT,inec-pu-89759,ng-state-ogun,NEAR CHIEF TAIRU'S HOUSE II,INEC_CVR_PU,89759,,inec-lga-562,,state-assembly-sc-726-og,inec-ward-6429
POLLING_UNIT,inec-pu-89760,ng-state-ogun,AYO BUS STOP ALONG OKE-ONA ROAD,INEC_CVR_PU,89760,,inec-lga-562,,state-assembly-sc-726-og,inec-ward-6429
POLLING_UNIT,inec-pu-89761,ng-state-ogun,O.U.S. SCHOOL IKIJA I,INEC_CVR_PU,89761,,inec-lga-562,,state-assembly-sc-726-og,inec-ward-6429
POLLING_UNIT,inec-pu-89762,ng-state-ogun,O.U.S. SCHOOL IKIJA II,INEC_CVR_PU,89762,,inec-lga-562,,state-assembly-sc-726-og,inec-ward-6429
POLLING_UNIT,inec-pu-89763,ng-state-ogun,ANLG SCHOOL AKOMOJE I,INEC_CVR_PU,89763,,inec-lga-562,,state-assembly-sc-726-og,inec-ward-6429
POLLING_UNIT,inec-pu-89764,ng-state-ogun,ANLG SCHOOL AKOMOJE II,INEC_CVR_PU,89764,,inec-lga-562,,state-assembly-sc-726-og,inec-ward-6429
POLLING_UNIT,inec-pu-89765,ng-state-ogun,EBENEZER GRAMMAR SCHOOL,INEC_CVR_PU,89765,,inec-lga-562,,state-assembly-sc-726-og,inec-ward-6429
POLLING_UNIT,inec-pu-89766,ng-state-ogun,FRONT OF ATAMBALA'S HOUSE,INEC_CVR_PU,89766,,inec-lga-562,,state-assembly-sc-726-og,inec-ward-6429
POLLING_UNIT,inec-pu-89767,ng-state-ogun,"MATERNITY CENTRE,IBEREKODO",INEC_CVR_PU,89767,,inec-lga-562,,state-assembly-sc-726-og,inec-ward-6429
POLLING_UNIT,inec-pu-660074,ng-state-ogun,"OPEN SPACE AT IREPODUN STREET, ILE OGBONI,ILUGUN ASALU",INEC_CVR_PU,660074,,inec-lga-562,,state-assembly-sc-726-og,inec-ward-6429
POLLING_UNIT,inec-pu-660075,ng-state-ogun,"OPEN SPACE AT LASODE JUNCTION, ILUGUN",INEC_CVR_PU,660075,,inec-lga-562,,state-assembly-sc-726-og,inec-ward-6429
POLLING_UNIT,inec-pu-660076,ng-state-ogun,"OPEN SPACE AT KOKUMO JUNCTION, ILUGUN",INEC_CVR_PU,660076,,inec-lga-562,,state-assembly-sc-726-og,inec-ward-6429
POLLING_UNIT,inec-pu-660077,ng-state-ogun,"FRONT OF CENTRAL MOSQUE, IBEREKODO",INEC_CVR_PU,660077,,inec-lga-562,,state-assembly-sc-726-og,inec-ward-6429
POLLING_UNIT,inec-pu-660078,ng-state-ogun,"OPEN SPACE OPP. MIKENID PETROL STATION, IBEREKODO",INEC_CVR_PU,660078,,inec-lga-562,,state-assembly-sc-726-og,inec-ward-6429
POLLING_UNIT,inec-pu-660079,ng-state-ogun,"OPEN SPACE AT AROGUNDADE JUNCTION, NEAR MOKOLA BRIDGE",INEC_CVR_PU,660079,,inec-lga-562,,state-assembly-sc-726-og,inec-ward-6429
POLLING_UNIT,inec-pu-660080,ng-state-ogun,"OPEN SPACE AT ELEWA FAAJI DE, MOKOLA",INEC_CVR_PU,660080,,inec-lga-562,,state-assembly-sc-726-og,inec-ward-6429
POLLING_UNIT,inec-pu-660081,ng-state-ogun,"OPEN SPACE IN FRONT OF OGUN STATE WATER CORPORATION, ARAKANGA.",INEC_CVR_PU,660081,,inec-lga-562,,state-assembly-sc-726-og,inec-ward-6429
POLLING_UNIT,inec-pu-660082,ng-state-ogun,"OPEN SPACE AT TEMIDIRE AREA, OKE ARAKANGA",INEC_CVR_PU,660082,,inec-lga-562,,state-assembly-sc-726-og,inec-ward-6429
POLLING_UNIT,inec-pu-660083,ng-state-ogun,"OPEN SPACE BEHIND TOTAL PETROL STATION, IBEREKODO",INEC_CVR_PU,660083,,inec-lga-562,,state-assembly-sc-726-og,inec-ward-6429
POLLING_UNIT,inec-pu-660084,ng-state-ogun,"FRONT OF OGUNBONA HOUSE, AKOMOJE",INEC_CVR_PU,660084,,inec-lga-562,,state-assembly-sc-726-og,inec-ward-6429
POLLING_UNIT,inec-pu-660085,ng-state-ogun,"OPEN SPACE AT ALAGBODE JUNCTION, AKOMOJE",INEC_CVR_PU,660085,,inec-lga-562,,state-assembly-sc-726-og,inec-ward-6429
POLLING_UNIT,inec-pu-660086,ng-state-ogun,"OPEN SPACE AT IDOFIN JUNCTION, IYAN RESERVOIRE",INEC_CVR_PU,660086,,inec-lga-562,,state-assembly-sc-726-og,inec-ward-6429
POLLING_UNIT,inec-pu-660087,ng-state-ogun,FRONT OF ATAMBALA'S HOUSE II,INEC_CVR_PU,660087,,inec-lga-562,,state-assembly-sc-726-og,inec-ward-6429
POLLING_UNIT,inec-pu-660088,ng-state-ogun,"FRONT OF OKE OMO HOUSE, IBEREKODO",INEC_CVR_PU,660088,,inec-lga-562,,state-assembly-sc-726-og,inec-ward-6429
WARD,inec-ward-6430,ng-state-ogun,GBAGURA,INEC_CVR_WARD,6430,,inec-lga-562,,state-assembly-sc-726-og,
POLLING_UNIT,inec-pu-89768,ng-state-ogun,SPACE AT CUSTOMARY COURT AGURA I,INEC_CVR_PU,89768,,inec-lga-562,,state-assembly-sc-726-og,inec-ward-6430
POLLING_UNIT,inec-pu-89769,ng-state-ogun,SPACE AT CUSTOMARY COURT AGURA II,INEC_CVR_PU,89769,,inec-lga-562,,state-assembly-sc-726-og,inec-ward-6430
POLLING_UNIT,inec-pu-89770,ng-state-ogun,A.U.D. KEMTA ILAWO I,INEC_CVR_PU,89770,,inec-lga-562,,state-assembly-sc-726-og,inec-ward-6430
POLLING_UNIT,inec-pu-89771,ng-state-ogun,A.U.D. KEMTA ILAWO II,INEC_CVR_PU,89771,,inec-lga-562,,state-assembly-sc-726-og,inec-ward-6430
POLLING_UNIT,inec-pu-89772,ng-state-ogun,NEAR ASUNARA MOSQUE I,INEC_CVR_PU,89772,,inec-lga-562,,state-assembly-sc-726-og,inec-ward-6430
POLLING_UNIT,inec-pu-89773,ng-state-ogun,NEAR ASUNARA MOSQUE II,INEC_CVR_PU,89773,,inec-lga-562,,state-assembly-sc-726-og,inec-ward-6430
POLLING_UNIT,inec-pu-89774,ng-state-ogun,SPACE AT OJU ODUMAKA,INEC_CVR_PU,89774,,inec-lga-562,,state-assembly-sc-726-og,inec-ward-6430
POLLING_UNIT,inec-pu-89775,ng-state-ogun,NEAR ISALE AGO MOSQUE,INEC_CVR_PU,89775,,inec-lga-562,,state-assembly-sc-726-og,inec-ward-6430
POLLING_UNIT,inec-pu-89776,ng-state-ogun,HOLY TRINITY OJESIMI,INEC_CVR_PU,89776,,inec-lga-562,,state-assembly-sc-726-og,inec-ward-6430
POLLING_UNIT,inec-pu-89777,ng-state-ogun,OPEN SPACE NEAR BOBAGUNWA'S HOUSE,INEC_CVR_PU,89777,,inec-lga-562,,state-assembly-sc-726-og,inec-ward-6430
POLLING_UNIT,inec-pu-89778,ng-state-ogun,OPEN SPACE NEAR AGURA PALACE,INEC_CVR_PU,89778,,inec-lga-562,,state-assembly-sc-726-og,inec-ward-6430
POLLING_UNIT,inec-pu-660044,ng-state-ogun,"AUD PRY. SCHOOL 1, ONA-GBOORO",INEC_CVR_PU,660044,,inec-lga-562,,state-assembly-sc-726-og,inec-ward-6430
POLLING_UNIT,inec-pu-660045,ng-state-ogun,"OPEN SPACE AT IKEREKU IWERE, GBAGURA",INEC_CVR_PU,660045,,inec-lga-562,,state-assembly-sc-726-og,inec-ward-6430
WARD,inec-ward-6431,ng-state-ogun,IKA,INEC_CVR_WARD,6431,,inec-lga-562,,state-assembly-sc-726-og,
POLLING_UNIT,inec-pu-89779,ng-state-ogun,NEAR OLD SLAUGHTER'S SLAB I,INEC_CVR_PU,89779,,inec-lga-562,,state-assembly-sc-726-og,inec-ward-6431
POLLING_UNIT,inec-pu-89780,ng-state-ogun,APATA MOSQUE IJAYE OBIRINTI,INEC_CVR_PU,89780,,inec-lga-562,,state-assembly-sc-726-og,inec-ward-6431
POLLING_UNIT,inec-pu-89781,ng-state-ogun,UNITY HIGH SCHOOL AGO-IKA I,INEC_CVR_PU,89781,,inec-lga-562,,state-assembly-sc-726-og,inec-ward-6431
POLLING_UNIT,inec-pu-89782,ng-state-ogun,UNITY HIGH SCHOOL AGO-IKA II,INEC_CVR_PU,89782,,inec-lga-562,,state-assembly-sc-726-og,inec-ward-6431
POLLING_UNIT,inec-pu-89783,ng-state-ogun,SPACE AT AGO-IKA JUNCTION I,INEC_CVR_PU,89783,,inec-lga-562,,state-assembly-sc-726-og,inec-ward-6431
POLLING_UNIT,inec-pu-89784,ng-state-ogun,SPACE AT AGO-IKA JUNCTION II,INEC_CVR_PU,89784,,inec-lga-562,,state-assembly-sc-726-og,inec-ward-6431
POLLING_UNIT,inec-pu-89785,ng-state-ogun,NEAR ITA NLA MOSQUE IJAYE KUKUDI I,INEC_CVR_PU,89785,,inec-lga-562,,state-assembly-sc-726-og,inec-ward-6431
POLLING_UNIT,inec-pu-89786,ng-state-ogun,NEAR ITA NLA MOSQUE IJAYE KUKUDI II,INEC_CVR_PU,89786,,inec-lga-562,,state-assembly-sc-726-og,inec-ward-6431
POLLING_UNIT,inec-pu-89787,ng-state-ogun,NEAR REFUSE DEPORT AGO-IKA,INEC_CVR_PU,89787,,inec-lga-562,,state-assembly-sc-726-og,inec-ward-6431
POLLING_UNIT,inec-pu-89788,ng-state-ogun,ALASALATU PRY. SCHOOL,INEC_CVR_PU,89788,,inec-lga-562,,state-assembly-sc-726-og,inec-ward-6431
POLLING_UNIT,inec-pu-89789,ng-state-ogun,"OPPOSITE ODOLE'S COMP, AGO IKA",INEC_CVR_PU,89789,,inec-lga-562,,state-assembly-sc-726-og,inec-ward-6431
POLLING_UNIT,inec-pu-660058,ng-state-ogun,"OPEN SPACE IN FRONT OF ADEGBENRO'S MOSQUE, IKEREKU-IDAN",INEC_CVR_PU,660058,,inec-lga-562,,state-assembly-sc-726-og,inec-ward-6431
POLLING_UNIT,inec-pu-660059,ng-state-ogun,"NEAR OLOHUN-SUNMIBARE MOSQUE, IJAYE-OBIRITIN",INEC_CVR_PU,660059,,inec-lga-562,,state-assembly-sc-726-og,inec-ward-6431
POLLING_UNIT,inec-pu-660060,ng-state-ogun,"OPEN SPACE AT IJOFA JUNCTION, IJOFA",INEC_CVR_PU,660060,,inec-lga-562,,state-assembly-sc-726-og,inec-ward-6431
POLLING_UNIT,inec-pu-660061,ng-state-ogun,N.U.D PRIMARY SCHOOL AGO IKA,INEC_CVR_PU,660061,,inec-lga-562,,state-assembly-sc-726-og,inec-ward-6431
POLLING_UNIT,inec-pu-660062,ng-state-ogun,"NEAR AIGORO COMPOUND,IDI OPARUN, AGO-IKA,",INEC_CVR_PU,660062,,inec-lga-562,,state-assembly-sc-726-og,inec-ward-6431
POLLING_UNIT,inec-pu-660063,ng-state-ogun,"NEAR ADENEKAN HALL, AGO-IKA",INEC_CVR_PU,660063,,inec-lga-562,,state-assembly-sc-726-og,inec-ward-6431
POLLING_UNIT,inec-pu-660064,ng-state-ogun,OPEN SPACE AT IDI-AGBON AGO IKA,INEC_CVR_PU,660064,,inec-lga-562,,state-assembly-sc-726-og,inec-ward-6431
POLLING_UNIT,inec-pu-660065,ng-state-ogun,"ALASALATU PRIMARY SCHOOL II, OJOKODO.",INEC_CVR_PU,660065,,inec-lga-562,,state-assembly-sc-726-og,inec-ward-6431
POLLING_UNIT,inec-pu-660066,ng-state-ogun,"OPEN SPACE AT ENUGADA, AGO-IKA",INEC_CVR_PU,660066,,inec-lga-562,,state-assembly-sc-726-og,inec-ward-6431
WARD,inec-ward-6432,ng-state-ogun,LAFENWA,INEC_CVR_WARD,6432,,inec-lga-562,,state-assembly-sc-726-og,
POLLING_UNIT,inec-pu-89790,ng-state-ogun,ST. JOHN'S SCHOOL LAFENWA I,INEC_CVR_PU,89790,,inec-lga-562,,state-assembly-sc-726-og,inec-ward-6432
POLLING_UNIT,inec-pu-89791,ng-state-ogun,ST. JOHN'S SCHOOL LAFENWA II,INEC_CVR_PU,89791,,inec-lga-562,,state-assembly-sc-726-og,inec-ward-6432
POLLING_UNIT,inec-pu-89792,ng-state-ogun,APOSTOLIC CHURCH AFUNTA I,INEC_CVR_PU,89792,,inec-lga-562,,state-assembly-sc-726-og,inec-ward-6432
POLLING_UNIT,inec-pu-89793,ng-state-ogun,APOSTOLIC CHURCH AFUNTA II,INEC_CVR_PU,89793,,inec-lga-562,,state-assembly-sc-726-og,inec-ward-6432
POLLING_UNIT,inec-pu-89794,ng-state-ogun,NEAR YUSUFU'S HOUSE I,INEC_CVR_PU,89794,,inec-lga-562,,state-assembly-sc-726-og,inec-ward-6432
POLLING_UNIT,inec-pu-89795,ng-state-ogun,NEAR YUSUFU'S HOUSE II,INEC_CVR_PU,89795,,inec-lga-562,,state-assembly-sc-726-og,inec-ward-6432
POLLING_UNIT,inec-pu-89796,ng-state-ogun,FRONT OF ALH. ADEGBENRO'S HOUSE,INEC_CVR_PU,89796,,inec-lga-562,,state-assembly-sc-726-og,inec-ward-6432
POLLING_UNIT,inec-pu-89797,ng-state-ogun,NEAR BAALE'S HOUSE I,INEC_CVR_PU,89797,,inec-lga-562,,state-assembly-sc-726-og,inec-ward-6432
POLLING_UNIT,inec-pu-89798,ng-state-ogun,NEAR BAALE'S HOUSE II,INEC_CVR_PU,89798,,inec-lga-562,,state-assembly-sc-726-og,inec-ward-6432
POLLING_UNIT,inec-pu-660100,ng-state-ogun,"NEAR BIOBAKU HOUSE, LAFENWA",INEC_CVR_PU,660100,,inec-lga-562,,state-assembly-sc-726-og,inec-ward-6432
POLLING_UNIT,inec-pu-660101,ng-state-ogun,"OPEN SPACE AT RAILWAY QUARTERS, LAFENWA",INEC_CVR_PU,660101,,inec-lga-562,,state-assembly-sc-726-og,inec-ward-6432
POLLING_UNIT,inec-pu-660102,ng-state-ogun,"OPEN SPACE IN FRONT OF TITILOPE MOSQUE, ABULE-OTUN",INEC_CVR_PU,660102,,inec-lga-562,,state-assembly-sc-726-og,inec-ward-6432
POLLING_UNIT,inec-pu-660103,ng-state-ogun,"OPEN SPACE IN FRONT OF TRANSFORMER, GAA SABO",INEC_CVR_PU,660103,,inec-lga-562,,state-assembly-sc-726-og,inec-ward-6432
POLLING_UNIT,inec-pu-660104,ng-state-ogun,"OPEN SPACE AT AKINDELE JUNCTION, GAA SABO",INEC_CVR_PU,660104,,inec-lga-562,,state-assembly-sc-726-og,inec-ward-6432
WARD,inec-ward-6433,ng-state-ogun,SABO,INEC_CVR_WARD,6433,,inec-lga-562,,state-assembly-sc-726-og,
POLLING_UNIT,inec-pu-89799,ng-state-ogun,LAFENWA HIGH SCHOOL I,INEC_CVR_PU,89799,,inec-lga-562,,state-assembly-sc-726-og,inec-ward-6433
POLLING_UNIT,inec-pu-89800,ng-state-ogun,LAFENWA HIGH SCHOOL II,INEC_CVR_PU,89800,,inec-lga-562,,state-assembly-sc-726-og,inec-ward-6433
POLLING_UNIT,inec-pu-89801,ng-state-ogun,LAFENWA HIGH SCHOOL III,INEC_CVR_PU,89801,,inec-lga-562,,state-assembly-sc-726-og,inec-ward-6433
POLLING_UNIT,inec-pu-89802,ng-state-ogun,"OPEN SPACE IN FRONT OF MATERNITY CENTER I, SABO",INEC_CVR_PU,89802,,inec-lga-562,,state-assembly-sc-726-og,inec-ward-6433
POLLING_UNIT,inec-pu-89803,ng-state-ogun,"OPEN SPACE IN FRONT OF MATERNITY CENTRE II,SABO",INEC_CVR_PU,89803,,inec-lga-562,,state-assembly-sc-726-og,inec-ward-6433
POLLING_UNIT,inec-pu-89804,ng-state-ogun,HOLY TRINITY SABO I,INEC_CVR_PU,89804,,inec-lga-562,,state-assembly-sc-726-og,inec-ward-6433
POLLING_UNIT,inec-pu-89805,ng-state-ogun,HOLY TRINITY SABO II,INEC_CVR_PU,89805,,inec-lga-562,,state-assembly-sc-726-og,inec-ward-6433
POLLING_UNIT,inec-pu-89806,ng-state-ogun,BAALE' HOUSE ABULE-OKE I,INEC_CVR_PU,89806,,inec-lga-562,,state-assembly-sc-726-og,inec-ward-6433
POLLING_UNIT,inec-pu-89807,ng-state-ogun,BAALE' HOUSE ABULE-OKE II,INEC_CVR_PU,89807,,inec-lga-562,,state-assembly-sc-726-og,inec-ward-6433
POLLING_UNIT,inec-pu-89808,ng-state-ogun,OPEN SPACE AT APENA'S PAPA MARU (NEAR APENA'S HOUSE PAPA MARU),INEC_CVR_PU,89808,,inec-lga-562,,state-assembly-sc-726-og,inec-ward-6433
POLLING_UNIT,inec-pu-89809,ng-state-ogun,"OLUMO PRY. SCHOOL, SABO",INEC_CVR_PU,89809,,inec-lga-562,,state-assembly-sc-726-og,inec-ward-6433
POLLING_UNIT,inec-pu-89810,ng-state-ogun,NEAR OLALOMI MOSQUE,INEC_CVR_PU,89810,,inec-lga-562,,state-assembly-sc-726-og,inec-ward-6433
POLLING_UNIT,inec-pu-89811,ng-state-ogun,"NEAR KORODO BLOCKS, SABO",INEC_CVR_PU,89811,,inec-lga-562,,state-assembly-sc-726-og,inec-ward-6433
POLLING_UNIT,inec-pu-660107,ng-state-ogun,"OPEN SPACE AT IFESOWAPO JUNCTION, BESDIDE OGUN RADIO",INEC_CVR_PU,660107,,inec-lga-562,,state-assembly-sc-726-og,inec-ward-6433
POLLING_UNIT,inec-pu-660108,ng-state-ogun,OPEN SPACE IN FRONT OF PROPOSED COMM. HEALTH CENTRE OLATEJU OLOSUN,INEC_CVR_PU,660108,,inec-lga-562,,state-assembly-sc-726-og,inec-ward-6433
POLLING_UNIT,inec-pu-660109,ng-state-ogun,"OPEN SPACE AT AJIBANDE JUNCTION, AIYETORO GARAGE",INEC_CVR_PU,660109,,inec-lga-562,,state-assembly-sc-726-og,inec-ward-6433
POLLING_UNIT,inec-pu-660110,ng-state-ogun,"OPEN SPACE AT METIER GUEST HOUSE, OGUN RADIO",INEC_CVR_PU,660110,,inec-lga-562,,state-assembly-sc-726-og,inec-ward-6433
POLLING_UNIT,inec-pu-660111,ng-state-ogun,"SCHOOL PREMISES PREMIER GRAMMAR SCHOOL, LAFENWA.",INEC_CVR_PU,660111,,inec-lga-562,,state-assembly-sc-726-og,inec-ward-6433
POLLING_UNIT,inec-pu-660112,ng-state-ogun,"SCHOOL PREMISES COMMUNITY PRIMARY SCHOOL, SODEKE TITUN",INEC_CVR_PU,660112,,inec-lga-562,,state-assembly-sc-726-og,inec-ward-6433
POLLING_UNIT,inec-pu-660113,ng-state-ogun,"OPEN SPACE AT LURO ESTATE GATE, LURO",INEC_CVR_PU,660113,,inec-lga-562,,state-assembly-sc-726-og,inec-ward-6433
POLLING_UNIT,inec-pu-660114,ng-state-ogun,"BASHORUN MOSHOOD ABIOLA SCHOOL, SABO",INEC_CVR_PU,660114,,inec-lga-562,,state-assembly-sc-726-og,inec-ward-6433
POLLING_UNIT,inec-pu-660115,ng-state-ogun,OPEN SPACE AT BOLUDAYO JUNCTION SABO.,INEC_CVR_PU,660115,,inec-lga-562,,state-assembly-sc-726-og,inec-ward-6433
POLLING_UNIT,inec-pu-660116,ng-state-ogun,"OPEN SPACE AT OLORUNWA JUNCTION, PAPA MARUN",INEC_CVR_PU,660116,,inec-lga-562,,state-assembly-sc-726-og,inec-ward-6433
POLLING_UNIT,inec-pu-660117,ng-state-ogun,OPEN SPACE AT KINITO ALAFIA JUNCTION SABO,INEC_CVR_PU,660117,,inec-lga-562,,state-assembly-sc-726-og,inec-ward-6433
POLLING_UNIT,inec-pu-660118,ng-state-ogun,"OPEN SPACE IN FRONT OF COMMUNITY CENTRAL MOSQUE, ABULE OKE SABO.",INEC_CVR_PU,660118,,inec-lga-562,,state-assembly-sc-726-og,inec-ward-6433
POLLING_UNIT,inec-pu-660119,ng-state-ogun,"OPEN SPACE NEAR TEMIDIRE CENTRAL MOSQUE, SABO",INEC_CVR_PU,660119,,inec-lga-562,,state-assembly-sc-726-og,inec-ward-6433
POLLING_UNIT,inec-pu-660120,ng-state-ogun,"COMMUNITY PRIMARY SCHOOL, OBASA",INEC_CVR_PU,660120,,inec-lga-562,,state-assembly-sc-726-og,inec-ward-6433
POLLING_UNIT,inec-pu-660121,ng-state-ogun,OLUMO PRY SCHOOL II SABO,INEC_CVR_PU,660121,,inec-lga-562,,state-assembly-sc-726-og,inec-ward-6433
POLLING_UNIT,inec-pu-660122,ng-state-ogun,"OPEBIYI JUNCTION, AGBO ERAN",INEC_CVR_PU,660122,,inec-lga-562,,state-assembly-sc-726-og,inec-ward-6433
POLLING_UNIT,inec-pu-660123,ng-state-ogun,COMMUNITY HALL IFEOLUWA ODUNJO ARAROMI,INEC_CVR_PU,660123,,inec-lga-562,,state-assembly-sc-726-og,inec-ward-6433
POLLING_UNIT,inec-pu-660124,ng-state-ogun,"OPEN SPACE AT MABINU ORI AVENUE, SABO",INEC_CVR_PU,660124,,inec-lga-562,,state-assembly-sc-726-og,inec-ward-6433
POLLING_UNIT,inec-pu-660125,ng-state-ogun,"OPEN SPACE AT BAJOMO STREET, AYETORO GARAGE",INEC_CVR_PU,660125,,inec-lga-562,,state-assembly-sc-726-og,inec-ward-6433
WARD,inec-ward-6434,ng-state-ogun,OKE-AGO OWU,INEC_CVR_WARD,6434,,inec-lga-562,,state-assembly-sc-726-og,
POLLING_UNIT,inec-pu-89812,ng-state-ogun,ANLG SCHOOL AGO-OWU I,INEC_CVR_PU,89812,,inec-lga-562,,state-assembly-sc-726-og,inec-ward-6434
POLLING_UNIT,inec-pu-89813,ng-state-ogun,ANLG SCHOOL AGO-OWU II,INEC_CVR_PU,89813,,inec-lga-562,,state-assembly-sc-726-og,inec-ward-6434
POLLING_UNIT,inec-pu-89814,ng-state-ogun,OLOWU'S PALACE I,INEC_CVR_PU,89814,,inec-lga-562,,state-assembly-sc-726-og,inec-ward-6434
POLLING_UNIT,inec-pu-89815,ng-state-ogun,OLOWU'S PALACE II,INEC_CVR_PU,89815,,inec-lga-562,,state-assembly-sc-726-og,inec-ward-6434
POLLING_UNIT,inec-pu-89816,ng-state-ogun,NEAR AGBOGUNLERI'S MOSQUE,INEC_CVR_PU,89816,,inec-lga-562,,state-assembly-sc-726-og,inec-ward-6434
POLLING_UNIT,inec-pu-89817,ng-state-ogun,JEBODA'S MOSQUE,INEC_CVR_PU,89817,,inec-lga-562,,state-assembly-sc-726-og,inec-ward-6434
POLLING_UNIT,inec-pu-89818,ng-state-ogun,AMUKANKAN I,INEC_CVR_PU,89818,,inec-lga-562,,state-assembly-sc-726-og,inec-ward-6434
POLLING_UNIT,inec-pu-89819,ng-state-ogun,AMUKANKAN II,INEC_CVR_PU,89819,,inec-lga-562,,state-assembly-sc-726-og,inec-ward-6434
POLLING_UNIT,inec-pu-89820,ng-state-ogun,OPEN SPACE OPP. OGUNSEBI EREPAJA'S HOUSE,INEC_CVR_PU,89820,,inec-lga-562,,state-assembly-sc-726-og,inec-ward-6434
POLLING_UNIT,inec-pu-89821,ng-state-ogun,OPP. SPACE OPP. ORUKAN'S COMPOUND,INEC_CVR_PU,89821,,inec-lga-562,,state-assembly-sc-726-og,inec-ward-6434
POLLING_UNIT,inec-pu-89822,ng-state-ogun,OPP. SPACE BEHIND EGBEYEMI'S HOUSE,INEC_CVR_PU,89822,,inec-lga-562,,state-assembly-sc-726-og,inec-ward-6434
POLLING_UNIT,inec-pu-89823,ng-state-ogun,OLUFAKUN COMPOUND (OPEN SPACE),INEC_CVR_PU,89823,,inec-lga-562,,state-assembly-sc-726-og,inec-ward-6434
POLLING_UNIT,inec-pu-89824,ng-state-ogun,OPEN SPACE AT LARA'S COMPOUND,INEC_CVR_PU,89824,,inec-lga-562,,state-assembly-sc-726-og,inec-ward-6434
POLLING_UNIT,inec-pu-89825,ng-state-ogun,JEBODA'S COURT II,INEC_CVR_PU,89825,,inec-lga-562,,state-assembly-sc-726-og,inec-ward-6434
POLLING_UNIT,inec-pu-89826,ng-state-ogun,FRONT OF AKINTOBI'S HOUSE,INEC_CVR_PU,89826,,inec-lga-562,,state-assembly-sc-726-og,inec-ward-6434
POLLING_UNIT,inec-pu-660105,ng-state-ogun,"OPEN SPACE BESIDE AKINSIDE HOUSE , AMUKANKAN",INEC_CVR_PU,660105,,inec-lga-562,,state-assembly-sc-726-og,inec-ward-6434
POLLING_UNIT,inec-pu-660106,ng-state-ogun,"OPEN SPACE OPPOSITE OBALASAKO COMPOUND, AMUKANKAN",INEC_CVR_PU,660106,,inec-lga-562,,state-assembly-sc-726-og,inec-ward-6434
WARD,inec-ward-6435,ng-state-ogun,TOTORO/SOKORI,INEC_CVR_WARD,6435,,inec-lga-562,,state-assembly-sc-726-og,
POLLING_UNIT,inec-pu-89827,ng-state-ogun,TOTORO POST OFFICE I,INEC_CVR_PU,89827,,inec-lga-562,,state-assembly-sc-726-og,inec-ward-6435
POLLING_UNIT,inec-pu-89828,ng-state-ogun,TOTORO POST OFFICE II,INEC_CVR_PU,89828,,inec-lga-562,,state-assembly-sc-726-og,inec-ward-6435
POLLING_UNIT,inec-pu-89829,ng-state-ogun,TOTORO POST OFFICE III,INEC_CVR_PU,89829,,inec-lga-562,,state-assembly-sc-726-og,inec-ward-6435
POLLING_UNIT,inec-pu-89830,ng-state-ogun,OWU BAPTIST CHURCH,INEC_CVR_PU,89830,,inec-lga-562,,state-assembly-sc-726-og,inec-ward-6435
POLLING_UNIT,inec-pu-89831,ng-state-ogun,FRONT OF AFRICAN CHURCH ITA-OLORI I,INEC_CVR_PU,89831,,inec-lga-562,,state-assembly-sc-726-og,inec-ward-6435
POLLING_UNIT,inec-pu-89832,ng-state-ogun,FRONT OF AFRICAN CHURCH ITA-OLORI II,INEC_CVR_PU,89832,,inec-lga-562,,state-assembly-sc-726-og,inec-ward-6435
POLLING_UNIT,inec-pu-89833,ng-state-ogun,FRONT OF AFRICAN CHURCH ITA-OLORI III,INEC_CVR_PU,89833,,inec-lga-562,,state-assembly-sc-726-og,inec-ward-6435
POLLING_UNIT,inec-pu-89834,ng-state-ogun,A.L.G. MATERNITY TOTORO I,INEC_CVR_PU,89834,,inec-lga-562,,state-assembly-sc-726-og,inec-ward-6435
POLLING_UNIT,inec-pu-89835,ng-state-ogun,A.L.G. MATERNITY TOTORO II,INEC_CVR_PU,89835,,inec-lga-562,,state-assembly-sc-726-og,inec-ward-6435
POLLING_UNIT,inec-pu-89836,ng-state-ogun,SOKORI MARKET SQUARE I,INEC_CVR_PU,89836,,inec-lga-562,,state-assembly-sc-726-og,inec-ward-6435
POLLING_UNIT,inec-pu-89837,ng-state-ogun,SOKORI MARKET SQUARE II,INEC_CVR_PU,89837,,inec-lga-562,,state-assembly-sc-726-og,inec-ward-6435
POLLING_UNIT,inec-pu-89838,ng-state-ogun,AFRICAN CHURCH CENTRAL PRI SCH ITA IYALODE,INEC_CVR_PU,89838,,inec-lga-562,,state-assembly-sc-726-og,inec-ward-6435
POLLING_UNIT,inec-pu-89839,ng-state-ogun,METHODIST PRY. SCHOOL SOKORI I,INEC_CVR_PU,89839,,inec-lga-562,,state-assembly-sc-726-og,inec-ward-6435
POLLING_UNIT,inec-pu-89840,ng-state-ogun,OKE-SOKORI MOSQUE,INEC_CVR_PU,89840,,inec-lga-562,,state-assembly-sc-726-og,inec-ward-6435
POLLING_UNIT,inec-pu-89841,ng-state-ogun,ASASIN'S COMPOUND I,INEC_CVR_PU,89841,,inec-lga-562,,state-assembly-sc-726-og,inec-ward-6435
POLLING_UNIT,inec-pu-89842,ng-state-ogun,ASASIN'S COMPOUND II,INEC_CVR_PU,89842,,inec-lga-562,,state-assembly-sc-726-og,inec-ward-6435
POLLING_UNIT,inec-pu-89843,ng-state-ogun,OLOKUN'S COMPOUND,INEC_CVR_PU,89843,,inec-lga-562,,state-assembly-sc-726-og,inec-ward-6435
POLLING_UNIT,inec-pu-89844,ng-state-ogun,SPACE AT ORIYANRIN I,INEC_CVR_PU,89844,,inec-lga-562,,state-assembly-sc-726-og,inec-ward-6435
POLLING_UNIT,inec-pu-89845,ng-state-ogun,SPACE AT ORIYANRIN II,INEC_CVR_PU,89845,,inec-lga-562,,state-assembly-sc-726-og,inec-ward-6435
POLLING_UNIT,inec-pu-89846,ng-state-ogun,A.L.G. EBU ALAPARO,INEC_CVR_PU,89846,,inec-lga-562,,state-assembly-sc-726-og,inec-ward-6435
POLLING_UNIT,inec-pu-89847,ng-state-ogun,OLOSI'S COMPOUND I,INEC_CVR_PU,89847,,inec-lga-562,,state-assembly-sc-726-og,inec-ward-6435
POLLING_UNIT,inec-pu-89848,ng-state-ogun,OLOSOMI'S COMPOUND,INEC_CVR_PU,89848,,inec-lga-562,,state-assembly-sc-726-og,inec-ward-6435
POLLING_UNIT,inec-pu-89849,ng-state-ogun,BUS STOP AT PEPSI,INEC_CVR_PU,89849,,inec-lga-562,,state-assembly-sc-726-og,inec-ward-6435
POLLING_UNIT,inec-pu-89850,ng-state-ogun,A.L.G. EBU ALA PARO,INEC_CVR_PU,89850,,inec-lga-562,,state-assembly-sc-726-og,inec-ward-6435
POLLING_UNIT,inec-pu-89851,ng-state-ogun,GATEWAY SECONDARY SCHOOL I,INEC_CVR_PU,89851,,inec-lga-562,,state-assembly-sc-726-og,inec-ward-6435
POLLING_UNIT,inec-pu-89852,ng-state-ogun,GATEWAY SECONDARY SCHOOL II,INEC_CVR_PU,89852,,inec-lga-562,,state-assembly-sc-726-og,inec-ward-6435
POLLING_UNIT,inec-pu-89853,ng-state-ogun,AKINOLUGBADE SOCIAL CENTRE,INEC_CVR_PU,89853,,inec-lga-562,,state-assembly-sc-726-og,inec-ward-6435
POLLING_UNIT,inec-pu-660126,ng-state-ogun,"OPEN SPACE BESIDE ADISA ONIFUNERAN HOUSE, SOKORI",INEC_CVR_PU,660126,,inec-lga-562,,state-assembly-sc-726-og,inec-ward-6435
POLLING_UNIT,inec-pu-660127,ng-state-ogun,"OPEN SPACE AT ADEWALE ABOABA JUNCTION, SOKORI",INEC_CVR_PU,660127,,inec-lga-562,,state-assembly-sc-726-og,inec-ward-6435
POLLING_UNIT,inec-pu-660128,ng-state-ogun,"AFRICAN CHURCHCENTRAL PRY SCHOOL II, ITA IYALODE",INEC_CVR_PU,660128,,inec-lga-562,,state-assembly-sc-726-og,inec-ward-6435
POLLING_UNIT,inec-pu-660129,ng-state-ogun,"METHODIST PRY. SCHOOL, SOKORI II",INEC_CVR_PU,660129,,inec-lga-562,,state-assembly-sc-726-og,inec-ward-6435
POLLING_UNIT,inec-pu-660130,ng-state-ogun,OPEN SPACE BESIDE OLORUNTOBI MOSQUE OJE ILE SOKORI,INEC_CVR_PU,660130,,inec-lga-562,,state-assembly-sc-726-og,inec-ward-6435
POLLING_UNIT,inec-pu-660131,ng-state-ogun,"ONIJAYE JUNCTION, SOKORI",INEC_CVR_PU,660131,,inec-lga-562,,state-assembly-sc-726-og,inec-ward-6435
POLLING_UNIT,inec-pu-660132,ng-state-ogun,"SPACE IN FRONT OF OGUN STATE VETINARY COMPLEX, OBASANJO WAY",INEC_CVR_PU,660132,,inec-lga-562,,state-assembly-sc-726-og,inec-ward-6435
POLLING_UNIT,inec-pu-660133,ng-state-ogun,OPEN SPACE BESIDE PENCE FOUNDATION INT'L COLLEGE,INEC_CVR_PU,660133,,inec-lga-562,,state-assembly-sc-726-og,inec-ward-6435
POLLING_UNIT,inec-pu-660134,ng-state-ogun,"OPEN SPACE BESIDE FEMI SHORINOLA JUNCTION, ORIYANRIN",INEC_CVR_PU,660134,,inec-lga-562,,state-assembly-sc-726-og,inec-ward-6435
POLLING_UNIT,inec-pu-660135,ng-state-ogun,"OPEN SPACE AT OLORUNSOGO COMMUNITY APO JUNCTION, PEPSI",INEC_CVR_PU,660135,,inec-lga-562,,state-assembly-sc-726-og,inec-ward-6435
POLLING_UNIT,inec-pu-660136,ng-state-ogun,"OPEN SPACE AT OGUN STATE SCOUT COUNCIL HQ,ITA-IYALODE",INEC_CVR_PU,660136,,inec-lga-562,,state-assembly-sc-726-og,inec-ward-6435
POLLING_UNIT,inec-pu-660137,ng-state-ogun,"OPEN SPACE AT OBASANJO WAY JUNCTION, AKINOLUGBADE",INEC_CVR_PU,660137,,inec-lga-562,,state-assembly-sc-726-og,inec-ward-6435
WARD,inec-ward-6436,ng-state-ogun,ITA-OSHIN/OLOMORE,INEC_CVR_WARD,6436,,inec-lga-562,,state-assembly-sc-726-og,
POLLING_UNIT,inec-pu-89854,ng-state-ogun,OLOMORE HOUSING ESTATE I,INEC_CVR_PU,89854,,inec-lga-562,,state-assembly-sc-726-og,inec-ward-6436
POLLING_UNIT,inec-pu-89855,ng-state-ogun,OLOMORE HOUSING ESTATE II,INEC_CVR_PU,89855,,inec-lga-562,,state-assembly-sc-726-og,inec-ward-6436
POLLING_UNIT,inec-pu-89856,ng-state-ogun,OLOMORE HOUSING ESTATE III,INEC_CVR_PU,89856,,inec-lga-562,,state-assembly-sc-726-og,inec-ward-6436
POLLING_UNIT,inec-pu-89857,ng-state-ogun,NEAR FRESH FISH MARKET I,INEC_CVR_PU,89857,,inec-lga-562,,state-assembly-sc-726-og,inec-ward-6436
POLLING_UNIT,inec-pu-89858,ng-state-ogun,NEAR FRESH FISH MARKET II,INEC_CVR_PU,89858,,inec-lga-562,,state-assembly-sc-726-og,inec-ward-6436
POLLING_UNIT,inec-pu-89859,ng-state-ogun,E.A.C. ITA OSHIN I,INEC_CVR_PU,89859,,inec-lga-562,,state-assembly-sc-726-og,inec-ward-6436
POLLING_UNIT,inec-pu-89860,ng-state-ogun,E.A.C. ITA OSHIN II,INEC_CVR_PU,89860,,inec-lga-562,,state-assembly-sc-726-og,inec-ward-6436
POLLING_UNIT,inec-pu-89861,ng-state-ogun,E.A.C. ITA OSHIN III,INEC_CVR_PU,89861,,inec-lga-562,,state-assembly-sc-726-og,inec-ward-6436
POLLING_UNIT,inec-pu-89862,ng-state-ogun,OLOSUN VILLAGE,INEC_CVR_PU,89862,,inec-lga-562,,state-assembly-sc-726-og,inec-ward-6436
POLLING_UNIT,inec-pu-89863,ng-state-ogun,"PSYCHIATRIC HOSPITAL I, ITA OSHIN",INEC_CVR_PU,89863,,inec-lga-562,,state-assembly-sc-726-og,inec-ward-6436
POLLING_UNIT,inec-pu-89864,ng-state-ogun,"PSYCHIATRIC HOSPITAL II, ITA OSHIN",INEC_CVR_PU,89864,,inec-lga-562,,state-assembly-sc-726-og,inec-ward-6436
POLLING_UNIT,inec-pu-89865,ng-state-ogun,SURULERE OLOMORE,INEC_CVR_PU,89865,,inec-lga-562,,state-assembly-sc-726-og,inec-ward-6436
POLLING_UNIT,inec-pu-660091,ng-state-ogun,"OPEN SPACE AT BABA OIL JUNCTION, OLOMORE",INEC_CVR_PU,660091,,inec-lga-562,,state-assembly-sc-726-og,inec-ward-6436
POLLING_UNIT,inec-pu-660092,ng-state-ogun,"OPEN SPACE ALONG SPEAKER ROAD, OLD FOURSQUARE, OLOMORE",INEC_CVR_PU,660092,,inec-lga-562,,state-assembly-sc-726-og,inec-ward-6436
POLLING_UNIT,inec-pu-660093,ng-state-ogun,"OPEN SPACE AT IRE-AKARI JUNCTION, OLOMORE",INEC_CVR_PU,660093,,inec-lga-562,,state-assembly-sc-726-og,inec-ward-6436
POLLING_UNIT,inec-pu-660094,ng-state-ogun,"OPEN SPACE AT OLORUNJOBI OSUOLALE JUNCTION, OLOMORE",INEC_CVR_PU,660094,,inec-lga-562,,state-assembly-sc-726-og,inec-ward-6436
POLLING_UNIT,inec-pu-660095,ng-state-ogun,"OPEN SPACE AT OPEOLUWA COMMUNITY JUCTION, ITA-OSHIN",INEC_CVR_PU,660095,,inec-lga-562,,state-assembly-sc-726-og,inec-ward-6436
POLLING_UNIT,inec-pu-660096,ng-state-ogun,"OPEN SPACE IN FRONT WATER CORPORATION, ITA-OSHIN",INEC_CVR_PU,660096,,inec-lga-562,,state-assembly-sc-726-og,inec-ward-6436
POLLING_UNIT,inec-pu-660097,ng-state-ogun,"OPEN SPACE AT TAORID AKIODE JUNCTION, ITA-OSHIN",INEC_CVR_PU,660097,,inec-lga-562,,state-assembly-sc-726-og,inec-ward-6436
POLLING_UNIT,inec-pu-660098,ng-state-ogun,"OPEN SPACE IN FRONT OF PROPOSED TOWN HALL, HARMONY ESTATE ,ITA-OSHIN",INEC_CVR_PU,660098,,inec-lga-562,,state-assembly-sc-726-og,inec-ward-6436
POLLING_UNIT,inec-pu-660099,ng-state-ogun,"OPEN SPACE BISIDE SURULERE MOSQUE, SURULERE OLOMORE",INEC_CVR_PU,660099,,inec-lga-562,,state-assembly-sc-726-og,inec-ward-6436
WARD,inec-ward-6437,ng-state-ogun,OLORUNDA IJALE,INEC_CVR_WARD,6437,,inec-lga-562,,state-assembly-sc-726-og,
POLLING_UNIT,inec-pu-89866,ng-state-ogun,A.U.D. IJALE PAPA I,INEC_CVR_PU,89866,,inec-lga-562,,state-assembly-sc-726-og,inec-ward-6437
POLLING_UNIT,inec-pu-89867,ng-state-ogun,A.U.D. IJALE PAPA II,INEC_CVR_PU,89867,,inec-lga-562,,state-assembly-sc-726-og,inec-ward-6437
POLLING_UNIT,inec-pu-89868,ng-state-ogun,"ANLG PRY SCH, IJOLE ORILE",INEC_CVR_PU,89868,,inec-lga-562,,state-assembly-sc-726-og,inec-ward-6437
POLLING_UNIT,inec-pu-89869,ng-state-ogun,SERIKI VILLAGE,INEC_CVR_PU,89869,,inec-lga-562,,state-assembly-sc-726-og,inec-ward-6437
POLLING_UNIT,inec-pu-89870,ng-state-ogun,BAPTIST PRY. SCHOOL TIBO I,INEC_CVR_PU,89870,,inec-lga-562,,state-assembly-sc-726-og,inec-ward-6437
POLLING_UNIT,inec-pu-89871,ng-state-ogun,BAPTIST PRY. SCHOOL TIBO II,INEC_CVR_PU,89871,,inec-lga-562,,state-assembly-sc-726-og,inec-ward-6437
POLLING_UNIT,inec-pu-89872,ng-state-ogun,"MATERNITY CENTRE, OLORUNDA",INEC_CVR_PU,89872,,inec-lga-562,,state-assembly-sc-726-og,inec-ward-6437
POLLING_UNIT,inec-pu-89873,ng-state-ogun,BAPTIST SCHOOL OLORUNDA II,INEC_CVR_PU,89873,,inec-lga-562,,state-assembly-sc-726-og,inec-ward-6437
POLLING_UNIT,inec-pu-89874,ng-state-ogun,A.L.G. BEGBINLAWO I,INEC_CVR_PU,89874,,inec-lga-562,,state-assembly-sc-726-og,inec-ward-6437
POLLING_UNIT,inec-pu-89875,ng-state-ogun,A.L.G. BEGBINLAWO II,INEC_CVR_PU,89875,,inec-lga-562,,state-assembly-sc-726-og,inec-ward-6437
POLLING_UNIT,inec-pu-89876,ng-state-ogun,ILOGUN ORILE VILLAGE,INEC_CVR_PU,89876,,inec-lga-562,,state-assembly-sc-726-og,inec-ward-6437
POLLING_UNIT,inec-pu-89877,ng-state-ogun,A.N.G. IDI-ORI,INEC_CVR_PU,89877,,inec-lga-562,,state-assembly-sc-726-og,inec-ward-6437
POLLING_UNIT,inec-pu-89878,ng-state-ogun,R.C.M. KEESAN ORILE I,INEC_CVR_PU,89878,,inec-lga-562,,state-assembly-sc-726-og,inec-ward-6437
POLLING_UNIT,inec-pu-89879,ng-state-ogun,R.C.M. KEESAN ORILE II,INEC_CVR_PU,89879,,inec-lga-562,,state-assembly-sc-726-og,inec-ward-6437
POLLING_UNIT,inec-pu-89880,ng-state-ogun,A.N.G. AKILIYI,INEC_CVR_PU,89880,,inec-lga-562,,state-assembly-sc-726-og,inec-ward-6437
POLLING_UNIT,inec-pu-89881,ng-state-ogun,AKIEGUN JUNCTION,INEC_CVR_PU,89881,,inec-lga-562,,state-assembly-sc-726-og,inec-ward-6437
POLLING_UNIT,inec-pu-89882,ng-state-ogun,A.L.G. SCHOOL FAPOTE,INEC_CVR_PU,89882,,inec-lga-562,,state-assembly-sc-726-og,inec-ward-6437
WARD,inec-ward-6438,ng-state-ogun,IMALA - IDIEMI,INEC_CVR_WARD,6438,,inec-lga-562,,state-assembly-sc-726-og,
POLLING_UNIT,inec-pu-89883,ng-state-ogun,A.L.G. SCHOOL IMALA I,INEC_CVR_PU,89883,,inec-lga-562,,state-assembly-sc-726-og,inec-ward-6438
POLLING_UNIT,inec-pu-89884,ng-state-ogun,A.L.G. SCHOOL IMALA II,INEC_CVR_PU,89884,,inec-lga-562,,state-assembly-sc-726-og,inec-ward-6438
POLLING_UNIT,inec-pu-89885,ng-state-ogun,A.L.G. SCHOOL IMALA III,INEC_CVR_PU,89885,,inec-lga-562,,state-assembly-sc-726-og,inec-ward-6438
POLLING_UNIT,inec-pu-89886,ng-state-ogun,A.L.G. SCHOOL IMALA IV,INEC_CVR_PU,89886,,inec-lga-562,,state-assembly-sc-726-og,inec-ward-6438
POLLING_UNIT,inec-pu-89887,ng-state-ogun,A.L.G. SCHOOL IMALA V,INEC_CVR_PU,89887,,inec-lga-562,,state-assembly-sc-726-og,inec-ward-6438
POLLING_UNIT,inec-pu-89888,ng-state-ogun,OYAN FARM SETTLEMENT I,INEC_CVR_PU,89888,,inec-lga-562,,state-assembly-sc-726-og,inec-ward-6438
POLLING_UNIT,inec-pu-89889,ng-state-ogun,OYAN FARM SETTLEMENT II,INEC_CVR_PU,89889,,inec-lga-562,,state-assembly-sc-726-og,inec-ward-6438
POLLING_UNIT,inec-pu-89890,ng-state-ogun,F.S.P IDI-EMI I,INEC_CVR_PU,89890,,inec-lga-562,,state-assembly-sc-726-og,inec-ward-6438
POLLING_UNIT,inec-pu-89891,ng-state-ogun,F.S.P IDI-EMI II,INEC_CVR_PU,89891,,inec-lga-562,,state-assembly-sc-726-og,inec-ward-6438
POLLING_UNIT,inec-pu-89892,ng-state-ogun,F.S.P IDI-EMI III,INEC_CVR_PU,89892,,inec-lga-562,,state-assembly-sc-726-og,inec-ward-6438
POLLING_UNIT,inec-pu-89893,ng-state-ogun,F.S.P IDI-EMI IV,INEC_CVR_PU,89893,,inec-lga-562,,state-assembly-sc-726-og,inec-ward-6438
POLLING_UNIT,inec-pu-89894,ng-state-ogun,A.L.G. ANIGBADO,INEC_CVR_PU,89894,,inec-lga-562,,state-assembly-sc-726-og,inec-ward-6438
POLLING_UNIT,inec-pu-89895,ng-state-ogun,ST. MATHEW IDI-EMI I,INEC_CVR_PU,89895,,inec-lga-562,,state-assembly-sc-726-og,inec-ward-6438
POLLING_UNIT,inec-pu-89896,ng-state-ogun,ST. MATHEW IDI-EMI II,INEC_CVR_PU,89896,,inec-lga-562,,state-assembly-sc-726-og,inec-ward-6438
POLLING_UNIT,inec-pu-89897,ng-state-ogun,ST. MATHEW IDI-EMI III,INEC_CVR_PU,89897,,inec-lga-562,,state-assembly-sc-726-og,inec-ward-6438
POLLING_UNIT,inec-pu-89898,ng-state-ogun,"ANLG SCH, OLODO",INEC_CVR_PU,89898,,inec-lga-562,,state-assembly-sc-726-og,inec-ward-6438
POLLING_UNIT,inec-pu-89899,ng-state-ogun,A.N.G. AKAPA I,INEC_CVR_PU,89899,,inec-lga-562,,state-assembly-sc-726-og,inec-ward-6438
POLLING_UNIT,inec-pu-89900,ng-state-ogun,"ANLG PRY SCH, MOLOMO",INEC_CVR_PU,89900,,inec-lga-562,,state-assembly-sc-726-og,inec-ward-6438
POLLING_UNIT,inec-pu-89901,ng-state-ogun,IPAYA AKINTUNDE,INEC_CVR_PU,89901,,inec-lga-562,,state-assembly-sc-726-og,inec-ward-6438
POLLING_UNIT,inec-pu-89902,ng-state-ogun,A.N.L.G. SCHOOL OLUKOSI,INEC_CVR_PU,89902,,inec-lga-562,,state-assembly-sc-726-og,inec-ward-6438
POLLING_UNIT,inec-pu-89903,ng-state-ogun,ST. PATRICK ILENIKU,INEC_CVR_PU,89903,,inec-lga-562,,state-assembly-sc-726-og,inec-ward-6438
POLLING_UNIT,inec-pu-89904,ng-state-ogun,OBALAKUN I,INEC_CVR_PU,89904,,inec-lga-562,,state-assembly-sc-726-og,inec-ward-6438
POLLING_UNIT,inec-pu-89905,ng-state-ogun,OBALAKUN II,INEC_CVR_PU,89905,,inec-lga-562,,state-assembly-sc-726-og,inec-ward-6438
POLLING_UNIT,inec-pu-660089,ng-state-ogun,"OPEN SPACE AT AGO IBARA, IDIEMI",INEC_CVR_PU,660089,,inec-lga-562,,state-assembly-sc-726-og,inec-ward-6438
WARD,inec-ward-6439,ng-state-ogun,ISAGA ILEWO,INEC_CVR_WARD,6439,,inec-lga-562,,state-assembly-sc-726-og,
POLLING_UNIT,inec-pu-89906,ng-state-ogun,ST. PAUL-ILEWO ORILE I,INEC_CVR_PU,89906,,inec-lga-562,,state-assembly-sc-726-og,inec-ward-6439
POLLING_UNIT,inec-pu-89907,ng-state-ogun,ST. PAUL-ILEWO ORILE II,INEC_CVR_PU,89907,,inec-lga-562,,state-assembly-sc-726-og,inec-ward-6439
POLLING_UNIT,inec-pu-89908,ng-state-ogun,L.G. SCHOOL ABESE OGONGO,INEC_CVR_PU,89908,,inec-lga-562,,state-assembly-sc-726-og,inec-ward-6439
POLLING_UNIT,inec-pu-89909,ng-state-ogun,LOKI VILLAGE,INEC_CVR_PU,89909,,inec-lga-562,,state-assembly-sc-726-og,inec-ward-6439
POLLING_UNIT,inec-pu-89910,ng-state-ogun,ANG PRY. SCHOOL ISAGA I,INEC_CVR_PU,89910,,inec-lga-562,,state-assembly-sc-726-og,inec-ward-6439
POLLING_UNIT,inec-pu-89911,ng-state-ogun,ANG PRY. SCHOOL ISAGA II,INEC_CVR_PU,89911,,inec-lga-562,,state-assembly-sc-726-og,inec-ward-6439
POLLING_UNIT,inec-pu-89912,ng-state-ogun,KOOSA VILLAGE,INEC_CVR_PU,89912,,inec-lga-562,,state-assembly-sc-726-og,inec-ward-6439
POLLING_UNIT,inec-pu-89913,ng-state-ogun,S.A.A. PRY. SCHOOL KUTA I,INEC_CVR_PU,89913,,inec-lga-562,,state-assembly-sc-726-og,inec-ward-6439
POLLING_UNIT,inec-pu-89914,ng-state-ogun,S.A.A. PRY. SCHOOL KUTA II,INEC_CVR_PU,89914,,inec-lga-562,,state-assembly-sc-726-og,inec-ward-6439
POLLING_UNIT,inec-pu-89915,ng-state-ogun,ANG. SCHOOL IKEREKU I,INEC_CVR_PU,89915,,inec-lga-562,,state-assembly-sc-726-og,inec-ward-6439
POLLING_UNIT,inec-pu-89916,ng-state-ogun,ANG. SCHOOL IKEREKU II,INEC_CVR_PU,89916,,inec-lga-562,,state-assembly-sc-726-og,inec-ward-6439
POLLING_UNIT,inec-pu-89917,ng-state-ogun,A.C. SCHOOL ATAPA IKOYI,INEC_CVR_PU,89917,,inec-lga-562,,state-assembly-sc-726-og,inec-ward-6439
POLLING_UNIT,inec-pu-89918,ng-state-ogun,KUKUDI VILLAGE,INEC_CVR_PU,89918,,inec-lga-562,,state-assembly-sc-726-og,inec-ward-6439
POLLING_UNIT,inec-pu-89919,ng-state-ogun,FAGBENRO VILLAGE,INEC_CVR_PU,89919,,inec-lga-562,,state-assembly-sc-726-og,inec-ward-6439
POLLING_UNIT,inec-pu-89920,ng-state-ogun,ALG. SCHOOL SAWGOTE,INEC_CVR_PU,89920,,inec-lga-562,,state-assembly-sc-726-og,inec-ward-6439
POLLING_UNIT,inec-pu-89921,ng-state-ogun,OLUWO VILLAGE,INEC_CVR_PU,89921,,inec-lga-562,,state-assembly-sc-726-og,inec-ward-6439
POLLING_UNIT,inec-pu-660090,ng-state-ogun,"OPEN SPACE IN FRONT OF COMMUNITY TOWN HALL, ISAGA ORILE",INEC_CVR_PU,660090,,inec-lga-562,,state-assembly-sc-726-og,inec-ward-6439
WARD,inec-ward-6440,ng-state-ogun,IBARA ORILE/ONISASA,INEC_CVR_WARD,6440,,inec-lga-562,,state-assembly-sc-726-og,
POLLING_UNIT,inec-pu-89922,ng-state-ogun,OKE ATA HOUSING EST I,INEC_CVR_PU,89922,,inec-lga-562,,state-assembly-sc-726-og,inec-ward-6440
POLLING_UNIT,inec-pu-89923,ng-state-ogun,OKE ATA HOUSING EST II,INEC_CVR_PU,89923,,inec-lga-562,,state-assembly-sc-726-og,inec-ward-6440
POLLING_UNIT,inec-pu-89924,ng-state-ogun,ST. LUKES IBARA ORILE I,INEC_CVR_PU,89924,,inec-lga-562,,state-assembly-sc-726-og,inec-ward-6440
POLLING_UNIT,inec-pu-89925,ng-state-ogun,ST. LUKES IBARA ORILE II,INEC_CVR_PU,89925,,inec-lga-562,,state-assembly-sc-726-og,inec-ward-6440
POLLING_UNIT,inec-pu-89926,ng-state-ogun,NEAR SURAKAT MOSQUE,INEC_CVR_PU,89926,,inec-lga-562,,state-assembly-sc-726-og,inec-ward-6440
POLLING_UNIT,inec-pu-89927,ng-state-ogun,NEAR MAMMY MARKET ALAMALA,INEC_CVR_PU,89927,,inec-lga-562,,state-assembly-sc-726-og,inec-ward-6440
POLLING_UNIT,inec-pu-89928,ng-state-ogun,A.N.L.G. IDIYA,INEC_CVR_PU,89928,,inec-lga-562,,state-assembly-sc-726-og,inec-ward-6440
POLLING_UNIT,inec-pu-89929,ng-state-ogun,ONISASA VILLAGE,INEC_CVR_PU,89929,,inec-lga-562,,state-assembly-sc-726-og,inec-ward-6440
POLLING_UNIT,inec-pu-89930,ng-state-ogun,ST. JOHN'S SCHOOL IDI-ORI,INEC_CVR_PU,89930,,inec-lga-562,,state-assembly-sc-726-og,inec-ward-6440
POLLING_UNIT,inec-pu-89931,ng-state-ogun,ILUGUN VILLAGE,INEC_CVR_PU,89931,,inec-lga-562,,state-assembly-sc-726-og,inec-ward-6440
POLLING_UNIT,inec-pu-89932,ng-state-ogun,COMMUNITY PRI.SCH. IBARO,INEC_CVR_PU,89932,,inec-lga-562,,state-assembly-sc-726-og,inec-ward-6440
POLLING_UNIT,inec-pu-89933,ng-state-ogun,ADELEYE VILLAGE,INEC_CVR_PU,89933,,inec-lga-562,,state-assembly-sc-726-og,inec-ward-6440
POLLING_UNIT,inec-pu-89934,ng-state-ogun,ISALE ISOLO,INEC_CVR_PU,89934,,inec-lga-562,,state-assembly-sc-726-og,inec-ward-6440
POLLING_UNIT,inec-pu-89935,ng-state-ogun,ISALE BAALE,INEC_CVR_PU,89935,,inec-lga-562,,state-assembly-sc-726-og,inec-ward-6440
POLLING_UNIT,inec-pu-89936,ng-state-ogun,IDI-IGBA VILLAGE,INEC_CVR_PU,89936,,inec-lga-562,,state-assembly-sc-726-og,inec-ward-6440
POLLING_UNIT,inec-pu-89937,ng-state-ogun,AFRICAN SCH. ELEFUN OSILE,INEC_CVR_PU,89937,,inec-lga-562,,state-assembly-sc-726-og,inec-ward-6440
POLLING_UNIT,inec-pu-660046,ng-state-ogun,ST. JOSEPH RCM NUR/PRY SCHOOL OLUWO VILLAGE,INEC_CVR_PU,660046,,inec-lga-562,,state-assembly-sc-726-og,inec-ward-6440
POLLING_UNIT,inec-pu-660047,ng-state-ogun,OPEN SPACE IN FRONT OF PROPOSED HEALTH CENTER ILE-ISE AWO,INEC_CVR_PU,660047,,inec-lga-562,,state-assembly-sc-726-og,inec-ward-6440
POLLING_UNIT,inec-pu-660048,ng-state-ogun,"OPEN SPACE AT OLORUNSOGO ADIO , SOYOYE",INEC_CVR_PU,660048,,inec-lga-562,,state-assembly-sc-726-og,inec-ward-6440
POLLING_UNIT,inec-pu-660049,ng-state-ogun,"OPEN SPACE AT ILUPEJU IDIYA JUNCTION, IDIYA",INEC_CVR_PU,660049,,inec-lga-562,,state-assembly-sc-726-og,inec-ward-6440
POLLING_UNIT,inec-pu-660050,ng-state-ogun,".A.N.L.G NURSERY AND PRIMARY SCHOOL, ADIO AJEGUNLE SOYOYE.",INEC_CVR_PU,660050,,inec-lga-562,,state-assembly-sc-726-og,inec-ward-6440
POLLING_UNIT,inec-pu-660051,ng-state-ogun,"OPEN SPACE AT TRANSFORMER JUNCTION, TUNDE OLADIPO HOUSING ESTATE, GREENFIELD ROUNDER",INEC_CVR_PU,660051,,inec-lga-562,,state-assembly-sc-726-og,inec-ward-6440
POLLING_UNIT,inec-pu-660052,ng-state-ogun,"NEAR ISALE OLA COMMINITY HALL, SOYOYE",INEC_CVR_PU,660052,,inec-lga-562,,state-assembly-sc-726-og,inec-ward-6440
POLLING_UNIT,inec-pu-660053,ng-state-ogun,"OPEN SPACE IN FRONT OF ORIOLA COMMINITY HALL, SOYOYE",INEC_CVR_PU,660053,,inec-lga-562,,state-assembly-sc-726-og,inec-ward-6440
POLLING_UNIT,inec-pu-660054,ng-state-ogun,"OPEN SPACE IN FRONT OF COMMUNITY HALL, IDI-ORI",INEC_CVR_PU,660054,,inec-lga-562,,state-assembly-sc-726-og,inec-ward-6440
POLLING_UNIT,inec-pu-660055,ng-state-ogun,"OPEN SPACE IN FRONT OF COMMUNITY HEALTH CENTRE, ADEUN",INEC_CVR_PU,660055,,inec-lga-562,,state-assembly-sc-726-og,inec-ward-6440
POLLING_UNIT,inec-pu-660056,ng-state-ogun,"OPEN SPACE AT MERCY LAND ESTATE, ADEUN",INEC_CVR_PU,660056,,inec-lga-562,,state-assembly-sc-726-og,inec-ward-6440
POLLING_UNIT,inec-pu-660057,ng-state-ogun,"A.N.L.G NURSERY AND PRIMARY SCHOOL, MANGO OKE ATA.",INEC_CVR_PU,660057,,inec-lga-562,,state-assembly-sc-726-og,inec-ward-6440
WARD,inec-ward-6441,ng-state-ogun,AKE I,INEC_CVR_WARD,6441,,inec-lga-563,,state-assembly-sc-723-og,
POLLING_UNIT,inec-pu-89938,ng-state-ogun,ST. PETERS SCHOOL AKE,INEC_CVR_PU,89938,,inec-lga-563,,state-assembly-sc-723-og,inec-ward-6441
POLLING_UNIT,inec-pu-89939,ng-state-ogun,CENTENARY HALL AKE I,INEC_CVR_PU,89939,,inec-lga-563,,state-assembly-sc-723-og,inec-ward-6441
POLLING_UNIT,inec-pu-89940,ng-state-ogun,CENTENARY HALL AKE II,INEC_CVR_PU,89940,,inec-lga-563,,state-assembly-sc-723-og,inec-ward-6441
POLLING_UNIT,inec-pu-89941,ng-state-ogun,BUS STOP OPP. C.A.C. ISALE-AKE,INEC_CVR_PU,89941,,inec-lga-563,,state-assembly-sc-723-og,inec-ward-6441
POLLING_UNIT,inec-pu-89942,ng-state-ogun,"BUS STOP NEAR PETROL STATION, SALE-AKE I",INEC_CVR_PU,89942,,inec-lga-563,,state-assembly-sc-723-og,inec-ward-6441
POLLING_UNIT,inec-pu-89943,ng-state-ogun,"BUS STOP NEAR PETROL STATION, SALE-AKE II",INEC_CVR_PU,89943,,inec-lga-563,,state-assembly-sc-723-og,inec-ward-6441
POLLING_UNIT,inec-pu-89944,ng-state-ogun,OPEN SPACE MOLETE MKT. ERUNWON I,INEC_CVR_PU,89944,,inec-lga-563,,state-assembly-sc-723-og,inec-ward-6441
POLLING_UNIT,inec-pu-89945,ng-state-ogun,OPEN SPACE IBARAPA AKE MKT.,INEC_CVR_PU,89945,,inec-lga-563,,state-assembly-sc-723-og,inec-ward-6441
POLLING_UNIT,inec-pu-89946,ng-state-ogun,"OPP. OGBONI, HOUSE ERUNWON I",INEC_CVR_PU,89946,,inec-lga-563,,state-assembly-sc-723-og,inec-ward-6441
POLLING_UNIT,inec-pu-89947,ng-state-ogun,"OPP. OGBONI, HOUSE ERUNWON II",INEC_CVR_PU,89947,,inec-lga-563,,state-assembly-sc-723-og,inec-ward-6441
POLLING_UNIT,inec-pu-89948,ng-state-ogun,INT. OSO BALOGUN HS ERUNWON,INEC_CVR_PU,89948,,inec-lga-563,,state-assembly-sc-723-og,inec-ward-6441
POLLING_UNIT,inec-pu-89949,ng-state-ogun,ST. PETERS CLAVER SCHOOL ITESI I,INEC_CVR_PU,89949,,inec-lga-563,,state-assembly-sc-723-og,inec-ward-6441
POLLING_UNIT,inec-pu-89950,ng-state-ogun,CHRIST ANG SCHOOL IPORO-AKE I,INEC_CVR_PU,89950,,inec-lga-563,,state-assembly-sc-723-og,inec-ward-6441
POLLING_UNIT,inec-pu-89951,ng-state-ogun,CHRIST ANG SCHOOL IPORO-AKE II,INEC_CVR_PU,89951,,inec-lga-563,,state-assembly-sc-723-og,inec-ward-6441
POLLING_UNIT,inec-pu-89952,ng-state-ogun,OPEN SPACE AT AGO-OWE,INEC_CVR_PU,89952,,inec-lga-563,,state-assembly-sc-723-og,inec-ward-6441
POLLING_UNIT,inec-pu-89953,ng-state-ogun,OPEN SPACE INFRONT OF AKE'S MOSQUE,INEC_CVR_PU,89953,,inec-lga-563,,state-assembly-sc-723-og,inec-ward-6441
POLLING_UNIT,inec-pu-660155,ng-state-ogun,"OPEN SPACE BESIDE AUGUSTINE CLINIC, AKE",INEC_CVR_PU,660155,,inec-lga-563,,state-assembly-sc-723-og,inec-ward-6441
POLLING_UNIT,inec-pu-660156,ng-state-ogun,"CUSTOMARY COURT, AKE",INEC_CVR_PU,660156,,inec-lga-563,,state-assembly-sc-723-og,inec-ward-6441
POLLING_UNIT,inec-pu-660157,ng-state-ogun,"T-JUNCTION BESIDE TRANSFORMER, LIGEGERE,AKE",INEC_CVR_PU,660157,,inec-lga-563,,state-assembly-sc-723-og,inec-ward-6441
POLLING_UNIT,inec-pu-660158,ng-state-ogun,OPEN SPACE BEHIND C.A.C ISALE AKE (IDI ERO),INEC_CVR_PU,660158,,inec-lga-563,,state-assembly-sc-723-og,inec-ward-6441
POLLING_UNIT,inec-pu-660159,ng-state-ogun,"OPEN SPACE BEHIND OGUNMOKUN, ISALE AKE",INEC_CVR_PU,660159,,inec-lga-563,,state-assembly-sc-723-og,inec-ward-6441
POLLING_UNIT,inec-pu-660160,ng-state-ogun,"OPEN SPACE, IPORO AKE SAWMILL,IPORO AKE",INEC_CVR_PU,660160,,inec-lga-563,,state-assembly-sc-723-og,inec-ward-6441
POLLING_UNIT,inec-pu-660161,ng-state-ogun,ITA ADILA ERUNWON,INEC_CVR_PU,660161,,inec-lga-563,,state-assembly-sc-723-og,inec-ward-6441
POLLING_UNIT,inec-pu-660162,ng-state-ogun,OPEN SPACE OPP. ERUNWON CENTRAL MOSQ.,INEC_CVR_PU,660162,,inec-lga-563,,state-assembly-sc-723-og,inec-ward-6441
POLLING_UNIT,inec-pu-660163,ng-state-ogun,ITESI OROKI COMMUNITY HALL,INEC_CVR_PU,660163,,inec-lga-563,,state-assembly-sc-723-og,inec-ward-6441
POLLING_UNIT,inec-pu-660164,ng-state-ogun,"OPEN SPACE BESIDE ANGLICAN CHURCH, IPORO AKE",INEC_CVR_PU,660164,,inec-lga-563,,state-assembly-sc-723-og,inec-ward-6441
WARD,inec-ward-6442,ng-state-ogun,AKE II,INEC_CVR_WARD,6442,,inec-lga-563,,state-assembly-sc-723-og,
POLLING_UNIT,inec-pu-89955,ng-state-ogun,NEW AREGBA,INEC_CVR_PU,89955,,inec-lga-563,,state-assembly-sc-723-og,inec-ward-6442
POLLING_UNIT,inec-pu-89956,ng-state-ogun,AREGBA DISPENSARY I,INEC_CVR_PU,89956,,inec-lga-563,,state-assembly-sc-723-og,inec-ward-6442
POLLING_UNIT,inec-pu-89957,ng-state-ogun,AREGBA DISPENSARY II,INEC_CVR_PU,89957,,inec-lga-563,,state-assembly-sc-723-og,inec-ward-6442
POLLING_UNIT,inec-pu-89958,ng-state-ogun,NEAR ESE-OKUTA AREGBA,INEC_CVR_PU,89958,,inec-lga-563,,state-assembly-sc-723-og,inec-ward-6442
POLLING_UNIT,inec-pu-89959,ng-state-ogun,"OPP. AGO-ORA MOSQUE, AREGBA",INEC_CVR_PU,89959,,inec-lga-563,,state-assembly-sc-723-og,inec-ward-6442
POLLING_UNIT,inec-pu-89960,ng-state-ogun,A.L.G SCHOOL ADATAN,INEC_CVR_PU,89960,,inec-lga-563,,state-assembly-sc-723-og,inec-ward-6442
POLLING_UNIT,inec-pu-89961,ng-state-ogun,OPEN SPACE AT SINECO I,INEC_CVR_PU,89961,,inec-lga-563,,state-assembly-sc-723-og,inec-ward-6442
POLLING_UNIT,inec-pu-89962,ng-state-ogun,OKE-OLA MOSQUES CAR WASH,INEC_CVR_PU,89962,,inec-lga-563,,state-assembly-sc-723-og,inec-ward-6442
POLLING_UNIT,inec-pu-89963,ng-state-ogun,"NEAR C. C. C, ASERO I",INEC_CVR_PU,89963,,inec-lga-563,,state-assembly-sc-723-og,inec-ward-6442
POLLING_UNIT,inec-pu-89964,ng-state-ogun,ASERO HIGH SCHOOL,INEC_CVR_PU,89964,,inec-lga-563,,state-assembly-sc-723-og,inec-ward-6442
POLLING_UNIT,inec-pu-89965,ng-state-ogun,SPACE NEAR FAJOL HOTEL,INEC_CVR_PU,89965,,inec-lga-563,,state-assembly-sc-723-og,inec-ward-6442
POLLING_UNIT,inec-pu-89966,ng-state-ogun,BELLO BAJOMO'S HOUSE,INEC_CVR_PU,89966,,inec-lga-563,,state-assembly-sc-723-og,inec-ward-6442
POLLING_UNIT,inec-pu-89967,ng-state-ogun,OPEN SPACE NEAR OLORUNKEMI'S HOUSE,INEC_CVR_PU,89967,,inec-lga-563,,state-assembly-sc-723-og,inec-ward-6442
POLLING_UNIT,inec-pu-89968,ng-state-ogun,"OPEN SPACE NEAR PARAGON N/P SCH, AREGBA",INEC_CVR_PU,89968,,inec-lga-563,,state-assembly-sc-723-og,inec-ward-6442
POLLING_UNIT,inec-pu-89969,ng-state-ogun,ALH OLOWOGBOLA MOSQ. AREGBA,INEC_CVR_PU,89969,,inec-lga-563,,state-assembly-sc-723-og,inec-ward-6442
POLLING_UNIT,inec-pu-89970,ng-state-ogun,OPEN SPACE OPP. SOMOYE'S HOUSE,INEC_CVR_PU,89970,,inec-lga-563,,state-assembly-sc-723-og,inec-ward-6442
POLLING_UNIT,inec-pu-89971,ng-state-ogun,OPEN SPACE NEAR FOURSQUARE NURSERY SCH OPP. STADIUM,INEC_CVR_PU,89971,,inec-lga-563,,state-assembly-sc-723-og,inec-ward-6442
POLLING_UNIT,inec-pu-660165,ng-state-ogun,"IFELERE COMMUNITY TOWN HALL, AROKOJE",INEC_CVR_PU,660165,,inec-lga-563,,state-assembly-sc-723-og,inec-ward-6442
POLLING_UNIT,inec-pu-660166,ng-state-ogun,OPEN SPACE NEAR EBENEZER CHURCH BEHIND CROWN ROYAL,INEC_CVR_PU,660166,,inec-lga-563,,state-assembly-sc-723-og,inec-ward-6442
POLLING_UNIT,inec-pu-660167,ng-state-ogun,"OLASUNKANMI COMMUNITY HALL, ASERO",INEC_CVR_PU,660167,,inec-lga-563,,state-assembly-sc-723-og,inec-ward-6442
POLLING_UNIT,inec-pu-660168,ng-state-ogun,"EBENERZER BAPT. SCH. ANNEX, ISOKAN, ASERO",INEC_CVR_PU,660168,,inec-lga-563,,state-assembly-sc-723-og,inec-ward-6442
POLLING_UNIT,inec-pu-660169,ng-state-ogun,"OPEN SPACE BESIDE TRANSFORMER, KOTOGBO, ASERO",INEC_CVR_PU,660169,,inec-lga-563,,state-assembly-sc-723-og,inec-ward-6442
POLLING_UNIT,inec-pu-660170,ng-state-ogun,ILUPEJU LABAIWA COMMUNITY TOWN HALL,INEC_CVR_PU,660170,,inec-lga-563,,state-assembly-sc-723-og,inec-ward-6442
POLLING_UNIT,inec-pu-660171,ng-state-ogun,"EID GROUND, OKE ODO, LABAIWA",INEC_CVR_PU,660171,,inec-lga-563,,state-assembly-sc-723-og,inec-ward-6442
POLLING_UNIT,inec-pu-660172,ng-state-ogun,"ILE PAKO JUNCTION, OKE AREGBA",INEC_CVR_PU,660172,,inec-lga-563,,state-assembly-sc-723-og,inec-ward-6442
POLLING_UNIT,inec-pu-660173,ng-state-ogun,"COMPLEX JUNCTION, ALADESANMI",INEC_CVR_PU,660173,,inec-lga-563,,state-assembly-sc-723-og,inec-ward-6442
POLLING_UNIT,inec-pu-660174,ng-state-ogun,"OPEN SPACE OPP. EBENEZER VILLA, OBANTOKO",INEC_CVR_PU,660174,,inec-lga-563,,state-assembly-sc-723-og,inec-ward-6442
POLLING_UNIT,inec-pu-660175,ng-state-ogun,"MOSHOOD ABIOLA MODEL SCH III, FAJOL",INEC_CVR_PU,660175,,inec-lga-563,,state-assembly-sc-723-og,inec-ward-6442
POLLING_UNIT,inec-pu-660176,ng-state-ogun,"INFRONT OF GOSHEN ESTATE GATE,ASERO",INEC_CVR_PU,660176,,inec-lga-563,,state-assembly-sc-723-og,inec-ward-6442
POLLING_UNIT,inec-pu-660177,ng-state-ogun,"NEAR ANUOLUWAPO COMM. HALL, OLOSE",INEC_CVR_PU,660177,,inec-lga-563,,state-assembly-sc-723-og,inec-ward-6442
POLLING_UNIT,inec-pu-660178,ng-state-ogun,"AROKOJE JUNCTION, BESIDE TRANSFORMER, AROKOJE",INEC_CVR_PU,660178,,inec-lga-563,,state-assembly-sc-723-og,inec-ward-6442
POLLING_UNIT,inec-pu-660179,ng-state-ogun,"ORI OKE JUDAH JUNCTION, AROKOJE",INEC_CVR_PU,660179,,inec-lga-563,,state-assembly-sc-723-og,inec-ward-6442
POLLING_UNIT,inec-pu-660180,ng-state-ogun,"OPEN SPACE NEAR DAWAH HOUSE MOSQ. AJEGUNLE TITUN, FAJOL",INEC_CVR_PU,660180,,inec-lga-563,,state-assembly-sc-723-og,inec-ward-6442
POLLING_UNIT,inec-pu-660181,ng-state-ogun,"IRE AKARI COMM., BEHIND KAMPALA MARKET, ASERO",INEC_CVR_PU,660181,,inec-lga-563,,state-assembly-sc-723-og,inec-ward-6442
POLLING_UNIT,inec-pu-660182,ng-state-ogun,"OKE TEMIDIRE JUNCTION, BESIDE MOSQUE, OPP. CROWN ROYAL",INEC_CVR_PU,660182,,inec-lga-563,,state-assembly-sc-723-og,inec-ward-6442
WARD,inec-ward-6443,ng-state-ogun,AKE III,INEC_CVR_WARD,6443,,inec-lga-563,,state-assembly-sc-723-og,
POLLING_UNIT,inec-pu-89972,ng-state-ogun,ST. AUGUSTINE PRY. SCH. ADATAN,INEC_CVR_PU,89972,,inec-lga-563,,state-assembly-sc-723-og,inec-ward-6443
POLLING_UNIT,inec-pu-89973,ng-state-ogun,ST. AUGUSTINE PRY. SCH. ADATAN II,INEC_CVR_PU,89973,,inec-lga-563,,state-assembly-sc-723-og,inec-ward-6443
POLLING_UNIT,inec-pu-89974,ng-state-ogun,OPP. ADATAN MOSQUE,INEC_CVR_PU,89974,,inec-lga-563,,state-assembly-sc-723-og,inec-ward-6443
POLLING_UNIT,inec-pu-89975,ng-state-ogun,METH PRY. SCH. ADATAN I,INEC_CVR_PU,89975,,inec-lga-563,,state-assembly-sc-723-og,inec-ward-6443
POLLING_UNIT,inec-pu-89976,ng-state-ogun,IN FRONT OF OGBONI'S HS OKE-ERO,INEC_CVR_PU,89976,,inec-lga-563,,state-assembly-sc-723-og,inec-ward-6443
POLLING_UNIT,inec-pu-89977,ng-state-ogun,NEAR ODUTAYO'S COMP. ISALE ABETU,INEC_CVR_PU,89977,,inec-lga-563,,state-assembly-sc-723-og,inec-ward-6443
POLLING_UNIT,inec-pu-89978,ng-state-ogun,"C.A.C. LANTORO, ABEOKUTA I",INEC_CVR_PU,89978,,inec-lga-563,,state-assembly-sc-723-og,inec-ward-6443
POLLING_UNIT,inec-pu-89979,ng-state-ogun,OPP. LANTORO (S.H.H.) I,INEC_CVR_PU,89979,,inec-lga-563,,state-assembly-sc-723-og,inec-ward-6443
POLLING_UNIT,inec-pu-89980,ng-state-ogun,LANTORO HIGH SCH. ABEOKUTA I,INEC_CVR_PU,89980,,inec-lga-563,,state-assembly-sc-723-og,inec-ward-6443
POLLING_UNIT,inec-pu-89981,ng-state-ogun,LANTORO HIGH SCH. ABEOKUTA II,INEC_CVR_PU,89981,,inec-lga-563,,state-assembly-sc-723-og,inec-ward-6443
POLLING_UNIT,inec-pu-89982,ng-state-ogun,OPEN SPACE NEAR OGUNBONA'S HS I,INEC_CVR_PU,89982,,inec-lga-563,,state-assembly-sc-723-og,inec-ward-6443
POLLING_UNIT,inec-pu-89983,ng-state-ogun,OPEN SPACE NEAR OGUNBONA'S HS II,INEC_CVR_PU,89983,,inec-lga-563,,state-assembly-sc-723-og,inec-ward-6443
POLLING_UNIT,inec-pu-89984,ng-state-ogun,OPEN SPACE NEAR ABULE-OLONI I,INEC_CVR_PU,89984,,inec-lga-563,,state-assembly-sc-723-og,inec-ward-6443
POLLING_UNIT,inec-pu-89985,ng-state-ogun,"NEAR BUS-STOP JUNCTION OKE-LANTORO, AB",INEC_CVR_PU,89985,,inec-lga-563,,state-assembly-sc-723-og,inec-ward-6443
POLLING_UNIT,inec-pu-89986,ng-state-ogun,"NEAR BUS-STOP JUNCTION OKE-LANTORO, AB (89986)",INEC_CVR_PU,89986,,inec-lga-563,,state-assembly-sc-723-og,inec-ward-6443
POLLING_UNIT,inec-pu-660183,ng-state-ogun,OPEN SPACE AT ABATA JUNCTION OLUWO,INEC_CVR_PU,660183,,inec-lga-563,,state-assembly-sc-723-og,inec-ward-6443
POLLING_UNIT,inec-pu-660184,ng-state-ogun,"OPEN SPACE AT OLUWO IFA ITOKO TOWN HALL, OLUWO",INEC_CVR_PU,660184,,inec-lga-563,,state-assembly-sc-723-og,inec-ward-6443
POLLING_UNIT,inec-pu-660185,ng-state-ogun,"OPEN SPACE OPP. IMA MOSQUE, ILAGBE",INEC_CVR_PU,660185,,inec-lga-563,,state-assembly-sc-723-og,inec-ward-6443
POLLING_UNIT,inec-pu-660186,ng-state-ogun,"OPEN SPACE NEAR CHRIST GOSPEL WITNESS CHURCH, ABIOLA WAY",INEC_CVR_PU,660186,,inec-lga-563,,state-assembly-sc-723-og,inec-ward-6443
POLLING_UNIT,inec-pu-660187,ng-state-ogun,TRANSFORMER JUNCTION OKE ABETU,INEC_CVR_PU,660187,,inec-lga-563,,state-assembly-sc-723-og,inec-ward-6443
POLLING_UNIT,inec-pu-660188,ng-state-ogun,OPEN SPACE NEAR OKE ERO MOSQUE,INEC_CVR_PU,660188,,inec-lga-563,,state-assembly-sc-723-og,inec-ward-6443
POLLING_UNIT,inec-pu-660189,ng-state-ogun,"OPEN SPACE NEAR, ADATAN SAWMILL ADATAN",INEC_CVR_PU,660189,,inec-lga-563,,state-assembly-sc-723-og,inec-ward-6443
POLLING_UNIT,inec-pu-660190,ng-state-ogun,"OPEN SPACE BESIDE ILUPEJU MOSQUE, OKE LANTORO",INEC_CVR_PU,660190,,inec-lga-563,,state-assembly-sc-723-og,inec-ward-6443
POLLING_UNIT,inec-pu-660191,ng-state-ogun,OGD NUR & PRY SCH. OLUWO OLOGBE,INEC_CVR_PU,660191,,inec-lga-563,,state-assembly-sc-723-og,inec-ward-6443
POLLING_UNIT,inec-pu-660192,ng-state-ogun,ABULE OLUWO JUNCTION OPP. ODO ERAN,INEC_CVR_PU,660192,,inec-lga-563,,state-assembly-sc-723-og,inec-ward-6443
POLLING_UNIT,inec-pu-660193,ng-state-ogun,"OPEN SPACE INFRONT OF PECULIAR BAPTIST CHURCH, BAASALA",INEC_CVR_PU,660193,,inec-lga-563,,state-assembly-sc-723-og,inec-ward-6443
POLLING_UNIT,inec-pu-660194,ng-state-ogun,OKE BOREHOLE ILAGBE JUNCTION,INEC_CVR_PU,660194,,inec-lga-563,,state-assembly-sc-723-og,inec-ward-6443
POLLING_UNIT,inec-pu-660195,ng-state-ogun,ISALE ABETU JUNCTION BESIDE ONTEC HALL,INEC_CVR_PU,660195,,inec-lga-563,,state-assembly-sc-723-og,inec-ward-6443
POLLING_UNIT,inec-pu-660196,ng-state-ogun,"OPEN SPACE BESIDE OMOTARA CENTERAL MOSQUE, ABULE OLONI",INEC_CVR_PU,660196,,inec-lga-563,,state-assembly-sc-723-og,inec-ward-6443
WARD,inec-ward-6444,ng-state-ogun,KEESI/EMERE,INEC_CVR_WARD,6444,,inec-lga-563,,state-assembly-sc-723-og,
POLLING_UNIT,inec-pu-89987,ng-state-ogun,ST. MARY A/C SCH. OKE-EFON I,INEC_CVR_PU,89987,,inec-lga-563,,state-assembly-sc-723-og,inec-ward-6444
POLLING_UNIT,inec-pu-89988,ng-state-ogun,ST. MARY A/C SCH. OKE-EFON II,INEC_CVR_PU,89988,,inec-lga-563,,state-assembly-sc-723-og,inec-ward-6444
POLLING_UNIT,inec-pu-89989,ng-state-ogun,OPEN SPACE INF OGBONI'S HS OKE-EFON I,INEC_CVR_PU,89989,,inec-lga-563,,state-assembly-sc-723-og,inec-ward-6444
POLLING_UNIT,inec-pu-89990,ng-state-ogun,OPEN SPACE INF OGBONI'S HS OKE-EFON II,INEC_CVR_PU,89990,,inec-lga-563,,state-assembly-sc-723-og,inec-ward-6444
POLLING_UNIT,inec-pu-89991,ng-state-ogun,OPEN SPACE NEAR CHIEF Y.M. ABUDU'S HOUSE I,INEC_CVR_PU,89991,,inec-lga-563,,state-assembly-sc-723-og,inec-ward-6444
POLLING_UNIT,inec-pu-89992,ng-state-ogun,OPEN SPACE NEAR CHIEF Y.M. ABUDU'S HOUSE II,INEC_CVR_PU,89992,,inec-lga-563,,state-assembly-sc-723-og,inec-ward-6444
POLLING_UNIT,inec-pu-89993,ng-state-ogun,EBEN BAPT. SCH. OKE-SAJE I,INEC_CVR_PU,89993,,inec-lga-563,,state-assembly-sc-723-og,inec-ward-6444
POLLING_UNIT,inec-pu-89994,ng-state-ogun,ST. PETERS CLAVER'S SCH. OKE-EFON II,INEC_CVR_PU,89994,,inec-lga-563,,state-assembly-sc-723-og,inec-ward-6444
POLLING_UNIT,inec-pu-89995,ng-state-ogun,BAPT. BOYS HIGH SCH. SAJE I,INEC_CVR_PU,89995,,inec-lga-563,,state-assembly-sc-723-og,inec-ward-6444
POLLING_UNIT,inec-pu-89996,ng-state-ogun,BAPT. BOYS HIGH SCH. SAJE II,INEC_CVR_PU,89996,,inec-lga-563,,state-assembly-sc-723-og,inec-ward-6444
POLLING_UNIT,inec-pu-89997,ng-state-ogun,OPEN SPACE AT QUARRY JUNCTION I,INEC_CVR_PU,89997,,inec-lga-563,,state-assembly-sc-723-og,inec-ward-6444
POLLING_UNIT,inec-pu-89998,ng-state-ogun,EMMANUEL ANG. PRY. SCH. KEESI I,INEC_CVR_PU,89998,,inec-lga-563,,state-assembly-sc-723-og,inec-ward-6444
POLLING_UNIT,inec-pu-89999,ng-state-ogun,OPEN SPACE AT OJULAKIJENA KEESI I,INEC_CVR_PU,89999,,inec-lga-563,,state-assembly-sc-723-og,inec-ward-6444
POLLING_UNIT,inec-pu-90000,ng-state-ogun,OPEN SPACE AT OJULAKIJENA KEESI II,INEC_CVR_PU,90000,,inec-lga-563,,state-assembly-sc-723-og,inec-ward-6444
POLLING_UNIT,inec-pu-90001,ng-state-ogun,R.C.M. SCH. EMERE I,INEC_CVR_PU,90001,,inec-lga-563,,state-assembly-sc-723-og,inec-ward-6444
POLLING_UNIT,inec-pu-90002,ng-state-ogun,OPEN SPACE AT ISOKA I,INEC_CVR_PU,90002,,inec-lga-563,,state-assembly-sc-723-og,inec-ward-6444
POLLING_UNIT,inec-pu-90003,ng-state-ogun,OPEN SPACE AT ISOKA II,INEC_CVR_PU,90003,,inec-lga-563,,state-assembly-sc-723-og,inec-ward-6444
POLLING_UNIT,inec-pu-90004,ng-state-ogun,INF OF OGBONI HOUSE EMERE,INEC_CVR_PU,90004,,inec-lga-563,,state-assembly-sc-723-og,inec-ward-6444
POLLING_UNIT,inec-pu-90005,ng-state-ogun,OPEN SPACE NEAR A.L.G. AREGBA I,INEC_CVR_PU,90005,,inec-lga-563,,state-assembly-sc-723-og,inec-ward-6444
POLLING_UNIT,inec-pu-90006,ng-state-ogun,NEAR A.L.G. CLINIC KEESI I,INEC_CVR_PU,90006,,inec-lga-563,,state-assembly-sc-723-og,inec-ward-6444
POLLING_UNIT,inec-pu-90007,ng-state-ogun,NEAR A.L.G. CLINIC KEESI II,INEC_CVR_PU,90007,,inec-lga-563,,state-assembly-sc-723-og,inec-ward-6444
POLLING_UNIT,inec-pu-90008,ng-state-ogun,OPEN SPACE IKOPA MOSQUE,INEC_CVR_PU,90008,,inec-lga-563,,state-assembly-sc-723-og,inec-ward-6444
POLLING_UNIT,inec-pu-90009,ng-state-ogun,INF OF OGBONI HS IKOPA,INEC_CVR_PU,90009,,inec-lga-563,,state-assembly-sc-723-og,inec-ward-6444
POLLING_UNIT,inec-pu-90010,ng-state-ogun,OPEN SPACE NEAR OJO OKE-IRO,INEC_CVR_PU,90010,,inec-lga-563,,state-assembly-sc-723-og,inec-ward-6444
POLLING_UNIT,inec-pu-90011,ng-state-ogun,A.L.G. SCH. KUGBA,INEC_CVR_PU,90011,,inec-lga-563,,state-assembly-sc-723-og,inec-ward-6444
POLLING_UNIT,inec-pu-660286,ng-state-ogun,"OPEN SPACE NEAR OKO OLOYUN, ECO GAS",INEC_CVR_PU,660286,,inec-lga-563,,state-assembly-sc-723-og,inec-ward-6444
POLLING_UNIT,inec-pu-660287,ng-state-ogun,"OPEN SPACE NEAR MECHANICS VILLAGE, OLOBI",INEC_CVR_PU,660287,,inec-lga-563,,state-assembly-sc-723-og,inec-ward-6444
POLLING_UNIT,inec-pu-660288,ng-state-ogun,OPEN SPACE NEAR HADJI TANKO PETROL STATION,INEC_CVR_PU,660288,,inec-lga-563,,state-assembly-sc-723-og,inec-ward-6444
POLLING_UNIT,inec-pu-660289,ng-state-ogun,"OPEN SPACE NEAR SHOFOLUKE'S HOUSE, ITOKO TITUN, OKE EFON",INEC_CVR_PU,660289,,inec-lga-563,,state-assembly-sc-723-og,inec-ward-6444
POLLING_UNIT,inec-pu-660290,ng-state-ogun,ARINLESE JUNCTION,INEC_CVR_PU,660290,,inec-lga-563,,state-assembly-sc-723-og,inec-ward-6444
POLLING_UNIT,inec-pu-660291,ng-state-ogun,OPEN SPACE NEAR ILUPEJU COMM. CENTRAL MOSQ.,INEC_CVR_PU,660291,,inec-lga-563,,state-assembly-sc-723-og,inec-ward-6444
WARD,inec-ward-6445,ng-state-ogun,IJEMO,INEC_CVR_WARD,6445,,inec-lga-563,,state-assembly-sc-723-og,
POLLING_UNIT,inec-pu-90012,ng-state-ogun,U.A.M.C. PRY SCH. ELEJA,INEC_CVR_PU,90012,,inec-lga-563,,state-assembly-sc-723-og,inec-ward-6445
POLLING_UNIT,inec-pu-90013,ng-state-ogun,U.A.M.C. PRY SCH. ELEJA II,INEC_CVR_PU,90013,,inec-lga-563,,state-assembly-sc-723-og,inec-ward-6445
POLLING_UNIT,inec-pu-90014,ng-state-ogun,OBA ADEMOLA HOSPITAL I,INEC_CVR_PU,90014,,inec-lga-563,,state-assembly-sc-723-og,inec-ward-6445
POLLING_UNIT,inec-pu-90015,ng-state-ogun,OBA ADEMOLA HOSPITAL II,INEC_CVR_PU,90015,,inec-lga-563,,state-assembly-sc-723-og,inec-ward-6445
POLLING_UNIT,inec-pu-90016,ng-state-ogun,R.C.M. SCH. OKE-PADRE I,INEC_CVR_PU,90016,,inec-lga-563,,state-assembly-sc-723-og,inec-ward-6445
POLLING_UNIT,inec-pu-90017,ng-state-ogun,BAYEWUNMI MOSQUE I,INEC_CVR_PU,90017,,inec-lga-563,,state-assembly-sc-723-og,inec-ward-6445
POLLING_UNIT,inec-pu-90018,ng-state-ogun,BAYEWUNMI MOSQUE II,INEC_CVR_PU,90018,,inec-lga-563,,state-assembly-sc-723-og,inec-ward-6445
POLLING_UNIT,inec-pu-90019,ng-state-ogun,A.L.G. DISPENSARY,INEC_CVR_PU,90019,,inec-lga-563,,state-assembly-sc-723-og,inec-ward-6445
POLLING_UNIT,inec-pu-90020,ng-state-ogun,OGBONI IJAKO HOUSE I,INEC_CVR_PU,90020,,inec-lga-563,,state-assembly-sc-723-og,inec-ward-6445
POLLING_UNIT,inec-pu-90021,ng-state-ogun,ILE OGBONI IJAKO II,INEC_CVR_PU,90021,,inec-lga-563,,state-assembly-sc-723-og,inec-ward-6445
POLLING_UNIT,inec-pu-90022,ng-state-ogun,SAWYER'S HALL,INEC_CVR_PU,90022,,inec-lga-563,,state-assembly-sc-723-og,inec-ward-6445
POLLING_UNIT,inec-pu-90023,ng-state-ogun,SAWYER'S HALL II,INEC_CVR_PU,90023,,inec-lga-563,,state-assembly-sc-723-og,inec-ward-6445
POLLING_UNIT,inec-pu-90024,ng-state-ogun,OPEN SPACE NEAR OGBONI IBON HOUSE,INEC_CVR_PU,90024,,inec-lga-563,,state-assembly-sc-723-og,inec-ward-6445
POLLING_UNIT,inec-pu-90025,ng-state-ogun,OPEN SPACE APOSTOLIC IJEMO AGBADU I,INEC_CVR_PU,90025,,inec-lga-563,,state-assembly-sc-723-og,inec-ward-6445
POLLING_UNIT,inec-pu-90026,ng-state-ogun,OPEN SPACE NEAR ODO-OJA BOOTH,INEC_CVR_PU,90026,,inec-lga-563,,state-assembly-sc-723-og,inec-ward-6445
POLLING_UNIT,inec-pu-90027,ng-state-ogun,A.L.G. PRY. SCH. IJERNO,INEC_CVR_PU,90027,,inec-lga-563,,state-assembly-sc-723-og,inec-ward-6445
POLLING_UNIT,inec-pu-90028,ng-state-ogun,OPEN SPACE NEAR OGUNSOLA'S HOUSE,INEC_CVR_PU,90028,,inec-lga-563,,state-assembly-sc-723-og,inec-ward-6445
POLLING_UNIT,inec-pu-660259,ng-state-ogun,"OPEN SPACE, ILOGBO JUNCTION, IJEMO AGBADU",INEC_CVR_PU,660259,,inec-lga-563,,state-assembly-sc-723-og,inec-ward-6445
POLLING_UNIT,inec-pu-660260,ng-state-ogun,OPEN SPACE NEAR ARANSE OLUWA MOSQUE IJEMO SODEKE,INEC_CVR_PU,660260,,inec-lga-563,,state-assembly-sc-723-og,inec-ward-6445
POLLING_UNIT,inec-pu-660261,ng-state-ogun,"OPEN SPACE IDI ERO, IJAKO",INEC_CVR_PU,660261,,inec-lga-563,,state-assembly-sc-723-og,inec-ward-6445
POLLING_UNIT,inec-pu-660262,ng-state-ogun,"OPEN SPACE OPP.IDI OSHE MOSQUE, IJEMO",INEC_CVR_PU,660262,,inec-lga-563,,state-assembly-sc-723-og,inec-ward-6445
POLLING_UNIT,inec-pu-660263,ng-state-ogun,"OPEN SPACE AT OJU AREMO, IJEMO",INEC_CVR_PU,660263,,inec-lga-563,,state-assembly-sc-723-og,inec-ward-6445
POLLING_UNIT,inec-pu-660264,ng-state-ogun,"OPEN SPACE NEAR ADENEKAN'S HOUSE,IBON",INEC_CVR_PU,660264,,inec-lga-563,,state-assembly-sc-723-og,inec-ward-6445
WARD,inec-ward-6446,ng-state-ogun,ITOKO,INEC_CVR_WARD,6446,,inec-lga-563,,state-assembly-sc-723-og,
POLLING_UNIT,inec-pu-90029,ng-state-ogun,OPEN SPACE-INF OF PETERS HS ITOKO,INEC_CVR_PU,90029,,inec-lga-563,,state-assembly-sc-723-og,inec-ward-6446
POLLING_UNIT,inec-pu-90030,ng-state-ogun,E.A.;C. PRY. SCH ITOKO,INEC_CVR_PU,90030,,inec-lga-563,,state-assembly-sc-723-og,inec-ward-6446
POLLING_UNIT,inec-pu-90031,ng-state-ogun,OPEN SPACE OJU-AGEMO I,INEC_CVR_PU,90031,,inec-lga-563,,state-assembly-sc-723-og,inec-ward-6446
POLLING_UNIT,inec-pu-90032,ng-state-ogun,OPEN SPACE OJU-AGEMO II,INEC_CVR_PU,90032,,inec-lga-563,,state-assembly-sc-723-og,inec-ward-6446
POLLING_UNIT,inec-pu-90033,ng-state-ogun,OPEN SPACE SHONLU COMP.,INEC_CVR_PU,90033,,inec-lga-563,,state-assembly-sc-723-og,inec-ward-6446
POLLING_UNIT,inec-pu-90034,ng-state-ogun,OPEN SPACE NEAR APITIPITI COMP.,INEC_CVR_PU,90034,,inec-lga-563,,state-assembly-sc-723-og,inec-ward-6446
POLLING_UNIT,inec-pu-90035,ng-state-ogun,N.U.D. PRY. SCHOOL. OKE-ALEJI,INEC_CVR_PU,90035,,inec-lga-563,,state-assembly-sc-723-og,inec-ward-6446
POLLING_UNIT,inec-pu-90036,ng-state-ogun,OPEN SPACE ITA-GBANGBA,INEC_CVR_PU,90036,,inec-lga-563,,state-assembly-sc-723-og,inec-ward-6446
POLLING_UNIT,inec-pu-90037,ng-state-ogun,OPEN SPACE ILE-EJA,INEC_CVR_PU,90037,,inec-lga-563,,state-assembly-sc-723-og,inec-ward-6446
POLLING_UNIT,inec-pu-90038,ng-state-ogun,OPEN SPACE BEHIND EMI-ABATA I,INEC_CVR_PU,90038,,inec-lga-563,,state-assembly-sc-723-og,inec-ward-6446
POLLING_UNIT,inec-pu-90039,ng-state-ogun,MOSQUE NEAR HOSPITAL ISALE-ITOKO,INEC_CVR_PU,90039,,inec-lga-563,,state-assembly-sc-723-og,inec-ward-6446
POLLING_UNIT,inec-pu-90040,ng-state-ogun,NEAR OKE ITOKO MOSQUE,INEC_CVR_PU,90040,,inec-lga-563,,state-assembly-sc-723-og,inec-ward-6446
POLLING_UNIT,inec-pu-660282,ng-state-ogun,OPEN SPACE OPP. AGO IBADAN MOSQUE,INEC_CVR_PU,660282,,inec-lga-563,,state-assembly-sc-723-og,inec-ward-6446
POLLING_UNIT,inec-pu-660283,ng-state-ogun,OPEN SPACE OPP. ADENIJI'S HOUSE,INEC_CVR_PU,660283,,inec-lga-563,,state-assembly-sc-723-og,inec-ward-6446
POLLING_UNIT,inec-pu-660284,ng-state-ogun,"OPEN SPACE BY COMMUNITY DEV. AGENCY BOREHOLE,ITOKO",INEC_CVR_PU,660284,,inec-lga-563,,state-assembly-sc-723-og,inec-ward-6446
POLLING_UNIT,inec-pu-660285,ng-state-ogun,"OPEN SPACE NEAR APOSTOLIC CHURCH, AGBEGILERE, ITOKO",INEC_CVR_PU,660285,,inec-lga-563,,state-assembly-sc-723-og,inec-ward-6446
WARD,inec-ward-6447,ng-state-ogun,IJAYE/IDI-ABA,INEC_CVR_WARD,6447,,inec-lga-563,,state-assembly-sc-723-og,
POLLING_UNIT,inec-pu-90041,ng-state-ogun,OPEN SPACE AT IJAYE GARAGE I,INEC_CVR_PU,90041,,inec-lga-563,,state-assembly-sc-723-og,inec-ward-6447
POLLING_UNIT,inec-pu-90042,ng-state-ogun,OPEN SPACE AT IJAYE GARAGE II,INEC_CVR_PU,90042,,inec-lga-563,,state-assembly-sc-723-og,inec-ward-6447
POLLING_UNIT,inec-pu-90043,ng-state-ogun,OJA ALE IJAIYE I,INEC_CVR_PU,90043,,inec-lga-563,,state-assembly-sc-723-og,inec-ward-6447
POLLING_UNIT,inec-pu-90044,ng-state-ogun,OJA ALE IJAIYE II,INEC_CVR_PU,90044,,inec-lga-563,,state-assembly-sc-723-og,inec-ward-6447
POLLING_UNIT,inec-pu-90045,ng-state-ogun,IST BAPT. PRY. SCH. IJAYE I,INEC_CVR_PU,90045,,inec-lga-563,,state-assembly-sc-723-og,inec-ward-6447
POLLING_UNIT,inec-pu-90046,ng-state-ogun,IST BAPT. PRY. SCH. IJAYE II,INEC_CVR_PU,90046,,inec-lga-563,,state-assembly-sc-723-og,inec-ward-6447
POLLING_UNIT,inec-pu-90047,ng-state-ogun,OPEN SPACE NEAR ALH. SEYE HOUSE,INEC_CVR_PU,90047,,inec-lga-563,,state-assembly-sc-723-og,inec-ward-6447
POLLING_UNIT,inec-pu-90048,ng-state-ogun,IJAYE COMM. PRY SCH. I,INEC_CVR_PU,90048,,inec-lga-563,,state-assembly-sc-723-og,inec-ward-6447
POLLING_UNIT,inec-pu-90049,ng-state-ogun,OPEN SPACE OLADOSU MOSQUE,INEC_CVR_PU,90049,,inec-lga-563,,state-assembly-sc-723-og,inec-ward-6447
POLLING_UNIT,inec-pu-90050,ng-state-ogun,OPEN SPACE NEAR FOLARANMI HS I,INEC_CVR_PU,90050,,inec-lga-563,,state-assembly-sc-723-og,inec-ward-6447
POLLING_UNIT,inec-pu-90051,ng-state-ogun,OPEN SPACE NEAR FOLARANMI HS II,INEC_CVR_PU,90051,,inec-lga-563,,state-assembly-sc-723-og,inec-ward-6447
POLLING_UNIT,inec-pu-90052,ng-state-ogun,BUS-STOP AT IJAYE I,INEC_CVR_PU,90052,,inec-lga-563,,state-assembly-sc-723-og,inec-ward-6447
POLLING_UNIT,inec-pu-90053,ng-state-ogun,OPEN SPACE NEAR ALH. AKANNI IROKO HS I,INEC_CVR_PU,90053,,inec-lga-563,,state-assembly-sc-723-og,inec-ward-6447
POLLING_UNIT,inec-pu-90054,ng-state-ogun,OPEN SPACE NEAR ALH. AKANNI IROKO HS II,INEC_CVR_PU,90054,,inec-lga-563,,state-assembly-sc-723-og,inec-ward-6447
POLLING_UNIT,inec-pu-90055,ng-state-ogun,BODE IJAYE PRY SCHOOL,INEC_CVR_PU,90055,,inec-lga-563,,state-assembly-sc-723-og,inec-ward-6447
POLLING_UNIT,inec-pu-90056,ng-state-ogun,ST.JAMES PRY SCHOOL IDI-ABA I,INEC_CVR_PU,90056,,inec-lga-563,,state-assembly-sc-723-og,inec-ward-6447
POLLING_UNIT,inec-pu-90057,ng-state-ogun,ST.JAMES PRY SCHOOL IDI-ABA II,INEC_CVR_PU,90057,,inec-lga-563,,state-assembly-sc-723-og,inec-ward-6447
POLLING_UNIT,inec-pu-90058,ng-state-ogun,BAPT PRY SCH IDI-ABA I,INEC_CVR_PU,90058,,inec-lga-563,,state-assembly-sc-723-og,inec-ward-6447
POLLING_UNIT,inec-pu-90059,ng-state-ogun,BAPT PRY SCH IDI-ABA II,INEC_CVR_PU,90059,,inec-lga-563,,state-assembly-sc-723-og,inec-ward-6447
POLLING_UNIT,inec-pu-90060,ng-state-ogun,OPEN SPACE AT KENTA H/ESTATE,INEC_CVR_PU,90060,,inec-lga-563,,state-assembly-sc-723-og,inec-ward-6447
POLLING_UNIT,inec-pu-90061,ng-state-ogun,SPACE NEAR ELECTRIM,INEC_CVR_PU,90061,,inec-lga-563,,state-assembly-sc-723-og,inec-ward-6447
POLLING_UNIT,inec-pu-90062,ng-state-ogun,OPEN SPACE NEAR IYANA ODEGBAMI,INEC_CVR_PU,90062,,inec-lga-563,,state-assembly-sc-723-og,inec-ward-6447
POLLING_UNIT,inec-pu-90063,ng-state-ogun,OPEN SPACE OLOMOLU IJAYE,INEC_CVR_PU,90063,,inec-lga-563,,state-assembly-sc-723-og,inec-ward-6447
POLLING_UNIT,inec-pu-90064,ng-state-ogun,OPP. TEKOBO BAKERY,INEC_CVR_PU,90064,,inec-lga-563,,state-assembly-sc-723-og,inec-ward-6447
POLLING_UNIT,inec-pu-90065,ng-state-ogun,OPEN SPACE NEAR KUSIMO'S HOUSE KEMTA,INEC_CVR_PU,90065,,inec-lga-563,,state-assembly-sc-723-og,inec-ward-6447
POLLING_UNIT,inec-pu-90066,ng-state-ogun,OPEN SPACE NEAR ALHAJI AYANWALE'S HOUSE,INEC_CVR_PU,90066,,inec-lga-563,,state-assembly-sc-723-og,inec-ward-6447
POLLING_UNIT,inec-pu-660240,ng-state-ogun,PRINCE COURT ESTATE KEMTA HOUSING IDI-ABA,INEC_CVR_PU,660240,,inec-lga-563,,state-assembly-sc-723-og,inec-ward-6447
POLLING_UNIT,inec-pu-660241,ng-state-ogun,OPEN SPACE BESIDE FMC IDI ABA,INEC_CVR_PU,660241,,inec-lga-563,,state-assembly-sc-723-og,inec-ward-6447
POLLING_UNIT,inec-pu-660242,ng-state-ogun,OPEN SPACE AT OGO OLUWA BUS STOP ELITE ROAD,INEC_CVR_PU,660242,,inec-lga-563,,state-assembly-sc-723-og,inec-ward-6447
POLLING_UNIT,inec-pu-660243,ng-state-ogun,OPEN SPACE NEAR C C C OLORUNSOGO AREA,INEC_CVR_PU,660243,,inec-lga-563,,state-assembly-sc-723-og,inec-ward-6447
POLLING_UNIT,inec-pu-660244,ng-state-ogun,OPEN SPACE RATQUB MOSQ. OLORUNSOGO (ARAMIS),INEC_CVR_PU,660244,,inec-lga-563,,state-assembly-sc-723-og,inec-ward-6447
POLLING_UNIT,inec-pu-660245,ng-state-ogun,LISABI GRAMMAR SCHOOL IDI-ABA,INEC_CVR_PU,660245,,inec-lga-563,,state-assembly-sc-723-og,inec-ward-6447
POLLING_UNIT,inec-pu-660246,ng-state-ogun,OPEN SPACE AT BAYO ALI STREET TEKOBO IDI-ABA,INEC_CVR_PU,660246,,inec-lga-563,,state-assembly-sc-723-og,inec-ward-6447
POLLING_UNIT,inec-pu-660247,ng-state-ogun,KONGA PAKO JUNCTION OLORUNSOGO,INEC_CVR_PU,660247,,inec-lga-563,,state-assembly-sc-723-og,inec-ward-6447
POLLING_UNIT,inec-pu-660248,ng-state-ogun,OPEN SPACE AT OLOKUTA HOUSING GATE,INEC_CVR_PU,660248,,inec-lga-563,,state-assembly-sc-723-og,inec-ward-6447
POLLING_UNIT,inec-pu-660249,ng-state-ogun,OPEN SPACE AT ABULE KEMTA OYA NEAR BAALE'S HOUSE,INEC_CVR_PU,660249,,inec-lga-563,,state-assembly-sc-723-og,inec-ward-6447
POLLING_UNIT,inec-pu-660250,ng-state-ogun,"OPEN SPACE AT OKE ODO BESIDE POWER LINE, KEMTA",INEC_CVR_PU,660250,,inec-lga-563,,state-assembly-sc-723-og,inec-ward-6447
POLLING_UNIT,inec-pu-660251,ng-state-ogun,UNDER POWER LINE OPEN FIELD ABULE OJO,INEC_CVR_PU,660251,,inec-lga-563,,state-assembly-sc-723-og,inec-ward-6447
POLLING_UNIT,inec-pu-660252,ng-state-ogun,OPEN SPACE NEAR BAALE'S HOUSE ABULE AKE,INEC_CVR_PU,660252,,inec-lga-563,,state-assembly-sc-723-og,inec-ward-6447
POLLING_UNIT,inec-pu-660253,ng-state-ogun,OPEN FIELD UNDER POWER LINE ABULE AKE,INEC_CVR_PU,660253,,inec-lga-563,,state-assembly-sc-723-og,inec-ward-6447
POLLING_UNIT,inec-pu-660254,ng-state-ogun,OPEN FIELD AT OLOKUTA ESTATE,INEC_CVR_PU,660254,,inec-lga-563,,state-assembly-sc-723-og,inec-ward-6447
POLLING_UNIT,inec-pu-660255,ng-state-ogun,"BEHIND EMUPAE MOSQUE AJEGUNLE, ELITE",INEC_CVR_PU,660255,,inec-lga-563,,state-assembly-sc-723-og,inec-ward-6447
POLLING_UNIT,inec-pu-660256,ng-state-ogun,"POWER LINE ABULE NLA, IDI-ABA",INEC_CVR_PU,660256,,inec-lga-563,,state-assembly-sc-723-og,inec-ward-6447
POLLING_UNIT,inec-pu-660257,ng-state-ogun,OPEN SPACE AT ELITE JUNCTION IDI-ABA,INEC_CVR_PU,660257,,inec-lga-563,,state-assembly-sc-723-og,inec-ward-6447
POLLING_UNIT,inec-pu-660258,ng-state-ogun,OPEN SPACE BESIDE OSOBA BRIDGE OKE JIGBO,INEC_CVR_PU,660258,,inec-lga-563,,state-assembly-sc-723-og,inec-ward-6447
WARD,inec-ward-6448,ng-state-ogun,ERUNBE/OKE IJEUN,INEC_CVR_WARD,6448,,inec-lga-563,,state-assembly-sc-724-og,
POLLING_UNIT,inec-pu-90067,ng-state-ogun,"OPEN SPACE NEAR OGBONI HS, OKE IJEUN I",INEC_CVR_PU,90067,,inec-lga-563,,state-assembly-sc-724-og,inec-ward-6448
POLLING_UNIT,inec-pu-90068,ng-state-ogun,"OPEN SPACE NEAR OGBONI HS, OKE IJEUN II",INEC_CVR_PU,90068,,inec-lga-563,,state-assembly-sc-724-og,inec-ward-6448
POLLING_UNIT,inec-pu-90069,ng-state-ogun,NEAR OLORUNLUGO FISH DEPOT,INEC_CVR_PU,90069,,inec-lga-563,,state-assembly-sc-724-og,inec-ward-6448
POLLING_UNIT,inec-pu-90070,ng-state-ogun,SALVATION ARMY PRY SCH.,INEC_CVR_PU,90070,,inec-lga-563,,state-assembly-sc-724-og,inec-ward-6448
POLLING_UNIT,inec-pu-90071,ng-state-ogun,LISABI PRY. SCHOOL,INEC_CVR_PU,90071,,inec-lga-563,,state-assembly-sc-724-og,inec-ward-6448
POLLING_UNIT,inec-pu-90072,ng-state-ogun,OPEN SPACE NEAR ILOGBO JUNCTION I,INEC_CVR_PU,90072,,inec-lga-563,,state-assembly-sc-724-og,inec-ward-6448
POLLING_UNIT,inec-pu-90073,ng-state-ogun,OPEN SPACE NEAR ILOGBO JUNCTION II,INEC_CVR_PU,90073,,inec-lga-563,,state-assembly-sc-724-og,inec-ward-6448
POLLING_UNIT,inec-pu-90074,ng-state-ogun,OPEN SPACE NEAR OKE-JIGBO BUS-STOP I,INEC_CVR_PU,90074,,inec-lga-563,,state-assembly-sc-724-og,inec-ward-6448
POLLING_UNIT,inec-pu-90075,ng-state-ogun,OPEN SPACE NEAR OKE-JIGBO BUS-STOP II,INEC_CVR_PU,90075,,inec-lga-563,,state-assembly-sc-724-og,inec-ward-6448
POLLING_UNIT,inec-pu-90076,ng-state-ogun,OPEN SPACE NEAR APESIN'S H/S,INEC_CVR_PU,90076,,inec-lga-563,,state-assembly-sc-724-og,inec-ward-6448
POLLING_UNIT,inec-pu-90077,ng-state-ogun,OPEN SPACE NEAR SODIPE'S COMP OKE-IJEUN,INEC_CVR_PU,90077,,inec-lga-563,,state-assembly-sc-724-og,inec-ward-6448
POLLING_UNIT,inec-pu-90078,ng-state-ogun,OPEN SPACE INF OF OMOYAYI'S HOUSE,INEC_CVR_PU,90078,,inec-lga-563,,state-assembly-sc-724-og,inec-ward-6448
POLLING_UNIT,inec-pu-90079,ng-state-ogun,OPEN SPACE INF OF STATE HOSPITAL I,INEC_CVR_PU,90079,,inec-lga-563,,state-assembly-sc-724-og,inec-ward-6448
POLLING_UNIT,inec-pu-90080,ng-state-ogun,OPEN SPACE INF OF STATE HOSPITAL II,INEC_CVR_PU,90080,,inec-lga-563,,state-assembly-sc-724-og,inec-ward-6448
POLLING_UNIT,inec-pu-90081,ng-state-ogun,KUTI PRY. SCHOOL I,INEC_CVR_PU,90081,,inec-lga-563,,state-assembly-sc-724-og,inec-ward-6448
POLLING_UNIT,inec-pu-90082,ng-state-ogun,ITA AGEMO ERUNBE I,INEC_CVR_PU,90082,,inec-lga-563,,state-assembly-sc-724-og,inec-ward-6448
POLLING_UNIT,inec-pu-90083,ng-state-ogun,ITA AGEMO ERUNBE II,INEC_CVR_PU,90083,,inec-lga-563,,state-assembly-sc-724-og,inec-ward-6448
POLLING_UNIT,inec-pu-90084,ng-state-ogun,OPEN SPACE NEAR CHIEF AKANDE'S HOUSE I,INEC_CVR_PU,90084,,inec-lga-563,,state-assembly-sc-724-og,inec-ward-6448
POLLING_UNIT,inec-pu-90085,ng-state-ogun,OPEN SPACE NEAR CHIEF AKANDE'S HOUSE II,INEC_CVR_PU,90085,,inec-lga-563,,state-assembly-sc-724-og,inec-ward-6448
POLLING_UNIT,inec-pu-90086,ng-state-ogun,N.U.D.PRY SCH,INEC_CVR_PU,90086,,inec-lga-563,,state-assembly-sc-724-og,inec-ward-6448
POLLING_UNIT,inec-pu-90087,ng-state-ogun,OPEN SPACE NEAR SOJOBI'S HOUSE,INEC_CVR_PU,90087,,inec-lga-563,,state-assembly-sc-724-og,inec-ward-6448
POLLING_UNIT,inec-pu-90088,ng-state-ogun,OPEN SPACE NEAR LOWO HOUSE OPP.,INEC_CVR_PU,90088,,inec-lga-563,,state-assembly-sc-724-og,inec-ward-6448
POLLING_UNIT,inec-pu-660197,ng-state-ogun,"OPP. METHODIST, PRY SCH. ILOGBO",INEC_CVR_PU,660197,,inec-lga-563,,state-assembly-sc-724-og,inec-ward-6448
POLLING_UNIT,inec-pu-660198,ng-state-ogun,"OPEN SPACE NEAR WHITE HOUSE, OKE IJEUN",INEC_CVR_PU,660198,,inec-lga-563,,state-assembly-sc-724-og,inec-ward-6448
POLLING_UNIT,inec-pu-660199,ng-state-ogun,"OPEN SPACE ARAWA COMPOUND, SAPON",INEC_CVR_PU,660199,,inec-lga-563,,state-assembly-sc-724-og,inec-ward-6448
POLLING_UNIT,inec-pu-660200,ng-state-ogun,"OPEN SPACE NEAR ROSIJI JUNCTION, OKEJIGBO",INEC_CVR_PU,660200,,inec-lga-563,,state-assembly-sc-724-og,inec-ward-6448
WARD,inec-ward-6449,ng-state-ogun,AGO-EGUN/IJESA,INEC_CVR_WARD,6449,,inec-lga-563,,state-assembly-sc-724-og,
POLLING_UNIT,inec-pu-90089,ng-state-ogun,OPEN SPACE NEAR CELESTIAL CHURCH IJEUN TITUN,INEC_CVR_PU,90089,,inec-lga-563,,state-assembly-sc-724-og,inec-ward-6449
POLLING_UNIT,inec-pu-90090,ng-state-ogun,OPP. IJEUN TITUN MOSQUE I,INEC_CVR_PU,90090,,inec-lga-563,,state-assembly-sc-724-og,inec-ward-6449
POLLING_UNIT,inec-pu-90091,ng-state-ogun,OPEN SPACE NEAR IJEUN TITUN MOSQUE II,INEC_CVR_PU,90091,,inec-lga-563,,state-assembly-sc-724-og,inec-ward-6449
POLLING_UNIT,inec-pu-90092,ng-state-ogun,OPEN SPACE INF EKUNDAYO'S HOUSE I,INEC_CVR_PU,90092,,inec-lga-563,,state-assembly-sc-724-og,inec-ward-6449
POLLING_UNIT,inec-pu-90093,ng-state-ogun,OPEN SPACE INF EKUNDAYO'S HOUSE II,INEC_CVR_PU,90093,,inec-lga-563,,state-assembly-sc-724-og,inec-ward-6449
POLLING_UNIT,inec-pu-90094,ng-state-ogun,OPEN SPACE NEAR BALE'S HOUSE IJEUN-TITUN I,INEC_CVR_PU,90094,,inec-lga-563,,state-assembly-sc-724-og,inec-ward-6449
POLLING_UNIT,inec-pu-90095,ng-state-ogun,OPEN SPACE NEAR BALE'S HOUSE IJEUN-TITUN II,INEC_CVR_PU,90095,,inec-lga-563,,state-assembly-sc-724-og,inec-ward-6449
POLLING_UNIT,inec-pu-90096,ng-state-ogun,OPEN SPACE NEAR IJEUN TITUN LODGE I,INEC_CVR_PU,90096,,inec-lga-563,,state-assembly-sc-724-og,inec-ward-6449
POLLING_UNIT,inec-pu-90097,ng-state-ogun,OPEN SPACE NEAR AGUNBIADE'S HOUSE II,INEC_CVR_PU,90097,,inec-lga-563,,state-assembly-sc-724-og,inec-ward-6449
POLLING_UNIT,inec-pu-90098,ng-state-ogun,OPEN SPACE NEAR AGUNBIADE'S HOUSE II (90098),INEC_CVR_PU,90098,,inec-lga-563,,state-assembly-sc-724-og,inec-ward-6449
POLLING_UNIT,inec-pu-90099,ng-state-ogun,OPEN SPACE NEAR OLUGBEMI ST. IDI-ERO,INEC_CVR_PU,90099,,inec-lga-563,,state-assembly-sc-724-og,inec-ward-6449
POLLING_UNIT,inec-pu-90100,ng-state-ogun,OPEN SPACE NEAR ARANSE OLUWA OLOROMBO I,INEC_CVR_PU,90100,,inec-lga-563,,state-assembly-sc-724-og,inec-ward-6449
POLLING_UNIT,inec-pu-90101,ng-state-ogun,OPEN SPACE NEAR ARANSE OLUWA OLOROMBO II,INEC_CVR_PU,90101,,inec-lga-563,,state-assembly-sc-724-og,inec-ward-6449
POLLING_UNIT,inec-pu-90102,ng-state-ogun,OPEN SPACE NEAR ODUNTAN'S HOUSE AGO-EGUN I,INEC_CVR_PU,90102,,inec-lga-563,,state-assembly-sc-724-og,inec-ward-6449
POLLING_UNIT,inec-pu-90103,ng-state-ogun,OPEN SPACE NEAR BAALE LEME'S HOUSE,INEC_CVR_PU,90103,,inec-lga-563,,state-assembly-sc-724-og,inec-ward-6449
POLLING_UNIT,inec-pu-90104,ng-state-ogun,OPEN SPACE NEAR CHIEF DERIN'S HOUSE [IFESOWAPO],INEC_CVR_PU,90104,,inec-lga-563,,state-assembly-sc-724-og,inec-ward-6449
POLLING_UNIT,inec-pu-90105,ng-state-ogun,OPEN SPACE IN FRONT OWOTUTU'S HOUSE,INEC_CVR_PU,90105,,inec-lga-563,,state-assembly-sc-724-og,inec-ward-6449
POLLING_UNIT,inec-pu-90106,ng-state-ogun,OPEN SPACE IN FRONT LEME CENTRAL MOSQUE,INEC_CVR_PU,90106,,inec-lga-563,,state-assembly-sc-724-og,inec-ward-6449
POLLING_UNIT,inec-pu-90107,ng-state-ogun,OPEN SPACE IN FRONT EWANG HOUSING ESTATE,INEC_CVR_PU,90107,,inec-lga-563,,state-assembly-sc-724-og,inec-ward-6449
POLLING_UNIT,inec-pu-90108,ng-state-ogun,OPP. IFELODUN CO-OPERATIVE C.E.S (ABIOLA WAY)[IFESOWAPO],INEC_CVR_PU,90108,,inec-lga-563,,state-assembly-sc-724-og,inec-ward-6449
POLLING_UNIT,inec-pu-90109,ng-state-ogun,BOOTH OPP. BABA ONIFA'S HOUSE LEME,INEC_CVR_PU,90109,,inec-lga-563,,state-assembly-sc-724-og,inec-ward-6449
POLLING_UNIT,inec-pu-660138,ng-state-ogun,OPEN SPACE OPP. ABEOKUTA SOUTH HEALTH CENTER LADERIN,INEC_CVR_PU,660138,,inec-lga-563,,state-assembly-sc-724-og,inec-ward-6449
POLLING_UNIT,inec-pu-660139,ng-state-ogun,OPEN SPACE OBASANJO HILL TOP GATE OKE- MOSAN,INEC_CVR_PU,660139,,inec-lga-563,,state-assembly-sc-724-og,inec-ward-6449
POLLING_UNIT,inec-pu-660140,ng-state-ogun,OPEN SPACE OPP. GOD OF ISREAL SCH. LUKOSI,INEC_CVR_PU,660140,,inec-lga-563,,state-assembly-sc-724-og,inec-ward-6449
POLLING_UNIT,inec-pu-660141,ng-state-ogun,OPEN SPACE FOLARIN JUNCTION BESIDE TRANSFORMER IJEUN LUKOSI,INEC_CVR_PU,660141,,inec-lga-563,,state-assembly-sc-724-og,inec-ward-6449
POLLING_UNIT,inec-pu-660142,ng-state-ogun,SOCIAL CENTER LUD SITE V HOUSING ESTATE EWANG,INEC_CVR_PU,660142,,inec-lga-563,,state-assembly-sc-724-og,inec-ward-6449
POLLING_UNIT,inec-pu-660143,ng-state-ogun,OPEN SPACE NEAR KHALIFA ADENEKAN HOUSE IJEUN TITUN,INEC_CVR_PU,660143,,inec-lga-563,,state-assembly-sc-724-og,inec-ward-6449
POLLING_UNIT,inec-pu-660144,ng-state-ogun,OPEN SPACE BESIDE BURIAL GROUND AGO-EGUN,INEC_CVR_PU,660144,,inec-lga-563,,state-assembly-sc-724-og,inec-ward-6449
POLLING_UNIT,inec-pu-660145,ng-state-ogun,OPEN SPACE OPP. MAGNUS SMITH NUR/PRY SCH. IJEUN TITUN,INEC_CVR_PU,660145,,inec-lga-563,,state-assembly-sc-724-og,inec-ward-6449
POLLING_UNIT,inec-pu-660146,ng-state-ogun,OPEN SPACE OREMEJI STREET NEAR EGBEYEMI HOUSE IJEUN TUNTUN,INEC_CVR_PU,660146,,inec-lga-563,,state-assembly-sc-724-og,inec-ward-6449
POLLING_UNIT,inec-pu-660147,ng-state-ogun,OPEN SPACE BEHIND BAALE'S HOUSE OLOROMBO,INEC_CVR_PU,660147,,inec-lga-563,,state-assembly-sc-724-og,inec-ward-6449
POLLING_UNIT,inec-pu-660148,ng-state-ogun,OPEN SPACE JAGUN STREET IJEUN TUNTUN,INEC_CVR_PU,660148,,inec-lga-563,,state-assembly-sc-724-og,inec-ward-6449
POLLING_UNIT,inec-pu-660149,ng-state-ogun,UBE PRY SCHOOL SURULERE LEME,INEC_CVR_PU,660149,,inec-lga-563,,state-assembly-sc-724-og,inec-ward-6449
POLLING_UNIT,inec-pu-660150,ng-state-ogun,OPEN SPACE BESIDE INEC IJEUN TITUN,INEC_CVR_PU,660150,,inec-lga-563,,state-assembly-sc-724-og,inec-ward-6449
POLLING_UNIT,inec-pu-660151,ng-state-ogun,OPEN SPACE SOMEFUN INSIDE (IJEUN TITUN),INEC_CVR_PU,660151,,inec-lga-563,,state-assembly-sc-724-og,inec-ward-6449
POLLING_UNIT,inec-pu-660152,ng-state-ogun,OPEN SPACE LABULO STREET AGO IJESHA,INEC_CVR_PU,660152,,inec-lga-563,,state-assembly-sc-724-og,inec-ward-6449
POLLING_UNIT,inec-pu-660153,ng-state-ogun,"OPEN SPACE SONOLA STREET, IJEUN TITUN",INEC_CVR_PU,660153,,inec-lga-563,,state-assembly-sc-724-og,inec-ward-6449
POLLING_UNIT,inec-pu-660154,ng-state-ogun,T-JUNCTION OYEROGBA STREET EWANG JUNCTION LEME,INEC_CVR_PU,660154,,inec-lga-563,,state-assembly-sc-724-og,inec-ward-6449
WARD,inec-ward-6450,ng-state-ogun,SODEKE/SALE-IJEUN I,INEC_CVR_WARD,6450,,inec-lga-563,,state-assembly-sc-724-og,
POLLING_UNIT,inec-pu-90110,ng-state-ogun,OPP. SEKONI'S MOSQ. ISALE-IJEUN,INEC_CVR_PU,90110,,inec-lga-563,,state-assembly-sc-724-og,inec-ward-6450
POLLING_UNIT,inec-pu-90111,ng-state-ogun,OPEN SPACE NEAR ADEOGUN HOUSE ISALE-IJEUN I,INEC_CVR_PU,90111,,inec-lga-563,,state-assembly-sc-724-og,inec-ward-6450
POLLING_UNIT,inec-pu-90112,ng-state-ogun,OPEN SPACE NEAR ADEOGUN HOUSE ISALE-IJEUN II,INEC_CVR_PU,90112,,inec-lga-563,,state-assembly-sc-724-og,inec-ward-6450
POLLING_UNIT,inec-pu-90113,ng-state-ogun,NEAR CHIEF DASAOLU'S HOUSE ISALE IJEUN,INEC_CVR_PU,90113,,inec-lga-563,,state-assembly-sc-724-og,inec-ward-6450
POLLING_UNIT,inec-pu-90114,ng-state-ogun,OPEN SPACE NEAR ITANLEA IDIERO SODEKE I,INEC_CVR_PU,90114,,inec-lga-563,,state-assembly-sc-724-og,inec-ward-6450
POLLING_UNIT,inec-pu-90115,ng-state-ogun,OPEN SPACE NEAR IBI-EGUN-NJO IPORO,INEC_CVR_PU,90115,,inec-lga-563,,state-assembly-sc-724-og,inec-ward-6450
POLLING_UNIT,inec-pu-90116,ng-state-ogun,OPEN SPACE NEAR CENTRAL MOSQ. KOBITI I,INEC_CVR_PU,90116,,inec-lga-563,,state-assembly-sc-724-og,inec-ward-6450
POLLING_UNIT,inec-pu-90117,ng-state-ogun,OPEN SPACE NEAR CENTRAL MOSQ. KOBITI II,INEC_CVR_PU,90117,,inec-lga-563,,state-assembly-sc-724-og,inec-ward-6450
POLLING_UNIT,inec-pu-90118,ng-state-ogun,N.U.D. PRY SCHOOL ISALE-IJEUN I,INEC_CVR_PU,90118,,inec-lga-563,,state-assembly-sc-724-og,inec-ward-6450
POLLING_UNIT,inec-pu-90119,ng-state-ogun,N.U.D. PRY SCHOOL ISALE-IJEUN II,INEC_CVR_PU,90119,,inec-lga-563,,state-assembly-sc-724-og,inec-ward-6450
WARD,inec-ward-6451,ng-state-ogun,SODEKE/SALE-IJEUN II,INEC_CVR_WARD,6451,,inec-lga-563,,state-assembly-sc-724-og,
POLLING_UNIT,inec-pu-90120,ng-state-ogun,OPEN SPACE NEAR ONJOKO MOSQ OKE-BODE II,INEC_CVR_PU,90120,,inec-lga-563,,state-assembly-sc-724-og,inec-ward-6451
POLLING_UNIT,inec-pu-90121,ng-state-ogun,OPEN SPACE NEAR OKE-ITOKU MOSQ. I,INEC_CVR_PU,90121,,inec-lga-563,,state-assembly-sc-724-og,inec-ward-6451
POLLING_UNIT,inec-pu-90122,ng-state-ogun,OPEN SPACE NEAR OKE-ITOKU MOSQ. II,INEC_CVR_PU,90122,,inec-lga-563,,state-assembly-sc-724-og,inec-ward-6451
POLLING_UNIT,inec-pu-90123,ng-state-ogun,NEAR ILE-OGBONI OKE-ITOKU,INEC_CVR_PU,90123,,inec-lga-563,,state-assembly-sc-724-og,inec-ward-6451
POLLING_UNIT,inec-pu-90124,ng-state-ogun,OPEN SPACE NEAR ILE-OGBONI OKE-ITOKU II,INEC_CVR_PU,90124,,inec-lga-563,,state-assembly-sc-724-og,inec-ward-6451
POLLING_UNIT,inec-pu-90125,ng-state-ogun,OPEN SPACE NEAR TOWN PLANNING - I,INEC_CVR_PU,90125,,inec-lga-563,,state-assembly-sc-724-og,inec-ward-6451
POLLING_UNIT,inec-pu-90126,ng-state-ogun,OPEN SPACE NEAR TOWN PLANNING - II,INEC_CVR_PU,90126,,inec-lga-563,,state-assembly-sc-724-og,inec-ward-6451
POLLING_UNIT,inec-pu-90127,ng-state-ogun,OPEN SPACE OJULAKIJENA I,INEC_CVR_PU,90127,,inec-lga-563,,state-assembly-sc-724-og,inec-ward-6451
POLLING_UNIT,inec-pu-90128,ng-state-ogun,OPEN SPACE OJULAKIJENA II,INEC_CVR_PU,90128,,inec-lga-563,,state-assembly-sc-724-og,inec-ward-6451
POLLING_UNIT,inec-pu-90129,ng-state-ogun,INF. OF O.G.B.C. IMO I,INEC_CVR_PU,90129,,inec-lga-563,,state-assembly-sc-724-og,inec-ward-6451
POLLING_UNIT,inec-pu-90130,ng-state-ogun,OPEN SPACE NEAR OBAMEWA'S HOUSE I,INEC_CVR_PU,90130,,inec-lga-563,,state-assembly-sc-724-og,inec-ward-6451
POLLING_UNIT,inec-pu-90131,ng-state-ogun,OPEN SPACE NEAR KEHINDE'S HOUSE,INEC_CVR_PU,90131,,inec-lga-563,,state-assembly-sc-724-og,inec-ward-6451
POLLING_UNIT,inec-pu-90132,ng-state-ogun,ST. JOSEPH R.C.M. OKE-BODE I,INEC_CVR_PU,90132,,inec-lga-563,,state-assembly-sc-724-og,inec-ward-6451
POLLING_UNIT,inec-pu-90133,ng-state-ogun,ST. JOSEPH R.C.M. OKE-BODE II,INEC_CVR_PU,90133,,inec-lga-563,,state-assembly-sc-724-og,inec-ward-6451
POLLING_UNIT,inec-pu-90134,ng-state-ogun,OPEN SPACE NEAR AGO-OTUN I,INEC_CVR_PU,90134,,inec-lga-563,,state-assembly-sc-724-og,inec-ward-6451
POLLING_UNIT,inec-pu-90135,ng-state-ogun,OPEN SPACE NEAR AGO-OTUN II,INEC_CVR_PU,90135,,inec-lga-563,,state-assembly-sc-724-og,inec-ward-6451
POLLING_UNIT,inec-pu-90136,ng-state-ogun,ALL SAINT SCHOOL KOBITI,INEC_CVR_PU,90136,,inec-lga-563,,state-assembly-sc-724-og,inec-ward-6451
POLLING_UNIT,inec-pu-90137,ng-state-ogun,OPEN SPACE KEMTA ODUTOLU MOSQ,INEC_CVR_PU,90137,,inec-lga-563,,state-assembly-sc-724-og,inec-ward-6451
POLLING_UNIT,inec-pu-90138,ng-state-ogun,"OPEN SPACE BUS STOP, BATA ITOKU I",INEC_CVR_PU,90138,,inec-lga-563,,state-assembly-sc-724-og,inec-ward-6451
POLLING_UNIT,inec-pu-90139,ng-state-ogun,"OPEN SPACE BUS STOP, BATA ITOKU II",INEC_CVR_PU,90139,,inec-lga-563,,state-assembly-sc-724-og,inec-ward-6451
POLLING_UNIT,inec-pu-90140,ng-state-ogun,OPEN SPACE AT ODUNBAKU CLOSE,INEC_CVR_PU,90140,,inec-lga-563,,state-assembly-sc-724-og,inec-ward-6451
POLLING_UNIT,inec-pu-90141,ng-state-ogun,OPEN SPACE NEAR AKINSOLA'S HOUSE,INEC_CVR_PU,90141,,inec-lga-563,,state-assembly-sc-724-og,inec-ward-6451
POLLING_UNIT,inec-pu-90142,ng-state-ogun,OPEN SPACE BESIDE ITOKU MOSQUE I,INEC_CVR_PU,90142,,inec-lga-563,,state-assembly-sc-724-og,inec-ward-6451
POLLING_UNIT,inec-pu-90143,ng-state-ogun,OPEN SPACE BESIDE ITOKU MOSQUE II,INEC_CVR_PU,90143,,inec-lga-563,,state-assembly-sc-724-og,inec-ward-6451
POLLING_UNIT,inec-pu-90144,ng-state-ogun,PRY SCH IDI-APE I,INEC_CVR_PU,90144,,inec-lga-563,,state-assembly-sc-724-og,inec-ward-6451
POLLING_UNIT,inec-pu-660292,ng-state-ogun,"OLD ILE EJA, OKEBODE",INEC_CVR_PU,660292,,inec-lga-563,,state-assembly-sc-724-og,inec-ward-6451
POLLING_UNIT,inec-pu-660293,ng-state-ogun,"OPEN SPACE AT OLUGA STREET, OKEBODE",INEC_CVR_PU,660293,,inec-lga-563,,state-assembly-sc-724-og,inec-ward-6451
WARD,inec-ward-6452,ng-state-ogun,IMO/ISABO,INEC_CVR_WARD,6452,,inec-lga-563,,state-assembly-sc-724-og,
POLLING_UNIT,inec-pu-90145,ng-state-ogun,OPEN SPACE NEAR MRS. KUTI'S HOUSE,INEC_CVR_PU,90145,,inec-lga-563,,state-assembly-sc-724-og,inec-ward-6452
POLLING_UNIT,inec-pu-90146,ng-state-ogun,OPEN SPACE NEAR NEPA ROAD,INEC_CVR_PU,90146,,inec-lga-563,,state-assembly-sc-724-og,inec-ward-6452
POLLING_UNIT,inec-pu-90147,ng-state-ogun,NEAR ORUNSOLU'S HOUSE,INEC_CVR_PU,90147,,inec-lga-563,,state-assembly-sc-724-og,inec-ward-6452
POLLING_UNIT,inec-pu-90148,ng-state-ogun,OPEN SPACE ITA-AGEMO I,INEC_CVR_PU,90148,,inec-lga-563,,state-assembly-sc-724-og,inec-ward-6452
POLLING_UNIT,inec-pu-90149,ng-state-ogun,OPEN SPACE ITA-AGEMO II [ARO'S HOUSE],INEC_CVR_PU,90149,,inec-lga-563,,state-assembly-sc-724-og,inec-ward-6452
POLLING_UNIT,inec-pu-90150,ng-state-ogun,ITA OGBONI IGBEIN,INEC_CVR_PU,90150,,inec-lga-563,,state-assembly-sc-724-og,inec-ward-6452
POLLING_UNIT,inec-pu-90151,ng-state-ogun,OPEN SPACE NEAR ISALE IGBEIN MOSQUE,INEC_CVR_PU,90151,,inec-lga-563,,state-assembly-sc-724-og,inec-ward-6452
POLLING_UNIT,inec-pu-90152,ng-state-ogun,OPEN SPACE ISALE IGBEIN MOSQUE II,INEC_CVR_PU,90152,,inec-lga-563,,state-assembly-sc-724-og,inec-ward-6452
POLLING_UNIT,inec-pu-90153,ng-state-ogun,CONT. EDUCATION CENTRE 1 [ZENITH BANK],INEC_CVR_PU,90153,,inec-lga-563,,state-assembly-sc-724-og,inec-ward-6452
POLLING_UNIT,inec-pu-90154,ng-state-ogun,CONT. EDUCATION CENTRE II [IMO METH],INEC_CVR_PU,90154,,inec-lga-563,,state-assembly-sc-724-og,inec-ward-6452
POLLING_UNIT,inec-pu-90155,ng-state-ogun,OPEN SPACE NEAR GOVERNMENT HOUSE I,INEC_CVR_PU,90155,,inec-lga-563,,state-assembly-sc-724-og,inec-ward-6452
POLLING_UNIT,inec-pu-90156,ng-state-ogun,OPEN SPACE NEAR GOVERNMENT HOUSE II [MAGISTRATE C],INEC_CVR_PU,90156,,inec-lga-563,,state-assembly-sc-724-og,inec-ward-6452
POLLING_UNIT,inec-pu-90157,ng-state-ogun,OPP. METH CHURCH IMO I,INEC_CVR_PU,90157,,inec-lga-563,,state-assembly-sc-724-og,inec-ward-6452
POLLING_UNIT,inec-pu-90158,ng-state-ogun,NEAR ITA-OGBONI IMO,INEC_CVR_PU,90158,,inec-lga-563,,state-assembly-sc-724-og,inec-ward-6452
POLLING_UNIT,inec-pu-90159,ng-state-ogun,OPEN SPACE NEAR IMO MOSQUE,INEC_CVR_PU,90159,,inec-lga-563,,state-assembly-sc-724-og,inec-ward-6452
POLLING_UNIT,inec-pu-90160,ng-state-ogun,METH PRY SCHOOL OKE-YEKE 1,INEC_CVR_PU,90160,,inec-lga-563,,state-assembly-sc-724-og,inec-ward-6452
POLLING_UNIT,inec-pu-90161,ng-state-ogun,METH PRY SCHOOL OKE-YEKE II,INEC_CVR_PU,90161,,inec-lga-563,,state-assembly-sc-724-og,inec-ward-6452
POLLING_UNIT,inec-pu-90162,ng-state-ogun,OPEN SPACE NEAR AROWOSAFE'S HOUSE AMOLASO,INEC_CVR_PU,90162,,inec-lga-563,,state-assembly-sc-724-og,inec-ward-6452
POLLING_UNIT,inec-pu-90163,ng-state-ogun,OPP. MAGISTRATE COURT I ISABO,INEC_CVR_PU,90163,,inec-lga-563,,state-assembly-sc-724-og,inec-ward-6452
POLLING_UNIT,inec-pu-90164,ng-state-ogun,OPEN SPACE NEAR KUTO BUS-STOP I,INEC_CVR_PU,90164,,inec-lga-563,,state-assembly-sc-724-og,inec-ward-6452
POLLING_UNIT,inec-pu-90165,ng-state-ogun,OPEN SPACE NEAR KUTO BUS-STOP II,INEC_CVR_PU,90165,,inec-lga-563,,state-assembly-sc-724-og,inec-ward-6452
POLLING_UNIT,inec-pu-90166,ng-state-ogun,ST. JOHN'S PRY. SCHOOL I,INEC_CVR_PU,90166,,inec-lga-563,,state-assembly-sc-724-og,inec-ward-6452
POLLING_UNIT,inec-pu-90167,ng-state-ogun,OPEN SPACE ISALE OJA I,INEC_CVR_PU,90167,,inec-lga-563,,state-assembly-sc-724-og,inec-ward-6452
POLLING_UNIT,inec-pu-90168,ng-state-ogun,OPEN SPACE ISALE OJA II,INEC_CVR_PU,90168,,inec-lga-563,,state-assembly-sc-724-og,inec-ward-6452
POLLING_UNIT,inec-pu-90169,ng-state-ogun,OPEN SPACE INFRONT OF OKE-ERI CHURCH,INEC_CVR_PU,90169,,inec-lga-563,,state-assembly-sc-724-og,inec-ward-6452
POLLING_UNIT,inec-pu-660265,ng-state-ogun,OPEN SPACE BESIDE FAN MILK KUTO,INEC_CVR_PU,660265,,inec-lga-563,,state-assembly-sc-724-og,inec-ward-6452
POLLING_UNIT,inec-pu-660266,ng-state-ogun,OPEN SPACE AT OWODE GARAGE IGBEIN,INEC_CVR_PU,660266,,inec-lga-563,,state-assembly-sc-724-og,inec-ward-6452
POLLING_UNIT,inec-pu-660267,ng-state-ogun,OPPOSITE POLICE POST ISALE OJA KUTO,INEC_CVR_PU,660267,,inec-lga-563,,state-assembly-sc-724-og,inec-ward-6452
POLLING_UNIT,inec-pu-660268,ng-state-ogun,OPEN SPACE AT OLD NATIONAL BANK IMO,INEC_CVR_PU,660268,,inec-lga-563,,state-assembly-sc-724-og,inec-ward-6452
POLLING_UNIT,inec-pu-660269,ng-state-ogun,OPEN SPACE AT OJUOLAPE STREET AMOLASO JUNCTION KUTO,INEC_CVR_PU,660269,,inec-lga-563,,state-assembly-sc-724-og,inec-ward-6452
POLLING_UNIT,inec-pu-660270,ng-state-ogun,OPEN SPACE BEHIND MAGISTRATE COURT,INEC_CVR_PU,660270,,inec-lga-563,,state-assembly-sc-724-og,inec-ward-6452
POLLING_UNIT,inec-pu-660271,ng-state-ogun,OPEN SPACE BEHIND ST JOHN SCH. SURULERE ISALE OJA KUTO,INEC_CVR_PU,660271,,inec-lga-563,,state-assembly-sc-724-og,inec-ward-6452
POLLING_UNIT,inec-pu-660272,ng-state-ogun,"OPEN SPACE AT KUDORO JUNCTION, LAFARU",INEC_CVR_PU,660272,,inec-lga-563,,state-assembly-sc-724-og,inec-ward-6452
POLLING_UNIT,inec-pu-660273,ng-state-ogun,"OPEN SPACE AT CHURCH STREET BEHIND LANDS , AMOLASO",INEC_CVR_PU,660273,,inec-lga-563,,state-assembly-sc-724-og,inec-ward-6452
POLLING_UNIT,inec-pu-660274,ng-state-ogun,OPEN SPACE ODOFIN COMPUND ISABO,INEC_CVR_PU,660274,,inec-lga-563,,state-assembly-sc-724-og,inec-ward-6452
POLLING_UNIT,inec-pu-660275,ng-state-ogun,OPEN SPACE BESIDE MINARET SCHOOL FAITO CLOSE AMOLASO,INEC_CVR_PU,660275,,inec-lga-563,,state-assembly-sc-724-og,inec-ward-6452
POLLING_UNIT,inec-pu-660276,ng-state-ogun,OPEN SPACE BESIDE MRS FILLING STATION ISALE IGBEIN,INEC_CVR_PU,660276,,inec-lga-563,,state-assembly-sc-724-og,inec-ward-6452
POLLING_UNIT,inec-pu-660277,ng-state-ogun,INFRONT OF MATERNITY CENTER AJEGUNLE STREET KUTO,INEC_CVR_PU,660277,,inec-lga-563,,state-assembly-sc-724-og,inec-ward-6452
POLLING_UNIT,inec-pu-660278,ng-state-ogun,"OPPOSITE MARIA GUEST HOUSE, AMOLASO",INEC_CVR_PU,660278,,inec-lga-563,,state-assembly-sc-724-og,inec-ward-6452
POLLING_UNIT,inec-pu-660279,ng-state-ogun,INFRONT OF ALH ALADIYE'S MOSQUE ARAROMI ISABO,INEC_CVR_PU,660279,,inec-lga-563,,state-assembly-sc-724-og,inec-ward-6452
POLLING_UNIT,inec-pu-660280,ng-state-ogun,"OPEN SPACE , OKE SARI'S GATE PRESIDENTIAL HILL TOP",INEC_CVR_PU,660280,,inec-lga-563,,state-assembly-sc-724-og,inec-ward-6452
POLLING_UNIT,inec-pu-660281,ng-state-ogun,INFRONT OF OPEN UNIVERSITY NNPC,INEC_CVR_PU,660281,,inec-lga-563,,state-assembly-sc-724-og,inec-ward-6452
WARD,inec-ward-6453,ng-state-ogun,IGBORE/AGO OBA,INEC_CVR_WARD,6453,,inec-lga-563,,state-assembly-sc-724-og,
POLLING_UNIT,inec-pu-90170,ng-state-ogun,ST. PAULS SCHOOL IGBORE,INEC_CVR_PU,90170,,inec-lga-563,,state-assembly-sc-724-og,inec-ward-6453
POLLING_UNIT,inec-pu-90171,ng-state-ogun,IGBORE TOWN HALL I,INEC_CVR_PU,90171,,inec-lga-563,,state-assembly-sc-724-og,inec-ward-6453
POLLING_UNIT,inec-pu-90172,ng-state-ogun,IGBORE TOWN HALL II,INEC_CVR_PU,90172,,inec-lga-563,,state-assembly-sc-724-og,inec-ward-6453
POLLING_UNIT,inec-pu-90173,ng-state-ogun,OPEN SPACE NEAR LALOKO COMPOUND I,INEC_CVR_PU,90173,,inec-lga-563,,state-assembly-sc-724-og,inec-ward-6453
POLLING_UNIT,inec-pu-90174,ng-state-ogun,OPEN SPACE NEAR LALOKO COMPOUND II,INEC_CVR_PU,90174,,inec-lga-563,,state-assembly-sc-724-og,inec-ward-6453
POLLING_UNIT,inec-pu-90175,ng-state-ogun,OPEN SPACE NEAR CHRIST AFRICAN CHURCH I,INEC_CVR_PU,90175,,inec-lga-563,,state-assembly-sc-724-og,inec-ward-6453
POLLING_UNIT,inec-pu-90176,ng-state-ogun,OPEN SPACE NEAR CHRIST AFRICAN CHURCH II,INEC_CVR_PU,90176,,inec-lga-563,,state-assembly-sc-724-og,inec-ward-6453
POLLING_UNIT,inec-pu-90177,ng-state-ogun,OPEN SPACE NEAR NTABO MOSQUE I,INEC_CVR_PU,90177,,inec-lga-563,,state-assembly-sc-724-og,inec-ward-6453
POLLING_UNIT,inec-pu-90178,ng-state-ogun,OPEN SPACE NEAR NTABO MOSQUE II,INEC_CVR_PU,90178,,inec-lga-563,,state-assembly-sc-724-og,inec-ward-6453
POLLING_UNIT,inec-pu-90179,ng-state-ogun,"TEMIDIRE MATERNITY HOSPITAL, ITORI",INEC_CVR_PU,90179,,inec-lga-563,,state-assembly-sc-724-og,inec-ward-6453
POLLING_UNIT,inec-pu-90180,ng-state-ogun,"OPEN SPACE NEAR OLUWO'S COMPOUND I, AGO-OBA",INEC_CVR_PU,90180,,inec-lga-563,,state-assembly-sc-724-og,inec-ward-6453
POLLING_UNIT,inec-pu-90181,ng-state-ogun,OPEN SPACE NEAR APOSTOLIC FAITH CHURCH,INEC_CVR_PU,90181,,inec-lga-563,,state-assembly-sc-724-og,inec-ward-6453
POLLING_UNIT,inec-pu-90182,ng-state-ogun,"OPEN SPACE NEAR OGBONI'S, ITORI-OKE",INEC_CVR_PU,90182,,inec-lga-563,,state-assembly-sc-724-og,inec-ward-6453
POLLING_UNIT,inec-pu-90183,ng-state-ogun,OPEN SPACE NEAR 'IGBORE JUNCTION I,INEC_CVR_PU,90183,,inec-lga-563,,state-assembly-sc-724-og,inec-ward-6453
POLLING_UNIT,inec-pu-90184,ng-state-ogun,OPEN SPACE NEAR 'IGBORE JUNCTION II,INEC_CVR_PU,90184,,inec-lga-563,,state-assembly-sc-724-og,inec-ward-6453
POLLING_UNIT,inec-pu-90185,ng-state-ogun,OPEN SPACE NEAR ODO-OYO MOSQUE I,INEC_CVR_PU,90185,,inec-lga-563,,state-assembly-sc-724-og,inec-ward-6453
POLLING_UNIT,inec-pu-90186,ng-state-ogun,OPEN SPACE NEAR ODO-OYO MOSQUE II,INEC_CVR_PU,90186,,inec-lga-563,,state-assembly-sc-724-og,inec-ward-6453
POLLING_UNIT,inec-pu-90187,ng-state-ogun,A.L.G. PRY. SCHOOL AGO-OBA,INEC_CVR_PU,90187,,inec-lga-563,,state-assembly-sc-724-og,inec-ward-6453
POLLING_UNIT,inec-pu-90188,ng-state-ogun,METH PRY. SCHOOL OGBE I,INEC_CVR_PU,90188,,inec-lga-563,,state-assembly-sc-724-og,inec-ward-6453
POLLING_UNIT,inec-pu-90189,ng-state-ogun,METH PRY. SCHOOL OGBE II,INEC_CVR_PU,90189,,inec-lga-563,,state-assembly-sc-724-og,inec-ward-6453
POLLING_UNIT,inec-pu-90190,ng-state-ogun,OPEN SPACE NEAR ITORI ODO MOSQUE,INEC_CVR_PU,90190,,inec-lga-563,,state-assembly-sc-724-og,inec-ward-6453
POLLING_UNIT,inec-pu-90191,ng-state-ogun,OPEN SPACE INFRONT OF CHIEF AKINREMI'S HOUSE (ITORI-ODO),INEC_CVR_PU,90191,,inec-lga-563,,state-assembly-sc-724-og,inec-ward-6453
POLLING_UNIT,inec-pu-90192,ng-state-ogun,OPEN SPACE NEAR AGO-OBA CENTRAL MOSQUE,INEC_CVR_PU,90192,,inec-lga-563,,state-assembly-sc-724-og,inec-ward-6453
POLLING_UNIT,inec-pu-660236,ng-state-ogun,OPEN SPACE IKANNA COMMUNITY,INEC_CVR_PU,660236,,inec-lga-563,,state-assembly-sc-724-og,inec-ward-6453
POLLING_UNIT,inec-pu-660237,ng-state-ogun,"OPEN SPACE NEAR AKINYELE STREET(TEMIDIRE MATERNITY), ITORI",INEC_CVR_PU,660237,,inec-lga-563,,state-assembly-sc-724-og,inec-ward-6453
POLLING_UNIT,inec-pu-660238,ng-state-ogun,OPEN SPACE MILIKI STR AGO OBA,INEC_CVR_PU,660238,,inec-lga-563,,state-assembly-sc-724-og,inec-ward-6453
POLLING_UNIT,inec-pu-660239,ng-state-ogun,OPEN SPACE OLUWO OSOBA COMPOUND AGO OBA,INEC_CVR_PU,660239,,inec-lga-563,,state-assembly-sc-724-og,inec-ward-6453
WARD,inec-ward-6454,ng-state-ogun,IBARA I,INEC_CVR_WARD,6454,,inec-lga-563,,state-assembly-sc-724-og,
POLLING_UNIT,inec-pu-90193,ng-state-ogun,OPEN SPACE NEAR MERCY HOSPITAL,INEC_CVR_PU,90193,,inec-lga-563,,state-assembly-sc-724-og,inec-ward-6454
POLLING_UNIT,inec-pu-90194,ng-state-ogun,O.L.L. PRIMARY SCHOOL ONIKOKO,INEC_CVR_PU,90194,,inec-lga-563,,state-assembly-sc-724-og,inec-ward-6454
POLLING_UNIT,inec-pu-90195,ng-state-ogun,OPEN SPACE 'SARAKI ILUPEJU ADIGBE I,INEC_CVR_PU,90195,,inec-lga-563,,state-assembly-sc-724-og,inec-ward-6454
POLLING_UNIT,inec-pu-90196,ng-state-ogun,OPEN SPACE SARAKI ILUPEJU ADIGBE II,INEC_CVR_PU,90196,,inec-lga-563,,state-assembly-sc-724-og,inec-ward-6454
POLLING_UNIT,inec-pu-90197,ng-state-ogun,OPEN SPACE NEAR SAFARI JUNCTION,INEC_CVR_PU,90197,,inec-lga-563,,state-assembly-sc-724-og,inec-ward-6454
POLLING_UNIT,inec-pu-90198,ng-state-ogun,HOUSING ESTATE PRY. SCH. ONIKOLOBO I,INEC_CVR_PU,90198,,inec-lga-563,,state-assembly-sc-724-og,inec-ward-6454
POLLING_UNIT,inec-pu-90199,ng-state-ogun,HOUSING ESTATE PRY. SCH. ONIKOLOBO II,INEC_CVR_PU,90199,,inec-lga-563,,state-assembly-sc-724-og,inec-ward-6454
POLLING_UNIT,inec-pu-90200,ng-state-ogun,OPEN SPACE NEAR BAYEWUNMI HOUSE I,INEC_CVR_PU,90200,,inec-lga-563,,state-assembly-sc-724-og,inec-ward-6454
POLLING_UNIT,inec-pu-90201,ng-state-ogun,ST. PAULS DEMONSTRATION SCHOOL SODUBI I,INEC_CVR_PU,90201,,inec-lga-563,,state-assembly-sc-724-og,inec-ward-6454
POLLING_UNIT,inec-pu-90202,ng-state-ogun,ST. PAULS DEMONSTRATION SCHOOL SODUBI II,INEC_CVR_PU,90202,,inec-lga-563,,state-assembly-sc-724-og,inec-ward-6454
POLLING_UNIT,inec-pu-90203,ng-state-ogun,IJEMO TITUN HIGH SCHOOL,INEC_CVR_PU,90203,,inec-lga-563,,state-assembly-sc-724-og,inec-ward-6454
POLLING_UNIT,inec-pu-90204,ng-state-ogun,OPEN SPACE AT OLOKEMEJI I,INEC_CVR_PU,90204,,inec-lga-563,,state-assembly-sc-724-og,inec-ward-6454
POLLING_UNIT,inec-pu-90205,ng-state-ogun,ANGLICAN HIGH SCHOOL IBARA I,INEC_CVR_PU,90205,,inec-lga-563,,state-assembly-sc-724-og,inec-ward-6454
POLLING_UNIT,inec-pu-90206,ng-state-ogun,ANGLICAN HIGH SCHOOL IBARA II,INEC_CVR_PU,90206,,inec-lga-563,,state-assembly-sc-724-og,inec-ward-6454
POLLING_UNIT,inec-pu-90207,ng-state-ogun,OPEN SPACE NEAR CHIEF OMOLOLU'S HOUSE,INEC_CVR_PU,90207,,inec-lga-563,,state-assembly-sc-724-og,inec-ward-6454
POLLING_UNIT,inec-pu-90208,ng-state-ogun,OPEN SPACE NEAR SARAKI BUS-STOP ADIGBE,INEC_CVR_PU,90208,,inec-lga-563,,state-assembly-sc-724-og,inec-ward-6454
POLLING_UNIT,inec-pu-90209,ng-state-ogun,OPEN SPACE NEAR MERCY HOSPITAL (90209),INEC_CVR_PU,90209,,inec-lga-563,,state-assembly-sc-724-og,inec-ward-6454
POLLING_UNIT,inec-pu-660201,ng-state-ogun,OPEN SPACE NEAR BAALE'S HOUSE OLOKEMEJI,INEC_CVR_PU,660201,,inec-lga-563,,state-assembly-sc-724-og,inec-ward-6454
POLLING_UNIT,inec-pu-660202,ng-state-ogun,OPEN SPACE OPP. OF KAT STAR GUEST IYANA OLOKE,INEC_CVR_PU,660202,,inec-lga-563,,state-assembly-sc-724-og,inec-ward-6454
POLLING_UNIT,inec-pu-660203,ng-state-ogun,OPEN SPACE ADJCENT WAEC OFFICE ONIKOLOBO,INEC_CVR_PU,660203,,inec-lga-563,,state-assembly-sc-724-og,inec-ward-6454
POLLING_UNIT,inec-pu-660204,ng-state-ogun,"OPEN SPACE, ENIOLA JUNCTION, MERCY HOSP. ROAD",INEC_CVR_PU,660204,,inec-lga-563,,state-assembly-sc-724-og,inec-ward-6454
POLLING_UNIT,inec-pu-660205,ng-state-ogun,T. JUNCTION LEMOMU AYENI CLOSE OLUWO,INEC_CVR_PU,660205,,inec-lga-563,,state-assembly-sc-724-og,inec-ward-6454
POLLING_UNIT,inec-pu-660206,ng-state-ogun,PARAMOUNT VILLA JUNCTION IREPODUN C.D.A OLUWO,INEC_CVR_PU,660206,,inec-lga-563,,state-assembly-sc-724-og,inec-ward-6454
POLLING_UNIT,inec-pu-660207,ng-state-ogun,T-JUNCTION BESIDE TRANSFORMER ATOBATELE ONIKOKO,INEC_CVR_PU,660207,,inec-lga-563,,state-assembly-sc-724-og,inec-ward-6454
POLLING_UNIT,inec-pu-660208,ng-state-ogun,ODEMO JUNCTION NEAR C.A.C CHURCH SARAKI,INEC_CVR_PU,660208,,inec-lga-563,,state-assembly-sc-724-og,inec-ward-6454
POLLING_UNIT,inec-pu-660209,ng-state-ogun,OPEN SPACE OMOWE PHASE II SARAKI,INEC_CVR_PU,660209,,inec-lga-563,,state-assembly-sc-724-og,inec-ward-6454
POLLING_UNIT,inec-pu-660210,ng-state-ogun,OPEN SPACE NEAR CELE IRAPADA SURULERE SARAKI,INEC_CVR_PU,660210,,inec-lga-563,,state-assembly-sc-724-og,inec-ward-6454
POLLING_UNIT,inec-pu-660211,ng-state-ogun,"OPEN SPACE BEIND CHRIST LEGACY SCHOOL, ALAWAYE SARAKI",INEC_CVR_PU,660211,,inec-lga-563,,state-assembly-sc-724-og,inec-ward-6454
POLLING_UNIT,inec-pu-660212,ng-state-ogun,TOTAL CHILD ONIKOLOBO,INEC_CVR_PU,660212,,inec-lga-563,,state-assembly-sc-724-og,inec-ward-6454
POLLING_UNIT,inec-pu-660213,ng-state-ogun,"OPEN SPACE AT FAN MILK PANSEKE, ONIKOKO",INEC_CVR_PU,660213,,inec-lga-563,,state-assembly-sc-724-og,inec-ward-6454
POLLING_UNIT,inec-pu-660214,ng-state-ogun,"OPEN SPACE, FIRST GATE LIPEDE ESTATE, ONIKOKO",INEC_CVR_PU,660214,,inec-lga-563,,state-assembly-sc-724-og,inec-ward-6454
POLLING_UNIT,inec-pu-660215,ng-state-ogun,"OPEN SPACE BEHIND NEW SPRING ROSE SCHOOL, QUARRY",INEC_CVR_PU,660215,,inec-lga-563,,state-assembly-sc-724-og,inec-ward-6454
POLLING_UNIT,inec-pu-660216,ng-state-ogun,"OPEN SPACE, OLD SAVANNAH BANK QUARRY",INEC_CVR_PU,660216,,inec-lga-563,,state-assembly-sc-724-og,inec-ward-6454
POLLING_UNIT,inec-pu-660217,ng-state-ogun,"OPP. ABDUL-AZEEZ MOSQUE KUFORIJI JUNCTION, ADIGBE",INEC_CVR_PU,660217,,inec-lga-563,,state-assembly-sc-724-og,inec-ward-6454
POLLING_UNIT,inec-pu-660218,ng-state-ogun,IYANA VULCANIZER NEAR AJEGUNLE CENTRAL MOSQUE ADIGBE,INEC_CVR_PU,660218,,inec-lga-563,,state-assembly-sc-724-og,inec-ward-6454
POLLING_UNIT,inec-pu-660219,ng-state-ogun,ARAROMI JUNCTION BESIDE NAVY SCH.,INEC_CVR_PU,660219,,inec-lga-563,,state-assembly-sc-724-og,inec-ward-6454
POLLING_UNIT,inec-pu-660220,ng-state-ogun,OPEN SPACE IFAMODUPE STREET SARAKI,INEC_CVR_PU,660220,,inec-lga-563,,state-assembly-sc-724-og,inec-ward-6454
POLLING_UNIT,inec-pu-660221,ng-state-ogun,OPEN SPACE NEAR BABA ASIKO STREET SARAKI,INEC_CVR_PU,660221,,inec-lga-563,,state-assembly-sc-724-og,inec-ward-6454
POLLING_UNIT,inec-pu-660222,ng-state-ogun,OPEN SPACE GREEN LAND'S ACADEMY SCHOOL,INEC_CVR_PU,660222,,inec-lga-563,,state-assembly-sc-724-og,inec-ward-6454
WARD,inec-ward-6455,ng-state-ogun,IBARA II,INEC_CVR_WARD,6455,,inec-lga-563,,state-assembly-sc-724-og,
POLLING_UNIT,inec-pu-90210,ng-state-ogun,NEAR IDI ISIN IBARA I,INEC_CVR_PU,90210,,inec-lga-563,,state-assembly-sc-724-og,inec-ward-6455
POLLING_UNIT,inec-pu-90211,ng-state-ogun,NEAR IDI ISIN IBARA II,INEC_CVR_PU,90211,,inec-lga-563,,state-assembly-sc-724-og,inec-ward-6455
POLLING_UNIT,inec-pu-90212,ng-state-ogun,OPEN SPACE NEAR OKE IPA IJEJA,INEC_CVR_PU,90212,,inec-lga-563,,state-assembly-sc-724-og,inec-ward-6455
POLLING_UNIT,inec-pu-90213,ng-state-ogun,OLD IJEJA HIGH SCHOOL,INEC_CVR_PU,90213,,inec-lga-563,,state-assembly-sc-724-og,inec-ward-6455
POLLING_UNIT,inec-pu-90214,ng-state-ogun,ST. ANDREW PRY SCHOOL IBARA,INEC_CVR_PU,90214,,inec-lga-563,,state-assembly-sc-724-og,inec-ward-6455
POLLING_UNIT,inec-pu-90215,ng-state-ogun,OPEN SPACE NEAR BUS-STOP ITA EKO,INEC_CVR_PU,90215,,inec-lga-563,,state-assembly-sc-724-og,inec-ward-6455
POLLING_UNIT,inec-pu-90216,ng-state-ogun,OPEN SPACE AT OGUNDIMU SURULERE AT ITA-EKO,INEC_CVR_PU,90216,,inec-lga-563,,state-assembly-sc-724-og,inec-ward-6455
POLLING_UNIT,inec-pu-90217,ng-state-ogun,ST. ANNES PRY SCH. OKE-ILEWO,INEC_CVR_PU,90217,,inec-lga-563,,state-assembly-sc-724-og,inec-ward-6455
POLLING_UNIT,inec-pu-90218,ng-state-ogun,OPP. OLD OGUN STATE LIBRARY,INEC_CVR_PU,90218,,inec-lga-563,,state-assembly-sc-724-og,inec-ward-6455
POLLING_UNIT,inec-pu-90219,ng-state-ogun,NEAR MATERNITY CENTRE OKE-ILEWO,INEC_CVR_PU,90219,,inec-lga-563,,state-assembly-sc-724-og,inec-ward-6455
POLLING_UNIT,inec-pu-90220,ng-state-ogun,G.R.A. SPORTS FIELD I,INEC_CVR_PU,90220,,inec-lga-563,,state-assembly-sc-724-og,inec-ward-6455
POLLING_UNIT,inec-pu-90221,ng-state-ogun,G.R.A. SPORTS FIELD II,INEC_CVR_PU,90221,,inec-lga-563,,state-assembly-sc-724-og,inec-ward-6455
POLLING_UNIT,inec-pu-90222,ng-state-ogun,OPEN SPACE NEAR BUS-STOP AT OMIDA I,INEC_CVR_PU,90222,,inec-lga-563,,state-assembly-sc-724-og,inec-ward-6455
POLLING_UNIT,inec-pu-90223,ng-state-ogun,OPEN SPACE NEAR BUS-STOP AT OMIDA II,INEC_CVR_PU,90223,,inec-lga-563,,state-assembly-sc-724-og,inec-ward-6455
POLLING_UNIT,inec-pu-90224,ng-state-ogun,"OPEN SPACE NEAR FIDELITY BANK, IBARA",INEC_CVR_PU,90224,,inec-lga-563,,state-assembly-sc-724-og,inec-ward-6455
POLLING_UNIT,inec-pu-90225,ng-state-ogun,OPEN SPACE AT OLURO COMPOUND,INEC_CVR_PU,90225,,inec-lga-563,,state-assembly-sc-724-og,inec-ward-6455
POLLING_UNIT,inec-pu-90226,ng-state-ogun,"OPEN SPACE IN FRONT OF OGBC, IBARA HOUSING",INEC_CVR_PU,90226,,inec-lga-563,,state-assembly-sc-724-og,inec-ward-6455
POLLING_UNIT,inec-pu-90227,ng-state-ogun,"OPEN SPACE OPP. OLOKE VILLAGE , IBARA HOUSING ESTATE",INEC_CVR_PU,90227,,inec-lga-563,,state-assembly-sc-724-og,inec-ward-6455
POLLING_UNIT,inec-pu-660223,ng-state-ogun,OKE JOGA HALL BEHIND AIRTEL OFFICE OKE-ILEWO,INEC_CVR_PU,660223,,inec-lga-563,,state-assembly-sc-724-og,inec-ward-6455
POLLING_UNIT,inec-pu-660224,ng-state-ogun,"OPEN SPACE BESIDE JUSTRITE, IJEJA",INEC_CVR_PU,660224,,inec-lga-563,,state-assembly-sc-724-og,inec-ward-6455
POLLING_UNIT,inec-pu-660225,ng-state-ogun,"OPEN SPACE P&P BAKERY, ITA-EKO",INEC_CVR_PU,660225,,inec-lga-563,,state-assembly-sc-724-og,inec-ward-6455
POLLING_UNIT,inec-pu-660226,ng-state-ogun,OPEN SPACE OPP. OLUWO SQUARE ITA-EKO,INEC_CVR_PU,660226,,inec-lga-563,,state-assembly-sc-724-og,inec-ward-6455
POLLING_UNIT,inec-pu-660227,ng-state-ogun,OPEN SPACE NEAR OGBONI'S HOUSE OKE MASHO OMIDA,INEC_CVR_PU,660227,,inec-lga-563,,state-assembly-sc-724-og,inec-ward-6455
POLLING_UNIT,inec-pu-660228,ng-state-ogun,"OPEN SPACE BESIDE BOREHOLE ITA-OGBONI, IJEJA",INEC_CVR_PU,660228,,inec-lga-563,,state-assembly-sc-724-og,inec-ward-6455
POLLING_UNIT,inec-pu-660229,ng-state-ogun,OPEN SPACE BEHIND POLARIS BANK OKE-ILEWO,INEC_CVR_PU,660229,,inec-lga-563,,state-assembly-sc-724-og,inec-ward-6455
POLLING_UNIT,inec-pu-660230,ng-state-ogun,OPEN SPACE OPP. MAO FILLING STATION IJEJA,INEC_CVR_PU,660230,,inec-lga-563,,state-assembly-sc-724-og,inec-ward-6455
POLLING_UNIT,inec-pu-660231,ng-state-ogun,"OKE-OLA MOSQUE BESIDE BRIDGE, IDI ISHIN",INEC_CVR_PU,660231,,inec-lga-563,,state-assembly-sc-724-og,inec-ward-6455
POLLING_UNIT,inec-pu-660232,ng-state-ogun,OPEN SPACE AT OKE MASHO OKE-ILEWO,INEC_CVR_PU,660232,,inec-lga-563,,state-assembly-sc-724-og,inec-ward-6455
POLLING_UNIT,inec-pu-660233,ng-state-ogun,"OPEN SPACE BEHIND CONTINENTAL SUITE, OKE-ILEWO",INEC_CVR_PU,660233,,inec-lga-563,,state-assembly-sc-724-og,inec-ward-6455
POLLING_UNIT,inec-pu-660234,ng-state-ogun,OPEN SPACE ABOBAJIO STREET ITA-EKO,INEC_CVR_PU,660234,,inec-lga-563,,state-assembly-sc-724-og,inec-ward-6455
POLLING_UNIT,inec-pu-660235,ng-state-ogun,"OPEN SPACE BEHIND TRANSFORMER,SURULERE ITA EKO",INEC_CVR_PU,660235,,inec-lga-563,,state-assembly-sc-724-og,inec-ward-6455
WARD,inec-ward-6456,ng-state-ogun,OTA I,INEC_CVR_WARD,6456,,inec-lga-564,,state-assembly-sc-747-og,
POLLING_UNIT,inec-pu-90228,ng-state-ogun,C.M.S IPATE I,INEC_CVR_PU,90228,,inec-lga-564,,state-assembly-sc-747-og,inec-ward-6456
POLLING_UNIT,inec-pu-90229,ng-state-ogun,C.M.S IPATE II,INEC_CVR_PU,90229,,inec-lga-564,,state-assembly-sc-747-og,inec-ward-6456
POLLING_UNIT,inec-pu-90230,ng-state-ogun,IYEDI - TITUN,INEC_CVR_PU,90230,,inec-lga-564,,state-assembly-sc-747-og,inec-ward-6456
POLLING_UNIT,inec-pu-90231,ng-state-ogun,ITA ODO-OSI MOSQUE,INEC_CVR_PU,90231,,inec-lga-564,,state-assembly-sc-747-og,inec-ward-6456
POLLING_UNIT,inec-pu-90232,ng-state-ogun,MABODU SQUARE,INEC_CVR_PU,90232,,inec-lga-564,,state-assembly-sc-747-og,inec-ward-6456
POLLING_UNIT,inec-pu-90233,ng-state-ogun,FRONT OF OMOAYO,INEC_CVR_PU,90233,,inec-lga-564,,state-assembly-sc-747-og,inec-ward-6456
POLLING_UNIT,inec-pu-90234,ng-state-ogun,OLOTA'S PALACE I,INEC_CVR_PU,90234,,inec-lga-564,,state-assembly-sc-747-og,inec-ward-6456
POLLING_UNIT,inec-pu-90235,ng-state-ogun,OLOTA'S PALACE II,INEC_CVR_PU,90235,,inec-lga-564,,state-assembly-sc-747-og,inec-ward-6456
POLLING_UNIT,inec-pu-90236,ng-state-ogun,TIGBO SQUARE,INEC_CVR_PU,90236,,inec-lga-564,,state-assembly-sc-747-og,inec-ward-6456
POLLING_UNIT,inec-pu-90237,ng-state-ogun,NEAR AHMADIYA MOSQUE,INEC_CVR_PU,90237,,inec-lga-564,,state-assembly-sc-747-og,inec-ward-6456
POLLING_UNIT,inec-pu-90238,ng-state-ogun,OKEDE SQUARE,INEC_CVR_PU,90238,,inec-lga-564,,state-assembly-sc-747-og,inec-ward-6456
POLLING_UNIT,inec-pu-90239,ng-state-ogun,DOSUNMU'S HOUSE,INEC_CVR_PU,90239,,inec-lga-564,,state-assembly-sc-747-og,inec-ward-6456
POLLING_UNIT,inec-pu-90240,ng-state-ogun,ITA OTUN IJAGBA,INEC_CVR_PU,90240,,inec-lga-564,,state-assembly-sc-747-og,inec-ward-6456
POLLING_UNIT,inec-pu-90241,ng-state-ogun,ABEBI,INEC_CVR_PU,90241,,inec-lga-564,,state-assembly-sc-747-og,inec-ward-6456
POLLING_UNIT,inec-pu-90242,ng-state-ogun,MAPA QUARTERS,INEC_CVR_PU,90242,,inec-lga-564,,state-assembly-sc-747-og,inec-ward-6456
POLLING_UNIT,inec-pu-90243,ng-state-ogun,FRONT OF OJO'S HOUSE,INEC_CVR_PU,90243,,inec-lga-564,,state-assembly-sc-747-og,inec-ward-6456
POLLING_UNIT,inec-pu-90244,ng-state-ogun,FRONT OF LAWAL'S HOUSE,INEC_CVR_PU,90244,,inec-lga-564,,state-assembly-sc-747-og,inec-ward-6456
POLLING_UNIT,inec-pu-90245,ng-state-ogun,FRONT OF LOCAL GOVERNMENT QTRS,INEC_CVR_PU,90245,,inec-lga-564,,state-assembly-sc-747-og,inec-ward-6456
POLLING_UNIT,inec-pu-660525,ng-state-ogun,"OPEN SPACE AT WAO JUNCTION, OLOSUN",INEC_CVR_PU,660525,,inec-lga-564,,state-assembly-sc-747-og,inec-ward-6456
POLLING_UNIT,inec-pu-660526,ng-state-ogun,"OPEN SPACE AT OLORUNSOGO, OLOSUN",INEC_CVR_PU,660526,,inec-lga-564,,state-assembly-sc-747-og,inec-ward-6456
POLLING_UNIT,inec-pu-660527,ng-state-ogun,"ILUPEJU OLOSUN TOWN HALL IDOTA, OTA",INEC_CVR_PU,660527,,inec-lga-564,,state-assembly-sc-747-og,inec-ward-6456
POLLING_UNIT,inec-pu-660528,ng-state-ogun,"BESIDE TRANSFORMER, AYETUNTUN IDOTA TUNTUN, OTA",INEC_CVR_PU,660528,,inec-lga-564,,state-assembly-sc-747-og,inec-ward-6456
POLLING_UNIT,inec-pu-660529,ng-state-ogun,"OPEN SPACE AT IDI AGBALUMO JUNCTION , ITELE ROAD, OTA",INEC_CVR_PU,660529,,inec-lga-564,,state-assembly-sc-747-og,inec-ward-6456
POLLING_UNIT,inec-pu-660530,ng-state-ogun,"BESIDE TRANSFORMER AKEJA ROAD, OLADITAN STREET",INEC_CVR_PU,660530,,inec-lga-564,,state-assembly-sc-747-og,inec-ward-6456
POLLING_UNIT,inec-pu-660531,ng-state-ogun,OPEN SPACE AT IBI ORI DANISI JUNCTION IYEDI TUNTUN,INEC_CVR_PU,660531,,inec-lga-564,,state-assembly-sc-747-og,inec-ward-6456
POLLING_UNIT,inec-pu-660532,ng-state-ogun,BESIDE TRANSFORMER AT FADUNSI TINUOLA STREET IYANRU,INEC_CVR_PU,660532,,inec-lga-564,,state-assembly-sc-747-og,inec-ward-6456
POLLING_UNIT,inec-pu-660533,ng-state-ogun,BESIDE TRANSFORMER AT HARMONY ESTATE ILUPEWO,INEC_CVR_PU,660533,,inec-lga-564,,state-assembly-sc-747-og,inec-ward-6456
POLLING_UNIT,inec-pu-660534,ng-state-ogun,"OPEN SPACE OPPOSITE CEMETARY, AKOGUN BUS STOP. ITELE ROAD",INEC_CVR_PU,660534,,inec-lga-564,,state-assembly-sc-747-og,inec-ward-6456
POLLING_UNIT,inec-pu-660535,ng-state-ogun,OPEN SPACE AT GOLDEN ESTATE JUNCTION IJAGBA,INEC_CVR_PU,660535,,inec-lga-564,,state-assembly-sc-747-og,inec-ward-6456
POLLING_UNIT,inec-pu-660536,ng-state-ogun,OPEN SPACE AT BAALE BUS-STOP IJAGBA,INEC_CVR_PU,660536,,inec-lga-564,,state-assembly-sc-747-og,inec-ward-6456
POLLING_UNIT,inec-pu-660537,ng-state-ogun,"OPEN SPACE AT OLD AGBADO RD, BY ILERIOLUWA JUNCTION ELEDI ATALA",INEC_CVR_PU,660537,,inec-lga-564,,state-assembly-sc-747-og,inec-ward-6456
POLLING_UNIT,inec-pu-660538,ng-state-ogun,OPEN SPACE BESIDE TRANSFORMER AT OYEWUMI STR. DOCTOR BUS STOP IDOTA,INEC_CVR_PU,660538,,inec-lga-564,,state-assembly-sc-747-og,inec-ward-6456
POLLING_UNIT,inec-pu-660539,ng-state-ogun,"OPEN SPACE BESIDE TRANSFORMER, NEAR CCC IREWOLEDE OLOSUN",INEC_CVR_PU,660539,,inec-lga-564,,state-assembly-sc-747-og,inec-ward-6456
POLLING_UNIT,inec-pu-660540,ng-state-ogun,"OPEN SPACE BESIDE TRANSFORMER AT UPRIGHT FOUNDATION STREET,OLOSUN",INEC_CVR_PU,660540,,inec-lga-564,,state-assembly-sc-747-og,inec-ward-6456
POLLING_UNIT,inec-pu-660541,ng-state-ogun,"HARMONY STREET, LOVE ESTATE,IDOTA TITUN, OTA",INEC_CVR_PU,660541,,inec-lga-564,,state-assembly-sc-747-og,inec-ward-6456
POLLING_UNIT,inec-pu-660542,ng-state-ogun,"OPEN SPACE AT IJAGBA ROUNDABOUT, IJAGBA",INEC_CVR_PU,660542,,inec-lga-564,,state-assembly-sc-747-og,inec-ward-6456
POLLING_UNIT,inec-pu-660543,ng-state-ogun,"OPEN SPACE BESIDE TRANSFORMER, KAFIDUPE JUNCTION,IJAGBA",INEC_CVR_PU,660543,,inec-lga-564,,state-assembly-sc-747-og,inec-ward-6456
POLLING_UNIT,inec-pu-660544,ng-state-ogun,"OPEN SPACE AT ETIKO ASANBE STREET, ARAROMI, ABEBI",INEC_CVR_PU,660544,,inec-lga-564,,state-assembly-sc-747-og,inec-ward-6456
POLLING_UNIT,inec-pu-660545,ng-state-ogun,"OPEN SPACE AT AJEGUNLE JUNCTION,HARIMA JUNCTION,IKOLA ROAD, OTA",INEC_CVR_PU,660545,,inec-lga-564,,state-assembly-sc-747-og,inec-ward-6456
POLLING_UNIT,inec-pu-660546,ng-state-ogun,"IN FRONT OF TRANSFORMER AT COLLEGE ROAD,ELEDI ATALA TOWN",INEC_CVR_PU,660546,,inec-lga-564,,state-assembly-sc-747-og,inec-ward-6456
POLLING_UNIT,inec-pu-660547,ng-state-ogun,"OPEN SPACE AT OLD OSUKE ROAD JUNCTION,ELEEDI ATALA",INEC_CVR_PU,660547,,inec-lga-564,,state-assembly-sc-747-og,inec-ward-6456
POLLING_UNIT,inec-pu-660548,ng-state-ogun,"OPEN SPACE AT MAYOWA STREET, SECOND AVENUE JUNCTION , ELEDI ATALA",INEC_CVR_PU,660548,,inec-lga-564,,state-assembly-sc-747-og,inec-ward-6456
POLLING_UNIT,inec-pu-660549,ng-state-ogun,"COMMUNITY HALL, IFELODUN ONIGBODO, ELEDI ATALA",INEC_CVR_PU,660549,,inec-lga-564,,state-assembly-sc-747-og,inec-ward-6456
POLLING_UNIT,inec-pu-660550,ng-state-ogun,"OPEN SPACE BESIDE TRANSFORMER, ANOINTED JUNCTION, ELEDI ATALA",INEC_CVR_PU,660550,,inec-lga-564,,state-assembly-sc-747-og,inec-ward-6456
POLLING_UNIT,inec-pu-660551,ng-state-ogun,"OPEN SPACE AT ONIGBIN BUS-STOP, ISELE",INEC_CVR_PU,660551,,inec-lga-564,,state-assembly-sc-747-og,inec-ward-6456
POLLING_UNIT,inec-pu-660552,ng-state-ogun,"OPEN SPACE BESIDE SECOND TRANSFORMER,IJAGBA",INEC_CVR_PU,660552,,inec-lga-564,,state-assembly-sc-747-og,inec-ward-6456
POLLING_UNIT,inec-pu-660553,ng-state-ogun,"OPEN SPACE BESIDE TRANSFORMER AT GOD'S TOWN AVENUE, ALUBARIKA JUNCTION, ELEDI ATALA",INEC_CVR_PU,660553,,inec-lga-564,,state-assembly-sc-747-og,inec-ward-6456
POLLING_UNIT,inec-pu-660554,ng-state-ogun,"OPEN SPACE BESIDE MARIA SUBULADE JUNCTION, SESAN DOSUNMU, ELEDI ATALA",INEC_CVR_PU,660554,,inec-lga-564,,state-assembly-sc-747-og,inec-ward-6456
POLLING_UNIT,inec-pu-660555,ng-state-ogun,"OPEN SPACE AT ALAFIA STREET, NEAR MORIKAZ SEBIL NAJAT , IDOTA",INEC_CVR_PU,660555,,inec-lga-564,,state-assembly-sc-747-og,inec-ward-6456
POLLING_UNIT,inec-pu-660556,ng-state-ogun,"OPEN SPACE AT THREE CROWN BUSSTOP, ITELE ROAD.",INEC_CVR_PU,660556,,inec-lga-564,,state-assembly-sc-747-og,inec-ward-6456
POLLING_UNIT,inec-pu-660557,ng-state-ogun,"OPENSPACE AT NEW IFESOWAPO STREET/ OWOLABI STREET JUNCTION, IDOTA TITUN",INEC_CVR_PU,660557,,inec-lga-564,,state-assembly-sc-747-og,inec-ward-6456
POLLING_UNIT,inec-pu-660558,ng-state-ogun,"OPEN SPACE AT ADUN AYE/KAYODE BABATUNDE STREET, IDOTA",INEC_CVR_PU,660558,,inec-lga-564,,state-assembly-sc-747-og,inec-ward-6456
WARD,inec-ward-6457,ng-state-ogun,OTA II,INEC_CVR_WARD,6457,,inec-lga-564,,state-assembly-sc-747-og,
POLLING_UNIT,inec-pu-90246,ng-state-ogun,ZION METH SCHOOL,INEC_CVR_PU,90246,,inec-lga-564,,state-assembly-sc-747-og,inec-ward-6457
POLLING_UNIT,inec-pu-90247,ng-state-ogun,NEAR DEEPER LIFE,INEC_CVR_PU,90247,,inec-lga-564,,state-assembly-sc-747-og,inec-ward-6457
POLLING_UNIT,inec-pu-90248,ng-state-ogun,EWUPE/ROAD IYANA ILOGBO,INEC_CVR_PU,90248,,inec-lga-564,,state-assembly-sc-747-og,inec-ward-6457
POLLING_UNIT,inec-pu-90249,ng-state-ogun,"IGANMODE GRAMMAR SCHOOL, OTA I",INEC_CVR_PU,90249,,inec-lga-564,,state-assembly-sc-747-og,inec-ward-6457
POLLING_UNIT,inec-pu-90250,ng-state-ogun,PAPA ARO,INEC_CVR_PU,90250,,inec-lga-564,,state-assembly-sc-747-og,inec-ward-6457
POLLING_UNIT,inec-pu-90251,ng-state-ogun,OBA T.T. DADA MARKET I,INEC_CVR_PU,90251,,inec-lga-564,,state-assembly-sc-747-og,inec-ward-6457
POLLING_UNIT,inec-pu-90252,ng-state-ogun,OBA T.T. DADA MARKET II,INEC_CVR_PU,90252,,inec-lga-564,,state-assembly-sc-747-og,inec-ward-6457
POLLING_UNIT,inec-pu-90253,ng-state-ogun,FRONT OF EGUNGUN HOUSE I,INEC_CVR_PU,90253,,inec-lga-564,,state-assembly-sc-747-og,inec-ward-6457
POLLING_UNIT,inec-pu-90254,ng-state-ogun,FRONT OF EGUNGUN HOUSE II,INEC_CVR_PU,90254,,inec-lga-564,,state-assembly-sc-747-og,inec-ward-6457
POLLING_UNIT,inec-pu-90255,ng-state-ogun,ESA NIGHT MARKET I,INEC_CVR_PU,90255,,inec-lga-564,,state-assembly-sc-747-og,inec-ward-6457
POLLING_UNIT,inec-pu-90256,ng-state-ogun,ESA NIGHT MARKET II,INEC_CVR_PU,90256,,inec-lga-564,,state-assembly-sc-747-og,inec-ward-6457
POLLING_UNIT,inec-pu-90257,ng-state-ogun,BOREHOLE,INEC_CVR_PU,90257,,inec-lga-564,,state-assembly-sc-747-og,inec-ward-6457
POLLING_UNIT,inec-pu-90258,ng-state-ogun,OPPOSITE U.B.A.,INEC_CVR_PU,90258,,inec-lga-564,,state-assembly-sc-747-og,inec-ward-6457
POLLING_UNIT,inec-pu-660559,ng-state-ogun,"OPEN SPACE AT OBASANJO BUS-STOP, OTA",INEC_CVR_PU,660559,,inec-lga-564,,state-assembly-sc-747-og,inec-ward-6457
POLLING_UNIT,inec-pu-660560,ng-state-ogun,"OPEN SPACE AT AMBASSADOR STREET, BY MOBIL FILLING STATION, OTA",INEC_CVR_PU,660560,,inec-lga-564,,state-assembly-sc-747-og,inec-ward-6457
POLLING_UNIT,inec-pu-660561,ng-state-ogun,"OPEN SPACE OPP OLIVIA FILLING STATION OBASANJO ROAD, ONIPANU",INEC_CVR_PU,660561,,inec-lga-564,,state-assembly-sc-747-og,inec-ward-6457
POLLING_UNIT,inec-pu-660562,ng-state-ogun,OPEN SPACE AT CELE 1 AFOBAJE OTA,INEC_CVR_PU,660562,,inec-lga-564,,state-assembly-sc-747-og,inec-ward-6457
POLLING_UNIT,inec-pu-660563,ng-state-ogun,IN FRONT OF TRANSFORMER OPP OPEOLA STORE PROGRESS ESTATE AFOBAJE,INEC_CVR_PU,660563,,inec-lga-564,,state-assembly-sc-747-og,inec-ward-6457
POLLING_UNIT,inec-pu-660564,ng-state-ogun,OPEN SPACE AT FOWOBI JUNCTION BESIDE ENYO FILLING STATION,INEC_CVR_PU,660564,,inec-lga-564,,state-assembly-sc-747-og,inec-ward-6457
POLLING_UNIT,inec-pu-660565,ng-state-ogun,OPEN SPACE AT ADIMULA STREET OGOTEDO ESTATE,INEC_CVR_PU,660565,,inec-lga-564,,state-assembly-sc-747-og,inec-ward-6457
POLLING_UNIT,inec-pu-660566,ng-state-ogun,OPEN SPACE AT ADAKO ESTATE JUNCTION OPP UNIQUE ESTATE,INEC_CVR_PU,660566,,inec-lga-564,,state-assembly-sc-747-og,inec-ward-6457
POLLING_UNIT,inec-pu-660567,ng-state-ogun,OPEN SPACE AT JOHN SHOBOLA JUNCTION OLOKO OTA,INEC_CVR_PU,660567,,inec-lga-564,,state-assembly-sc-747-og,inec-ward-6457
POLLING_UNIT,inec-pu-660568,ng-state-ogun,OPEN SPACE AT FAKILE JUNCTION OPP OLOKO OTA,INEC_CVR_PU,660568,,inec-lga-564,,state-assembly-sc-747-og,inec-ward-6457
POLLING_UNIT,inec-pu-660569,ng-state-ogun,"OPEN SPACE AT AJISAFE CLOSE JUNCTION, OPP SHAMS-UD-DEEN OLORUN WA MOSQUE WAHIDAN",INEC_CVR_PU,660569,,inec-lga-564,,state-assembly-sc-747-og,inec-ward-6457
POLLING_UNIT,inec-pu-660570,ng-state-ogun,"OPEN SPACE AT OKO BAALE JUNCTION, OPP NEW GOSHEN CDA, OTA",INEC_CVR_PU,660570,,inec-lga-564,,state-assembly-sc-747-og,inec-ward-6457
POLLING_UNIT,inec-pu-660571,ng-state-ogun,OPEN SPACE AT IRE AKARI JUNCTION ROYAL DIAMOND PHARMACY,INEC_CVR_PU,660571,,inec-lga-564,,state-assembly-sc-747-og,inec-ward-6457
POLLING_UNIT,inec-pu-660572,ng-state-ogun,OPEN SPACE AT ALASIA JUNCTION ALASIA COCA COLA ROAD OTA,INEC_CVR_PU,660572,,inec-lga-564,,state-assembly-sc-747-og,inec-ward-6457
POLLING_UNIT,inec-pu-660573,ng-state-ogun,OPEN SPACE AT FAJUYI JUNCTION BY BAYO BLOCK OTA,INEC_CVR_PU,660573,,inec-lga-564,,state-assembly-sc-747-og,inec-ward-6457
POLLING_UNIT,inec-pu-660574,ng-state-ogun,OPEN SPACE AT OLURIN JUNCTION OFF COCA COLA OTA,INEC_CVR_PU,660574,,inec-lga-564,,state-assembly-sc-747-og,inec-ward-6457
POLLING_UNIT,inec-pu-660575,ng-state-ogun,"OPEN SPACE AT ORIADE JUNCTION BEHIND SO FILLING STATION, OJU ORE",INEC_CVR_PU,660575,,inec-lga-564,,state-assembly-sc-747-og,inec-ward-6457
POLLING_UNIT,inec-pu-660576,ng-state-ogun,IFESOWAPO JUNCTION PAPA ARO ROAD OTA,INEC_CVR_PU,660576,,inec-lga-564,,state-assembly-sc-747-og,inec-ward-6457
POLLING_UNIT,inec-pu-660577,ng-state-ogun,OPEN SPACE AT SUNSHINE CDA JUNCTION WAHIDAN OTA,INEC_CVR_PU,660577,,inec-lga-564,,state-assembly-sc-747-og,inec-ward-6457
POLLING_UNIT,inec-pu-660578,ng-state-ogun,OPEN SPACE AT ABDUL JABAR STREET JUNCTION OTITOLERE OTA,INEC_CVR_PU,660578,,inec-lga-564,,state-assembly-sc-747-og,inec-ward-6457
POLLING_UNIT,inec-pu-660579,ng-state-ogun,"AFOBAJE COMMUNITY PRIMARY SCHOOL, AFOBAJE",INEC_CVR_PU,660579,,inec-lga-564,,state-assembly-sc-747-og,inec-ward-6457
POLLING_UNIT,inec-pu-660580,ng-state-ogun,"BABA JUNCTION, BESIDE TRANSFORMER, MARKET STREET, AFOBAJE.",INEC_CVR_PU,660580,,inec-lga-564,,state-assembly-sc-747-og,inec-ward-6457
POLLING_UNIT,inec-pu-660581,ng-state-ogun,"BESIDE TRANSFORMER, NICE ESTATE, ARIYO JUNCTION.",INEC_CVR_PU,660581,,inec-lga-564,,state-assembly-sc-747-og,inec-ward-6457
POLLING_UNIT,inec-pu-660582,ng-state-ogun,"OLOKO JUNCTION, POWERLINE",INEC_CVR_PU,660582,,inec-lga-564,,state-assembly-sc-747-og,inec-ward-6457
POLLING_UNIT,inec-pu-660583,ng-state-ogun,"COMMUNITY HIGH SCHOOL, OKO-BAALE",INEC_CVR_PU,660583,,inec-lga-564,,state-assembly-sc-747-og,inec-ward-6457
POLLING_UNIT,inec-pu-660584,ng-state-ogun,"PRIMARY HEALTHCARE CENTER, ILOGBO ROAD. (OPEN SPACE)",INEC_CVR_PU,660584,,inec-lga-564,,state-assembly-sc-747-og,inec-ward-6457
POLLING_UNIT,inec-pu-660585,ng-state-ogun,"BAYO BLOCKS JUNCTION, OJU-ORE OTA",INEC_CVR_PU,660585,,inec-lga-564,,state-assembly-sc-747-og,inec-ward-6457
POLLING_UNIT,inec-pu-660586,ng-state-ogun,"ABE IGI EWUPE JUNCTION, GOOD SHEPHERD (OPEN SPACE)",INEC_CVR_PU,660586,,inec-lga-564,,state-assembly-sc-747-og,inec-ward-6457
POLLING_UNIT,inec-pu-660587,ng-state-ogun,"BABY O JUNCTION, BY TRANSFORMER, OJU-ORE",INEC_CVR_PU,660587,,inec-lga-564,,state-assembly-sc-747-og,inec-ward-6457
POLLING_UNIT,inec-pu-660588,ng-state-ogun,"OJUGBELE JUNCTION, OFF MEFUN, OJU-ORE, OTA",INEC_CVR_PU,660588,,inec-lga-564,,state-assembly-sc-747-og,inec-ward-6457
POLLING_UNIT,inec-pu-660589,ng-state-ogun,"OPEN SPACE ITA MEFUN, OJU-ORE, OTA",INEC_CVR_PU,660589,,inec-lga-564,,state-assembly-sc-747-og,inec-ward-6457
POLLING_UNIT,inec-pu-660590,ng-state-ogun,"PUBLIC BOREHOLE (OPEN SPACE), ITA ORUBA, OJU ORE OTA",INEC_CVR_PU,660590,,inec-lga-564,,state-assembly-sc-747-og,inec-ward-6457
POLLING_UNIT,inec-pu-660591,ng-state-ogun,"OPEN SPACE, AGO IGBIRA JUNCTION, OJU-ORE, OTA",INEC_CVR_PU,660591,,inec-lga-564,,state-assembly-sc-747-og,inec-ward-6457
POLLING_UNIT,inec-pu-660592,ng-state-ogun,"OPEN SPACE, ILUSATA, ADIGARAWA, OJU-ORE, OTA.",INEC_CVR_PU,660592,,inec-lga-564,,state-assembly-sc-747-og,inec-ward-6457
POLLING_UNIT,inec-pu-660593,ng-state-ogun,"OPEN SPACE AT IGANMODE GRAMMAR SCHOOL, OTA II",INEC_CVR_PU,660593,,inec-lga-564,,state-assembly-sc-747-og,inec-ward-6457
POLLING_UNIT,inec-pu-660594,ng-state-ogun,"OPEN SPACE BESIDE TRANSFORMER,BABA ALAYO JUNCTION,KURI, AWURELA ROAD OTA",INEC_CVR_PU,660594,,inec-lga-564,,state-assembly-sc-747-og,inec-ward-6457
POLLING_UNIT,inec-pu-660595,ng-state-ogun,"OPEN SPACE BESIDE TANITO JUNCTION, LOVE ALL AFOBAJE OTA",INEC_CVR_PU,660595,,inec-lga-564,,state-assembly-sc-747-og,inec-ward-6457
POLLING_UNIT,inec-pu-660596,ng-state-ogun,OPEN SPACE BESIDE TRANSFORMER WAHIDAN JUNCTION OTA,INEC_CVR_PU,660596,,inec-lga-564,,state-assembly-sc-747-og,inec-ward-6457
POLLING_UNIT,inec-pu-660597,ng-state-ogun,"OPEN SPACE BESIDE TRANSFORMER, ISALE WAHIDAN, OTA.",INEC_CVR_PU,660597,,inec-lga-564,,state-assembly-sc-747-og,inec-ward-6457
WARD,inec-ward-6458,ng-state-ogun,OTA III,INEC_CVR_WARD,6458,,inec-lga-564,,state-assembly-sc-747-og,
POLLING_UNIT,inec-pu-90259,ng-state-ogun,IDI OROGBO I,INEC_CVR_PU,90259,,inec-lga-564,,state-assembly-sc-747-og,inec-ward-6458
POLLING_UNIT,inec-pu-90260,ng-state-ogun,ST. PETER'S R.C.M.,INEC_CVR_PU,90260,,inec-lga-564,,state-assembly-sc-747-og,inec-ward-6458
POLLING_UNIT,inec-pu-90261,ng-state-ogun,OJU POPO,INEC_CVR_PU,90261,,inec-lga-564,,state-assembly-sc-747-og,inec-ward-6458
POLLING_UNIT,inec-pu-90262,ng-state-ogun,OLD MOTOR PARK I,INEC_CVR_PU,90262,,inec-lga-564,,state-assembly-sc-747-og,inec-ward-6458
POLLING_UNIT,inec-pu-90263,ng-state-ogun,OLD MOTOR PARK II,INEC_CVR_PU,90263,,inec-lga-564,,state-assembly-sc-747-og,inec-ward-6458
POLLING_UNIT,inec-pu-90264,ng-state-ogun,A.U.D. PRACT SCHOOL I,INEC_CVR_PU,90264,,inec-lga-564,,state-assembly-sc-747-og,inec-ward-6458
POLLING_UNIT,inec-pu-90265,ng-state-ogun,"MODERN SCHOOL ROAD, OTA",INEC_CVR_PU,90265,,inec-lga-564,,state-assembly-sc-747-og,inec-ward-6458
POLLING_UNIT,inec-pu-90266,ng-state-ogun,GRA / TOMORI,INEC_CVR_PU,90266,,inec-lga-564,,state-assembly-sc-747-og,inec-ward-6458
POLLING_UNIT,inec-pu-90267,ng-state-ogun,OKE-SUNA,INEC_CVR_PU,90267,,inec-lga-564,,state-assembly-sc-747-og,inec-ward-6458
POLLING_UNIT,inec-pu-90268,ng-state-ogun,ILO /AWELA,INEC_CVR_PU,90268,,inec-lga-564,,state-assembly-sc-747-og,inec-ward-6458
POLLING_UNIT,inec-pu-90269,ng-state-ogun,IBRAHEEM STREET,INEC_CVR_PU,90269,,inec-lga-564,,state-assembly-sc-747-og,inec-ward-6458
POLLING_UNIT,inec-pu-90270,ng-state-ogun,IBRAHEEM OLORUNGBEBE,INEC_CVR_PU,90270,,inec-lga-564,,state-assembly-sc-747-og,inec-ward-6458
POLLING_UNIT,inec-pu-90271,ng-state-ogun,NEAR EBODINA STORE,INEC_CVR_PU,90271,,inec-lga-564,,state-assembly-sc-747-og,inec-ward-6458
POLLING_UNIT,inec-pu-90272,ng-state-ogun,NEAR ALASELA'S HOUSE,INEC_CVR_PU,90272,,inec-lga-564,,state-assembly-sc-747-og,inec-ward-6458
POLLING_UNIT,inec-pu-90273,ng-state-ogun,EJIGBO TITUN I,INEC_CVR_PU,90273,,inec-lga-564,,state-assembly-sc-747-og,inec-ward-6458
POLLING_UNIT,inec-pu-90274,ng-state-ogun,BACK OF WEMA BANK,INEC_CVR_PU,90274,,inec-lga-564,,state-assembly-sc-747-og,inec-ward-6458
POLLING_UNIT,inec-pu-90275,ng-state-ogun,NEAR EDUCATION AUTHORITY,INEC_CVR_PU,90275,,inec-lga-564,,state-assembly-sc-747-og,inec-ward-6458
POLLING_UNIT,inec-pu-90276,ng-state-ogun,TOLL GATE,INEC_CVR_PU,90276,,inec-lga-564,,state-assembly-sc-747-og,inec-ward-6458
POLLING_UNIT,inec-pu-90277,ng-state-ogun,SHOPPING CENTRE,INEC_CVR_PU,90277,,inec-lga-564,,state-assembly-sc-747-og,inec-ward-6458
POLLING_UNIT,inec-pu-90278,ng-state-ogun,GRA AKINWUNMI,INEC_CVR_PU,90278,,inec-lga-564,,state-assembly-sc-747-og,inec-ward-6458
POLLING_UNIT,inec-pu-90279,ng-state-ogun,"O.L.G SCHOOL I, KETERE",INEC_CVR_PU,90279,,inec-lga-564,,state-assembly-sc-747-og,inec-ward-6458
POLLING_UNIT,inec-pu-90280,ng-state-ogun,FUNMEC,INEC_CVR_PU,90280,,inec-lga-564,,state-assembly-sc-747-og,inec-ward-6458
POLLING_UNIT,inec-pu-90281,ng-state-ogun,BEHIND JOJU HOTEL,INEC_CVR_PU,90281,,inec-lga-564,,state-assembly-sc-747-og,inec-ward-6458
POLLING_UNIT,inec-pu-90282,ng-state-ogun,DEEPER LIFE ARAROMI,INEC_CVR_PU,90282,,inec-lga-564,,state-assembly-sc-747-og,inec-ward-6458
POLLING_UNIT,inec-pu-90283,ng-state-ogun,CHIEF DEINDE'S HOUSE,INEC_CVR_PU,90283,,inec-lga-564,,state-assembly-sc-747-og,inec-ward-6458
POLLING_UNIT,inec-pu-90284,ng-state-ogun,IPAMESAN,INEC_CVR_PU,90284,,inec-lga-564,,state-assembly-sc-747-og,inec-ward-6458
POLLING_UNIT,inec-pu-90285,ng-state-ogun,C & S IGBALA,INEC_CVR_PU,90285,,inec-lga-564,,state-assembly-sc-747-og,inec-ward-6458
POLLING_UNIT,inec-pu-90286,ng-state-ogun,L.G SCHOOL II,INEC_CVR_PU,90286,,inec-lga-564,,state-assembly-sc-747-og,inec-ward-6458
POLLING_UNIT,inec-pu-90287,ng-state-ogun,T.T DADA' S PALACE,INEC_CVR_PU,90287,,inec-lga-564,,state-assembly-sc-747-og,inec-ward-6458
POLLING_UNIT,inec-pu-90288,ng-state-ogun,NEAR OYETAYO'S HOUSE,INEC_CVR_PU,90288,,inec-lga-564,,state-assembly-sc-747-og,inec-ward-6458
POLLING_UNIT,inec-pu-90289,ng-state-ogun,IDI-OROGBO II,INEC_CVR_PU,90289,,inec-lga-564,,state-assembly-sc-747-og,inec-ward-6458
POLLING_UNIT,inec-pu-90290,ng-state-ogun,EJIGBO TITUN II,INEC_CVR_PU,90290,,inec-lga-564,,state-assembly-sc-747-og,inec-ward-6458
POLLING_UNIT,inec-pu-90291,ng-state-ogun,ABEBI NEW SITE,INEC_CVR_PU,90291,,inec-lga-564,,state-assembly-sc-747-og,inec-ward-6458
POLLING_UNIT,inec-pu-90292,ng-state-ogun,A.U.D PRACTISING SCH. II,INEC_CVR_PU,90292,,inec-lga-564,,state-assembly-sc-747-og,inec-ward-6458
POLLING_UNIT,inec-pu-90293,ng-state-ogun,ALLISHIBA STREET,INEC_CVR_PU,90293,,inec-lga-564,,state-assembly-sc-747-og,inec-ward-6458
POLLING_UNIT,inec-pu-660598,ng-state-ogun,"OPEN SPACE AT ANU OLUWAPO STREET, OPPOSITE OLUWATOSIN MOSQUE, AMODU GIWA ESTATE, OTA.",INEC_CVR_PU,660598,,inec-lga-564,,state-assembly-sc-747-og,inec-ward-6458
POLLING_UNIT,inec-pu-660599,ng-state-ogun,OPEN SPACE AT AKINOLA IROKO/BUSARI JUNCTION.,INEC_CVR_PU,660599,,inec-lga-564,,state-assembly-sc-747-og,inec-ward-6458
POLLING_UNIT,inec-pu-660600,ng-state-ogun,INFRONT OF TRANSFORMER APARAOGUN/ THE LIVING STREET,INEC_CVR_PU,660600,,inec-lga-564,,state-assembly-sc-747-og,inec-ward-6458
POLLING_UNIT,inec-pu-660601,ng-state-ogun,"OPEN SPACE AT IMOLE EWA/ OLUSEYE JUNCTION, ILO AWELA.",INEC_CVR_PU,660601,,inec-lga-564,,state-assembly-sc-747-og,inec-ward-6458
POLLING_UNIT,inec-pu-660602,ng-state-ogun,INFRONT OF TRANSFORMER ALAFIA STREET OPPOSITE BEULAH SCHOOL ABEBI,INEC_CVR_PU,660602,,inec-lga-564,,state-assembly-sc-747-og,inec-ward-6458
POLLING_UNIT,inec-pu-660603,ng-state-ogun,OPEN SPACE AT JIBUAKA STREET VIA ADEWUNMI ADEBIYI STREET ILO AWELA,INEC_CVR_PU,660603,,inec-lga-564,,state-assembly-sc-747-og,inec-ward-6458
POLLING_UNIT,inec-pu-660604,ng-state-ogun,"OPEN SPACE JELILI ALAGBE JUNCTION /ANGLICAN RD,ABE DEKING, ABEBI NEWSITE",INEC_CVR_PU,660604,,inec-lga-564,,state-assembly-sc-747-og,inec-ward-6458
POLLING_UNIT,inec-pu-660605,ng-state-ogun,OPEN SPACE JUNCTION FABOLU STREET VIA UNITY CLOSE BACK OF ODO PAKO,INEC_CVR_PU,660605,,inec-lga-564,,state-assembly-sc-747-og,inec-ward-6458
POLLING_UNIT,inec-pu-660606,ng-state-ogun,OPEN SPACE AT OGBONNU STREET JUNCTION OF HARMONY ESTATE ILUPEWO,INEC_CVR_PU,660606,,inec-lga-564,,state-assembly-sc-747-og,inec-ward-6458
POLLING_UNIT,inec-pu-660607,ng-state-ogun,OPEN SPACE AT ANGLICAN ROAD /.PRESTIGE CIRCLE CLOSE VIA HAPPINESS HOTEL,INEC_CVR_PU,660607,,inec-lga-564,,state-assembly-sc-747-og,inec-ward-6458
POLLING_UNIT,inec-pu-660608,ng-state-ogun,NOEL SALEM STREET JUNCTION/ JELILI TEJUOSHO VIA WELCOME HOTEL.,INEC_CVR_PU,660608,,inec-lga-564,,state-assembly-sc-747-og,inec-ward-6458
POLLING_UNIT,inec-pu-660609,ng-state-ogun,STARLIGHT STREET JUNCTION/ OKE OLUDANDE ILO AWELA.,INEC_CVR_PU,660609,,inec-lga-564,,state-assembly-sc-747-og,inec-ward-6458
POLLING_UNIT,inec-pu-660610,ng-state-ogun,"BACK OF LOCAL GOVERNMENT, OLUSEYE STREET",INEC_CVR_PU,660610,,inec-lga-564,,state-assembly-sc-747-og,inec-ward-6458
POLLING_UNIT,inec-pu-660611,ng-state-ogun,INFRONT OF TRANSFORMER ENGR BANKOLE STR/ NIGHT MARKET I.L.O.,INEC_CVR_PU,660611,,inec-lga-564,,state-assembly-sc-747-og,inec-ward-6458
POLLING_UNIT,inec-pu-660612,ng-state-ogun,OPEN SPACE AT BAMISHEBI/ OSHINLOWO STREET BESIDE OXFORD SCHOOL I.L.O,INEC_CVR_PU,660612,,inec-lga-564,,state-assembly-sc-747-og,inec-ward-6458
POLLING_UNIT,inec-pu-660613,ng-state-ogun,OPEN SPACE JUNCTION AT NURENI AKA STREET BEHIND ANSARUDEEN CENTRAL MOSQUE I.L.O.,INEC_CVR_PU,660613,,inec-lga-564,,state-assembly-sc-747-og,inec-ward-6458
POLLING_UNIT,inec-pu-660614,ng-state-ogun,"ST PETERS RCM SCHOOL, OTA",INEC_CVR_PU,660614,,inec-lga-564,,state-assembly-sc-747-og,inec-ward-6458
POLLING_UNIT,inec-pu-660615,ng-state-ogun,OPEN SPACE AT ONIJANA JUNCTION,INEC_CVR_PU,660615,,inec-lga-564,,state-assembly-sc-747-og,inec-ward-6458
POLLING_UNIT,inec-pu-660616,ng-state-ogun,OPEN SPACE AT IBRAHEEM OLORUNGBEBE,INEC_CVR_PU,660616,,inec-lga-564,,state-assembly-sc-747-og,inec-ward-6458
POLLING_UNIT,inec-pu-660617,ng-state-ogun,OPEN SPACE AT AGO ISAGA WATER PROJECT,INEC_CVR_PU,660617,,inec-lga-564,,state-assembly-sc-747-og,inec-ward-6458
POLLING_UNIT,inec-pu-660618,ng-state-ogun,OPEN SPACE AT ABOLEJA-AKINJIBI JUNCTION,INEC_CVR_PU,660618,,inec-lga-564,,state-assembly-sc-747-og,inec-ward-6458
POLLING_UNIT,inec-pu-660619,ng-state-ogun,OPEN SPACE AT ALELOJU BESIDE TRANSFORMER,INEC_CVR_PU,660619,,inec-lga-564,,state-assembly-sc-747-og,inec-ward-6458
POLLING_UNIT,inec-pu-660620,ng-state-ogun,"OPEN SPACE AT GANGAN, BUS STOP, OTA",INEC_CVR_PU,660620,,inec-lga-564,,state-assembly-sc-747-og,inec-ward-6458
POLLING_UNIT,inec-pu-660621,ng-state-ogun,"OPEN SPACE BESIDE PRAYING GROUND BUSARI, ABEBI NEW SITE",INEC_CVR_PU,660621,,inec-lga-564,,state-assembly-sc-747-og,inec-ward-6458
POLLING_UNIT,inec-pu-660622,ng-state-ogun,"OPEN SPACE AT FASOLA OLUJIMI STREET, ILO AWELA, OTA",INEC_CVR_PU,660622,,inec-lga-564,,state-assembly-sc-747-og,inec-ward-6458
POLLING_UNIT,inec-pu-660623,ng-state-ogun,"OPEN SPACE ILO AWELA PRY HEALTH CARE CENTRE ILO AWELA, OTA",INEC_CVR_PU,660623,,inec-lga-564,,state-assembly-sc-747-og,inec-ward-6458
POLLING_UNIT,inec-pu-660624,ng-state-ogun,"OPEN SPACE BESIDE TRANSFORMER AT SABAINAH TAIWO CRESCENT, ILO AWELA",INEC_CVR_PU,660624,,inec-lga-564,,state-assembly-sc-747-og,inec-ward-6458
POLLING_UNIT,inec-pu-660625,ng-state-ogun,"ST MICHAEL AFRICAN SCHOOL, OTA.",INEC_CVR_PU,660625,,inec-lga-564,,state-assembly-sc-747-og,inec-ward-6458
POLLING_UNIT,inec-pu-660626,ng-state-ogun,OPEN SPACE AT KOKUMO JUNCTION BESIDE LIFECARE OTA,INEC_CVR_PU,660626,,inec-lga-564,,state-assembly-sc-747-og,inec-ward-6458
POLLING_UNIT,inec-pu-660627,ng-state-ogun,OPEN SPACE BESIDE NAZARETH SCHOOL OTA,INEC_CVR_PU,660627,,inec-lga-564,,state-assembly-sc-747-og,inec-ward-6458
POLLING_UNIT,inec-pu-660628,ng-state-ogun,"C&S IGBALA 2 AT REVD SHODIYA STREET, OTA",INEC_CVR_PU,660628,,inec-lga-564,,state-assembly-sc-747-og,inec-ward-6458
POLLING_UNIT,inec-pu-660629,ng-state-ogun,"INFRONT OF FARAMED HOSPITAL, OTA",INEC_CVR_PU,660629,,inec-lga-564,,state-assembly-sc-747-og,inec-ward-6458
POLLING_UNIT,inec-pu-660630,ng-state-ogun,LG SCHOOL III OTA,INEC_CVR_PU,660630,,inec-lga-564,,state-assembly-sc-747-og,inec-ward-6458
POLLING_UNIT,inec-pu-660631,ng-state-ogun,"COMMUNITY HIGH SCHOOL, OTA",INEC_CVR_PU,660631,,inec-lga-564,,state-assembly-sc-747-og,inec-ward-6458
POLLING_UNIT,inec-pu-660632,ng-state-ogun,"OPEN SPACE AT ONIKANKERE, OTA",INEC_CVR_PU,660632,,inec-lga-564,,state-assembly-sc-747-og,inec-ward-6458
POLLING_UNIT,inec-pu-660633,ng-state-ogun,"OPEN SPACE AT AREWA STREET, SANGO",INEC_CVR_PU,660633,,inec-lga-564,,state-assembly-sc-747-og,inec-ward-6458
POLLING_UNIT,inec-pu-660634,ng-state-ogun,"OPEN SPACE AT ANUOLUWAPO STREET, BACK OF GARAGE, SANGO",INEC_CVR_PU,660634,,inec-lga-564,,state-assembly-sc-747-og,inec-ward-6458
POLLING_UNIT,inec-pu-660635,ng-state-ogun,"OPEN SPACE AT CHICKEN JOE ROAD, ARIGBABU, OTA",INEC_CVR_PU,660635,,inec-lga-564,,state-assembly-sc-747-og,inec-ward-6458
POLLING_UNIT,inec-pu-660636,ng-state-ogun,"OPEN SPACE AT ARAROMI STREET, OTA",INEC_CVR_PU,660636,,inec-lga-564,,state-assembly-sc-747-og,inec-ward-6458
POLLING_UNIT,inec-pu-660637,ng-state-ogun,"EJIGBO TITUN, JUNCTION OF TWINKLE CREST, OTA",INEC_CVR_PU,660637,,inec-lga-564,,state-assembly-sc-747-og,inec-ward-6458
POLLING_UNIT,inec-pu-660638,ng-state-ogun,"OPEN SPACE AT SALAKO/ OSIFESO JUNCTION, OTA, GRA",INEC_CVR_PU,660638,,inec-lga-564,,state-assembly-sc-747-og,inec-ward-6458
WARD,inec-ward-6459,ng-state-ogun,SANGO,INEC_CVR_WARD,6459,,inec-lga-564,,state-assembly-sc-747-og,
POLLING_UNIT,inec-pu-90294,ng-state-ogun,MARKET SQUARE,INEC_CVR_PU,90294,,inec-lga-564,,state-assembly-sc-747-og,inec-ward-6459
POLLING_UNIT,inec-pu-90295,ng-state-ogun,IN FRONT OF ADALEMO'S HOUSE,INEC_CVR_PU,90295,,inec-lga-564,,state-assembly-sc-747-og,inec-ward-6459
POLLING_UNIT,inec-pu-90296,ng-state-ogun,TEMIDIRE OWOSENI,INEC_CVR_PU,90296,,inec-lga-564,,state-assembly-sc-747-og,inec-ward-6459
POLLING_UNIT,inec-pu-90297,ng-state-ogun,WATER TANKER I,INEC_CVR_PU,90297,,inec-lga-564,,state-assembly-sc-747-og,inec-ward-6459
POLLING_UNIT,inec-pu-90298,ng-state-ogun,WATER TANKER II,INEC_CVR_PU,90298,,inec-lga-564,,state-assembly-sc-747-og,inec-ward-6459
POLLING_UNIT,inec-pu-90299,ng-state-ogun,NEPA LINE ARINKO I,INEC_CVR_PU,90299,,inec-lga-564,,state-assembly-sc-747-og,inec-ward-6459
POLLING_UNIT,inec-pu-90300,ng-state-ogun,NEPA LINE ARINKO II,INEC_CVR_PU,90300,,inec-lga-564,,state-assembly-sc-747-og,inec-ward-6459
POLLING_UNIT,inec-pu-90301,ng-state-ogun,LEVENTIS,INEC_CVR_PU,90301,,inec-lga-564,,state-assembly-sc-747-og,inec-ward-6459
POLLING_UNIT,inec-pu-90302,ng-state-ogun,LAYORI HOSPITAL,INEC_CVR_PU,90302,,inec-lga-564,,state-assembly-sc-747-og,inec-ward-6459
POLLING_UNIT,inec-pu-90303,ng-state-ogun,OLD MOTOR PARK,INEC_CVR_PU,90303,,inec-lga-564,,state-assembly-sc-747-og,inec-ward-6459
POLLING_UNIT,inec-pu-90304,ng-state-ogun,NEAR OKEBOWALE'S HOUSE,INEC_CVR_PU,90304,,inec-lga-564,,state-assembly-sc-747-og,inec-ward-6459
POLLING_UNIT,inec-pu-90305,ng-state-ogun,MARKET SQUARE ILOYE,INEC_CVR_PU,90305,,inec-lga-564,,state-assembly-sc-747-og,inec-ward-6459
POLLING_UNIT,inec-pu-660639,ng-state-ogun,"OPEN SPACE AT BASIRU ALAMU JUNCTION, SANGO",INEC_CVR_PU,660639,,inec-lga-564,,state-assembly-sc-747-og,inec-ward-6459
POLLING_UNIT,inec-pu-660640,ng-state-ogun,"BESIDE TRANSFORMER AT FIVE JUNCTION, TARBAJIN",INEC_CVR_PU,660640,,inec-lga-564,,state-assembly-sc-747-og,inec-ward-6459
POLLING_UNIT,inec-pu-660641,ng-state-ogun,"BESIDE TRANSFORMER AT BADA JUNCTION, ISAKA",INEC_CVR_PU,660641,,inec-lga-564,,state-assembly-sc-747-og,inec-ward-6459
POLLING_UNIT,inec-pu-660642,ng-state-ogun,"BESIDE TRANSFORMER, ANISERE JUNCTION, IPAMESAN",INEC_CVR_PU,660642,,inec-lga-564,,state-assembly-sc-747-og,inec-ward-6459
POLLING_UNIT,inec-pu-660643,ng-state-ogun,"IN FRONT OF TRANSFORMER, AGO ADURA, BY FOFA STREET JUNCTION, AGO-ADURA",INEC_CVR_PU,660643,,inec-lga-564,,state-assembly-sc-747-og,inec-ward-6459
POLLING_UNIT,inec-pu-660644,ng-state-ogun,"IN FRONT OF TRANSFORMER AT AYO NI AVENUE JUNCTION, OJUELEGBA",INEC_CVR_PU,660644,,inec-lga-564,,state-assembly-sc-747-og,inec-ward-6459
POLLING_UNIT,inec-pu-660645,ng-state-ogun,"OPEN SPACE AT AMEN CHURCH JUNCTION, ELERINKO",INEC_CVR_PU,660645,,inec-lga-564,,state-assembly-sc-747-og,inec-ward-6459
POLLING_UNIT,inec-pu-660646,ng-state-ogun,"OPEN SPACE AT ADENIJI STREET OPPOSITE OGUN'S GAS, SANGO",INEC_CVR_PU,660646,,inec-lga-564,,state-assembly-sc-747-og,inec-ward-6459
POLLING_UNIT,inec-pu-660647,ng-state-ogun,"PREMISES OF SANGO OTA HIGH SCHOOL, SANGO",INEC_CVR_PU,660647,,inec-lga-564,,state-assembly-sc-747-og,inec-ward-6459
POLLING_UNIT,inec-pu-660648,ng-state-ogun,"OPEN SPACE AT KAJOLA/ OSMAK JUNCTION, ILOYE",INEC_CVR_PU,660648,,inec-lga-564,,state-assembly-sc-747-og,inec-ward-6459
POLLING_UNIT,inec-pu-660649,ng-state-ogun,"OPEN SPACE AT ADETOKUNBO/ OMOKARO BABA KWARA, ILOYE",INEC_CVR_PU,660649,,inec-lga-564,,state-assembly-sc-747-og,inec-ward-6459
POLLING_UNIT,inec-pu-660650,ng-state-ogun,"BESIDE TRANSFORMER, ILUPEJU IWOYE, ABEOKUTA STREET, ADALEMO",INEC_CVR_PU,660650,,inec-lga-564,,state-assembly-sc-747-og,inec-ward-6459
POLLING_UNIT,inec-pu-660651,ng-state-ogun,"OPEN SPACE AT OLUMO JUNCTION, ADALEMO",INEC_CVR_PU,660651,,inec-lga-564,,state-assembly-sc-747-og,inec-ward-6459
POLLING_UNIT,inec-pu-660652,ng-state-ogun,OPEN SPACE AT OLA BABA/ALEX UDU STREET BABA MUSHIN ILOYE,INEC_CVR_PU,660652,,inec-lga-564,,state-assembly-sc-747-og,inec-ward-6459
POLLING_UNIT,inec-pu-660653,ng-state-ogun,"BESIDE TRANSFORMER AT TAIWO STREET, SEKONA, ANISERE",INEC_CVR_PU,660653,,inec-lga-564,,state-assembly-sc-747-og,inec-ward-6459
POLLING_UNIT,inec-pu-660654,ng-state-ogun,"COMMUNITY HEALTH CENTER, ANISERE",INEC_CVR_PU,660654,,inec-lga-564,,state-assembly-sc-747-og,inec-ward-6459
POLLING_UNIT,inec-pu-660655,ng-state-ogun,"OPEN SPACE AT TARMAC JUNCTION, TEMIDIRE, SANGO",INEC_CVR_PU,660655,,inec-lga-564,,state-assembly-sc-747-og,inec-ward-6459
POLLING_UNIT,inec-pu-660656,ng-state-ogun,"PREMISES OF COMMUNITY PRIMARY SCHOOL, ILOYE",INEC_CVR_PU,660656,,inec-lga-564,,state-assembly-sc-747-og,inec-ward-6459
POLLING_UNIT,inec-pu-660657,ng-state-ogun,"OPEN SPACE AT OLAJIDE JUNCTION, ORELOPE ESTATE, ESUYAGO",INEC_CVR_PU,660657,,inec-lga-564,,state-assembly-sc-747-og,inec-ward-6459
POLLING_UNIT,inec-pu-660658,ng-state-ogun,"BESIDE TRANSFORMER AT BEULAH JUNCTION, AROMOBI, ESUYAGO",INEC_CVR_PU,660658,,inec-lga-564,,state-assembly-sc-747-og,inec-ward-6459
POLLING_UNIT,inec-pu-660659,ng-state-ogun,"BESIDE TRANSFORMER AT OLASEGE STREET, SANGO",INEC_CVR_PU,660659,,inec-lga-564,,state-assembly-sc-747-og,inec-ward-6459
POLLING_UNIT,inec-pu-660660,ng-state-ogun,"OPEN SPACE AT LEKAN ADEYEMI STREET, BEHIND YEBADE HOTEL, SANGO",INEC_CVR_PU,660660,,inec-lga-564,,state-assembly-sc-747-og,inec-ward-6459
POLLING_UNIT,inec-pu-660661,ng-state-ogun,"OPEN SPACE BESIDE LADO FILLING STATION, IJOKO ROAD, SANGO",INEC_CVR_PU,660661,,inec-lga-564,,state-assembly-sc-747-og,inec-ward-6459
POLLING_UNIT,inec-pu-660662,ng-state-ogun,"ENTRANCE OF OWOYEMI STREET, ABEOKUTA EXPRESS ROAD, JOJU",INEC_CVR_PU,660662,,inec-lga-564,,state-assembly-sc-747-og,inec-ward-6459
POLLING_UNIT,inec-pu-660663,ng-state-ogun,"OPEN SPACE NEAR POWERLINE, OPPOSITE AL WAJUD HOUSE, ISHAKA",INEC_CVR_PU,660663,,inec-lga-564,,state-assembly-sc-747-og,inec-ward-6459
POLLING_UNIT,inec-pu-660664,ng-state-ogun,"BESIDE TRANSFORMER BY OZIEGBE STREET, AGBALA ITURA ROAD",INEC_CVR_PU,660664,,inec-lga-564,,state-assembly-sc-747-og,inec-ward-6459
POLLING_UNIT,inec-pu-660665,ng-state-ogun,"BESIDE TRANSFORMER AT KOLEOSO/ AKIRISORE JUNCTION, IDOLE",INEC_CVR_PU,660665,,inec-lga-564,,state-assembly-sc-747-og,inec-ward-6459
POLLING_UNIT,inec-pu-660666,ng-state-ogun,"OPEN SPACE AT BIBLE COLLEGE BUS STOP,SANGO",INEC_CVR_PU,660666,,inec-lga-564,,state-assembly-sc-747-og,inec-ward-6459
POLLING_UNIT,inec-pu-660667,ng-state-ogun,"OPEN SPACE NEAR POWERLINE AKINTOYE DOLE STREET, ISALE ARIYA, ILOYE",INEC_CVR_PU,660667,,inec-lga-564,,state-assembly-sc-747-og,inec-ward-6459
POLLING_UNIT,inec-pu-660668,ng-state-ogun,"BESIDE TRANSFORMER AT AJIBOLA STREET, ILOYE",INEC_CVR_PU,660668,,inec-lga-564,,state-assembly-sc-747-og,inec-ward-6459
POLLING_UNIT,inec-pu-660669,ng-state-ogun,"OPEN SPACE AT AGO ADURA COMMUNITY ENTRANCE, IPAMESAN",INEC_CVR_PU,660669,,inec-lga-564,,state-assembly-sc-747-og,inec-ward-6459
POLLING_UNIT,inec-pu-660670,ng-state-ogun,"OPEN SPACE AT ANUOLUWAPO JUNCTION, IPAMESAN",INEC_CVR_PU,660670,,inec-lga-564,,state-assembly-sc-747-og,inec-ward-6459
POLLING_UNIT,inec-pu-660671,ng-state-ogun,"BESIDE TRANSFORMER NEAR SAMFOL HOTEL, IPAMESAN",INEC_CVR_PU,660671,,inec-lga-564,,state-assembly-sc-747-og,inec-ward-6459
WARD,inec-ward-6460,ng-state-ogun,IJOKO,INEC_CVR_WARD,6460,,inec-lga-564,,state-assembly-sc-747-og,
POLLING_UNIT,inec-pu-90306,ng-state-ogun,PRY. SCHOOL AGORO,INEC_CVR_PU,90306,,inec-lga-564,,state-assembly-sc-747-og,inec-ward-6460
POLLING_UNIT,inec-pu-90307,ng-state-ogun,N.U.D. SCHOOL IJOKO I,INEC_CVR_PU,90307,,inec-lga-564,,state-assembly-sc-747-og,inec-ward-6460
POLLING_UNIT,inec-pu-90308,ng-state-ogun,MARKET SQUARE IJOKO I,INEC_CVR_PU,90308,,inec-lga-564,,state-assembly-sc-747-og,inec-ward-6460
POLLING_UNIT,inec-pu-90309,ng-state-ogun,MARKET SQUARE IJOKO II,INEC_CVR_PU,90309,,inec-lga-564,,state-assembly-sc-747-og,inec-ward-6460
POLLING_UNIT,inec-pu-90310,ng-state-ogun,BESIDE MOSQUE ABULE IROKO I,INEC_CVR_PU,90310,,inec-lga-564,,state-assembly-sc-747-og,inec-ward-6460
POLLING_UNIT,inec-pu-90311,ng-state-ogun,BESIDE MOSQUE ABULE IROKO II,INEC_CVR_PU,90311,,inec-lga-564,,state-assembly-sc-747-og,inec-ward-6460
POLLING_UNIT,inec-pu-90312,ng-state-ogun,L.G. SCHOOL APARADIJA I,INEC_CVR_PU,90312,,inec-lga-564,,state-assembly-sc-747-og,inec-ward-6460
POLLING_UNIT,inec-pu-90313,ng-state-ogun,L.G. SCHOOL APARADIJA II,INEC_CVR_PU,90313,,inec-lga-564,,state-assembly-sc-747-og,inec-ward-6460
POLLING_UNIT,inec-pu-90314,ng-state-ogun,ARIJE VILLAGE,INEC_CVR_PU,90314,,inec-lga-564,,state-assembly-sc-747-og,inec-ward-6460
POLLING_UNIT,inec-pu-90315,ng-state-ogun,NTABO JUNCTION I,INEC_CVR_PU,90315,,inec-lga-564,,state-assembly-sc-747-og,inec-ward-6460
POLLING_UNIT,inec-pu-90316,ng-state-ogun,NTABO JUNCTION II,INEC_CVR_PU,90316,,inec-lga-564,,state-assembly-sc-747-og,inec-ward-6460
POLLING_UNIT,inec-pu-90317,ng-state-ogun,AFIMO VILLAGE I,INEC_CVR_PU,90317,,inec-lga-564,,state-assembly-sc-747-og,inec-ward-6460
POLLING_UNIT,inec-pu-90318,ng-state-ogun,AFIMO VILLAGE II,INEC_CVR_PU,90318,,inec-lga-564,,state-assembly-sc-747-og,inec-ward-6460
POLLING_UNIT,inec-pu-90319,ng-state-ogun,IFETEDO HEALTH CENTER,INEC_CVR_PU,90319,,inec-lga-564,,state-assembly-sc-747-og,inec-ward-6460
POLLING_UNIT,inec-pu-90320,ng-state-ogun,N.U.D. SCHOOL IJOKO II,INEC_CVR_PU,90320,,inec-lga-564,,state-assembly-sc-747-og,inec-ward-6460
POLLING_UNIT,inec-pu-660371,ng-state-ogun,"OPEN SPACE AT OLOGOGORO JUNCTION, ABULE IROKO",INEC_CVR_PU,660371,,inec-lga-564,,state-assembly-sc-747-og,inec-ward-6460
POLLING_UNIT,inec-pu-660372,ng-state-ogun,"OPEN SPACE AT OGUNMOKUN ROAD BY 3 TEE JUNCTION, ABULE IROKO",INEC_CVR_PU,660372,,inec-lga-564,,state-assembly-sc-747-og,inec-ward-6460
POLLING_UNIT,inec-pu-660373,ng-state-ogun,"OPEN SPACE AT FPF BY MOSES ORIMOLADE JUNCTION, ABULE IROKO",INEC_CVR_PU,660373,,inec-lga-564,,state-assembly-sc-747-og,inec-ward-6460
POLLING_UNIT,inec-pu-660374,ng-state-ogun,"OPEN SPACE AT ISHO JUNCTION, ARAROMI PHASE 1, ABULE IROKO",INEC_CVR_PU,660374,,inec-lga-564,,state-assembly-sc-747-og,inec-ward-6460
POLLING_UNIT,inec-pu-660375,ng-state-ogun,"IFE HEALTH CENTRE, IFELAGBA, ABULE IROKO",INEC_CVR_PU,660375,,inec-lga-564,,state-assembly-sc-747-og,inec-ward-6460
POLLING_UNIT,inec-pu-660376,ng-state-ogun,"OPEN SPACE AT GASLINE JUNCTION, IJOKO, BUS STOP",INEC_CVR_PU,660376,,inec-lga-564,,state-assembly-sc-747-og,inec-ward-6460
POLLING_UNIT,inec-pu-660377,ng-state-ogun,"BESIDE TRANSFORMER, IFELODUN ABULE IROKO",INEC_CVR_PU,660377,,inec-lga-564,,state-assembly-sc-747-og,inec-ward-6460
POLLING_UNIT,inec-pu-660378,ng-state-ogun,"IN FRONT OF MAST, GOD TRUST ESTATE, IJOKO",INEC_CVR_PU,660378,,inec-lga-564,,state-assembly-sc-747-og,inec-ward-6460
POLLING_UNIT,inec-pu-660379,ng-state-ogun,"OPEN SPACE OPPOSITE BAALE'S HOUSE, ARIJE",INEC_CVR_PU,660379,,inec-lga-564,,state-assembly-sc-747-og,inec-ward-6460
POLLING_UNIT,inec-pu-660380,ng-state-ogun,"BESIDE TRANSFORMER OLAOTAN JUNCTION, IJOKO",INEC_CVR_PU,660380,,inec-lga-564,,state-assembly-sc-747-og,inec-ward-6460
POLLING_UNIT,inec-pu-660381,ng-state-ogun,"ST SAVIOUR'S ANGLICAN NURSERY PRIMARY SCHOOL, IJOKO",INEC_CVR_PU,660381,,inec-lga-564,,state-assembly-sc-747-og,inec-ward-6460
POLLING_UNIT,inec-pu-660382,ng-state-ogun,"UNITY HIGH SCHOOL, IJOKO",INEC_CVR_PU,660382,,inec-lga-564,,state-assembly-sc-747-og,inec-ward-6460
POLLING_UNIT,inec-pu-660383,ng-state-ogun,"OPEN SPACE AT OMOTOSHO JUNCTION,OLORUNSOGO, IJOKO",INEC_CVR_PU,660383,,inec-lga-564,,state-assembly-sc-747-og,inec-ward-6460
POLLING_UNIT,inec-pu-660384,ng-state-ogun,"OPEN SPACE AT AIYEJIMI/SOLANKE JUNCTION, IJOKO",INEC_CVR_PU,660384,,inec-lga-564,,state-assembly-sc-747-og,inec-ward-6460
POLLING_UNIT,inec-pu-660385,ng-state-ogun,"OWODE/AGORO JUNCTION, IJOKO",INEC_CVR_PU,660385,,inec-lga-564,,state-assembly-sc-747-og,inec-ward-6460
POLLING_UNIT,inec-pu-660386,ng-state-ogun,"SAKA POWERLINE/ABULE IROKO ROAD, ABULE IROKO",INEC_CVR_PU,660386,,inec-lga-564,,state-assembly-sc-747-og,inec-ward-6460
POLLING_UNIT,inec-pu-660387,ng-state-ogun,"OPEN SPACE OPPOSITE HALIAQU MOSQUE, ABULE IROKO",INEC_CVR_PU,660387,,inec-lga-564,,state-assembly-sc-747-og,inec-ward-6460
POLLING_UNIT,inec-pu-660388,ng-state-ogun,"OPEN SPACE AT SALAMI OPE/SEGUN FALODE JUNCTION, ABULE IROKO",INEC_CVR_PU,660388,,inec-lga-564,,state-assembly-sc-747-og,inec-ward-6460
POLLING_UNIT,inec-pu-660389,ng-state-ogun,"BESIDE TRANSFORMER, SURULERE ROAD, NTABO, IJOKO",INEC_CVR_PU,660389,,inec-lga-564,,state-assembly-sc-747-og,inec-ward-6460
POLLING_UNIT,inec-pu-660390,ng-state-ogun,"OPEN SPACE AT COUNSELLOR BLOCK, NTABO, IJOKO",INEC_CVR_PU,660390,,inec-lga-564,,state-assembly-sc-747-og,inec-ward-6460
POLLING_UNIT,inec-pu-660391,ng-state-ogun,"BESIDE TRANSFORMER ODO-ALADE, NTABO, IJOKO",INEC_CVR_PU,660391,,inec-lga-564,,state-assembly-sc-747-og,inec-ward-6460
POLLING_UNIT,inec-pu-660392,ng-state-ogun,"NIGHT MARKET, OKESUNA, IJOKO",INEC_CVR_PU,660392,,inec-lga-564,,state-assembly-sc-747-og,inec-ward-6460
POLLING_UNIT,inec-pu-660393,ng-state-ogun,"BESIDE TRANSFORMER WATERGATE, AGBOLUAJE JUNCTION , IJOKO",INEC_CVR_PU,660393,,inec-lga-564,,state-assembly-sc-747-og,inec-ward-6460
POLLING_UNIT,inec-pu-660394,ng-state-ogun,"IFEGUNWA COMMUNITY HALL, IJOKO",INEC_CVR_PU,660394,,inec-lga-564,,state-assembly-sc-747-og,inec-ward-6460
POLLING_UNIT,inec-pu-660395,ng-state-ogun,"COMMUNITY HEALTH CENTRE, ARIJE",INEC_CVR_PU,660395,,inec-lga-564,,state-assembly-sc-747-og,inec-ward-6460
POLLING_UNIT,inec-pu-660396,ng-state-ogun,"BESIDE TRANSFORMER BY MOSHOOD HAMZAT CRESCENT, ABULE IROKO",INEC_CVR_PU,660396,,inec-lga-564,,state-assembly-sc-747-og,inec-ward-6460
POLLING_UNIT,inec-pu-660397,ng-state-ogun,"OPEN SPACE AT MOSES AJULO JUNCTION, ARIJELORO",INEC_CVR_PU,660397,,inec-lga-564,,state-assembly-sc-747-og,inec-ward-6460
POLLING_UNIT,inec-pu-660398,ng-state-ogun,"OPEN SPACE AT CAYNIK STREET, IROKO TOWN",INEC_CVR_PU,660398,,inec-lga-564,,state-assembly-sc-747-og,inec-ward-6460
POLLING_UNIT,inec-pu-660399,ng-state-ogun,"BESIDE TRANSFORMER BY WASIU OLAYINKA/AKIN MARTINS STREET, OFF GASLINE, IJOKO",INEC_CVR_PU,660399,,inec-lga-564,,state-assembly-sc-747-og,inec-ward-6460
POLLING_UNIT,inec-pu-660400,ng-state-ogun,"BESIDE TRANSFORMER ATOBAJAIYE JUNCTION, IJOKO",INEC_CVR_PU,660400,,inec-lga-564,,state-assembly-sc-747-og,inec-ward-6460
POLLING_UNIT,inec-pu-660401,ng-state-ogun,"OPEN SPACE AT BARNABAS CRESCENT BY GASLINE GORGE,",INEC_CVR_PU,660401,,inec-lga-564,,state-assembly-sc-747-og,inec-ward-6460
POLLING_UNIT,inec-pu-660402,ng-state-ogun,"OLORUNDA COMMUNITY TOWN HALL,NTABO",INEC_CVR_PU,660402,,inec-lga-564,,state-assembly-sc-747-og,inec-ward-6460
POLLING_UNIT,inec-pu-660403,ng-state-ogun,"OPEN SPACE AT OPENIYI JUNCTION/ OGUNDELE STREET,",INEC_CVR_PU,660403,,inec-lga-564,,state-assembly-sc-747-og,inec-ward-6460
POLLING_UNIT,inec-pu-660404,ng-state-ogun,OPEN SPACE AT YEMISI AKERELE/ADENIJI ALABI JUNCTION,INEC_CVR_PU,660404,,inec-lga-564,,state-assembly-sc-747-og,inec-ward-6460
POLLING_UNIT,inec-pu-660405,ng-state-ogun,OPEN SPACE AT ORISUNBARE/GASLINE JUNCTION,INEC_CVR_PU,660405,,inec-lga-564,,state-assembly-sc-747-og,inec-ward-6460
POLLING_UNIT,inec-pu-660406,ng-state-ogun,"AWANIREKAN COMMUNITY ESTATE GATE, GASLINE",INEC_CVR_PU,660406,,inec-lga-564,,state-assembly-sc-747-og,inec-ward-6460
POLLING_UNIT,inec-pu-660407,ng-state-ogun,"MECHANIC VILLAGE, OLAOTAN STREET, IJOKO",INEC_CVR_PU,660407,,inec-lga-564,,state-assembly-sc-747-og,inec-ward-6460
POLLING_UNIT,inec-pu-660408,ng-state-ogun,"OPEN SPACE AT ARAROMI JUNCTION, ARIJE",INEC_CVR_PU,660408,,inec-lga-564,,state-assembly-sc-747-og,inec-ward-6460
POLLING_UNIT,inec-pu-660409,ng-state-ogun,"PONRAELE JUNCTION, BEHIND MOSHLAD HOTEL ARIJE.",INEC_CVR_PU,660409,,inec-lga-564,,state-assembly-sc-747-og,inec-ward-6460
POLLING_UNIT,inec-pu-660410,ng-state-ogun,"OPEN SPACE AT COKER ESTATE BY AKUNLE ADEBAYO CLOSE JUNCTION, ARIJE",INEC_CVR_PU,660410,,inec-lga-564,,state-assembly-sc-747-og,inec-ward-6460
POLLING_UNIT,inec-pu-660411,ng-state-ogun,"OPEN SPACE AT OREMEJI STREET, AKINDE JUNCTION ARIJELORO.",INEC_CVR_PU,660411,,inec-lga-564,,state-assembly-sc-747-og,inec-ward-6460
POLLING_UNIT,inec-pu-660412,ng-state-ogun,"OPEN SPACE AT VERDEC JUNCTION, IJOKO",INEC_CVR_PU,660412,,inec-lga-564,,state-assembly-sc-747-og,inec-ward-6460
POLLING_UNIT,inec-pu-660413,ng-state-ogun,"BESIDE TRANSFORMER ABANIKOLE JUNCTION, IJOKO",INEC_CVR_PU,660413,,inec-lga-564,,state-assembly-sc-747-og,inec-ward-6460
POLLING_UNIT,inec-pu-660414,ng-state-ogun,"OPEN SPACE AT KSTAR JUNCTION, ABANIKOLE, IJOKO",INEC_CVR_PU,660414,,inec-lga-564,,state-assembly-sc-747-og,inec-ward-6460
WARD,inec-ward-6461,ng-state-ogun,ATAN,INEC_CVR_WARD,6461,,inec-lga-564,,state-assembly-sc-747-og,
POLLING_UNIT,inec-pu-90321,ng-state-ogun,U.A.C. SCHOOL KOKO,INEC_CVR_PU,90321,,inec-lga-564,,state-assembly-sc-747-og,inec-ward-6461
POLLING_UNIT,inec-pu-90322,ng-state-ogun,N.U.D. SCHOOL ATAN I,INEC_CVR_PU,90322,,inec-lga-564,,state-assembly-sc-747-og,inec-ward-6461
POLLING_UNIT,inec-pu-90323,ng-state-ogun,A/C SCHOOL LEMOMU,INEC_CVR_PU,90323,,inec-lga-564,,state-assembly-sc-747-og,inec-ward-6461
POLLING_UNIT,inec-pu-90324,ng-state-ogun,UNITED PRY. SCH. AJEGUNLE,INEC_CVR_PU,90324,,inec-lga-564,,state-assembly-sc-747-og,inec-ward-6461
POLLING_UNIT,inec-pu-90325,ng-state-ogun,EGUNLA AKINBO VILLAGE,INEC_CVR_PU,90325,,inec-lga-564,,state-assembly-sc-747-og,inec-ward-6461
POLLING_UNIT,inec-pu-90326,ng-state-ogun,ERINLE PRY SCHOOL,INEC_CVR_PU,90326,,inec-lga-564,,state-assembly-sc-747-og,inec-ward-6461
POLLING_UNIT,inec-pu-90327,ng-state-ogun,A.C. SCH. ONSE OLOSE,INEC_CVR_PU,90327,,inec-lga-564,,state-assembly-sc-747-og,inec-ward-6461
POLLING_UNIT,inec-pu-90328,ng-state-ogun,ADEKOYENI VILLAGE,INEC_CVR_PU,90328,,inec-lga-564,,state-assembly-sc-747-og,inec-ward-6461
POLLING_UNIT,inec-pu-90329,ng-state-ogun,O.L.G. KAJOLA - IBOORO,INEC_CVR_PU,90329,,inec-lga-564,,state-assembly-sc-747-og,inec-ward-6461
POLLING_UNIT,inec-pu-90330,ng-state-ogun,METH. PRY SCH. OKE-ORE,INEC_CVR_PU,90330,,inec-lga-564,,state-assembly-sc-747-og,inec-ward-6461
POLLING_UNIT,inec-pu-90331,ng-state-ogun,ST. PAUL'S ONIGBONGBO,INEC_CVR_PU,90331,,inec-lga-564,,state-assembly-sc-747-og,inec-ward-6461
POLLING_UNIT,inec-pu-90332,ng-state-ogun,A.C. SCHOOL ORITA,INEC_CVR_PU,90332,,inec-lga-564,,state-assembly-sc-747-og,inec-ward-6461
POLLING_UNIT,inec-pu-90333,ng-state-ogun,AJIBAWO VILLAGE,INEC_CVR_PU,90333,,inec-lga-564,,state-assembly-sc-747-og,inec-ward-6461
POLLING_UNIT,inec-pu-90334,ng-state-ogun,A/C SCHOOL IGBELE-AJANA,INEC_CVR_PU,90334,,inec-lga-564,,state-assembly-sc-747-og,inec-ward-6461
POLLING_UNIT,inec-pu-90335,ng-state-ogun,O.L.G. SCHOOL ADEKANBI,INEC_CVR_PU,90335,,inec-lga-564,,state-assembly-sc-747-og,inec-ward-6461
POLLING_UNIT,inec-pu-90336,ng-state-ogun,OLD ATAN MOTOR PARK,INEC_CVR_PU,90336,,inec-lga-564,,state-assembly-sc-747-og,inec-ward-6461
POLLING_UNIT,inec-pu-90337,ng-state-ogun,ABULE TISA,INEC_CVR_PU,90337,,inec-lga-564,,state-assembly-sc-747-og,inec-ward-6461
POLLING_UNIT,inec-pu-90338,ng-state-ogun,ISAGA ONLADO,INEC_CVR_PU,90338,,inec-lga-564,,state-assembly-sc-747-og,inec-ward-6461
POLLING_UNIT,inec-pu-90339,ng-state-ogun,N.U.D. ATAN II,INEC_CVR_PU,90339,,inec-lga-564,,state-assembly-sc-747-og,inec-ward-6461
POLLING_UNIT,inec-pu-90340,ng-state-ogun,AMODE VILLAGE,INEC_CVR_PU,90340,,inec-lga-564,,state-assembly-sc-747-og,inec-ward-6461
POLLING_UNIT,inec-pu-660339,ng-state-ogun,IN FRONT OF SAWMILL AT MOLASIN ROAD OPPOSITE WEATHER WORK SHOP,INEC_CVR_PU,660339,,inec-lga-564,,state-assembly-sc-747-og,inec-ward-6461
POLLING_UNIT,inec-pu-660340,ng-state-ogun,"IN FRONT OF TRANSFORMER AT AYORINDE STREET, AJIBAWO ATAN",INEC_CVR_PU,660340,,inec-lga-564,,state-assembly-sc-747-og,inec-ward-6461
POLLING_UNIT,inec-pu-660341,ng-state-ogun,OPEN SPACE AT OLUKADE ROAD OKE ORE ATAN,INEC_CVR_PU,660341,,inec-lga-564,,state-assembly-sc-747-og,inec-ward-6461
POLLING_UNIT,inec-pu-660342,ng-state-ogun,UNITY HIGH SCHOOL KAJOLA,INEC_CVR_PU,660342,,inec-lga-564,,state-assembly-sc-747-og,inec-ward-6461
POLLING_UNIT,inec-pu-660343,ng-state-ogun,OPEN SPACE AT IDAN JESU JUNCTION OLORUNDA MAKU ATAN,INEC_CVR_PU,660343,,inec-lga-564,,state-assembly-sc-747-og,inec-ward-6461
POLLING_UNIT,inec-pu-660344,ng-state-ogun,"IN FRONT OF TRANSFORMER AT ANUOLUWAPO STREET, OFF AJEGUNLE ROAD AJIBAWO, ATAN",INEC_CVR_PU,660344,,inec-lga-564,,state-assembly-sc-747-og,inec-ward-6461
POLLING_UNIT,inec-pu-660345,ng-state-ogun,IN FRONT OF TRANSFORMER OPP PROGRESSIVE STREET PEACELAND AJEGUNLE ATAN,INEC_CVR_PU,660345,,inec-lga-564,,state-assembly-sc-747-og,inec-ward-6461
POLLING_UNIT,inec-pu-660346,ng-state-ogun,OPEN SPACE OPP KLM1 AJEGUNLE ROAD ATAN,INEC_CVR_PU,660346,,inec-lga-564,,state-assembly-sc-747-og,inec-ward-6461
POLLING_UNIT,inec-pu-660347,ng-state-ogun,OPEN SPACE AT C4 JUNCTION KAJOLA ROAD ATAN,INEC_CVR_PU,660347,,inec-lga-564,,state-assembly-sc-747-og,inec-ward-6461
POLLING_UNIT,inec-pu-660348,ng-state-ogun,"BESIDE TRANSFORMER AT KAJOLA JUNCTION, ATAN",INEC_CVR_PU,660348,,inec-lga-564,,state-assembly-sc-747-og,inec-ward-6461
POLLING_UNIT,inec-pu-660349,ng-state-ogun,IN FRONT OF TRANSFORMER AT ABIODUN ADETOKUN STREET ATAN,INEC_CVR_PU,660349,,inec-lga-564,,state-assembly-sc-747-og,inec-ward-6461
POLLING_UNIT,inec-pu-660350,ng-state-ogun,"OPEN SPACE KETU ORIYOMI ROAD, BY IRE OLUWA STREET, JUNCTION ATAN",INEC_CVR_PU,660350,,inec-lga-564,,state-assembly-sc-747-og,inec-ward-6461
POLLING_UNIT,inec-pu-660351,ng-state-ogun,"BESIDE TRANSFORMER, AT JUMMY JUNCTION OLOKOPUPO ROAD",INEC_CVR_PU,660351,,inec-lga-564,,state-assembly-sc-747-og,inec-ward-6461
POLLING_UNIT,inec-pu-660352,ng-state-ogun,COMMUNITY HALL ONIGBONGBO PHASE II,INEC_CVR_PU,660352,,inec-lga-564,,state-assembly-sc-747-og,inec-ward-6461
POLLING_UNIT,inec-pu-660353,ng-state-ogun,COMMUNITY HALL AGORO ONIGBONGBO,INEC_CVR_PU,660353,,inec-lga-564,,state-assembly-sc-747-og,inec-ward-6461
POLLING_UNIT,inec-pu-660354,ng-state-ogun,VILLAGE SQUARE ILEWO ALAGA,INEC_CVR_PU,660354,,inec-lga-564,,state-assembly-sc-747-og,inec-ward-6461
POLLING_UNIT,inec-pu-660355,ng-state-ogun,LGA PRY SCHOOL ILEWO ALAGA,INEC_CVR_PU,660355,,inec-lga-564,,state-assembly-sc-747-og,inec-ward-6461
POLLING_UNIT,inec-pu-660356,ng-state-ogun,"OPEN SPACE TOBALASE BUSTOP, AJIBAWO",INEC_CVR_PU,660356,,inec-lga-564,,state-assembly-sc-747-og,inec-ward-6461
POLLING_UNIT,inec-pu-660357,ng-state-ogun,OPEN SPACE AT AKINLOLU CAR WASH BUS STOP OLORUNSOGO OKE ORE.,INEC_CVR_PU,660357,,inec-lga-564,,state-assembly-sc-747-og,inec-ward-6461
POLLING_UNIT,inec-pu-660358,ng-state-ogun,"OPEN SPACE AT IGBO OPE JUNCTION, AGBEDI ROAD, ONSHE OLOSE",INEC_CVR_PU,660358,,inec-lga-564,,state-assembly-sc-747-og,inec-ward-6461
POLLING_UNIT,inec-pu-660359,ng-state-ogun,"OPEN SPACE AT KATA ROAD, AJEGUNLE",INEC_CVR_PU,660359,,inec-lga-564,,state-assembly-sc-747-og,inec-ward-6461
WARD,inec-ward-6462,ng-state-ogun,IJU,INEC_CVR_WARD,6462,,inec-lga-564,,state-assembly-sc-747-og,
POLLING_UNIT,inec-pu-90341,ng-state-ogun,IJU EBIYE HIGH SCHOOL,INEC_CVR_PU,90341,,inec-lga-564,,state-assembly-sc-747-og,inec-ward-6462
POLLING_UNIT,inec-pu-90342,ng-state-ogun,L.G. SCHOOL OKO-OMI,INEC_CVR_PU,90342,,inec-lga-564,,state-assembly-sc-747-og,inec-ward-6462
POLLING_UNIT,inec-pu-90343,ng-state-ogun,A/C SCHOOL MESAN,INEC_CVR_PU,90343,,inec-lga-564,,state-assembly-sc-747-og,inec-ward-6462
POLLING_UNIT,inec-pu-90344,ng-state-ogun,L.G. SCHOOL OBERE,INEC_CVR_PU,90344,,inec-lga-564,,state-assembly-sc-747-og,inec-ward-6462
POLLING_UNIT,inec-pu-90345,ng-state-ogun,A/C SCHOOL ONIBUKU,INEC_CVR_PU,90345,,inec-lga-564,,state-assembly-sc-747-og,inec-ward-6462
POLLING_UNIT,inec-pu-90346,ng-state-ogun,ORE AKINDE VILLAGE,INEC_CVR_PU,90346,,inec-lga-564,,state-assembly-sc-747-og,inec-ward-6462
POLLING_UNIT,inec-pu-90347,ng-state-ogun,A/C SCHOOL OSUKE,INEC_CVR_PU,90347,,inec-lga-564,,state-assembly-sc-747-og,inec-ward-6462
POLLING_UNIT,inec-pu-90348,ng-state-ogun,AYETORO OPEN SPACE,INEC_CVR_PU,90348,,inec-lga-564,,state-assembly-sc-747-og,inec-ward-6462
POLLING_UNIT,inec-pu-90349,ng-state-ogun,R.C.M. SCHOOL IDIMU,INEC_CVR_PU,90349,,inec-lga-564,,state-assembly-sc-747-og,inec-ward-6462
POLLING_UNIT,inec-pu-90350,ng-state-ogun,ST. PETER'S SCHOOL IYESI,INEC_CVR_PU,90350,,inec-lga-564,,state-assembly-sc-747-og,inec-ward-6462
POLLING_UNIT,inec-pu-90351,ng-state-ogun,L.G SCHOOL ITORI,INEC_CVR_PU,90351,,inec-lga-564,,state-assembly-sc-747-og,inec-ward-6462
POLLING_UNIT,inec-pu-90352,ng-state-ogun,ILUPEJU COMM. PRY. SCHOOL I,INEC_CVR_PU,90352,,inec-lga-564,,state-assembly-sc-747-og,inec-ward-6462
POLLING_UNIT,inec-pu-90353,ng-state-ogun,HOUSING ESTATE,INEC_CVR_PU,90353,,inec-lga-564,,state-assembly-sc-747-og,inec-ward-6462
POLLING_UNIT,inec-pu-90354,ng-state-ogun,L.G SCHOOL ITELE,INEC_CVR_PU,90354,,inec-lga-564,,state-assembly-sc-747-og,inec-ward-6462
POLLING_UNIT,inec-pu-90355,ng-state-ogun,LAFENWA VILLAGE SQUARE,INEC_CVR_PU,90355,,inec-lga-564,,state-assembly-sc-747-og,inec-ward-6462
POLLING_UNIT,inec-pu-90356,ng-state-ogun,IJUEBIYE VILLAGE SQUARE,INEC_CVR_PU,90356,,inec-lga-564,,state-assembly-sc-747-og,inec-ward-6462
POLLING_UNIT,inec-pu-90357,ng-state-ogun,ILUPEJU COMM. PRY SCHOOL II,INEC_CVR_PU,90357,,inec-lga-564,,state-assembly-sc-747-og,inec-ward-6462
POLLING_UNIT,inec-pu-660415,ng-state-ogun,"OPEN SPACE AT DANGOTE JUNCTION, BABA ODE",INEC_CVR_PU,660415,,inec-lga-564,,state-assembly-sc-747-og,inec-ward-6462
POLLING_UNIT,inec-pu-660416,ng-state-ogun,BESIDE TRANSFORMER PHASE II AJAYI EGAN,INEC_CVR_PU,660416,,inec-lga-564,,state-assembly-sc-747-og,inec-ward-6462
POLLING_UNIT,inec-pu-660417,ng-state-ogun,"BESIDE TRANSFORMER NEAR PRESIDENT PAINT, IDEDO",INEC_CVR_PU,660417,,inec-lga-564,,state-assembly-sc-747-og,inec-ward-6462
POLLING_UNIT,inec-pu-660418,ng-state-ogun,"A.U.D PRIMARY SCHOOL, IJU",INEC_CVR_PU,660418,,inec-lga-564,,state-assembly-sc-747-og,inec-ward-6462
POLLING_UNIT,inec-pu-660419,ng-state-ogun,"BESIDE TRANSFORMER ADEALU, ISALE IJU",INEC_CVR_PU,660419,,inec-lga-564,,state-assembly-sc-747-og,inec-ward-6462
POLLING_UNIT,inec-pu-660420,ng-state-ogun,"SALVATION ARMY PRY SCHOOL, IJABA OTA",INEC_CVR_PU,660420,,inec-lga-564,,state-assembly-sc-747-og,inec-ward-6462
POLLING_UNIT,inec-pu-660421,ng-state-ogun,"OPPOSITE TRANSFORMER, ORIKOWONJO, IYESI",INEC_CVR_PU,660421,,inec-lga-564,,state-assembly-sc-747-og,inec-ward-6462
POLLING_UNIT,inec-pu-660422,ng-state-ogun,"BESIDE TRANSFORMER BY 5TH AVENUE JUNCTION, FERU, IYESI",INEC_CVR_PU,660422,,inec-lga-564,,state-assembly-sc-747-og,inec-ward-6462
POLLING_UNIT,inec-pu-660423,ng-state-ogun,"BESIDE TRANSFORMER ILASA TOWN, IYESI",INEC_CVR_PU,660423,,inec-lga-564,,state-assembly-sc-747-og,inec-ward-6462
POLLING_UNIT,inec-pu-660424,ng-state-ogun,"SURULERE ESTATE TOWN HALL, ILASA, IYESI",INEC_CVR_PU,660424,,inec-lga-564,,state-assembly-sc-747-og,inec-ward-6462
POLLING_UNIT,inec-pu-660425,ng-state-ogun,"OPEN SPACE AT ALOWONLE JUNCTION, IJU PHASE II",INEC_CVR_PU,660425,,inec-lga-564,,state-assembly-sc-747-og,inec-ward-6462
POLLING_UNIT,inec-pu-660426,ng-state-ogun,"BESIDE TRANSFORMER BY AJOLEWE STREET, NEW OBERE",INEC_CVR_PU,660426,,inec-lga-564,,state-assembly-sc-747-og,inec-ward-6462
POLLING_UNIT,inec-pu-660427,ng-state-ogun,"OPEN SPACE AT ISAGA ALA JUNCTION, OBERE",INEC_CVR_PU,660427,,inec-lga-564,,state-assembly-sc-747-og,inec-ward-6462
POLLING_UNIT,inec-pu-660428,ng-state-ogun,"OPEN SPACE OPPOSITE WONDERLAND, IDI IROKO ROAD",INEC_CVR_PU,660428,,inec-lga-564,,state-assembly-sc-747-og,inec-ward-6462
POLLING_UNIT,inec-pu-660429,ng-state-ogun,"OPEN SPACE OPPOSITE CANAANLAND, OTA",INEC_CVR_PU,660429,,inec-lga-564,,state-assembly-sc-747-og,inec-ward-6462
POLLING_UNIT,inec-pu-660430,ng-state-ogun,TRANSFORMER BASE OJU OTUKU JUNCTION EGUSI OTA,INEC_CVR_PU,660430,,inec-lga-564,,state-assembly-sc-747-og,inec-ward-6462
POLLING_UNIT,inec-pu-660431,ng-state-ogun,"EGUSI ACDC HEALTH CENTRE, EGUSI OTA",INEC_CVR_PU,660431,,inec-lga-564,,state-assembly-sc-747-og,inec-ward-6462
POLLING_UNIT,inec-pu-660432,ng-state-ogun,"OPEN SPACE AT CELE NLA JUNCTION, IGBEREN",INEC_CVR_PU,660432,,inec-lga-564,,state-assembly-sc-747-og,inec-ward-6462
POLLING_UNIT,inec-pu-660433,ng-state-ogun,"OBA MOSHOOD OYEDE COMMUNITY PRIMARY SCHOOL, ONIPANU",INEC_CVR_PU,660433,,inec-lga-564,,state-assembly-sc-747-og,inec-ward-6462
POLLING_UNIT,inec-pu-660434,ng-state-ogun,"COMMUNITY HALL, DADA ASALA",INEC_CVR_PU,660434,,inec-lga-564,,state-assembly-sc-747-og,inec-ward-6462
POLLING_UNIT,inec-pu-660435,ng-state-ogun,BESIDE TRANSFORMER IJEGEMO ORUKU,INEC_CVR_PU,660435,,inec-lga-564,,state-assembly-sc-747-og,inec-ward-6462
POLLING_UNIT,inec-pu-660436,ng-state-ogun,"OPEN SPACE AT ONIGBIN ROUNDABOUT, ONIGBIN",INEC_CVR_PU,660436,,inec-lga-564,,state-assembly-sc-747-og,inec-ward-6462
POLLING_UNIT,inec-pu-660437,ng-state-ogun,ANSAR-UD-DEEN COMPREHENSIVE HIGH SCHOOL LAFENWA ITELE,INEC_CVR_PU,660437,,inec-lga-564,,state-assembly-sc-747-og,inec-ward-6462
POLLING_UNIT,inec-pu-660438,ng-state-ogun,"OPEN SPACE AT ONE ACCORD JUNCTION, ILEGBEDE ALAFIA ITELE",INEC_CVR_PU,660438,,inec-lga-564,,state-assembly-sc-747-og,inec-ward-6462
POLLING_UNIT,inec-pu-660439,ng-state-ogun,OPEN SPACE AT AIYEGBAJEJE JUNCTION OLUGBODE ROAD ITELE,INEC_CVR_PU,660439,,inec-lga-564,,state-assembly-sc-747-og,inec-ward-6462
POLLING_UNIT,inec-pu-660440,ng-state-ogun,"ANSAR-UD-DEEN PRY SCHOOL, ADELEYE ALAAGBA ITELE",INEC_CVR_PU,660440,,inec-lga-564,,state-assembly-sc-747-og,inec-ward-6462
POLLING_UNIT,inec-pu-660441,ng-state-ogun,"EJIGUN AGBEDE COMMUNITY TOWN HALL, EJIGUN ITELE",INEC_CVR_PU,660441,,inec-lga-564,,state-assembly-sc-747-og,inec-ward-6462
POLLING_UNIT,inec-pu-660442,ng-state-ogun,OPEN SPACE AT IFELODUN JUNCTION KOGI TOWN ITELE,INEC_CVR_PU,660442,,inec-lga-564,,state-assembly-sc-747-og,inec-ward-6462
POLLING_UNIT,inec-pu-660443,ng-state-ogun,"IN FRONT OF TRANSFORMER AT ALHAJA OKETENTE JUNCTION, CASHIER AREA, ITELE",INEC_CVR_PU,660443,,inec-lga-564,,state-assembly-sc-747-og,inec-ward-6462
POLLING_UNIT,inec-pu-660444,ng-state-ogun,OPEN SPACE AT MORKAS JUNCTION APARADIJA ITELE,INEC_CVR_PU,660444,,inec-lga-564,,state-assembly-sc-747-og,inec-ward-6462
POLLING_UNIT,inec-pu-660445,ng-state-ogun,ST PETERS PRY SCHOOL ODAN OTUN ITELE,INEC_CVR_PU,660445,,inec-lga-564,,state-assembly-sc-747-og,inec-ward-6462
POLLING_UNIT,inec-pu-660446,ng-state-ogun,"COMMUNITY HEALTH CENTRE, AIYETORO",INEC_CVR_PU,660446,,inec-lga-564,,state-assembly-sc-747-og,inec-ward-6462
POLLING_UNIT,inec-pu-660447,ng-state-ogun,"OPEN SPACE AT DANGOTE JUNCTION, ITELE",INEC_CVR_PU,660447,,inec-lga-564,,state-assembly-sc-747-og,inec-ward-6462
POLLING_UNIT,inec-pu-660448,ng-state-ogun,"OPEN SPACE AT AJANA ORO JUNCTION, AIYETORO",INEC_CVR_PU,660448,,inec-lga-564,,state-assembly-sc-747-og,inec-ward-6462
POLLING_UNIT,inec-pu-660449,ng-state-ogun,OPEN SPACE AT GBAGOBIAJELE JUNCTION AIYETORO,INEC_CVR_PU,660449,,inec-lga-564,,state-assembly-sc-747-og,inec-ward-6462
POLLING_UNIT,inec-pu-660450,ng-state-ogun,TOWN HALL AJAYI-EGAN,INEC_CVR_PU,660450,,inec-lga-564,,state-assembly-sc-747-og,inec-ward-6462
POLLING_UNIT,inec-pu-660451,ng-state-ogun,"COMMUNITY DEVELOPMENT MARKET, SOKENU",INEC_CVR_PU,660451,,inec-lga-564,,state-assembly-sc-747-og,inec-ward-6462
POLLING_UNIT,inec-pu-660452,ng-state-ogun,"COMMUNITY MATERNITY CENTRE, IPETU BABA ODE",INEC_CVR_PU,660452,,inec-lga-564,,state-assembly-sc-747-og,inec-ward-6462
POLLING_UNIT,inec-pu-660453,ng-state-ogun,"BESIDE TRANSFORMER BY AGBENIGA/MESAN ROAD , AGBENIGA",INEC_CVR_PU,660453,,inec-lga-564,,state-assembly-sc-747-og,inec-ward-6462
POLLING_UNIT,inec-pu-660454,ng-state-ogun,"VILLAGE SQUARE, ISALE IJU",INEC_CVR_PU,660454,,inec-lga-564,,state-assembly-sc-747-og,inec-ward-6462
POLLING_UNIT,inec-pu-660455,ng-state-ogun,"BESIDE ABANISE TRANSFORMER ON MORICAS ROAD, EGUSI",INEC_CVR_PU,660455,,inec-lga-564,,state-assembly-sc-747-og,inec-ward-6462
POLLING_UNIT,inec-pu-660456,ng-state-ogun,"OPEN SPACE AT ABIODUN FALADE/TEMIDIRE JUNCTION, FASOGBON EGUSI",INEC_CVR_PU,660456,,inec-lga-564,,state-assembly-sc-747-og,inec-ward-6462
POLLING_UNIT,inec-pu-660457,ng-state-ogun,"NEPA JUNCTION, ORI OKUTA, IGBENREN",INEC_CVR_PU,660457,,inec-lga-564,,state-assembly-sc-747-og,inec-ward-6462
POLLING_UNIT,inec-pu-660458,ng-state-ogun,"COMMUNITY GRAMMAR, ISOKAN, AJENIFUJA",INEC_CVR_PU,660458,,inec-lga-564,,state-assembly-sc-747-og,inec-ward-6462
POLLING_UNIT,inec-pu-660459,ng-state-ogun,"ABOLOYIN HEALTH POST, ABOLOYIN",INEC_CVR_PU,660459,,inec-lga-564,,state-assembly-sc-747-og,inec-ward-6462
POLLING_UNIT,inec-pu-660460,ng-state-ogun,"OPEN SPACE AT SARAKI, OLOKO POWERLINE",INEC_CVR_PU,660460,,inec-lga-564,,state-assembly-sc-747-og,inec-ward-6462
POLLING_UNIT,inec-pu-660461,ng-state-ogun,"OPEN SPACE AT SURVEYOR JUNCTION, ELEJIGBO PHASE 1",INEC_CVR_PU,660461,,inec-lga-564,,state-assembly-sc-747-og,inec-ward-6462
POLLING_UNIT,inec-pu-660462,ng-state-ogun,BESIDE TRANSFORMER TANISEWU JUNCTION BAMISEBI ITELE IJU,INEC_CVR_PU,660462,,inec-lga-564,,state-assembly-sc-747-og,inec-ward-6462
POLLING_UNIT,inec-pu-660463,ng-state-ogun,"BESIDE TRANSFORMER, POWERLINE, ONIFADE",INEC_CVR_PU,660463,,inec-lga-564,,state-assembly-sc-747-og,inec-ward-6462
POLLING_UNIT,inec-pu-660464,ng-state-ogun,"OPEN SPACE AT OLADEINDE OMOLOYE/OLOWOLAGBA JUNCTION BY OBASANJO FENCE, KAJOLA ITELE",INEC_CVR_PU,660464,,inec-lga-564,,state-assembly-sc-747-og,inec-ward-6462
POLLING_UNIT,inec-pu-660465,ng-state-ogun,"OPEN SPACE AT HENRY AKANDE/ OLATEJU ADESINA JUNCTION, SENUKORO, ITELE",INEC_CVR_PU,660465,,inec-lga-564,,state-assembly-sc-747-og,inec-ward-6462
POLLING_UNIT,inec-pu-660466,ng-state-ogun,"OPEN SPACE AT EWEJE POWERLINE JUNCTION, OGUNTEDO",INEC_CVR_PU,660466,,inec-lga-564,,state-assembly-sc-747-og,inec-ward-6462
POLLING_UNIT,inec-pu-660467,ng-state-ogun,"QUEENS AVENUE/ BENJA JUNCTION, BENJA EGUSI",INEC_CVR_PU,660467,,inec-lga-564,,state-assembly-sc-747-og,inec-ward-6462
POLLING_UNIT,inec-pu-660468,ng-state-ogun,"COMMUNITY HALL, PROMISE ESTATE, ITORI",INEC_CVR_PU,660468,,inec-lga-564,,state-assembly-sc-747-og,inec-ward-6462
POLLING_UNIT,inec-pu-660469,ng-state-ogun,"POLICE CHILDRENS SCHOOL, OSUKE",INEC_CVR_PU,660469,,inec-lga-564,,state-assembly-sc-747-og,inec-ward-6462
POLLING_UNIT,inec-pu-660470,ng-state-ogun,"OPEN SPACE AT HOLY MICHAEL BUSSTOP, TETEDE OSUKE",INEC_CVR_PU,660470,,inec-lga-564,,state-assembly-sc-747-og,inec-ward-6462
POLLING_UNIT,inec-pu-660471,ng-state-ogun,"OPEN SPACE AT AWORO BUSSTOP, OSUKE",INEC_CVR_PU,660471,,inec-lga-564,,state-assembly-sc-747-og,inec-ward-6462
POLLING_UNIT,inec-pu-660472,ng-state-ogun,"BESIDE TRANSFORMER, ORIADE/ETIM UDO JUNCTION, IYESI",INEC_CVR_PU,660472,,inec-lga-564,,state-assembly-sc-747-og,inec-ward-6462
POLLING_UNIT,inec-pu-660473,ng-state-ogun,"OPEN SPACE AT LOVE ESTATE GATE 1, OSUKE ROAD, OSUKE",INEC_CVR_PU,660473,,inec-lga-564,,state-assembly-sc-747-og,inec-ward-6462
WARD,inec-ward-6463,ng-state-ogun,ILOGBO,INEC_CVR_WARD,6463,,inec-lga-564,,state-assembly-sc-747-og,
POLLING_UNIT,inec-pu-90358,ng-state-ogun,A/C SCHOOL ILOGBO,INEC_CVR_PU,90358,,inec-lga-564,,state-assembly-sc-747-og,inec-ward-6463
POLLING_UNIT,inec-pu-90359,ng-state-ogun,LIASU BALOGUN,INEC_CVR_PU,90359,,inec-lga-564,,state-assembly-sc-747-og,inec-ward-6463
POLLING_UNIT,inec-pu-90360,ng-state-ogun,IDIAGBON,INEC_CVR_PU,90360,,inec-lga-564,,state-assembly-sc-747-og,inec-ward-6463
POLLING_UNIT,inec-pu-90361,ng-state-ogun,L.G. SCHOOL OLORUNDA - AGANNA,INEC_CVR_PU,90361,,inec-lga-564,,state-assembly-sc-747-og,inec-ward-6463
POLLING_UNIT,inec-pu-90362,ng-state-ogun,L.G. SCHOOL JOGA,INEC_CVR_PU,90362,,inec-lga-564,,state-assembly-sc-747-og,inec-ward-6463
POLLING_UNIT,inec-pu-90363,ng-state-ogun,AJOGBO GRAMMAR SCHOOL,INEC_CVR_PU,90363,,inec-lga-564,,state-assembly-sc-747-og,inec-ward-6463
POLLING_UNIT,inec-pu-90364,ng-state-ogun,OWODE PRY. SCHOOL I,INEC_CVR_PU,90364,,inec-lga-564,,state-assembly-sc-747-og,inec-ward-6463
POLLING_UNIT,inec-pu-90365,ng-state-ogun,OWODE TITUN,INEC_CVR_PU,90365,,inec-lga-564,,state-assembly-sc-747-og,inec-ward-6463
POLLING_UNIT,inec-pu-90366,ng-state-ogun,TIGBO VILLAGE,INEC_CVR_PU,90366,,inec-lga-564,,state-assembly-sc-747-og,inec-ward-6463
POLLING_UNIT,inec-pu-90367,ng-state-ogun,L.G SCHOOL KONIFEWO,INEC_CVR_PU,90367,,inec-lga-564,,state-assembly-sc-747-og,inec-ward-6463
POLLING_UNIT,inec-pu-90368,ng-state-ogun,IJAKO PRY. SCHOOL,INEC_CVR_PU,90368,,inec-lga-564,,state-assembly-sc-747-og,inec-ward-6463
POLLING_UNIT,inec-pu-90369,ng-state-ogun,OLUWATEDO ALADE ROAD,INEC_CVR_PU,90369,,inec-lga-564,,state-assembly-sc-747-og,inec-ward-6463
POLLING_UNIT,inec-pu-90370,ng-state-ogun,IYANA ILOGBO TIGBO,INEC_CVR_PU,90370,,inec-lga-564,,state-assembly-sc-747-og,inec-ward-6463
POLLING_UNIT,inec-pu-90371,ng-state-ogun,ISOROSI IJAKO,INEC_CVR_PU,90371,,inec-lga-564,,state-assembly-sc-747-og,inec-ward-6463
POLLING_UNIT,inec-pu-90372,ng-state-ogun,ABDUL VILLAGE,INEC_CVR_PU,90372,,inec-lga-564,,state-assembly-sc-747-og,inec-ward-6463
POLLING_UNIT,inec-pu-90373,ng-state-ogun,MOSAFEJO,INEC_CVR_PU,90373,,inec-lga-564,,state-assembly-sc-747-og,inec-ward-6463
POLLING_UNIT,inec-pu-90374,ng-state-ogun,LESI,INEC_CVR_PU,90374,,inec-lga-564,,state-assembly-sc-747-og,inec-ward-6463
POLLING_UNIT,inec-pu-90375,ng-state-ogun,ONIYANMO,INEC_CVR_PU,90375,,inec-lga-564,,state-assembly-sc-747-og,inec-ward-6463
POLLING_UNIT,inec-pu-90376,ng-state-ogun,EWUPE,INEC_CVR_PU,90376,,inec-lga-564,,state-assembly-sc-747-og,inec-ward-6463
POLLING_UNIT,inec-pu-90377,ng-state-ogun,ORENTE,INEC_CVR_PU,90377,,inec-lga-564,,state-assembly-sc-747-og,inec-ward-6463
POLLING_UNIT,inec-pu-660474,ng-state-ogun,"COMMUNITY PRIMARY SCHOOL, IWOYE",INEC_CVR_PU,660474,,inec-lga-564,,state-assembly-sc-747-og,inec-ward-6463
POLLING_UNIT,inec-pu-660475,ng-state-ogun,"OPEN SPACE AT JOHN AGBOKEYE JUNCTION, ILOGBO ROAD",INEC_CVR_PU,660475,,inec-lga-564,,state-assembly-sc-747-og,inec-ward-6463
POLLING_UNIT,inec-pu-660476,ng-state-ogun,"OBA TALABI MARKET, ILOGBO",INEC_CVR_PU,660476,,inec-lga-564,,state-assembly-sc-747-og,inec-ward-6463
POLLING_UNIT,inec-pu-660477,ng-state-ogun,"OPEN SPACE, ORITA PREM , OLUGBA",INEC_CVR_PU,660477,,inec-lga-564,,state-assembly-sc-747-og,inec-ward-6463
POLLING_UNIT,inec-pu-660478,ng-state-ogun,"ILOGBO ASOWO COMMUNITY HIGH SCHOOL, ILOGBO",INEC_CVR_PU,660478,,inec-lga-564,,state-assembly-sc-747-og,inec-ward-6463
POLLING_UNIT,inec-pu-660479,ng-state-ogun,"BAALE JUNCTION, BESIDE TRANSFORMER, ISOGUN",INEC_CVR_PU,660479,,inec-lga-564,,state-assembly-sc-747-og,inec-ward-6463
POLLING_UNIT,inec-pu-660480,ng-state-ogun,"OPEN SPACE ORI OKUTA, NEAR VIGILANTE OFFICE ILOGBO",INEC_CVR_PU,660480,,inec-lga-564,,state-assembly-sc-747-og,inec-ward-6463
POLLING_UNIT,inec-pu-660481,ng-state-ogun,"ARAROMI SPORT FIELD, ILEMIJAN",INEC_CVR_PU,660481,,inec-lga-564,,state-assembly-sc-747-og,inec-ward-6463
POLLING_UNIT,inec-pu-660482,ng-state-ogun,"LUTH CO-OPERATIVE ESTATE GATE, TIGBO ILU",INEC_CVR_PU,660482,,inec-lga-564,,state-assembly-sc-747-og,inec-ward-6463
POLLING_UNIT,inec-pu-660483,ng-state-ogun,"MATERNITY HEALTH CENTRE, OKE OSA",INEC_CVR_PU,660483,,inec-lga-564,,state-assembly-sc-747-og,inec-ward-6463
POLLING_UNIT,inec-pu-660484,ng-state-ogun,"OPEN SPACE BY SAWMILL, OKITIKAN",INEC_CVR_PU,660484,,inec-lga-564,,state-assembly-sc-747-og,inec-ward-6463
POLLING_UNIT,inec-pu-660485,ng-state-ogun,"OPPOSITE TRANSFORMER, CROWN ESTATE AJIBODE",INEC_CVR_PU,660485,,inec-lga-564,,state-assembly-sc-747-og,inec-ward-6463
POLLING_UNIT,inec-pu-660486,ng-state-ogun,"OPEN SPACE BY ADE ADE BLOCKS, EWUPE ROAD",INEC_CVR_PU,660486,,inec-lga-564,,state-assembly-sc-747-og,inec-ward-6463
POLLING_UNIT,inec-pu-660487,ng-state-ogun,"OPEN SPACE AT AGBARA OLUWA STREET JUNCTION,DESTINY ESTATE,EWUPE",INEC_CVR_PU,660487,,inec-lga-564,,state-assembly-sc-747-og,inec-ward-6463
POLLING_UNIT,inec-pu-660488,ng-state-ogun,COMMUNITY HEALTH CENTRE EWUPE IJALIYE,INEC_CVR_PU,660488,,inec-lga-564,,state-assembly-sc-747-og,inec-ward-6463
POLLING_UNIT,inec-pu-660489,ng-state-ogun,OPEN SPACE PROMISELAND JUNCTION EWUPE,INEC_CVR_PU,660489,,inec-lga-564,,state-assembly-sc-747-og,inec-ward-6463
POLLING_UNIT,inec-pu-660490,ng-state-ogun,"VILLAGE SQUARE, ISUNBA, IJIRI",INEC_CVR_PU,660490,,inec-lga-564,,state-assembly-sc-747-og,inec-ward-6463
POLLING_UNIT,inec-pu-660491,ng-state-ogun,"MARKET SQUARE, ISUNBA",INEC_CVR_PU,660491,,inec-lga-564,,state-assembly-sc-747-og,inec-ward-6463
POLLING_UNIT,inec-pu-660492,ng-state-ogun,"TIPPER GARAGE, OKE ODO, MERO",INEC_CVR_PU,660492,,inec-lga-564,,state-assembly-sc-747-og,inec-ward-6463
POLLING_UNIT,inec-pu-660493,ng-state-ogun,"BESIDE TRANSFORMER, BY DOKITA VILLAGE JUNCTION.",INEC_CVR_PU,660493,,inec-lga-564,,state-assembly-sc-747-og,inec-ward-6463
POLLING_UNIT,inec-pu-660494,ng-state-ogun,OPEN SPACE ALONG ILOGBO ROAD BY EGBUSI JUNCTION,INEC_CVR_PU,660494,,inec-lga-564,,state-assembly-sc-747-og,inec-ward-6463
POLLING_UNIT,inec-pu-660495,ng-state-ogun,"BESIDE PUBLIC WATER, TEMIDIRE, IJUMO",INEC_CVR_PU,660495,,inec-lga-564,,state-assembly-sc-747-og,inec-ward-6463
POLLING_UNIT,inec-pu-660496,ng-state-ogun,"OPEN SPACE AT ADEROJU AVENUE,BY FIRST ODO EJA JUNCTION.",INEC_CVR_PU,660496,,inec-lga-564,,state-assembly-sc-747-og,inec-ward-6463
POLLING_UNIT,inec-pu-660497,ng-state-ogun,"OPEN SPACE IN FRONT OF FOOTBALL PITCH, AJEROGUN",INEC_CVR_PU,660497,,inec-lga-564,,state-assembly-sc-747-og,inec-ward-6463
POLLING_UNIT,inec-pu-660498,ng-state-ogun,"OPEN SPACE AT ABAYOMI AKINGBEYIN JUNCTION, IDI OROGBO",INEC_CVR_PU,660498,,inec-lga-564,,state-assembly-sc-747-og,inec-ward-6463
POLLING_UNIT,inec-pu-660499,ng-state-ogun,"BESIDE TRANSFORMER AT IYANA ABULE JUNCTION,ILUDUN, ILEMIJAN",INEC_CVR_PU,660499,,inec-lga-564,,state-assembly-sc-747-og,inec-ward-6463
POLLING_UNIT,inec-pu-660500,ng-state-ogun,BESIDE TRANSFORMER AT SHAMSIDEEN LAWAL AVENUE,INEC_CVR_PU,660500,,inec-lga-564,,state-assembly-sc-747-og,inec-ward-6463
POLLING_UNIT,inec-pu-660501,ng-state-ogun,"BESIDE TRANSFORMER AT OJORA/ODERINDE JUNCTION, OWODE",INEC_CVR_PU,660501,,inec-lga-564,,state-assembly-sc-747-og,inec-ward-6463
POLLING_UNIT,inec-pu-660502,ng-state-ogun,OPEN SPACE AT OLUKOYI/ ALAFIA STREET JUNCTION,INEC_CVR_PU,660502,,inec-lga-564,,state-assembly-sc-747-og,inec-ward-6463
POLLING_UNIT,inec-pu-660503,ng-state-ogun,"MARKET SQUARE, IMISE, OWODE OTA",INEC_CVR_PU,660503,,inec-lga-564,,state-assembly-sc-747-og,inec-ward-6463
POLLING_UNIT,inec-pu-660504,ng-state-ogun,PREMISES OF OWODE OTA COMMUNITY GRAMMAR SCHOOL OWODE,INEC_CVR_PU,660504,,inec-lga-564,,state-assembly-sc-747-og,inec-ward-6463
POLLING_UNIT,inec-pu-660505,ng-state-ogun,"OPEN SPACE AT ELEKUNMEFA JUNCTION, OWODE OTA",INEC_CVR_PU,660505,,inec-lga-564,,state-assembly-sc-747-og,inec-ward-6463
POLLING_UNIT,inec-pu-660506,ng-state-ogun,"OPEN SPACE AT TUNDE ADELEYE/ PRINCE ADEWALE ADEYANJU ABEWALE STREET, ISHAKA",INEC_CVR_PU,660506,,inec-lga-564,,state-assembly-sc-747-og,inec-ward-6463
POLLING_UNIT,inec-pu-660507,ng-state-ogun,"INFRONT OF TRANSFORMER AT PETER ADEGBITE STREET, ISHAKA",INEC_CVR_PU,660507,,inec-lga-564,,state-assembly-sc-747-og,inec-ward-6463
POLLING_UNIT,inec-pu-660508,ng-state-ogun,INFRONT OF TRANSFORMER AT AKEEM OLADIMEJI JUNCTION STREET IJAKO,INEC_CVR_PU,660508,,inec-lga-564,,state-assembly-sc-747-og,inec-ward-6463
POLLING_UNIT,inec-pu-660509,ng-state-ogun,INFRONT OF TRANSFORMER AT DR J.J AYODEJI STREET BADA COMPLEX IJAKO ISHAKA,INEC_CVR_PU,660509,,inec-lga-564,,state-assembly-sc-747-og,inec-ward-6463
WARD,inec-ward-6464,ng-state-ogun,ADO ODO I,INEC_CVR_WARD,6464,,inec-lga-564,,state-assembly-sc-748-og,
POLLING_UNIT,inec-pu-90378,ng-state-ogun,"R.C.M. SCHOOL, OKE PADRE I",INEC_CVR_PU,90378,,inec-lga-564,,state-assembly-sc-748-og,inec-ward-6464
POLLING_UNIT,inec-pu-90379,ng-state-ogun,"R.C.M. SCHOOL, OKE PADRE II",INEC_CVR_PU,90379,,inec-lga-564,,state-assembly-sc-748-og,inec-ward-6464
POLLING_UNIT,inec-pu-90380,ng-state-ogun,IDOBARUN I,INEC_CVR_PU,90380,,inec-lga-564,,state-assembly-sc-748-og,inec-ward-6464
POLLING_UNIT,inec-pu-90381,ng-state-ogun,IDOBARUN II,INEC_CVR_PU,90381,,inec-lga-564,,state-assembly-sc-748-og,inec-ward-6464
POLLING_UNIT,inec-pu-90382,ng-state-ogun,EVENING MARKET I- OGONA,INEC_CVR_PU,90382,,inec-lga-564,,state-assembly-sc-748-og,inec-ward-6464
POLLING_UNIT,inec-pu-90383,ng-state-ogun,OJA ALE,INEC_CVR_PU,90383,,inec-lga-564,,state-assembly-sc-748-og,inec-ward-6464
POLLING_UNIT,inec-pu-90384,ng-state-ogun,"A.O.L.G. SCHOOL, ADO-ODO I",INEC_CVR_PU,90384,,inec-lga-564,,state-assembly-sc-748-og,inec-ward-6464
POLLING_UNIT,inec-pu-90385,ng-state-ogun,"A.O.L.G. SCHOOL, ADO-ODO II",INEC_CVR_PU,90385,,inec-lga-564,,state-assembly-sc-748-og,inec-ward-6464
POLLING_UNIT,inec-pu-90386,ng-state-ogun,L.G. SCHOOL OKE-OSI I,INEC_CVR_PU,90386,,inec-lga-564,,state-assembly-sc-748-og,inec-ward-6464
POLLING_UNIT,inec-pu-90387,ng-state-ogun,L.G. SCHOOL OKE-OSI II,INEC_CVR_PU,90387,,inec-lga-564,,state-assembly-sc-748-og,inec-ward-6464
POLLING_UNIT,inec-pu-90388,ng-state-ogun,U.A.M.C. SCHOOL ADO-ODO I,INEC_CVR_PU,90388,,inec-lga-564,,state-assembly-sc-748-og,inec-ward-6464
POLLING_UNIT,inec-pu-90389,ng-state-ogun,U.A.M.C. SCHOOL ADO-ODO II,INEC_CVR_PU,90389,,inec-lga-564,,state-assembly-sc-748-og,inec-ward-6464
POLLING_UNIT,inec-pu-90390,ng-state-ogun,R.C.M. SCHOOL ADO-ODO,INEC_CVR_PU,90390,,inec-lga-564,,state-assembly-sc-748-og,inec-ward-6464
POLLING_UNIT,inec-pu-90391,ng-state-ogun,MOTOR PARK,INEC_CVR_PU,90391,,inec-lga-564,,state-assembly-sc-748-og,inec-ward-6464
POLLING_UNIT,inec-pu-90392,ng-state-ogun,PUBLIC LIBRARY I,INEC_CVR_PU,90392,,inec-lga-564,,state-assembly-sc-748-og,inec-ward-6464
POLLING_UNIT,inec-pu-90393,ng-state-ogun,L.G SCHOOL IDI OGEDE,INEC_CVR_PU,90393,,inec-lga-564,,state-assembly-sc-748-og,inec-ward-6464
POLLING_UNIT,inec-pu-90394,ng-state-ogun,INFRONT OF ALHAJI ADEGBOLA'S HOUSE,INEC_CVR_PU,90394,,inec-lga-564,,state-assembly-sc-748-og,inec-ward-6464
POLLING_UNIT,inec-pu-90395,ng-state-ogun,IDOLOWU AREA,INEC_CVR_PU,90395,,inec-lga-564,,state-assembly-sc-748-og,inec-ward-6464
POLLING_UNIT,inec-pu-90396,ng-state-ogun,AGBARA/IGUFIN,INEC_CVR_PU,90396,,inec-lga-564,,state-assembly-sc-748-og,inec-ward-6464
POLLING_UNIT,inec-pu-90397,ng-state-ogun,TOWN HALL,INEC_CVR_PU,90397,,inec-lga-564,,state-assembly-sc-748-og,inec-ward-6464
POLLING_UNIT,inec-pu-660298,ng-state-ogun,OPEN SPACE AT OKE IGUFIN ILOMU TUNTUN,INEC_CVR_PU,660298,,inec-lga-564,,state-assembly-sc-748-og,inec-ward-6464
WARD,inec-ward-6465,ng-state-ogun,ADO ODO II,INEC_CVR_WARD,6465,,inec-lga-564,,state-assembly-sc-748-og,
POLLING_UNIT,inec-pu-90398,ng-state-ogun,METHODIST PRY. SCHOOL I,INEC_CVR_PU,90398,,inec-lga-564,,state-assembly-sc-748-og,inec-ward-6465
POLLING_UNIT,inec-pu-90399,ng-state-ogun,METHODIST PRY. SCHOOL II,INEC_CVR_PU,90399,,inec-lga-564,,state-assembly-sc-748-og,inec-ward-6465
POLLING_UNIT,inec-pu-90400,ng-state-ogun,A.U.D. SCHOOL ADO,INEC_CVR_PU,90400,,inec-lga-564,,state-assembly-sc-748-og,inec-ward-6465
POLLING_UNIT,inec-pu-90401,ng-state-ogun,AGUNLOYE MARKET I,INEC_CVR_PU,90401,,inec-lga-564,,state-assembly-sc-748-og,inec-ward-6465
POLLING_UNIT,inec-pu-90402,ng-state-ogun,L.G SCH. IJIGBO,INEC_CVR_PU,90402,,inec-lga-564,,state-assembly-sc-748-og,inec-ward-6465
POLLING_UNIT,inec-pu-90403,ng-state-ogun,OKULUKU,INEC_CVR_PU,90403,,inec-lga-564,,state-assembly-sc-748-og,inec-ward-6465
POLLING_UNIT,inec-pu-90404,ng-state-ogun,ITA EGUN-NLA II,INEC_CVR_PU,90404,,inec-lga-564,,state-assembly-sc-748-og,inec-ward-6465
POLLING_UNIT,inec-pu-90405,ng-state-ogun,ALL SAINTS SCHOOL ADO-ODO I,INEC_CVR_PU,90405,,inec-lga-564,,state-assembly-sc-748-og,inec-ward-6465
POLLING_UNIT,inec-pu-90406,ng-state-ogun,OPPOSITE DISPENSARY,INEC_CVR_PU,90406,,inec-lga-564,,state-assembly-sc-748-og,inec-ward-6465
POLLING_UNIT,inec-pu-90407,ng-state-ogun,ADO-ODO HIGH SCHOOL,INEC_CVR_PU,90407,,inec-lga-564,,state-assembly-sc-748-og,inec-ward-6465
POLLING_UNIT,inec-pu-90408,ng-state-ogun,ALAMUWA GRAMMAR SCHOOL,INEC_CVR_PU,90408,,inec-lga-564,,state-assembly-sc-748-og,inec-ward-6465
POLLING_UNIT,inec-pu-90409,ng-state-ogun,ITA EGUN KEKERE,INEC_CVR_PU,90409,,inec-lga-564,,state-assembly-sc-748-og,inec-ward-6465
POLLING_UNIT,inec-pu-90410,ng-state-ogun,ALL SAINT'S SCHOOL ADO II,INEC_CVR_PU,90410,,inec-lga-564,,state-assembly-sc-748-og,inec-ward-6465
POLLING_UNIT,inec-pu-90411,ng-state-ogun,INFRONT OF AMINA HOSTEL (ALAGBE ESTATE),INEC_CVR_PU,90411,,inec-lga-564,,state-assembly-sc-748-og,inec-ward-6465
POLLING_UNIT,inec-pu-90412,ng-state-ogun,"ALAGBE ESTATE, IMALE NFE ALAAFIA",INEC_CVR_PU,90412,,inec-lga-564,,state-assembly-sc-748-og,inec-ward-6465
POLLING_UNIT,inec-pu-660299,ng-state-ogun,"OPEN SPACE AT IGA AFAPE, ADO ODO",INEC_CVR_PU,660299,,inec-lga-564,,state-assembly-sc-748-og,inec-ward-6465
POLLING_UNIT,inec-pu-660300,ng-state-ogun,"OPEN SPACE AT ITA BOLODE, ADO ODO",INEC_CVR_PU,660300,,inec-lga-564,,state-assembly-sc-748-og,inec-ward-6465
POLLING_UNIT,inec-pu-660301,ng-state-ogun,OPEN SPACE AT OKULUKU 2 ADJACENT JAMAT MOSQ. OKULUKU,INEC_CVR_PU,660301,,inec-lga-564,,state-assembly-sc-748-og,inec-ward-6465
POLLING_UNIT,inec-pu-660302,ng-state-ogun,"OPEN SPACE AT WESLEY GUILD HOSPITAL, YIDI",INEC_CVR_PU,660302,,inec-lga-564,,state-assembly-sc-748-og,inec-ward-6465
POLLING_UNIT,inec-pu-660303,ng-state-ogun,"OPEN SPACE AT AFIJAGBOYE, IYANA ISALU",INEC_CVR_PU,660303,,inec-lga-564,,state-assembly-sc-748-og,inec-ward-6465
WARD,inec-ward-6466,ng-state-ogun,ERE,INEC_CVR_WARD,6466,,inec-lga-564,,state-assembly-sc-748-og,
POLLING_UNIT,inec-pu-90413,ng-state-ogun,ORITA IGBEKAN,INEC_CVR_PU,90413,,inec-lga-564,,state-assembly-sc-748-og,inec-ward-6466
POLLING_UNIT,inec-pu-90414,ng-state-ogun,METHODIST SCHOOL AGBOKU I,INEC_CVR_PU,90414,,inec-lga-564,,state-assembly-sc-748-og,inec-ward-6466
POLLING_UNIT,inec-pu-90415,ng-state-ogun,METHODIST SCHOOL AGBOKU II,INEC_CVR_PU,90415,,inec-lga-564,,state-assembly-sc-748-og,inec-ward-6466
POLLING_UNIT,inec-pu-90416,ng-state-ogun,HUNDO VILLAGE,INEC_CVR_PU,90416,,inec-lga-564,,state-assembly-sc-748-og,inec-ward-6466
POLLING_UNIT,inec-pu-90417,ng-state-ogun,L.G. SCHOOL AYEDE,INEC_CVR_PU,90417,,inec-lga-564,,state-assembly-sc-748-og,inec-ward-6466
POLLING_UNIT,inec-pu-90418,ng-state-ogun,ALAPARU IJEGEMO,INEC_CVR_PU,90418,,inec-lga-564,,state-assembly-sc-748-og,inec-ward-6466
POLLING_UNIT,inec-pu-90419,ng-state-ogun,TOYON HIGH SCHOOL,INEC_CVR_PU,90419,,inec-lga-564,,state-assembly-sc-748-og,inec-ward-6466
POLLING_UNIT,inec-pu-90420,ng-state-ogun,METHODIST SCHOOL ERE I,INEC_CVR_PU,90420,,inec-lga-564,,state-assembly-sc-748-og,inec-ward-6466
POLLING_UNIT,inec-pu-90421,ng-state-ogun,METHODIST SCHOOL ERE II,INEC_CVR_PU,90421,,inec-lga-564,,state-assembly-sc-748-og,inec-ward-6466
POLLING_UNIT,inec-pu-90422,ng-state-ogun,FOUR SQUARE CHURCH ILEJI,INEC_CVR_PU,90422,,inec-lga-564,,state-assembly-sc-748-og,inec-ward-6466
POLLING_UNIT,inec-pu-90423,ng-state-ogun,R.C.M. IKOGA - ILE,INEC_CVR_PU,90423,,inec-lga-564,,state-assembly-sc-748-og,inec-ward-6466
POLLING_UNIT,inec-pu-90424,ng-state-ogun,L.G. SCHOOL AKONSUN,INEC_CVR_PU,90424,,inec-lga-564,,state-assembly-sc-748-og,inec-ward-6466
POLLING_UNIT,inec-pu-90425,ng-state-ogun,U.A.M.C. SCHOOL OKANRAN,INEC_CVR_PU,90425,,inec-lga-564,,state-assembly-sc-748-og,inec-ward-6466
POLLING_UNIT,inec-pu-90426,ng-state-ogun,OKANRAN TAFI,INEC_CVR_PU,90426,,inec-lga-564,,state-assembly-sc-748-og,inec-ward-6466
POLLING_UNIT,inec-pu-90427,ng-state-ogun,"A/C SCHOOL, BANDU",INEC_CVR_PU,90427,,inec-lga-564,,state-assembly-sc-748-og,inec-ward-6466
POLLING_UNIT,inec-pu-90428,ng-state-ogun,RCM SCH. EROKO ERUKU,INEC_CVR_PU,90428,,inec-lga-564,,state-assembly-sc-748-og,inec-ward-6466
POLLING_UNIT,inec-pu-90429,ng-state-ogun,L.G. SCHOOL - IJEGEMO,INEC_CVR_PU,90429,,inec-lga-564,,state-assembly-sc-748-og,inec-ward-6466
POLLING_UNIT,inec-pu-90430,ng-state-ogun,ASOKERE VILLAGE SQUARE,INEC_CVR_PU,90430,,inec-lga-564,,state-assembly-sc-748-og,inec-ward-6466
POLLING_UNIT,inec-pu-90431,ng-state-ogun,IDOLEHIN ISALE,INEC_CVR_PU,90431,,inec-lga-564,,state-assembly-sc-748-og,inec-ward-6466
POLLING_UNIT,inec-pu-90432,ng-state-ogun,PRY. SCHOOL IJIGBO,INEC_CVR_PU,90432,,inec-lga-564,,state-assembly-sc-748-og,inec-ward-6466
POLLING_UNIT,inec-pu-90433,ng-state-ogun,AGO SANGO IDOLEHIN,INEC_CVR_PU,90433,,inec-lga-564,,state-assembly-sc-748-og,inec-ward-6466
POLLING_UNIT,inec-pu-90434,ng-state-ogun,ONILOGBO,INEC_CVR_PU,90434,,inec-lga-564,,state-assembly-sc-748-og,inec-ward-6466
POLLING_UNIT,inec-pu-90435,ng-state-ogun,ITIRE R.C.M SCHOOL,INEC_CVR_PU,90435,,inec-lga-564,,state-assembly-sc-748-og,inec-ward-6466
POLLING_UNIT,inec-pu-90436,ng-state-ogun,ARIGBO VILLAGE SQUARE,INEC_CVR_PU,90436,,inec-lga-564,,state-assembly-sc-748-og,inec-ward-6466
POLLING_UNIT,inec-pu-660294,ng-state-ogun,"OPEN SPACE AT AGO BABALAWO JUNCTION, IDOLEHIN",INEC_CVR_PU,660294,,inec-lga-564,,state-assembly-sc-748-og,inec-ward-6466
POLLING_UNIT,inec-pu-660295,ng-state-ogun,"OPEN SPACE AT SEKENDE JUNCTION SEKENDE, ERE",INEC_CVR_PU,660295,,inec-lga-564,,state-assembly-sc-748-og,inec-ward-6466
POLLING_UNIT,inec-pu-660296,ng-state-ogun,"OPEN SPACE AT KOSEMU JUNCTION, KOSEMU ERE",INEC_CVR_PU,660296,,inec-lga-564,,state-assembly-sc-748-og,inec-ward-6466
POLLING_UNIT,inec-pu-660297,ng-state-ogun,OPEN SPACE AT AGBOKU JUNCTION AGBOKU ERE,INEC_CVR_PU,660297,,inec-lga-564,,state-assembly-sc-748-og,inec-ward-6466
WARD,inec-ward-6467,ng-state-ogun,ALAPOTI,INEC_CVR_WARD,6467,,inec-lga-564,,state-assembly-sc-748-og,
POLLING_UNIT,inec-pu-90437,ng-state-ogun,BAPTIST DAY SCHOOL OLORUN LEKE,INEC_CVR_PU,90437,,inec-lga-564,,state-assembly-sc-748-og,inec-ward-6467
POLLING_UNIT,inec-pu-90438,ng-state-ogun,C.A.C. SCHOOL ALAPOTI I,INEC_CVR_PU,90438,,inec-lga-564,,state-assembly-sc-748-og,inec-ward-6467
POLLING_UNIT,inec-pu-90439,ng-state-ogun,C.A.C. SCHOOL ALAPOTI II,INEC_CVR_PU,90439,,inec-lga-564,,state-assembly-sc-748-og,inec-ward-6467
POLLING_UNIT,inec-pu-90440,ng-state-ogun,U.A.M.C. DODO,INEC_CVR_PU,90440,,inec-lga-564,,state-assembly-sc-748-og,inec-ward-6467
POLLING_UNIT,inec-pu-90441,ng-state-ogun,INAWOLE - IDOSABA,INEC_CVR_PU,90441,,inec-lga-564,,state-assembly-sc-748-og,inec-ward-6467
POLLING_UNIT,inec-pu-90442,ng-state-ogun,IJIGBE,INEC_CVR_PU,90442,,inec-lga-564,,state-assembly-sc-748-og,inec-ward-6467
POLLING_UNIT,inec-pu-90443,ng-state-ogun,METH. PRY. SCH. IDOBARUN,INEC_CVR_PU,90443,,inec-lga-564,,state-assembly-sc-748-og,inec-ward-6467
POLLING_UNIT,inec-pu-90444,ng-state-ogun,R.C.M SCH. ISALU,INEC_CVR_PU,90444,,inec-lga-564,,state-assembly-sc-748-og,inec-ward-6467
POLLING_UNIT,inec-pu-90445,ng-state-ogun,OKO- OBA,INEC_CVR_PU,90445,,inec-lga-564,,state-assembly-sc-748-og,inec-ward-6467
POLLING_UNIT,inec-pu-90446,ng-state-ogun,E.A.C OLOPARUN I,INEC_CVR_PU,90446,,inec-lga-564,,state-assembly-sc-748-og,inec-ward-6467
POLLING_UNIT,inec-pu-90447,ng-state-ogun,E.A.C OLOPARUN II,INEC_CVR_PU,90447,,inec-lga-564,,state-assembly-sc-748-og,inec-ward-6467
POLLING_UNIT,inec-pu-90448,ng-state-ogun,IJOMO,INEC_CVR_PU,90448,,inec-lga-564,,state-assembly-sc-748-og,inec-ward-6467
POLLING_UNIT,inec-pu-90449,ng-state-ogun,U.A.M.C ELEMOKI,INEC_CVR_PU,90449,,inec-lga-564,,state-assembly-sc-748-og,inec-ward-6467
POLLING_UNIT,inec-pu-90450,ng-state-ogun,IBEKU - PAPASA,INEC_CVR_PU,90450,,inec-lga-564,,state-assembly-sc-748-og,inec-ward-6467
POLLING_UNIT,inec-pu-90451,ng-state-ogun,IDIOTA,INEC_CVR_PU,90451,,inec-lga-564,,state-assembly-sc-748-og,inec-ward-6467
POLLING_UNIT,inec-pu-90452,ng-state-ogun,BAPTIST SCH. ILORO,INEC_CVR_PU,90452,,inec-lga-564,,state-assembly-sc-748-og,inec-ward-6467
POLLING_UNIT,inec-pu-660330,ng-state-ogun,BAPTIST DAY SCHOOL 2 OLORUNLEKE ALAPOTI,INEC_CVR_PU,660330,,inec-lga-564,,state-assembly-sc-748-og,inec-ward-6467
POLLING_UNIT,inec-pu-660331,ng-state-ogun,"OPEN SPACE AT SUNLIGHT CDA JUNCTION, OLORUNLEKE ALAPOTI",INEC_CVR_PU,660331,,inec-lga-564,,state-assembly-sc-748-og,inec-ward-6467
POLLING_UNIT,inec-pu-660332,ng-state-ogun,"OPEN SPACE AT OLORUNSOGO BUS-STOP IDIOTA, ALAPOTI",INEC_CVR_PU,660332,,inec-lga-564,,state-assembly-sc-748-og,inec-ward-6467
POLLING_UNIT,inec-pu-660333,ng-state-ogun,"OPEN SPACE AT IDOFE COMMUNITY ALONG ALAPOTI ADO-ODO ROAD, ALAPOTI",INEC_CVR_PU,660333,,inec-lga-564,,state-assembly-sc-748-og,inec-ward-6467
POLLING_UNIT,inec-pu-660334,ng-state-ogun,"COMMUNITY HALL ABEKOKO IDI OTA, ALAPOTI",INEC_CVR_PU,660334,,inec-lga-564,,state-assembly-sc-748-og,inec-ward-6467
POLLING_UNIT,inec-pu-660335,ng-state-ogun,"BESIDE TRANSFORMER, ALAAGBA ALAPOTI",INEC_CVR_PU,660335,,inec-lga-564,,state-assembly-sc-748-og,inec-ward-6467
POLLING_UNIT,inec-pu-660336,ng-state-ogun,YEMAA COMMUNITY GRAMMAR SCHOOL AROMOKALA,INEC_CVR_PU,660336,,inec-lga-564,,state-assembly-sc-748-og,inec-ward-6467
POLLING_UNIT,inec-pu-660337,ng-state-ogun,COMMUNITY HIGH SCHOOL ALAPOTI,INEC_CVR_PU,660337,,inec-lga-564,,state-assembly-sc-748-og,inec-ward-6467
POLLING_UNIT,inec-pu-660338,ng-state-ogun,"BESIDE TRANSFORMER AIT ROAD, NEW SATELLITE OLORUNLEKE",INEC_CVR_PU,660338,,inec-lga-564,,state-assembly-sc-748-og,inec-ward-6467
WARD,inec-ward-6468,ng-state-ogun,KETU-ADIE-OWE,INEC_CVR_WARD,6468,,inec-lga-564,,state-assembly-sc-748-og,
POLLING_UNIT,inec-pu-90453,ng-state-ogun,L.G. SCHOOL IDANYIN,INEC_CVR_PU,90453,,inec-lga-564,,state-assembly-sc-748-og,inec-ward-6468
POLLING_UNIT,inec-pu-90454,ng-state-ogun,L.G. SCHOOL KETU,INEC_CVR_PU,90454,,inec-lga-564,,state-assembly-sc-748-og,inec-ward-6468
POLLING_UNIT,inec-pu-90455,ng-state-ogun,ALAGO VILLAGE SQUARE,INEC_CVR_PU,90455,,inec-lga-564,,state-assembly-sc-748-og,inec-ward-6468
POLLING_UNIT,inec-pu-90456,ng-state-ogun,AJEROGUN VILLAGE SQUARE,INEC_CVR_PU,90456,,inec-lga-564,,state-assembly-sc-748-og,inec-ward-6468
POLLING_UNIT,inec-pu-90457,ng-state-ogun,SALVATION ARMY SCH. IDOYE,INEC_CVR_PU,90457,,inec-lga-564,,state-assembly-sc-748-og,inec-ward-6468
POLLING_UNIT,inec-pu-90458,ng-state-ogun,ATOKO VILLAGE SQUARE,INEC_CVR_PU,90458,,inec-lga-564,,state-assembly-sc-748-og,inec-ward-6468
POLLING_UNIT,inec-pu-90459,ng-state-ogun,METHODIST SCHOOL ODUGBE,INEC_CVR_PU,90459,,inec-lga-564,,state-assembly-sc-748-og,inec-ward-6468
POLLING_UNIT,inec-pu-90460,ng-state-ogun,L.G. SCHOOL EGUDU BAALE,INEC_CVR_PU,90460,,inec-lga-564,,state-assembly-sc-748-og,inec-ward-6468
POLLING_UNIT,inec-pu-90461,ng-state-ogun,IREBALE/KUOYE/ISAGA,INEC_CVR_PU,90461,,inec-lga-564,,state-assembly-sc-748-og,inec-ward-6468
POLLING_UNIT,inec-pu-90462,ng-state-ogun,EGUNTEDO,INEC_CVR_PU,90462,,inec-lga-564,,state-assembly-sc-748-og,inec-ward-6468
POLLING_UNIT,inec-pu-90463,ng-state-ogun,AKINWUNMI VILLAGE SQUARE,INEC_CVR_PU,90463,,inec-lga-564,,state-assembly-sc-748-og,inec-ward-6468
POLLING_UNIT,inec-pu-90464,ng-state-ogun,A/C SCHOOL AKOORE,INEC_CVR_PU,90464,,inec-lga-564,,state-assembly-sc-748-og,inec-ward-6468
POLLING_UNIT,inec-pu-90465,ng-state-ogun,SALVATION ARMY SCHOOL EDU,INEC_CVR_PU,90465,,inec-lga-564,,state-assembly-sc-748-og,inec-ward-6468
POLLING_UNIT,inec-pu-90466,ng-state-ogun,LUSADA MARKET SQUARE,INEC_CVR_PU,90466,,inec-lga-564,,state-assembly-sc-748-og,inec-ward-6468
POLLING_UNIT,inec-pu-90467,ng-state-ogun,ISAGA,INEC_CVR_PU,90467,,inec-lga-564,,state-assembly-sc-748-og,inec-ward-6468
POLLING_UNIT,inec-pu-660510,ng-state-ogun,"OPEN SPACE AT EGUDU ROAD, ESUPOFO, IDANYIN",INEC_CVR_PU,660510,,inec-lga-564,,state-assembly-sc-748-og,inec-ward-6468
POLLING_UNIT,inec-pu-660511,ng-state-ogun,"BESIDE TRANSFORMER AT GBEGOTHO ALADURA, IDANYIN",INEC_CVR_PU,660511,,inec-lga-564,,state-assembly-sc-748-og,inec-ward-6468
POLLING_UNIT,inec-pu-660512,ng-state-ogun,"OPEN SPACE AT HUNTON ROAD,ALADAGON, IDANYIN",INEC_CVR_PU,660512,,inec-lga-564,,state-assembly-sc-748-og,inec-ward-6468
POLLING_UNIT,inec-pu-660513,ng-state-ogun,BESIDE TRANSFORMER AT GBASUKANJI IDANYIN,INEC_CVR_PU,660513,,inec-lga-564,,state-assembly-sc-748-og,inec-ward-6468
POLLING_UNIT,inec-pu-660514,ng-state-ogun,OPEN SPACE AT ORILOWO GASLINE IDANYIN,INEC_CVR_PU,660514,,inec-lga-564,,state-assembly-sc-748-og,inec-ward-6468
POLLING_UNIT,inec-pu-660515,ng-state-ogun,INFONT OF NETWORK MAST AT AKINWUNMI ROAD KETU,INEC_CVR_PU,660515,,inec-lga-564,,state-assembly-sc-748-og,inec-ward-6468
POLLING_UNIT,inec-pu-660516,ng-state-ogun,OPEN SPACE BY VILLAGE SQUARE IDANYIN ITAKETE,INEC_CVR_PU,660516,,inec-lga-564,,state-assembly-sc-748-og,inec-ward-6468
POLLING_UNIT,inec-pu-660517,ng-state-ogun,OPEN SPACE BY VILLAGE SQUARE IDANYIN ISAGA,INEC_CVR_PU,660517,,inec-lga-564,,state-assembly-sc-748-og,inec-ward-6468
POLLING_UNIT,inec-pu-660518,ng-state-ogun,"ADIE OWE COMMUNITY HIGH SCHOOL PARAMOLE, KETU",INEC_CVR_PU,660518,,inec-lga-564,,state-assembly-sc-748-og,inec-ward-6468
POLLING_UNIT,inec-pu-660519,ng-state-ogun,OPENSPACE BY TOWNHALL KUMAPAYI,INEC_CVR_PU,660519,,inec-lga-564,,state-assembly-sc-748-og,inec-ward-6468
POLLING_UNIT,inec-pu-660520,ng-state-ogun,COMMUNITY TOWN HALL AGO ATAN,INEC_CVR_PU,660520,,inec-lga-564,,state-assembly-sc-748-og,inec-ward-6468
POLLING_UNIT,inec-pu-660521,ng-state-ogun,OPEN SPACE NEAR TRANSFORMER AGBOGUN,INEC_CVR_PU,660521,,inec-lga-564,,state-assembly-sc-748-og,inec-ward-6468
POLLING_UNIT,inec-pu-660522,ng-state-ogun,"EDU/AGBARA COMMUNITY SENIOR HIGH SCHOOL,EDU",INEC_CVR_PU,660522,,inec-lga-564,,state-assembly-sc-748-og,inec-ward-6468
POLLING_UNIT,inec-pu-660523,ng-state-ogun,OPENSPACE BY IJURI/MUTUN ON AGBARA ROAD OPPOSITE ADEOLU PETROL,INEC_CVR_PU,660523,,inec-lga-564,,state-assembly-sc-748-og,inec-ward-6468
POLLING_UNIT,inec-pu-660524,ng-state-ogun,OPENSPACE JUST AFTER LUSADA/IGBESA TOLL GATE IYANA OSUN,INEC_CVR_PU,660524,,inec-lga-564,,state-assembly-sc-748-og,inec-ward-6468
WARD,inec-ward-6469,ng-state-ogun,IGBESA,INEC_CVR_WARD,6469,,inec-lga-564,,state-assembly-sc-748-og,
POLLING_UNIT,inec-pu-90468,ng-state-ogun,BAPTIST DAY SCHOOL,INEC_CVR_PU,90468,,inec-lga-564,,state-assembly-sc-748-og,inec-ward-6469
POLLING_UNIT,inec-pu-90469,ng-state-ogun,"L.G. SCHOOL, IGBESA I",INEC_CVR_PU,90469,,inec-lga-564,,state-assembly-sc-748-og,inec-ward-6469
POLLING_UNIT,inec-pu-90470,ng-state-ogun,"L.G. SCHOOL, IGBESA II",INEC_CVR_PU,90470,,inec-lga-564,,state-assembly-sc-748-og,inec-ward-6469
POLLING_UNIT,inec-pu-90471,ng-state-ogun,MOTOR PARK,INEC_CVR_PU,90471,,inec-lga-564,,state-assembly-sc-748-og,inec-ward-6469
POLLING_UNIT,inec-pu-90472,ng-state-ogun,ESA OGONA I,INEC_CVR_PU,90472,,inec-lga-564,,state-assembly-sc-748-og,inec-ward-6469
POLLING_UNIT,inec-pu-90473,ng-state-ogun,ALL SAINTS ANG. SCHOOL I,INEC_CVR_PU,90473,,inec-lga-564,,state-assembly-sc-748-og,inec-ward-6469
POLLING_UNIT,inec-pu-90474,ng-state-ogun,IGBESA HIGH SCHOOL,INEC_CVR_PU,90474,,inec-lga-564,,state-assembly-sc-748-og,inec-ward-6469
POLLING_UNIT,inec-pu-90475,ng-state-ogun,SAL. ARMY SCHOOL,INEC_CVR_PU,90475,,inec-lga-564,,state-assembly-sc-748-og,inec-ward-6469
POLLING_UNIT,inec-pu-90476,ng-state-ogun,L.G ELERO,INEC_CVR_PU,90476,,inec-lga-564,,state-assembly-sc-748-og,inec-ward-6469
POLLING_UNIT,inec-pu-90477,ng-state-ogun,NEAR OBA'S PALACE I,INEC_CVR_PU,90477,,inec-lga-564,,state-assembly-sc-748-og,inec-ward-6469
POLLING_UNIT,inec-pu-90478,ng-state-ogun,NEAR OBA'S PALACE II,INEC_CVR_PU,90478,,inec-lga-564,,state-assembly-sc-748-og,inec-ward-6469
POLLING_UNIT,inec-pu-90479,ng-state-ogun,ESA OGONA II,INEC_CVR_PU,90479,,inec-lga-564,,state-assembly-sc-748-og,inec-ward-6469
POLLING_UNIT,inec-pu-660360,ng-state-ogun,"CHINA NIGERIA FRIENDSHIP MODEL SCHOOL, IGBESA",INEC_CVR_PU,660360,,inec-lga-564,,state-assembly-sc-748-og,inec-ward-6469
POLLING_UNIT,inec-pu-660361,ng-state-ogun,"OPEN SPACE AT BOLAGBE STREET, OSI IGBESA",INEC_CVR_PU,660361,,inec-lga-564,,state-assembly-sc-748-og,inec-ward-6469
POLLING_UNIT,inec-pu-660362,ng-state-ogun,"OPEN SPACE IKESE ROAD, IGBESA",INEC_CVR_PU,660362,,inec-lga-564,,state-assembly-sc-748-og,inec-ward-6469
POLLING_UNIT,inec-pu-660363,ng-state-ogun,"OPEN SPACE AT ADEOYE STREET, ILALI , IGBESA",INEC_CVR_PU,660363,,inec-lga-564,,state-assembly-sc-748-og,inec-ward-6469
POLLING_UNIT,inec-pu-660364,ng-state-ogun,"OPPOSITE OGUN GUANGDONG FREE TRADE ZONE GATE, ILALI",INEC_CVR_PU,660364,,inec-lga-564,,state-assembly-sc-748-og,inec-ward-6469
POLLING_UNIT,inec-pu-660365,ng-state-ogun,"OPEN SPACE AT OJU ROAD BY SUNMIBARE STREET, IGBESA",INEC_CVR_PU,660365,,inec-lga-564,,state-assembly-sc-748-og,inec-ward-6469
POLLING_UNIT,inec-pu-660366,ng-state-ogun,"OPEN SPACE AT IJAGBA ILAMIRO, IGBESA",INEC_CVR_PU,660366,,inec-lga-564,,state-assembly-sc-748-og,inec-ward-6469
POLLING_UNIT,inec-pu-660367,ng-state-ogun,"OPEN SPACE BESIDE PUBLIC WATER, PANADA, JUNCTION, IGBESA",INEC_CVR_PU,660367,,inec-lga-564,,state-assembly-sc-748-og,inec-ward-6469
POLLING_UNIT,inec-pu-660368,ng-state-ogun,OPEN SPACE OPP. OGUN GUANGDONG FREE TRADE ZONE II IGBESA,INEC_CVR_PU,660368,,inec-lga-564,,state-assembly-sc-748-og,inec-ward-6469
POLLING_UNIT,inec-pu-660369,ng-state-ogun,OPEN SPACE AT IYANA OSHUN BESIDES RONAUT FILLING STATION LUSADA IGBESA,INEC_CVR_PU,660369,,inec-lga-564,,state-assembly-sc-748-og,inec-ward-6469
POLLING_UNIT,inec-pu-660370,ng-state-ogun,MAALE COMPREHENSIVE HIGH SCHOOL. IGBESA,INEC_CVR_PU,660370,,inec-lga-564,,state-assembly-sc-748-og,inec-ward-6469
WARD,inec-ward-6470,ng-state-ogun,AGBARA I,INEC_CVR_WARD,6470,,inec-lga-564,,state-assembly-sc-748-og,
POLLING_UNIT,inec-pu-90480,ng-state-ogun,SALVATION ARMY SCHOOL I,INEC_CVR_PU,90480,,inec-lga-564,,state-assembly-sc-748-og,inec-ward-6470
POLLING_UNIT,inec-pu-90481,ng-state-ogun,OPIC AREA,INEC_CVR_PU,90481,,inec-lga-564,,state-assembly-sc-748-og,inec-ward-6470
POLLING_UNIT,inec-pu-90482,ng-state-ogun,AGBARA ESTATE I,INEC_CVR_PU,90482,,inec-lga-564,,state-assembly-sc-748-og,inec-ward-6470
POLLING_UNIT,inec-pu-90483,ng-state-ogun,AGBARA ESTATE II,INEC_CVR_PU,90483,,inec-lga-564,,state-assembly-sc-748-og,inec-ward-6470
POLLING_UNIT,inec-pu-90484,ng-state-ogun,L.G. SCHOOL IGERE,INEC_CVR_PU,90484,,inec-lga-564,,state-assembly-sc-748-og,inec-ward-6470
POLLING_UNIT,inec-pu-90485,ng-state-ogun,ODAN,INEC_CVR_PU,90485,,inec-lga-564,,state-assembly-sc-748-og,inec-ward-6470
POLLING_UNIT,inec-pu-90486,ng-state-ogun,IPETEDO/IPERIN,INEC_CVR_PU,90486,,inec-lga-564,,state-assembly-sc-748-og,inec-ward-6470
POLLING_UNIT,inec-pu-90487,ng-state-ogun,DIYA GATE,INEC_CVR_PU,90487,,inec-lga-564,,state-assembly-sc-748-og,inec-ward-6470
POLLING_UNIT,inec-pu-90488,ng-state-ogun,JIDA AREA,INEC_CVR_PU,90488,,inec-lga-564,,state-assembly-sc-748-og,inec-ward-6470
POLLING_UNIT,inec-pu-90489,ng-state-ogun,KOROGBOJI,INEC_CVR_PU,90489,,inec-lga-564,,state-assembly-sc-748-og,inec-ward-6470
POLLING_UNIT,inec-pu-90490,ng-state-ogun,ISALE JIDA,INEC_CVR_PU,90490,,inec-lga-564,,state-assembly-sc-748-og,inec-ward-6470
POLLING_UNIT,inec-pu-90491,ng-state-ogun,ISALE AGBARA,INEC_CVR_PU,90491,,inec-lga-564,,state-assembly-sc-748-og,inec-ward-6470
POLLING_UNIT,inec-pu-90492,ng-state-ogun,SALVATION ARMY SCHOOL II,INEC_CVR_PU,90492,,inec-lga-564,,state-assembly-sc-748-og,inec-ward-6470
POLLING_UNIT,inec-pu-90493,ng-state-ogun,MEDINA ESTATE,INEC_CVR_PU,90493,,inec-lga-564,,state-assembly-sc-748-og,inec-ward-6470
POLLING_UNIT,inec-pu-660304,ng-state-ogun,RING ROAD JAMAICA OPP DEEPER LIFE ISALE ODAN,INEC_CVR_PU,660304,,inec-lga-564,,state-assembly-sc-748-og,inec-ward-6470
POLLING_UNIT,inec-pu-660305,ng-state-ogun,IKORE ILASHE BESIDE TRANSFORMER,INEC_CVR_PU,660305,,inec-lga-564,,state-assembly-sc-748-og,inec-ward-6470
POLLING_UNIT,inec-pu-660306,ng-state-ogun,CORPERS LODGE AGO EYO,INEC_CVR_PU,660306,,inec-lga-564,,state-assembly-sc-748-og,inec-ward-6470
POLLING_UNIT,inec-pu-660307,ng-state-ogun,OPEN SPACE AT 13 FIRST AVENUE ILUPEJU,INEC_CVR_PU,660307,,inec-lga-564,,state-assembly-sc-748-og,inec-ward-6470
POLLING_UNIT,inec-pu-660308,ng-state-ogun,OPEN SPACE AT WHITE SQUARE JUNCTION PETEDO,INEC_CVR_PU,660308,,inec-lga-564,,state-assembly-sc-748-og,inec-ward-6470
POLLING_UNIT,inec-pu-660309,ng-state-ogun,LGA SCHOOL IGERE/ IHUNSA AGBARA,INEC_CVR_PU,660309,,inec-lga-564,,state-assembly-sc-748-og,inec-ward-6470
POLLING_UNIT,inec-pu-660310,ng-state-ogun,OPEN SPACE AT TRAILER PARK OPP FILLING STATION MEDINA,INEC_CVR_PU,660310,,inec-lga-564,,state-assembly-sc-748-og,inec-ward-6470
POLLING_UNIT,inec-pu-660311,ng-state-ogun,OPEN SPACE AT FIRST AVENUE MEDINA ESTATE,INEC_CVR_PU,660311,,inec-lga-564,,state-assembly-sc-748-og,inec-ward-6470
POLLING_UNIT,inec-pu-660312,ng-state-ogun,OPEN SPACE BESIDE AMOSCO BLOCK OPP MAVICH SCHOOL,INEC_CVR_PU,660312,,inec-lga-564,,state-assembly-sc-748-og,inec-ward-6470
POLLING_UNIT,inec-pu-660313,ng-state-ogun,OPEN SPACE AT USANI AVENUE JUNCTION,INEC_CVR_PU,660313,,inec-lga-564,,state-assembly-sc-748-og,inec-ward-6470
POLLING_UNIT,inec-pu-660314,ng-state-ogun,OPEN SPACE OPP AGBARA PRAYER GROUND,INEC_CVR_PU,660314,,inec-lga-564,,state-assembly-sc-748-og,inec-ward-6470
POLLING_UNIT,inec-pu-660315,ng-state-ogun,MARRIAGE REGISTRY ALAMOGUN HALL AGBARA,INEC_CVR_PU,660315,,inec-lga-564,,state-assembly-sc-748-og,inec-ward-6470
WARD,inec-ward-6471,ng-state-ogun,AGBARA/EJILA AWORI,INEC_CVR_WARD,6471,,inec-lga-564,,state-assembly-sc-748-og,
POLLING_UNIT,inec-pu-90494,ng-state-ogun,L.G. SCHOOL IPATIRA I,INEC_CVR_PU,90494,,inec-lga-564,,state-assembly-sc-748-og,inec-ward-6471
POLLING_UNIT,inec-pu-90495,ng-state-ogun,L.G. SCHOOL IPATIRA II,INEC_CVR_PU,90495,,inec-lga-564,,state-assembly-sc-748-og,inec-ward-6471
POLLING_UNIT,inec-pu-90496,ng-state-ogun,ST. JUDE'S ANG. SCHOOL ITEKUN,INEC_CVR_PU,90496,,inec-lga-564,,state-assembly-sc-748-og,inec-ward-6471
POLLING_UNIT,inec-pu-90497,ng-state-ogun,IMOLE VILLAGE SQUARE,INEC_CVR_PU,90497,,inec-lga-564,,state-assembly-sc-748-og,inec-ward-6471
POLLING_UNIT,inec-pu-90498,ng-state-ogun,A.U.D. SCHOOL. EWUTAGBE,INEC_CVR_PU,90498,,inec-lga-564,,state-assembly-sc-748-og,inec-ward-6471
POLLING_UNIT,inec-pu-90499,ng-state-ogun,A/C SCHOOL ODAN ABUJA I,INEC_CVR_PU,90499,,inec-lga-564,,state-assembly-sc-748-og,inec-ward-6471
POLLING_UNIT,inec-pu-90500,ng-state-ogun,A/C SCHOOL ODAN ABUJA II,INEC_CVR_PU,90500,,inec-lga-564,,state-assembly-sc-748-og,inec-ward-6471
POLLING_UNIT,inec-pu-90501,ng-state-ogun,A U D IKOGBO I (IMOLE VILLAGE SQUARE),INEC_CVR_PU,90501,,inec-lga-564,,state-assembly-sc-748-og,inec-ward-6471
POLLING_UNIT,inec-pu-90502,ng-state-ogun,AGELETE VILLAGE,INEC_CVR_PU,90502,,inec-lga-564,,state-assembly-sc-748-og,inec-ward-6471
POLLING_UNIT,inec-pu-90503,ng-state-ogun,AGBO-ODO VILLAGE,INEC_CVR_PU,90503,,inec-lga-564,,state-assembly-sc-748-og,inec-ward-6471
POLLING_UNIT,inec-pu-90504,ng-state-ogun,A.U.D. SCHOOL I IKOGBO II,INEC_CVR_PU,90504,,inec-lga-564,,state-assembly-sc-748-og,inec-ward-6471
POLLING_UNIT,inec-pu-660316,ng-state-ogun,IMUTA VILLAGE SQUARE,INEC_CVR_PU,660316,,inec-lga-564,,state-assembly-sc-748-og,inec-ward-6471
POLLING_UNIT,inec-pu-660317,ng-state-ogun,HIGH SCHOOL ODAN ABUJA SULE EJILA AWORI,INEC_CVR_PU,660317,,inec-lga-564,,state-assembly-sc-748-og,inec-ward-6471
POLLING_UNIT,inec-pu-660318,ng-state-ogun,"ST JUDE'S PRY SCHOOL, ITEKUN",INEC_CVR_PU,660318,,inec-lga-564,,state-assembly-sc-748-og,inec-ward-6471
POLLING_UNIT,inec-pu-660319,ng-state-ogun,ORIOKUTA VILLAGE SQUARE,INEC_CVR_PU,660319,,inec-lga-564,,state-assembly-sc-748-og,inec-ward-6471
POLLING_UNIT,inec-pu-660320,ng-state-ogun,COMMUNITY HIGH SCHOOL ITEKUN,INEC_CVR_PU,660320,,inec-lga-564,,state-assembly-sc-748-og,inec-ward-6471
POLLING_UNIT,inec-pu-660321,ng-state-ogun,"ST JUDE'S PRY SCHOOL, ITEKUN (660321)",INEC_CVR_PU,660321,,inec-lga-564,,state-assembly-sc-748-og,inec-ward-6471
POLLING_UNIT,inec-pu-660322,ng-state-ogun,"ALONG ITEKUN ROAD, BESIDE POULTRY JUNCTION",INEC_CVR_PU,660322,,inec-lga-564,,state-assembly-sc-748-og,inec-ward-6471
POLLING_UNIT,inec-pu-660323,ng-state-ogun,"OPEN SPACE BESIDE PALACE, ILOYI VILLAGE AKINLAJA",INEC_CVR_PU,660323,,inec-lga-564,,state-assembly-sc-748-og,inec-ward-6471
POLLING_UNIT,inec-pu-660324,ng-state-ogun,"BESIDE IFELODUN PLANK MARKET, EJILA AWORI",INEC_CVR_PU,660324,,inec-lga-564,,state-assembly-sc-748-og,inec-ward-6471
POLLING_UNIT,inec-pu-660325,ng-state-ogun,"OPEN SPACE ILOBE/ IMOTA TOWN HALL, EJILA AWORI",INEC_CVR_PU,660325,,inec-lga-564,,state-assembly-sc-748-og,inec-ward-6471
POLLING_UNIT,inec-pu-660326,ng-state-ogun,"IN FRONT OF TRANSFORMER, AT CATERPILLAR 4 JUNCTION",INEC_CVR_PU,660326,,inec-lga-564,,state-assembly-sc-748-og,inec-ward-6471
POLLING_UNIT,inec-pu-660327,ng-state-ogun,OPEN SPACE AT IGBO/OTA NEW SITE,INEC_CVR_PU,660327,,inec-lga-564,,state-assembly-sc-748-og,inec-ward-6471
POLLING_UNIT,inec-pu-660328,ng-state-ogun,"L.G. PRY SCHOOL II, TOTOWU",INEC_CVR_PU,660328,,inec-lga-564,,state-assembly-sc-748-og,inec-ward-6471
POLLING_UNIT,inec-pu-660329,ng-state-ogun,"OPEN SPACE BESIDE PRAYING GROUND, IGBERIN IGBODO, EJILA AWORI",INEC_CVR_PU,660329,,inec-lga-564,,state-assembly-sc-748-og,inec-ward-6471
WARD,inec-ward-6472,ng-state-ogun,IDO FOI,INEC_CVR_WARD,6472,,inec-lga-565,,state-assembly-sc-743-og,
POLLING_UNIT,inec-pu-90505,ng-state-ogun,ITA AGBERIODO,INEC_CVR_PU,90505,,inec-lga-565,,state-assembly-sc-743-og,inec-ward-6472
POLLING_UNIT,inec-pu-90506,ng-state-ogun,ITA KOSO/SASA,INEC_CVR_PU,90506,,inec-lga-565,,state-assembly-sc-743-og,inec-ward-6472
POLLING_UNIT,inec-pu-90507,ng-state-ogun,AYETORO MOTOR PARK,INEC_CVR_PU,90507,,inec-lga-565,,state-assembly-sc-743-og,inec-ward-6472
POLLING_UNIT,inec-pu-90508,ng-state-ogun,ITA BAALE OLOWONYO,INEC_CVR_PU,90508,,inec-lga-565,,state-assembly-sc-743-og,inec-ward-6472
POLLING_UNIT,inec-pu-90509,ng-state-ogun,ROCK OF AGES I,INEC_CVR_PU,90509,,inec-lga-565,,state-assembly-sc-743-og,inec-ward-6472
POLLING_UNIT,inec-pu-90510,ng-state-ogun,ROCK OF AGES II,INEC_CVR_PU,90510,,inec-lga-565,,state-assembly-sc-743-og,inec-ward-6472
POLLING_UNIT,inec-pu-90511,ng-state-ogun,"NEAR POST OFFICE, I",INEC_CVR_PU,90511,,inec-lga-565,,state-assembly-sc-743-og,inec-ward-6472
POLLING_UNIT,inec-pu-90512,ng-state-ogun,"NEAR POST OFFICE ,II",INEC_CVR_PU,90512,,inec-lga-565,,state-assembly-sc-743-og,inec-ward-6472
POLLING_UNIT,inec-pu-90513,ng-state-ogun,BAPTIST SCHOOL AGBORO,INEC_CVR_PU,90513,,inec-lga-565,,state-assembly-sc-743-og,inec-ward-6472
POLLING_UNIT,inec-pu-90514,ng-state-ogun,AKANNI OKE VILLAGE,INEC_CVR_PU,90514,,inec-lga-565,,state-assembly-sc-743-og,inec-ward-6472
POLLING_UNIT,inec-pu-90515,ng-state-ogun,Y.N.L.G. SCHOOL BAMAJO,INEC_CVR_PU,90515,,inec-lga-565,,state-assembly-sc-743-og,inec-ward-6472
POLLING_UNIT,inec-pu-90516,ng-state-ogun,METHODIST SCHOOL IGBORI,INEC_CVR_PU,90516,,inec-lga-565,,state-assembly-sc-743-og,inec-ward-6472
POLLING_UNIT,inec-pu-90517,ng-state-ogun,ABULE IYA KEKERE,INEC_CVR_PU,90517,,inec-lga-565,,state-assembly-sc-743-og,inec-ward-6472
POLLING_UNIT,inec-pu-90518,ng-state-ogun,ABULE YEWA DISU,INEC_CVR_PU,90518,,inec-lga-565,,state-assembly-sc-743-og,inec-ward-6472
POLLING_UNIT,inec-pu-90519,ng-state-ogun,Y.N.L.G. SCHOOL YEWA KETU,INEC_CVR_PU,90519,,inec-lga-565,,state-assembly-sc-743-og,inec-ward-6472
POLLING_UNIT,inec-pu-90520,ng-state-ogun,COMM. PRY. SCHOOL SEKERE,INEC_CVR_PU,90520,,inec-lga-565,,state-assembly-sc-743-og,inec-ward-6472
POLLING_UNIT,inec-pu-90521,ng-state-ogun,A.U.D. SCHOOL OPETE,INEC_CVR_PU,90521,,inec-lga-565,,state-assembly-sc-743-og,inec-ward-6472
POLLING_UNIT,inec-pu-90522,ng-state-ogun,FRONT OF LICENSING OFFICE,INEC_CVR_PU,90522,,inec-lga-565,,state-assembly-sc-743-og,inec-ward-6472
POLLING_UNIT,inec-pu-90523,ng-state-ogun,OBIRI VILLAGE,INEC_CVR_PU,90523,,inec-lga-565,,state-assembly-sc-743-og,inec-ward-6472
POLLING_UNIT,inec-pu-90524,ng-state-ogun,COMM. PRY. SCHOOL ATOKUN,INEC_CVR_PU,90524,,inec-lga-565,,state-assembly-sc-743-og,inec-ward-6472
POLLING_UNIT,inec-pu-90525,ng-state-ogun,ITA AFOYINSEBE,INEC_CVR_PU,90525,,inec-lga-565,,state-assembly-sc-743-og,inec-ward-6472
POLLING_UNIT,inec-pu-90526,ng-state-ogun,AWELA OLATUNJI,INEC_CVR_PU,90526,,inec-lga-565,,state-assembly-sc-743-og,inec-ward-6472
POLLING_UNIT,inec-pu-90527,ng-state-ogun,ITA BAALE MOROWOSOLA,INEC_CVR_PU,90527,,inec-lga-565,,state-assembly-sc-743-og,inec-ward-6472
POLLING_UNIT,inec-pu-90528,ng-state-ogun,ARMY CHILDREN SCH,INEC_CVR_PU,90528,,inec-lga-565,,state-assembly-sc-743-og,inec-ward-6472
POLLING_UNIT,inec-pu-90529,ng-state-ogun,ITA DANDY IDAGBA,INEC_CVR_PU,90529,,inec-lga-565,,state-assembly-sc-743-og,inec-ward-6472
POLLING_UNIT,inec-pu-90530,ng-state-ogun,IDOFOI TOWN HALL,INEC_CVR_PU,90530,,inec-lga-565,,state-assembly-sc-743-og,inec-ward-6472
POLLING_UNIT,inec-pu-90531,ng-state-ogun,ITA DUROSIMI,INEC_CVR_PU,90531,,inec-lga-565,,state-assembly-sc-743-og,inec-ward-6472
POLLING_UNIT,inec-pu-660711,ng-state-ogun,"OPEN SPACE YAKOYO, IDOFOI",INEC_CVR_PU,660711,,inec-lga-565,,state-assembly-sc-743-og,inec-ward-6472
POLLING_UNIT,inec-pu-660712,ng-state-ogun,"MATERNITY CENTRE, ATOKUN",INEC_CVR_PU,660712,,inec-lga-565,,state-assembly-sc-743-og,inec-ward-6472
POLLING_UNIT,inec-pu-660713,ng-state-ogun,"WELDER ASSOCIATION SECRETARIAT, AJEGUNLE, IDAGBA",INEC_CVR_PU,660713,,inec-lga-565,,state-assembly-sc-743-og,inec-ward-6472
WARD,inec-ward-6473,ng-state-ogun,AYE TORO I,INEC_CVR_WARD,6473,,inec-lga-565,,state-assembly-sc-743-og,
POLLING_UNIT,inec-pu-90532,ng-state-ogun,A/C SCHOOL AYETORO,INEC_CVR_PU,90532,,inec-lga-565,,state-assembly-sc-743-og,inec-ward-6473
POLLING_UNIT,inec-pu-90533,ng-state-ogun,"NEAR THE PALACE, AYETORO",INEC_CVR_PU,90533,,inec-lga-565,,state-assembly-sc-743-og,inec-ward-6473
POLLING_UNIT,inec-pu-90534,ng-state-ogun,NEAR JOLAN BLOCK INDUSTRY I,INEC_CVR_PU,90534,,inec-lga-565,,state-assembly-sc-743-og,inec-ward-6473
POLLING_UNIT,inec-pu-90535,ng-state-ogun,NEAR JOLAN BLOCK INDUSTRY II,INEC_CVR_PU,90535,,inec-lga-565,,state-assembly-sc-743-og,inec-ward-6473
POLLING_UNIT,inec-pu-90536,ng-state-ogun,COMPRO GATE I,INEC_CVR_PU,90536,,inec-lga-565,,state-assembly-sc-743-og,inec-ward-6473
POLLING_UNIT,inec-pu-90537,ng-state-ogun,FRONT OF OBALAJU HALL I,INEC_CVR_PU,90537,,inec-lga-565,,state-assembly-sc-743-og,inec-ward-6473
POLLING_UNIT,inec-pu-90538,ng-state-ogun,FRONT OF OBALAJU HALL II,INEC_CVR_PU,90538,,inec-lga-565,,state-assembly-sc-743-og,inec-ward-6473
POLLING_UNIT,inec-pu-90539,ng-state-ogun,ITA OLALEYE I,INEC_CVR_PU,90539,,inec-lga-565,,state-assembly-sc-743-og,inec-ward-6473
POLLING_UNIT,inec-pu-90540,ng-state-ogun,ITA OLALEYE II,INEC_CVR_PU,90540,,inec-lga-565,,state-assembly-sc-743-og,inec-ward-6473
POLLING_UNIT,inec-pu-90541,ng-state-ogun,ITA OPEBIYI,INEC_CVR_PU,90541,,inec-lga-565,,state-assembly-sc-743-og,inec-ward-6473
POLLING_UNIT,inec-pu-90542,ng-state-ogun,NEAR BOOMO MOSQUE I,INEC_CVR_PU,90542,,inec-lga-565,,state-assembly-sc-743-og,inec-ward-6473
POLLING_UNIT,inec-pu-90543,ng-state-ogun,ITA ADARALOYE,INEC_CVR_PU,90543,,inec-lga-565,,state-assembly-sc-743-og,inec-ward-6473
POLLING_UNIT,inec-pu-90544,ng-state-ogun,ITA OLOWU,INEC_CVR_PU,90544,,inec-lga-565,,state-assembly-sc-743-og,inec-ward-6473
POLLING_UNIT,inec-pu-90545,ng-state-ogun,MECHANIC JUNCTION,INEC_CVR_PU,90545,,inec-lga-565,,state-assembly-sc-743-og,inec-ward-6473
POLLING_UNIT,inec-pu-90546,ng-state-ogun,"ITA DADA JOGA, AYETORO",INEC_CVR_PU,90546,,inec-lga-565,,state-assembly-sc-743-og,inec-ward-6473
POLLING_UNIT,inec-pu-90547,ng-state-ogun,BOOMO MOSQUE II,INEC_CVR_PU,90547,,inec-lga-565,,state-assembly-sc-743-og,inec-ward-6473
POLLING_UNIT,inec-pu-90548,ng-state-ogun,"ITA BAALE, EEMADO",INEC_CVR_PU,90548,,inec-lga-565,,state-assembly-sc-743-og,inec-ward-6473
POLLING_UNIT,inec-pu-90549,ng-state-ogun,ITA J. K.,INEC_CVR_PU,90549,,inec-lga-565,,state-assembly-sc-743-og,inec-ward-6473
POLLING_UNIT,inec-pu-90550,ng-state-ogun,COMPRO. GATE II,INEC_CVR_PU,90550,,inec-lga-565,,state-assembly-sc-743-og,inec-ward-6473
POLLING_UNIT,inec-pu-660681,ng-state-ogun,"NEAR BAPTIST CHURCH,ILUPEJU, AYETORO",INEC_CVR_PU,660681,,inec-lga-565,,state-assembly-sc-743-og,inec-ward-6473
POLLING_UNIT,inec-pu-660682,ng-state-ogun,"COMMUNITY PRY SCHOOL,IGBOLE-AIBO, AYETORO",INEC_CVR_PU,660682,,inec-lga-565,,state-assembly-sc-743-og,inec-ward-6473
POLLING_UNIT,inec-pu-660683,ng-state-ogun,"AJODA HIGH SCHOOL, JOGA, AYETORO",INEC_CVR_PU,660683,,inec-lga-565,,state-assembly-sc-743-og,inec-ward-6473
POLLING_UNIT,inec-pu-660684,ng-state-ogun,"HOUSING ESTATE GATE, AYETORO",INEC_CVR_PU,660684,,inec-lga-565,,state-assembly-sc-743-og,inec-ward-6473
WARD,inec-ward-6474,ng-state-ogun,AYE TORO II,INEC_CVR_WARD,6474,,inec-lga-565,,state-assembly-sc-743-og,
POLLING_UNIT,inec-pu-90551,ng-state-ogun,ITA EGUNJOBI I,INEC_CVR_PU,90551,,inec-lga-565,,state-assembly-sc-743-og,inec-ward-6474
POLLING_UNIT,inec-pu-90552,ng-state-ogun,"CUSTOMARY COURT, AIBO",INEC_CVR_PU,90552,,inec-lga-565,,state-assembly-sc-743-og,inec-ward-6474
POLLING_UNIT,inec-pu-90553,ng-state-ogun,OJA BAALE SAALA,INEC_CVR_PU,90553,,inec-lga-565,,state-assembly-sc-743-og,inec-ward-6474
POLLING_UNIT,inec-pu-90554,ng-state-ogun,ITA MOSALASI SAALA,INEC_CVR_PU,90554,,inec-lga-565,,state-assembly-sc-743-og,inec-ward-6474
POLLING_UNIT,inec-pu-90555,ng-state-ogun,"Y.N.L.G. SCHOOL, SAALA",INEC_CVR_PU,90555,,inec-lga-565,,state-assembly-sc-743-og,inec-ward-6474
POLLING_UNIT,inec-pu-90556,ng-state-ogun,"A.U.D. SCHOOL I, AYETORO",INEC_CVR_PU,90556,,inec-lga-565,,state-assembly-sc-743-og,inec-ward-6474
POLLING_UNIT,inec-pu-90557,ng-state-ogun,C.A.C. SCHOOL AGO-IMALA I,INEC_CVR_PU,90557,,inec-lga-565,,state-assembly-sc-743-og,inec-ward-6474
POLLING_UNIT,inec-pu-90558,ng-state-ogun,ITA GBANKA,INEC_CVR_PU,90558,,inec-lga-565,,state-assembly-sc-743-og,inec-ward-6474
POLLING_UNIT,inec-pu-90559,ng-state-ogun,U.P.S. AYETORO I,INEC_CVR_PU,90559,,inec-lga-565,,state-assembly-sc-743-og,inec-ward-6474
POLLING_UNIT,inec-pu-90560,ng-state-ogun,ITA BABA MOGBA,INEC_CVR_PU,90560,,inec-lga-565,,state-assembly-sc-743-og,inec-ward-6474
POLLING_UNIT,inec-pu-90561,ng-state-ogun,OLD ILARO MOTOR PARK,INEC_CVR_PU,90561,,inec-lga-565,,state-assembly-sc-743-og,inec-ward-6474
POLLING_UNIT,inec-pu-90562,ng-state-ogun,OLD LOCAL GOVT. SECRETARIAT,INEC_CVR_PU,90562,,inec-lga-565,,state-assembly-sc-743-og,inec-ward-6474
POLLING_UNIT,inec-pu-90563,ng-state-ogun,C.A.C. SCHOOL - AGO-IMALA II,INEC_CVR_PU,90563,,inec-lga-565,,state-assembly-sc-743-og,inec-ward-6474
POLLING_UNIT,inec-pu-90564,ng-state-ogun,U.P.S. SCHOOL II - AYETORO,INEC_CVR_PU,90564,,inec-lga-565,,state-assembly-sc-743-og,inec-ward-6474
POLLING_UNIT,inec-pu-660685,ng-state-ogun,NEAR ITA EGUNJOBI II,INEC_CVR_PU,660685,,inec-lga-565,,state-assembly-sc-743-og,inec-ward-6474
POLLING_UNIT,inec-pu-660686,ng-state-ogun,"AIBO TOWN HALL, AIBO",INEC_CVR_PU,660686,,inec-lga-565,,state-assembly-sc-743-og,inec-ward-6474
POLLING_UNIT,inec-pu-660687,ng-state-ogun,OPEN SPACE AT GENERAL HOSPITAL,INEC_CVR_PU,660687,,inec-lga-565,,state-assembly-sc-743-og,inec-ward-6474
POLLING_UNIT,inec-pu-660688,ng-state-ogun,"ALAYE HIGH SCHOOL, AYETORO",INEC_CVR_PU,660688,,inec-lga-565,,state-assembly-sc-743-og,inec-ward-6474
POLLING_UNIT,inec-pu-660689,ng-state-ogun,"A.U.D PRY SCHOOL II, OKE ROORI",INEC_CVR_PU,660689,,inec-lga-565,,state-assembly-sc-743-og,inec-ward-6474
POLLING_UNIT,inec-pu-660690,ng-state-ogun,"OPEN SPACE AT YNLG MATERNITY CENTRE, AIBO",INEC_CVR_PU,660690,,inec-lga-565,,state-assembly-sc-743-og,inec-ward-6474
WARD,inec-ward-6475,ng-state-ogun,SUNWA,INEC_CVR_WARD,6475,,inec-lga-565,,state-assembly-sc-743-og,
POLLING_UNIT,inec-pu-90565,ng-state-ogun,"OKE OYINBO, SAALA ORILE SCHOOL",INEC_CVR_PU,90565,,inec-lga-565,,state-assembly-sc-743-og,inec-ward-6475
POLLING_UNIT,inec-pu-90566,ng-state-ogun,R.C.M./IJAKA OKE,INEC_CVR_PU,90566,,inec-lga-565,,state-assembly-sc-743-og,inec-ward-6475
POLLING_UNIT,inec-pu-90567,ng-state-ogun,"ITA OJA, SAALA ORILE",INEC_CVR_PU,90567,,inec-lga-565,,state-assembly-sc-743-og,inec-ward-6475
POLLING_UNIT,inec-pu-90568,ng-state-ogun,C.A.C. SCHOOL SUNWA,INEC_CVR_PU,90568,,inec-lga-565,,state-assembly-sc-743-og,inec-ward-6475
POLLING_UNIT,inec-pu-90569,ng-state-ogun,"Y.N.L.G. SCHOOL, ERINPA",INEC_CVR_PU,90569,,inec-lga-565,,state-assembly-sc-743-og,inec-ward-6475
POLLING_UNIT,inec-pu-90570,ng-state-ogun,"METHODIST SCHOOL, IGAN OKOTO",INEC_CVR_PU,90570,,inec-lga-565,,state-assembly-sc-743-og,inec-ward-6475
POLLING_UNIT,inec-pu-90571,ng-state-ogun,"ITA OJA, IGAN-OKOTO",INEC_CVR_PU,90571,,inec-lga-565,,state-assembly-sc-743-og,inec-ward-6475
POLLING_UNIT,inec-pu-90572,ng-state-ogun,COMM. HALL SAWONJO,INEC_CVR_PU,90572,,inec-lga-565,,state-assembly-sc-743-og,inec-ward-6475
POLLING_UNIT,inec-pu-90573,ng-state-ogun,ITA AREKE I,INEC_CVR_PU,90573,,inec-lga-565,,state-assembly-sc-743-og,inec-ward-6475
POLLING_UNIT,inec-pu-90574,ng-state-ogun,ITA AREKE II,INEC_CVR_PU,90574,,inec-lga-565,,state-assembly-sc-743-og,inec-ward-6475
POLLING_UNIT,inec-pu-90575,ng-state-ogun,U.N.A. SCHOOL ABULE TAIWO,INEC_CVR_PU,90575,,inec-lga-565,,state-assembly-sc-743-og,inec-ward-6475
POLLING_UNIT,inec-pu-90576,ng-state-ogun,"BAPT. DAY SCHOOL, IJAKA-ISALE I",INEC_CVR_PU,90576,,inec-lga-565,,state-assembly-sc-743-og,inec-ward-6475
POLLING_UNIT,inec-pu-90577,ng-state-ogun,Y.N.L.G. SCHOOL AGBAWO,INEC_CVR_PU,90577,,inec-lga-565,,state-assembly-sc-743-og,inec-ward-6475
POLLING_UNIT,inec-pu-90578,ng-state-ogun,FARM SETTLEMENT SAWONJO,INEC_CVR_PU,90578,,inec-lga-565,,state-assembly-sc-743-og,inec-ward-6475
POLLING_UNIT,inec-pu-90579,ng-state-ogun,"MOTOR PARK, IGAN - OKOTO",INEC_CVR_PU,90579,,inec-lga-565,,state-assembly-sc-743-og,inec-ward-6475
POLLING_UNIT,inec-pu-90580,ng-state-ogun,"ITA AMOSA, IGAN - OKOTO",INEC_CVR_PU,90580,,inec-lga-565,,state-assembly-sc-743-og,inec-ward-6475
POLLING_UNIT,inec-pu-90581,ng-state-ogun,BAPTIST DAY SCHOOL IJAKA-ISALE II,INEC_CVR_PU,90581,,inec-lga-565,,state-assembly-sc-743-og,inec-ward-6475
POLLING_UNIT,inec-pu-660723,ng-state-ogun,AGBAIGBA COMMUNITY HIGH SCHOOL,INEC_CVR_PU,660723,,inec-lga-565,,state-assembly-sc-743-og,inec-ward-6475
POLLING_UNIT,inec-pu-660724,ng-state-ogun,"COMMUNITY PRY SCHOOL,OLOROGBO",INEC_CVR_PU,660724,,inec-lga-565,,state-assembly-sc-743-og,inec-ward-6475
POLLING_UNIT,inec-pu-660725,ng-state-ogun,"NEAR ITA BAALE, ARAROMI AJANA",INEC_CVR_PU,660725,,inec-lga-565,,state-assembly-sc-743-og,inec-ward-6475
POLLING_UNIT,inec-pu-660726,ng-state-ogun,"METHODIST PRY SCHOOL, SAWONJO",INEC_CVR_PU,660726,,inec-lga-565,,state-assembly-sc-743-og,inec-ward-6475
WARD,inec-ward-6476,ng-state-ogun,IBORO/JOGA,INEC_CVR_WARD,6476,,inec-lga-565,,state-assembly-sc-743-og,
POLLING_UNIT,inec-pu-90582,ng-state-ogun,NEAR DISPENSARY IBOORO I,INEC_CVR_PU,90582,,inec-lga-565,,state-assembly-sc-743-og,inec-ward-6476
POLLING_UNIT,inec-pu-90583,ng-state-ogun,NEAR DISPENSARY IBOORO II,INEC_CVR_PU,90583,,inec-lga-565,,state-assembly-sc-743-og,inec-ward-6476
POLLING_UNIT,inec-pu-90584,ng-state-ogun,"NEAR ANGLICAN CHURCH, IBOORO",INEC_CVR_PU,90584,,inec-lga-565,,state-assembly-sc-743-og,inec-ward-6476
POLLING_UNIT,inec-pu-90585,ng-state-ogun,ST. JOHN PRY. SCHOOL IJAKO,INEC_CVR_PU,90585,,inec-lga-565,,state-assembly-sc-743-og,inec-ward-6476
POLLING_UNIT,inec-pu-90586,ng-state-ogun,"ST. PETER'S PRY SCHOOL, JOGA",INEC_CVR_PU,90586,,inec-lga-565,,state-assembly-sc-743-og,inec-ward-6476
POLLING_UNIT,inec-pu-90587,ng-state-ogun,OBALAJU HALL JOGA,INEC_CVR_PU,90587,,inec-lga-565,,state-assembly-sc-743-og,inec-ward-6476
POLLING_UNIT,inec-pu-90588,ng-state-ogun,"MARKET SQUARE, JOGA I",INEC_CVR_PU,90588,,inec-lga-565,,state-assembly-sc-743-og,inec-ward-6476
POLLING_UNIT,inec-pu-90589,ng-state-ogun,"MARKET SQUARE, JOGA II",INEC_CVR_PU,90589,,inec-lga-565,,state-assembly-sc-743-og,inec-ward-6476
POLLING_UNIT,inec-pu-660708,ng-state-ogun,EYINNI COMPREHENSIVE HIGH SCHOOL,INEC_CVR_PU,660708,,inec-lga-565,,state-assembly-sc-743-og,inec-ward-6476
POLLING_UNIT,inec-pu-660709,ng-state-ogun,ILUJODA/ IBOORO HEALTH CENTRE,INEC_CVR_PU,660709,,inec-lga-565,,state-assembly-sc-743-og,inec-ward-6476
POLLING_UNIT,inec-pu-660710,ng-state-ogun,ABEPA MARKET JOGA ORILE,INEC_CVR_PU,660710,,inec-lga-565,,state-assembly-sc-743-og,inec-ward-6476
WARD,inec-ward-6477,ng-state-ogun,IMASAI,INEC_CVR_WARD,6477,,inec-lga-565,,state-assembly-sc-743-og,
POLLING_UNIT,inec-pu-90590,ng-state-ogun,CHRIST CHURCH SCHL- IMASAI,INEC_CVR_PU,90590,,inec-lga-565,,state-assembly-sc-743-og,inec-ward-6477
POLLING_UNIT,inec-pu-90591,ng-state-ogun,"MARKET SQUARE, IMASAI I",INEC_CVR_PU,90591,,inec-lga-565,,state-assembly-sc-743-og,inec-ward-6477
POLLING_UNIT,inec-pu-90592,ng-state-ogun,"MARKET SQUARE, IMASAI II",INEC_CVR_PU,90592,,inec-lga-565,,state-assembly-sc-743-og,inec-ward-6477
POLLING_UNIT,inec-pu-90593,ng-state-ogun,NEAR ITA ILORI,INEC_CVR_PU,90593,,inec-lga-565,,state-assembly-sc-743-og,inec-ward-6477
POLLING_UNIT,inec-pu-90594,ng-state-ogun,OKE ILEMO,INEC_CVR_PU,90594,,inec-lga-565,,state-assembly-sc-743-og,inec-ward-6477
POLLING_UNIT,inec-pu-90595,ng-state-ogun,AGA ODOFIN CHURCH AREA,INEC_CVR_PU,90595,,inec-lga-565,,state-assembly-sc-743-og,inec-ward-6477
POLLING_UNIT,inec-pu-90596,ng-state-ogun,MARIA I,INEC_CVR_PU,90596,,inec-lga-565,,state-assembly-sc-743-og,inec-ward-6477
POLLING_UNIT,inec-pu-660714,ng-state-ogun,"OPEN SPACE AT ALAGBADA JUNCTION, IMASAI",INEC_CVR_PU,660714,,inec-lga-565,,state-assembly-sc-743-og,inec-ward-6477
POLLING_UNIT,inec-pu-660715,ng-state-ogun,"NEAR ITA ALAGO, IMASAI",INEC_CVR_PU,660715,,inec-lga-565,,state-assembly-sc-743-og,inec-ward-6477
POLLING_UNIT,inec-pu-660716,ng-state-ogun,"NEAR ITA AGBOPA, IMASAI",INEC_CVR_PU,660716,,inec-lga-565,,state-assembly-sc-743-og,inec-ward-6477
WARD,inec-ward-6478,ng-state-ogun,EBUTE IGBOORO,INEC_CVR_WARD,6478,,inec-lga-565,,state-assembly-sc-744-og,
POLLING_UNIT,inec-pu-90597,ng-state-ogun,Y.N.L.G. SCHOOL EBUTE IGBOORO,INEC_CVR_PU,90597,,inec-lga-565,,state-assembly-sc-744-og,inec-ward-6478
POLLING_UNIT,inec-pu-90598,ng-state-ogun,ITA BAALE GBEDUN,INEC_CVR_PU,90598,,inec-lga-565,,state-assembly-sc-744-og,inec-ward-6478
POLLING_UNIT,inec-pu-90599,ng-state-ogun,PRY. SCHOOL REFUREFU,INEC_CVR_PU,90599,,inec-lga-565,,state-assembly-sc-744-og,inec-ward-6478
POLLING_UNIT,inec-pu-90600,ng-state-ogun,Y.N.L.G. SCHOOL OJA ODAN,INEC_CVR_PU,90600,,inec-lga-565,,state-assembly-sc-744-og,inec-ward-6478
POLLING_UNIT,inec-pu-90601,ng-state-ogun,ITA OGUNDIPE (IJE AREA),INEC_CVR_PU,90601,,inec-lga-565,,state-assembly-sc-744-og,inec-ward-6478
POLLING_UNIT,inec-pu-90602,ng-state-ogun,N.U.D. PRY SCH. OROBIYI,INEC_CVR_PU,90602,,inec-lga-565,,state-assembly-sc-744-og,inec-ward-6478
POLLING_UNIT,inec-pu-90603,ng-state-ogun,ITA ABISEKAN EBUTE IGBOORO,INEC_CVR_PU,90603,,inec-lga-565,,state-assembly-sc-744-og,inec-ward-6478
POLLING_UNIT,inec-pu-90604,ng-state-ogun,ITA SIMEON APETU OJA ODAN,INEC_CVR_PU,90604,,inec-lga-565,,state-assembly-sc-744-og,inec-ward-6478
POLLING_UNIT,inec-pu-90605,ng-state-ogun,ITA APAKOSE OJA ODAN,INEC_CVR_PU,90605,,inec-lga-565,,state-assembly-sc-744-og,inec-ward-6478
POLLING_UNIT,inec-pu-90606,ng-state-ogun,YEWA SCHOOL OLOGIRI,INEC_CVR_PU,90606,,inec-lga-565,,state-assembly-sc-744-og,inec-ward-6478
POLLING_UNIT,inec-pu-90607,ng-state-ogun,C.F. SCHOOL AKERU,INEC_CVR_PU,90607,,inec-lga-565,,state-assembly-sc-744-og,inec-ward-6478
POLLING_UNIT,inec-pu-90608,ng-state-ogun,ITA LADITAN,INEC_CVR_PU,90608,,inec-lga-565,,state-assembly-sc-744-og,inec-ward-6478
POLLING_UNIT,inec-pu-90609,ng-state-ogun,ITA FALERU,INEC_CVR_PU,90609,,inec-lga-565,,state-assembly-sc-744-og,inec-ward-6478
POLLING_UNIT,inec-pu-90610,ng-state-ogun,Y.N.L.G. SCHOOL II OJA-ODAN,INEC_CVR_PU,90610,,inec-lga-565,,state-assembly-sc-744-og,inec-ward-6478
POLLING_UNIT,inec-pu-90611,ng-state-ogun,"ITA MOLETE, EBUTE-IGBOORO",INEC_CVR_PU,90611,,inec-lga-565,,state-assembly-sc-744-og,inec-ward-6478
POLLING_UNIT,inec-pu-90612,ng-state-ogun,ITA BAALE IKOTUN,INEC_CVR_PU,90612,,inec-lga-565,,state-assembly-sc-744-og,inec-ward-6478
POLLING_UNIT,inec-pu-90613,ng-state-ogun,Y.N.L.G. SCHOOL GBOGOR,INEC_CVR_PU,90613,,inec-lga-565,,state-assembly-sc-744-og,inec-ward-6478
POLLING_UNIT,inec-pu-90614,ng-state-ogun,OWODE BALOGUN,INEC_CVR_PU,90614,,inec-lga-565,,state-assembly-sc-744-og,inec-ward-6478
POLLING_UNIT,inec-pu-660691,ng-state-ogun,"ST JOHN ANG. PRY SCHOOL, EBUTE IGBOORO",INEC_CVR_PU,660691,,inec-lga-565,,state-assembly-sc-744-og,inec-ward-6478
POLLING_UNIT,inec-pu-660692,ng-state-ogun,OPEN SPACE NEAR ITA ALASE OJA ODAN,INEC_CVR_PU,660692,,inec-lga-565,,state-assembly-sc-744-og,inec-ward-6478
POLLING_UNIT,inec-pu-660693,ng-state-ogun,"OPEN SPACE KIKIOGO JUNCTION, IGBO OGBE",INEC_CVR_PU,660693,,inec-lga-565,,state-assembly-sc-744-og,inec-ward-6478
POLLING_UNIT,inec-pu-660694,ng-state-ogun,"NEAR CHRIST GOSPEL CHURCH, EBUTE IGBOORO",INEC_CVR_PU,660694,,inec-lga-565,,state-assembly-sc-744-og,inec-ward-6478
POLLING_UNIT,inec-pu-660695,ng-state-ogun,"A.U.D PRY SCHOOL, OJA ODAN",INEC_CVR_PU,660695,,inec-lga-565,,state-assembly-sc-744-og,inec-ward-6478
POLLING_UNIT,inec-pu-660696,ng-state-ogun,"NEAR LADIPO BLOCK, OJA ODAN",INEC_CVR_PU,660696,,inec-lga-565,,state-assembly-sc-744-og,inec-ward-6478
POLLING_UNIT,inec-pu-660697,ng-state-ogun,"COMMUNITY HIGH SCHOOL, EBUTE IGBOORO",INEC_CVR_PU,660697,,inec-lga-565,,state-assembly-sc-744-og,inec-ward-6478
POLLING_UNIT,inec-pu-660698,ng-state-ogun,"NEAR ALEBIOSU MOSQUE, ITA ADIFALA",INEC_CVR_PU,660698,,inec-lga-565,,state-assembly-sc-744-og,inec-ward-6478
POLLING_UNIT,inec-pu-660699,ng-state-ogun,NEAR ITA ALE PAPA OLOSUN OJA ODAN,INEC_CVR_PU,660699,,inec-lga-565,,state-assembly-sc-744-og,inec-ward-6478
POLLING_UNIT,inec-pu-660700,ng-state-ogun,"COMMUNITY PRY SCHOOL, ARANFE, OJA ODAN",INEC_CVR_PU,660700,,inec-lga-565,,state-assembly-sc-744-og,inec-ward-6478
WARD,inec-ward-6479,ng-state-ogun,OHUNBE,INEC_CVR_WARD,6479,,inec-lga-565,,state-assembly-sc-743-og,
POLLING_UNIT,inec-pu-90615,ng-state-ogun,Y.N.L.G. SCHOOL IGBEME,INEC_CVR_PU,90615,,inec-lga-565,,state-assembly-sc-743-og,inec-ward-6479
POLLING_UNIT,inec-pu-90616,ng-state-ogun,COMM. PRY. SCHOOL KOBEJO,INEC_CVR_PU,90616,,inec-lga-565,,state-assembly-sc-743-og,inec-ward-6479
POLLING_UNIT,inec-pu-90617,ng-state-ogun,COMM. PRY. SCHOOL IBAYUN,INEC_CVR_PU,90617,,inec-lga-565,,state-assembly-sc-743-og,inec-ward-6479
POLLING_UNIT,inec-pu-90618,ng-state-ogun,BAPTIST SCHOOL ABULE IDI,INEC_CVR_PU,90618,,inec-lga-565,,state-assembly-sc-743-og,inec-ward-6479
POLLING_UNIT,inec-pu-90619,ng-state-ogun,Y.N.L.G. SCHOOL GBOKOTO,INEC_CVR_PU,90619,,inec-lga-565,,state-assembly-sc-743-og,inec-ward-6479
POLLING_UNIT,inec-pu-90620,ng-state-ogun,COMM. PRY. SCHOOL IYANA META,INEC_CVR_PU,90620,,inec-lga-565,,state-assembly-sc-743-og,inec-ward-6479
POLLING_UNIT,inec-pu-90621,ng-state-ogun,ITA OBA ISELU,INEC_CVR_PU,90621,,inec-lga-565,,state-assembly-sc-743-og,inec-ward-6479
POLLING_UNIT,inec-pu-90622,ng-state-ogun,COMM. PRY SCHOOL AGBON OJODU I,INEC_CVR_PU,90622,,inec-lga-565,,state-assembly-sc-743-og,inec-ward-6479
POLLING_UNIT,inec-pu-90623,ng-state-ogun,Y.N.L.G. SCHOOL IBEKU,INEC_CVR_PU,90623,,inec-lga-565,,state-assembly-sc-743-og,inec-ward-6479
POLLING_UNIT,inec-pu-90624,ng-state-ogun,Y.N.L.G. SCHOOL ASA,INEC_CVR_PU,90624,,inec-lga-565,,state-assembly-sc-743-og,inec-ward-6479
POLLING_UNIT,inec-pu-90625,ng-state-ogun,Y.N.L.G. SCHOOL KODERA,INEC_CVR_PU,90625,,inec-lga-565,,state-assembly-sc-743-og,inec-ward-6479
POLLING_UNIT,inec-pu-90626,ng-state-ogun,Y.N.L.G. SCHOOL OHUNBE,INEC_CVR_PU,90626,,inec-lga-565,,state-assembly-sc-743-og,inec-ward-6479
POLLING_UNIT,inec-pu-90627,ng-state-ogun,ITA BAALE OBELE,INEC_CVR_PU,90627,,inec-lga-565,,state-assembly-sc-743-og,inec-ward-6479
POLLING_UNIT,inec-pu-90628,ng-state-ogun,A/C SCHOOL ORILE IGBOORO,INEC_CVR_PU,90628,,inec-lga-565,,state-assembly-sc-743-og,inec-ward-6479
POLLING_UNIT,inec-pu-90629,ng-state-ogun,Y.N.L.G. SCHOOL ISUKU,INEC_CVR_PU,90629,,inec-lga-565,,state-assembly-sc-743-og,inec-ward-6479
POLLING_UNIT,inec-pu-90630,ng-state-ogun,ITA BAALE ISALE AGBON,INEC_CVR_PU,90630,,inec-lga-565,,state-assembly-sc-743-og,inec-ward-6479
POLLING_UNIT,inec-pu-90631,ng-state-ogun,ITA BAALE MORO,INEC_CVR_PU,90631,,inec-lga-565,,state-assembly-sc-743-og,inec-ward-6479
POLLING_UNIT,inec-pu-90632,ng-state-ogun,ITA BAALE AGBON-OJODU II,INEC_CVR_PU,90632,,inec-lga-565,,state-assembly-sc-743-og,inec-ward-6479
POLLING_UNIT,inec-pu-660717,ng-state-ogun,IBAYUN SQUARE,INEC_CVR_PU,660717,,inec-lga-565,,state-assembly-sc-743-og,inec-ward-6479
POLLING_UNIT,inec-pu-660718,ng-state-ogun,NEAR BAALE PEDEPO,INEC_CVR_PU,660718,,inec-lga-565,,state-assembly-sc-743-og,inec-ward-6479
POLLING_UNIT,inec-pu-660719,ng-state-ogun,"NEAR CENTRAL MOSQUE, AJELENDE",INEC_CVR_PU,660719,,inec-lga-565,,state-assembly-sc-743-og,inec-ward-6479
POLLING_UNIT,inec-pu-660720,ng-state-ogun,"AREA COMMUNITY HIGH SCHOOL, IBEKU",INEC_CVR_PU,660720,,inec-lga-565,,state-assembly-sc-743-og,inec-ward-6479
POLLING_UNIT,inec-pu-660721,ng-state-ogun,"COMMUNITY HIGH SCHOOL, OHUNBE",INEC_CVR_PU,660721,,inec-lga-565,,state-assembly-sc-743-og,inec-ward-6479
POLLING_UNIT,inec-pu-660722,ng-state-ogun,"PRY HEALTH CARE , OHUNBE",INEC_CVR_PU,660722,,inec-lga-565,,state-assembly-sc-743-og,inec-ward-6479
WARD,inec-ward-6480,ng-state-ogun,IGUA,INEC_CVR_WARD,6480,,inec-lga-565,,state-assembly-sc-744-og,
POLLING_UNIT,inec-pu-90633,ng-state-ogun,"NEAR CENTRAL MOSQUE, IGUA",INEC_CVR_PU,90633,,inec-lga-565,,state-assembly-sc-744-og,inec-ward-6480
POLLING_UNIT,inec-pu-90634,ng-state-ogun,COURT HALL - IGUA,INEC_CVR_PU,90634,,inec-lga-565,,state-assembly-sc-744-og,inec-ward-6480
POLLING_UNIT,inec-pu-90635,ng-state-ogun,COMM. PRY. SCHOOL IGBO - IJU,INEC_CVR_PU,90635,,inec-lga-565,,state-assembly-sc-744-og,inec-ward-6480
POLLING_UNIT,inec-pu-90636,ng-state-ogun,Y.N.L.G. SCHOOL - SAGBON,INEC_CVR_PU,90636,,inec-lga-565,,state-assembly-sc-744-og,inec-ward-6480
POLLING_UNIT,inec-pu-90637,ng-state-ogun,OJA AGE,INEC_CVR_PU,90637,,inec-lga-565,,state-assembly-sc-744-og,inec-ward-6480
POLLING_UNIT,inec-pu-90638,ng-state-ogun,"KETU COLLEGE, IGAN ALADE",INEC_CVR_PU,90638,,inec-lga-565,,state-assembly-sc-744-og,inec-ward-6480
POLLING_UNIT,inec-pu-90639,ng-state-ogun,"ANG. PRY SCH, LASILO I",INEC_CVR_PU,90639,,inec-lga-565,,state-assembly-sc-744-og,inec-ward-6480
POLLING_UNIT,inec-pu-90640,ng-state-ogun,"ANG. PRY SCH, LASILO II",INEC_CVR_PU,90640,,inec-lga-565,,state-assembly-sc-744-og,inec-ward-6480
POLLING_UNIT,inec-pu-90641,ng-state-ogun,Y.N.L.G. SCHOOL OWODE KETU,INEC_CVR_PU,90641,,inec-lga-565,,state-assembly-sc-744-og,inec-ward-6480
POLLING_UNIT,inec-pu-90642,ng-state-ogun,ITA FABUYI OWODE KETU,INEC_CVR_PU,90642,,inec-lga-565,,state-assembly-sc-744-og,inec-ward-6480
POLLING_UNIT,inec-pu-90643,ng-state-ogun,UNITED ANG. SCHOOL TATA,INEC_CVR_PU,90643,,inec-lga-565,,state-assembly-sc-744-og,inec-ward-6480
POLLING_UNIT,inec-pu-90644,ng-state-ogun,ITA ELEGBEDE IMOTO,INEC_CVR_PU,90644,,inec-lga-565,,state-assembly-sc-744-og,inec-ward-6480
POLLING_UNIT,inec-pu-90645,ng-state-ogun,COMM. PRY. SCHOOL IGBOOTA,INEC_CVR_PU,90645,,inec-lga-565,,state-assembly-sc-744-og,inec-ward-6480
POLLING_UNIT,inec-pu-90646,ng-state-ogun,C.M.S. CHURCH ELEJA,INEC_CVR_PU,90646,,inec-lga-565,,state-assembly-sc-744-og,inec-ward-6480
POLLING_UNIT,inec-pu-90647,ng-state-ogun,MARKET SQUARE TATA,INEC_CVR_PU,90647,,inec-lga-565,,state-assembly-sc-744-og,inec-ward-6480
POLLING_UNIT,inec-pu-90648,ng-state-ogun,ITA BAALE AINA ASIPA,INEC_CVR_PU,90648,,inec-lga-565,,state-assembly-sc-744-og,inec-ward-6480
POLLING_UNIT,inec-pu-90649,ng-state-ogun,ITA BAALE OLADOKE IMOTO,INEC_CVR_PU,90649,,inec-lga-565,,state-assembly-sc-744-og,inec-ward-6480
POLLING_UNIT,inec-pu-90650,ng-state-ogun,MOKOTA OWODE KETU,INEC_CVR_PU,90650,,inec-lga-565,,state-assembly-sc-744-og,inec-ward-6480
POLLING_UNIT,inec-pu-90651,ng-state-ogun,ITA OTUTU IGUA,INEC_CVR_PU,90651,,inec-lga-565,,state-assembly-sc-744-og,inec-ward-6480
POLLING_UNIT,inec-pu-90652,ng-state-ogun,"IDI OSE AREA, IGAN ALADE",INEC_CVR_PU,90652,,inec-lga-565,,state-assembly-sc-744-og,inec-ward-6480
POLLING_UNIT,inec-pu-90653,ng-state-ogun,"YEWA CENTRAL SCHOOL, IGAN ALADE",INEC_CVR_PU,90653,,inec-lga-565,,state-assembly-sc-744-og,inec-ward-6480
POLLING_UNIT,inec-pu-90654,ng-state-ogun,IDI-ORI VILLAGE,INEC_CVR_PU,90654,,inec-lga-565,,state-assembly-sc-744-og,inec-ward-6480
POLLING_UNIT,inec-pu-90655,ng-state-ogun,"ITA BAALE, IKA ORILE",INEC_CVR_PU,90655,,inec-lga-565,,state-assembly-sc-744-og,inec-ward-6480
POLLING_UNIT,inec-pu-90656,ng-state-ogun,IRANJI MOTOR PARK,INEC_CVR_PU,90656,,inec-lga-565,,state-assembly-sc-744-og,inec-ward-6480
POLLING_UNIT,inec-pu-90657,ng-state-ogun,KABIRI VILLAGE SQUARE,INEC_CVR_PU,90657,,inec-lga-565,,state-assembly-sc-744-og,inec-ward-6480
POLLING_UNIT,inec-pu-90658,ng-state-ogun,ODAN IGA,INEC_CVR_PU,90658,,inec-lga-565,,state-assembly-sc-744-og,inec-ward-6480
WARD,inec-ward-6481,ng-state-ogun,IJOUN,INEC_CVR_WARD,6481,,inec-lga-565,,state-assembly-sc-744-og,
POLLING_UNIT,inec-pu-90659,ng-state-ogun,"MARKET AREA, IJOUN I",INEC_CVR_PU,90659,,inec-lga-565,,state-assembly-sc-744-og,inec-ward-6481
POLLING_UNIT,inec-pu-90660,ng-state-ogun,ITA OTUN ISENJOUN,INEC_CVR_PU,90660,,inec-lga-565,,state-assembly-sc-744-og,inec-ward-6481
POLLING_UNIT,inec-pu-90661,ng-state-ogun,"ITA BOROMU, ILE IJOUN I",INEC_CVR_PU,90661,,inec-lga-565,,state-assembly-sc-744-og,inec-ward-6481
POLLING_UNIT,inec-pu-90662,ng-state-ogun,"ITA BOROMU, ILE IJOUN II",INEC_CVR_PU,90662,,inec-lga-565,,state-assembly-sc-744-og,inec-ward-6481
POLLING_UNIT,inec-pu-90663,ng-state-ogun,Y.N.L.G. SCHOOL IJALE KETU,INEC_CVR_PU,90663,,inec-lga-565,,state-assembly-sc-744-og,inec-ward-6481
POLLING_UNIT,inec-pu-90664,ng-state-ogun,Y.N.L.G. SCHOOL AWORO,INEC_CVR_PU,90664,,inec-lga-565,,state-assembly-sc-744-og,inec-ward-6481
POLLING_UNIT,inec-pu-90665,ng-state-ogun,COOPERATIVE HALL TOBOLO,INEC_CVR_PU,90665,,inec-lga-565,,state-assembly-sc-744-og,inec-ward-6481
POLLING_UNIT,inec-pu-90666,ng-state-ogun,ITA JULIUS AYETORO OGUBA,INEC_CVR_PU,90666,,inec-lga-565,,state-assembly-sc-744-og,inec-ward-6481
POLLING_UNIT,inec-pu-90667,ng-state-ogun,ITA BAALE GBOKOFIN,INEC_CVR_PU,90667,,inec-lga-565,,state-assembly-sc-744-og,inec-ward-6481
POLLING_UNIT,inec-pu-90668,ng-state-ogun,"Y.N.L.G. SCHOOL, IDIGBO",INEC_CVR_PU,90668,,inec-lga-565,,state-assembly-sc-744-og,inec-ward-6481
POLLING_UNIT,inec-pu-90669,ng-state-ogun,"BAPT. DAY SCHOOL, OKE OLA",INEC_CVR_PU,90669,,inec-lga-565,,state-assembly-sc-744-og,inec-ward-6481
POLLING_UNIT,inec-pu-90670,ng-state-ogun,"Y.N.L.G. SCHOOL, IGBONLA",INEC_CVR_PU,90670,,inec-lga-565,,state-assembly-sc-744-og,inec-ward-6481
POLLING_UNIT,inec-pu-90671,ng-state-ogun,C.P.S. IPINLE I,INEC_CVR_PU,90671,,inec-lga-565,,state-assembly-sc-744-og,inec-ward-6481
POLLING_UNIT,inec-pu-90672,ng-state-ogun,C.P.S. IPINLE II,INEC_CVR_PU,90672,,inec-lga-565,,state-assembly-sc-744-og,inec-ward-6481
POLLING_UNIT,inec-pu-90673,ng-state-ogun,ITA ASOJU IGBORE OKE,INEC_CVR_PU,90673,,inec-lga-565,,state-assembly-sc-744-og,inec-ward-6481
POLLING_UNIT,inec-pu-90674,ng-state-ogun,"Y.N.L.G. SCHOOL, IJOUN",INEC_CVR_PU,90674,,inec-lga-565,,state-assembly-sc-744-og,inec-ward-6481
POLLING_UNIT,inec-pu-90675,ng-state-ogun,ITA BAALE BANGIDANGI,INEC_CVR_PU,90675,,inec-lga-565,,state-assembly-sc-744-og,inec-ward-6481
POLLING_UNIT,inec-pu-90676,ng-state-ogun,MOKOYA OLALOTAN,INEC_CVR_PU,90676,,inec-lga-565,,state-assembly-sc-744-og,inec-ward-6481
POLLING_UNIT,inec-pu-90677,ng-state-ogun,ITA BAALE ASAGA,INEC_CVR_PU,90677,,inec-lga-565,,state-assembly-sc-744-og,inec-ward-6481
POLLING_UNIT,inec-pu-90678,ng-state-ogun,ITA BAALE OKE ODO TOBOLO,INEC_CVR_PU,90678,,inec-lga-565,,state-assembly-sc-744-og,inec-ward-6481
POLLING_UNIT,inec-pu-90679,ng-state-ogun,E.A.C. PREMISES IBIYAN,INEC_CVR_PU,90679,,inec-lga-565,,state-assembly-sc-744-og,inec-ward-6481
POLLING_UNIT,inec-pu-90680,ng-state-ogun,MARKET AREA II,INEC_CVR_PU,90680,,inec-lga-565,,state-assembly-sc-744-og,inec-ward-6481
POLLING_UNIT,inec-pu-660672,ng-state-ogun,"MARKET AREA, AKALAGBA",INEC_CVR_PU,660672,,inec-lga-565,,state-assembly-sc-744-og,inec-ward-6481
POLLING_UNIT,inec-pu-660673,ng-state-ogun,"SOPA SQUARE, IJOUN",INEC_CVR_PU,660673,,inec-lga-565,,state-assembly-sc-744-og,inec-ward-6481
POLLING_UNIT,inec-pu-660674,ng-state-ogun,"PRY HEALTH CENTRE, OKE IBATAMU",INEC_CVR_PU,660674,,inec-lga-565,,state-assembly-sc-744-og,inec-ward-6481
POLLING_UNIT,inec-pu-660675,ng-state-ogun,"COMMUNITY PRY SCHOOL, OKUTA GOGORO",INEC_CVR_PU,660675,,inec-lga-565,,state-assembly-sc-744-og,inec-ward-6481
POLLING_UNIT,inec-pu-660676,ng-state-ogun,NEAR PALACE IJALE KETU,INEC_CVR_PU,660676,,inec-lga-565,,state-assembly-sc-744-og,inec-ward-6481
POLLING_UNIT,inec-pu-660677,ng-state-ogun,"COMMUNITY PRY SCHHOL, IYANA AGBEDE",INEC_CVR_PU,660677,,inec-lga-565,,state-assembly-sc-744-og,inec-ward-6481
POLLING_UNIT,inec-pu-660678,ng-state-ogun,NEAR ITA OTUN TOBOLO,INEC_CVR_PU,660678,,inec-lga-565,,state-assembly-sc-744-og,inec-ward-6481
POLLING_UNIT,inec-pu-660679,ng-state-ogun,"A.U.D PRY SCHOOL, IJOUN",INEC_CVR_PU,660679,,inec-lga-565,,state-assembly-sc-744-og,inec-ward-6481
POLLING_UNIT,inec-pu-660680,ng-state-ogun,NEAR ITA ISA PAPA IJOUN,INEC_CVR_PU,660680,,inec-lga-565,,state-assembly-sc-744-og,inec-ward-6481
WARD,inec-ward-6482,ng-state-ogun,IBESE,INEC_CVR_WARD,6482,,inec-lga-565,,state-assembly-sc-743-og,
POLLING_UNIT,inec-pu-90681,ng-state-ogun,COMM. PRY. SCHOOL - AGIDO,INEC_CVR_PU,90681,,inec-lga-565,,state-assembly-sc-743-og,inec-ward-6482
POLLING_UNIT,inec-pu-90682,ng-state-ogun,BAPT. DAY SCHOOL IGBOGILA,INEC_CVR_PU,90682,,inec-lga-565,,state-assembly-sc-743-og,inec-ward-6482
POLLING_UNIT,inec-pu-90683,ng-state-ogun,ITA OLADOKE,INEC_CVR_PU,90683,,inec-lga-565,,state-assembly-sc-743-og,inec-ward-6482
POLLING_UNIT,inec-pu-90684,ng-state-ogun,NEAR CENTRAL MOSQUE OJA ALE IGBOGILA,INEC_CVR_PU,90684,,inec-lga-565,,state-assembly-sc-743-og,inec-ward-6482
POLLING_UNIT,inec-pu-90685,ng-state-ogun,ITA OLADEHIN,INEC_CVR_PU,90685,,inec-lga-565,,state-assembly-sc-743-og,inec-ward-6482
POLLING_UNIT,inec-pu-90686,ng-state-ogun,ITA DOPEMU,INEC_CVR_PU,90686,,inec-lga-565,,state-assembly-sc-743-og,inec-ward-6482
POLLING_UNIT,inec-pu-90687,ng-state-ogun,WATER WORKS,INEC_CVR_PU,90687,,inec-lga-565,,state-assembly-sc-743-og,inec-ward-6482
POLLING_UNIT,inec-pu-90688,ng-state-ogun,ITA KUMOLU,INEC_CVR_PU,90688,,inec-lga-565,,state-assembly-sc-743-og,inec-ward-6482
POLLING_UNIT,inec-pu-90689,ng-state-ogun,ITA OMOLEGBE,INEC_CVR_PU,90689,,inec-lga-565,,state-assembly-sc-743-og,inec-ward-6482
POLLING_UNIT,inec-pu-90690,ng-state-ogun,U.N.A. SCHOOL BALOGUN,INEC_CVR_PU,90690,,inec-lga-565,,state-assembly-sc-743-og,inec-ward-6482
POLLING_UNIT,inec-pu-90691,ng-state-ogun,ST. JOHN ANG. SCHOOL WASIMI IMASAI,INEC_CVR_PU,90691,,inec-lga-565,,state-assembly-sc-743-og,inec-ward-6482
POLLING_UNIT,inec-pu-90692,ng-state-ogun,ANG. SCHOOL ABULE OKE,INEC_CVR_PU,90692,,inec-lga-565,,state-assembly-sc-743-og,inec-ward-6482
POLLING_UNIT,inec-pu-90693,ng-state-ogun,U.A.M.C. SCHOOL IBESE,INEC_CVR_PU,90693,,inec-lga-565,,state-assembly-sc-743-og,inec-ward-6482
POLLING_UNIT,inec-pu-90694,ng-state-ogun,Y.N.L.G. SCHOOL ORITA,INEC_CVR_PU,90694,,inec-lga-565,,state-assembly-sc-743-og,inec-ward-6482
POLLING_UNIT,inec-pu-90695,ng-state-ogun,Y.N.L.G. SCHOOL - KOMI OBA,INEC_CVR_PU,90695,,inec-lga-565,,state-assembly-sc-743-og,inec-ward-6482
POLLING_UNIT,inec-pu-90696,ng-state-ogun,LIBRARY PREMISES IBESE,INEC_CVR_PU,90696,,inec-lga-565,,state-assembly-sc-743-og,inec-ward-6482
POLLING_UNIT,inec-pu-90697,ng-state-ogun,ITA BAALE ILEWO ARAROMI,INEC_CVR_PU,90697,,inec-lga-565,,state-assembly-sc-743-og,inec-ward-6482
POLLING_UNIT,inec-pu-90698,ng-state-ogun,OJA OSAN IGBOGILA,INEC_CVR_PU,90698,,inec-lga-565,,state-assembly-sc-743-og,inec-ward-6482
POLLING_UNIT,inec-pu-90699,ng-state-ogun,ITA BADA IGBOGILA,INEC_CVR_PU,90699,,inec-lga-565,,state-assembly-sc-743-og,inec-ward-6482
POLLING_UNIT,inec-pu-90700,ng-state-ogun,OMILENDE VILLAGE SQUARE,INEC_CVR_PU,90700,,inec-lga-565,,state-assembly-sc-743-og,inec-ward-6482
POLLING_UNIT,inec-pu-660701,ng-state-ogun,"OPEN SPACE ISALE IJU JUNCTION, LAFENWA",INEC_CVR_PU,660701,,inec-lga-565,,state-assembly-sc-743-og,inec-ward-6482
POLLING_UNIT,inec-pu-660702,ng-state-ogun,"MATERNITY CENTRE, IGBOGILA",INEC_CVR_PU,660702,,inec-lga-565,,state-assembly-sc-743-og,inec-ward-6482
POLLING_UNIT,inec-pu-660703,ng-state-ogun,"F.A.M.C, OKE ODO, IGBOGILA",INEC_CVR_PU,660703,,inec-lga-565,,state-assembly-sc-743-og,inec-ward-6482
POLLING_UNIT,inec-pu-660704,ng-state-ogun,"NEAR JEHOVAH WITNESS, ORITA ROAD, IGBOGILA",INEC_CVR_PU,660704,,inec-lga-565,,state-assembly-sc-743-og,inec-ward-6482
POLLING_UNIT,inec-pu-660705,ng-state-ogun,"IBESE MATERNITY CENTER, IBESE",INEC_CVR_PU,660705,,inec-lga-565,,state-assembly-sc-743-og,inec-ward-6482
POLLING_UNIT,inec-pu-660706,ng-state-ogun,"NEAR ANOMO WATER, OKE OKO IYA",INEC_CVR_PU,660706,,inec-lga-565,,state-assembly-sc-743-og,inec-ward-6482
POLLING_UNIT,inec-pu-660707,ng-state-ogun,"AYEDARADE JUNCTION, OKO OPE, IGBOGILA",INEC_CVR_PU,660707,,inec-lga-565,,state-assembly-sc-743-og,inec-ward-6482
WARD,inec-ward-6483,ng-state-ogun,ILARO I,INEC_CVR_WARD,6483,,inec-lga-566,,state-assembly-sc-746-og,
POLLING_UNIT,inec-pu-90701,ng-state-ogun,STATE HOSPITAL,INEC_CVR_PU,90701,,inec-lga-566,,state-assembly-sc-746-og,inec-ward-6483
POLLING_UNIT,inec-pu-90702,ng-state-ogun,OPP. SOYINKA'S HOUSE I,INEC_CVR_PU,90702,,inec-lga-566,,state-assembly-sc-746-og,inec-ward-6483
POLLING_UNIT,inec-pu-90703,ng-state-ogun,OPP. SOYINKA'S HOUSE II,INEC_CVR_PU,90703,,inec-lga-566,,state-assembly-sc-746-og,inec-ward-6483
POLLING_UNIT,inec-pu-90704,ng-state-ogun,NEAR IDOWU'S HOUSE/OTEGBEYE STREET I,INEC_CVR_PU,90704,,inec-lga-566,,state-assembly-sc-746-og,inec-ward-6483
POLLING_UNIT,inec-pu-90705,ng-state-ogun,NEAR IDOWU'S HOUSE/OTEGBEYE STREET II,INEC_CVR_PU,90705,,inec-lga-566,,state-assembly-sc-746-og,inec-ward-6483
POLLING_UNIT,inec-pu-90706,ng-state-ogun,OBA FASINA CLOSE JUNCTON I,INEC_CVR_PU,90706,,inec-lga-566,,state-assembly-sc-746-og,inec-ward-6483
POLLING_UNIT,inec-pu-90707,ng-state-ogun,OBA FASINA CLOSE JUNCTON II,INEC_CVR_PU,90707,,inec-lga-566,,state-assembly-sc-746-og,inec-ward-6483
POLLING_UNIT,inec-pu-90708,ng-state-ogun,EGBO ALAPARUN,INEC_CVR_PU,90708,,inec-lga-566,,state-assembly-sc-746-og,inec-ward-6483
POLLING_UNIT,inec-pu-90709,ng-state-ogun,U.A.M.C. SCHOOL PAHAYI,INEC_CVR_PU,90709,,inec-lga-566,,state-assembly-sc-746-og,inec-ward-6483
POLLING_UNIT,inec-pu-90710,ng-state-ogun,ORITA KAJOLA I,INEC_CVR_PU,90710,,inec-lga-566,,state-assembly-sc-746-og,inec-ward-6483
POLLING_UNIT,inec-pu-90711,ng-state-ogun,ORITA KAJOLA II,INEC_CVR_PU,90711,,inec-lga-566,,state-assembly-sc-746-og,inec-ward-6483
POLLING_UNIT,inec-pu-90712,ng-state-ogun,E.S.L.G. SCHOOL IJANNA,INEC_CVR_PU,90712,,inec-lga-566,,state-assembly-sc-746-og,inec-ward-6483
POLLING_UNIT,inec-pu-90713,ng-state-ogun,ITA IYALODE,INEC_CVR_PU,90713,,inec-lga-566,,state-assembly-sc-746-og,inec-ward-6483
POLLING_UNIT,inec-pu-90714,ng-state-ogun,OKE-OLA - AREA,INEC_CVR_PU,90714,,inec-lga-566,,state-assembly-sc-746-og,inec-ward-6483
POLLING_UNIT,inec-pu-90715,ng-state-ogun,POLY. GATE,INEC_CVR_PU,90715,,inec-lga-566,,state-assembly-sc-746-og,inec-ward-6483
POLLING_UNIT,inec-pu-90716,ng-state-ogun,LIBRARY / RURAL HEALTH CENTRE,INEC_CVR_PU,90716,,inec-lga-566,,state-assembly-sc-746-og,inec-ward-6483
POLLING_UNIT,inec-pu-90717,ng-state-ogun,ORISUN IRAN /ILODO,INEC_CVR_PU,90717,,inec-lga-566,,state-assembly-sc-746-og,inec-ward-6483
POLLING_UNIT,inec-pu-660734,ng-state-ogun,YEWA EGBADO COLLEGE,INEC_CVR_PU,660734,,inec-lga-566,,state-assembly-sc-746-og,inec-ward-6483
POLLING_UNIT,inec-pu-660735,ng-state-ogun,ESLG IYANA IJANO,INEC_CVR_PU,660735,,inec-lga-566,,state-assembly-sc-746-og,inec-ward-6483
POLLING_UNIT,inec-pu-660736,ng-state-ogun,OPEN SPACE AT MECHANIC WORKSHOP OPP AXIAL PROJECT,INEC_CVR_PU,660736,,inec-lga-566,,state-assembly-sc-746-og,inec-ward-6483
POLLING_UNIT,inec-pu-660737,ng-state-ogun,OPEN SPACE AT OTEGBEYE'S STREET IPARI-ODA,INEC_CVR_PU,660737,,inec-lga-566,,state-assembly-sc-746-og,inec-ward-6483
POLLING_UNIT,inec-pu-660738,ng-state-ogun,OPEN SPACE BESIDE EL-TAHIR COMPREHENSIVE SCH. ORITA PAHAYI,INEC_CVR_PU,660738,,inec-lga-566,,state-assembly-sc-746-og,inec-ward-6483
POLLING_UNIT,inec-pu-660739,ng-state-ogun,OPEN SPACE AT IYANA IJADO STREET,INEC_CVR_PU,660739,,inec-lga-566,,state-assembly-sc-746-og,inec-ward-6483
POLLING_UNIT,inec-pu-660740,ng-state-ogun,OPEN SPACE AT ADELEYE JUNCTION PAHAYI,INEC_CVR_PU,660740,,inec-lga-566,,state-assembly-sc-746-og,inec-ward-6483
POLLING_UNIT,inec-pu-660741,ng-state-ogun,OPEN SPACE AT AEROPLANE HOUSE BESIDE TRANSFORMER,INEC_CVR_PU,660741,,inec-lga-566,,state-assembly-sc-746-og,inec-ward-6483
POLLING_UNIT,inec-pu-660742,ng-state-ogun,OPEN SPACE AT SALAMI STREET,INEC_CVR_PU,660742,,inec-lga-566,,state-assembly-sc-746-og,inec-ward-6483
POLLING_UNIT,inec-pu-660743,ng-state-ogun,OPEN SPACE AT OKE ODO,INEC_CVR_PU,660743,,inec-lga-566,,state-assembly-sc-746-og,inec-ward-6483
POLLING_UNIT,inec-pu-660744,ng-state-ogun,OPEN SPACE AT RURAL PROJECT DOSUMU IPARI-ODA.,INEC_CVR_PU,660744,,inec-lga-566,,state-assembly-sc-746-og,inec-ward-6483
POLLING_UNIT,inec-pu-660745,ng-state-ogun,YSLG SCHOOL ELEJA,INEC_CVR_PU,660745,,inec-lga-566,,state-assembly-sc-746-og,inec-ward-6483
POLLING_UNIT,inec-pu-660746,ng-state-ogun,OPEN SPACE AT FAYEGBAMI ATOYO ROAD,INEC_CVR_PU,660746,,inec-lga-566,,state-assembly-sc-746-og,inec-ward-6483
POLLING_UNIT,inec-pu-660747,ng-state-ogun,OPEN SPACE AT ODUWOBI ST. BESIDE IKOSI TRANSFORMER,INEC_CVR_PU,660747,,inec-lga-566,,state-assembly-sc-746-og,inec-ward-6483
POLLING_UNIT,inec-pu-660748,ng-state-ogun,IRE AYO CDA JUNCTION ONA EGBON OKE-OLA,INEC_CVR_PU,660748,,inec-lga-566,,state-assembly-sc-746-og,inec-ward-6483
POLLING_UNIT,inec-pu-660749,ng-state-ogun,OPEN SPACE AT BOLUWATIFE CDA ISALE AGBALUMO,INEC_CVR_PU,660749,,inec-lga-566,,state-assembly-sc-746-og,inec-ward-6483
POLLING_UNIT,inec-pu-660750,ng-state-ogun,POLY 2ND GATE,INEC_CVR_PU,660750,,inec-lga-566,,state-assembly-sc-746-og,inec-ward-6483
POLLING_UNIT,inec-pu-660751,ng-state-ogun,OPEN SPACE AT IREWOLEDE CDA TRANFORMER,INEC_CVR_PU,660751,,inec-lga-566,,state-assembly-sc-746-og,inec-ward-6483
POLLING_UNIT,inec-pu-660752,ng-state-ogun,OPEN SPACE AT IJADO RD ALONG EXPRESS RD.,INEC_CVR_PU,660752,,inec-lga-566,,state-assembly-sc-746-og,inec-ward-6483
WARD,inec-ward-6484,ng-state-ogun,ILARO II,INEC_CVR_WARD,6484,,inec-lga-566,,state-assembly-sc-746-og,
POLLING_UNIT,inec-pu-90718,ng-state-ogun,CHRIST APOSTOLIC CHURCH (CAC) SCHOOL ILARO,INEC_CVR_PU,90718,,inec-lga-566,,state-assembly-sc-746-og,inec-ward-6484
POLLING_UNIT,inec-pu-90719,ng-state-ogun,OPEN SPACE BESIDE APOSTOLIC (CHRIST APOSTOLIC CHURCH ILARO),INEC_CVR_PU,90719,,inec-lga-566,,state-assembly-sc-746-og,inec-ward-6484
POLLING_UNIT,inec-pu-90720,ng-state-ogun,"OJU-IYEWA SQUARE, ILARO I",INEC_CVR_PU,90720,,inec-lga-566,,state-assembly-sc-746-og,inec-ward-6484
POLLING_UNIT,inec-pu-90721,ng-state-ogun,"OJU-IYEWA SQUARE, ILARO II",INEC_CVR_PU,90721,,inec-lga-566,,state-assembly-sc-746-og,inec-ward-6484
POLLING_UNIT,inec-pu-90722,ng-state-ogun,E.S.L.G. SCHOOL ILARO,INEC_CVR_PU,90722,,inec-lga-566,,state-assembly-sc-746-og,inec-ward-6484
POLLING_UNIT,inec-pu-90723,ng-state-ogun,HANDICAPPED SCHOOL ILARO I,INEC_CVR_PU,90723,,inec-lga-566,,state-assembly-sc-746-og,inec-ward-6484
POLLING_UNIT,inec-pu-90724,ng-state-ogun,HARDICAPPED SCHOOL ILARO II,INEC_CVR_PU,90724,,inec-lga-566,,state-assembly-sc-746-og,inec-ward-6484
POLLING_UNIT,inec-pu-90725,ng-state-ogun,U.A.M. SCHOOL ILARO I,INEC_CVR_PU,90725,,inec-lga-566,,state-assembly-sc-746-og,inec-ward-6484
POLLING_UNIT,inec-pu-90726,ng-state-ogun,U.A.M. SCHOOL ILARO I (90726),INEC_CVR_PU,90726,,inec-lga-566,,state-assembly-sc-746-og,inec-ward-6484
POLLING_UNIT,inec-pu-90727,ng-state-ogun,ORONNA HIGH SCHOOL,INEC_CVR_PU,90727,,inec-lga-566,,state-assembly-sc-746-og,inec-ward-6484
POLLING_UNIT,inec-pu-90728,ng-state-ogun,AGO ISAGA SQUARE ILARO I,INEC_CVR_PU,90728,,inec-lga-566,,state-assembly-sc-746-og,inec-ward-6484
POLLING_UNIT,inec-pu-90729,ng-state-ogun,AGO ISAGA SQUARE ILARO II,INEC_CVR_PU,90729,,inec-lga-566,,state-assembly-sc-746-og,inec-ward-6484
POLLING_UNIT,inec-pu-90730,ng-state-ogun,OPEN SPACE AT ODUNTAN'S AREA,INEC_CVR_PU,90730,,inec-lga-566,,state-assembly-sc-746-og,inec-ward-6484
POLLING_UNIT,inec-pu-90731,ng-state-ogun,BOOTH AT IGANMU,INEC_CVR_PU,90731,,inec-lga-566,,state-assembly-sc-746-og,inec-ward-6484
POLLING_UNIT,inec-pu-90732,ng-state-ogun,OPP. CO-OP BANK ILARO,INEC_CVR_PU,90732,,inec-lga-566,,state-assembly-sc-746-og,inec-ward-6484
POLLING_UNIT,inec-pu-660753,ng-state-ogun,SAYEDERO GARAGE,INEC_CVR_PU,660753,,inec-lga-566,,state-assembly-sc-746-og,inec-ward-6484
POLLING_UNIT,inec-pu-660754,ng-state-ogun,OPEN SPACE AT OKE-ODO OSUN,INEC_CVR_PU,660754,,inec-lga-566,,state-assembly-sc-746-og,inec-ward-6484
POLLING_UNIT,inec-pu-660755,ng-state-ogun,OPEN SPACE AT ELITE ESTATE JUNCTION CORNER AFOLABI OKE-ELA,INEC_CVR_PU,660755,,inec-lga-566,,state-assembly-sc-746-og,inec-ward-6484
POLLING_UNIT,inec-pu-660756,ng-state-ogun,OPEN SPACE AT IPARI ODO BESIDE TRANSFORMER,INEC_CVR_PU,660756,,inec-lga-566,,state-assembly-sc-746-og,inec-ward-6484
POLLING_UNIT,inec-pu-660757,ng-state-ogun,CAC PRY SCHOOL OKE-ELA,INEC_CVR_PU,660757,,inec-lga-566,,state-assembly-sc-746-og,inec-ward-6484
POLLING_UNIT,inec-pu-660758,ng-state-ogun,"OPEN SPACE, VALLEY VIEW CDA",INEC_CVR_PU,660758,,inec-lga-566,,state-assembly-sc-746-og,inec-ward-6484
POLLING_UNIT,inec-pu-660759,ng-state-ogun,OPEN SPACE AT IREDE COMMUNITY JUNCTION BLUE ROOF OKE-ELA,INEC_CVR_PU,660759,,inec-lga-566,,state-assembly-sc-746-og,inec-ward-6484
POLLING_UNIT,inec-pu-660760,ng-state-ogun,OPEN SPACE AT IBESE QUARTERS BACK OF JUBILEE,INEC_CVR_PU,660760,,inec-lga-566,,state-assembly-sc-746-og,inec-ward-6484
WARD,inec-ward-6485,ng-state-ogun,ILARO III,INEC_CVR_WARD,6485,,inec-lga-566,,state-assembly-sc-746-og,
POLLING_UNIT,inec-pu-90733,ng-state-ogun,CHRIST CHURCH SCHOOL ILARO,INEC_CVR_PU,90733,,inec-lga-566,,state-assembly-sc-746-og,inec-ward-6485
POLLING_UNIT,inec-pu-90734,ng-state-ogun,ORONNA TOWN HALL I,INEC_CVR_PU,90734,,inec-lga-566,,state-assembly-sc-746-og,inec-ward-6485
POLLING_UNIT,inec-pu-90735,ng-state-ogun,ORONNA TOWN HALL II,INEC_CVR_PU,90735,,inec-lga-566,,state-assembly-sc-746-og,inec-ward-6485
POLLING_UNIT,inec-pu-90736,ng-state-ogun,BAPTIST DAY SCHOOL ILARO,INEC_CVR_PU,90736,,inec-lga-566,,state-assembly-sc-746-og,inec-ward-6485
POLLING_UNIT,inec-pu-90737,ng-state-ogun,A.U.D. SCHOOL ILARO I,INEC_CVR_PU,90737,,inec-lga-566,,state-assembly-sc-746-og,inec-ward-6485
POLLING_UNIT,inec-pu-90738,ng-state-ogun,A.U.D. SCHOOL ILARO II,INEC_CVR_PU,90738,,inec-lga-566,,state-assembly-sc-746-og,inec-ward-6485
POLLING_UNIT,inec-pu-90739,ng-state-ogun,AHMADIYA NURSERY& PRY. SCH. ILARO I,INEC_CVR_PU,90739,,inec-lga-566,,state-assembly-sc-746-og,inec-ward-6485
POLLING_UNIT,inec-pu-90740,ng-state-ogun,AHMADIYA NURSERY & PRY. SCH. ILARO II,INEC_CVR_PU,90740,,inec-lga-566,,state-assembly-sc-746-og,inec-ward-6485
POLLING_UNIT,inec-pu-90741,ng-state-ogun,N.U.D. SCHOOL ILARO I,INEC_CVR_PU,90741,,inec-lga-566,,state-assembly-sc-746-og,inec-ward-6485
POLLING_UNIT,inec-pu-90742,ng-state-ogun,N.U.D. SCHOOL ILARO II,INEC_CVR_PU,90742,,inec-lga-566,,state-assembly-sc-746-og,inec-ward-6485
POLLING_UNIT,inec-pu-90743,ng-state-ogun,KUMOYE STREET ILARO I,INEC_CVR_PU,90743,,inec-lga-566,,state-assembly-sc-746-og,inec-ward-6485
POLLING_UNIT,inec-pu-90744,ng-state-ogun,KUMOYE STREET ILARO II,INEC_CVR_PU,90744,,inec-lga-566,,state-assembly-sc-746-og,inec-ward-6485
POLLING_UNIT,inec-pu-90745,ng-state-ogun,METHODIST SCHOOL GBOGIDI I,INEC_CVR_PU,90745,,inec-lga-566,,state-assembly-sc-746-og,inec-ward-6485
POLLING_UNIT,inec-pu-90746,ng-state-ogun,METHODIST SCHOOL GBOGIDI II,INEC_CVR_PU,90746,,inec-lga-566,,state-assembly-sc-746-og,inec-ward-6485
POLLING_UNIT,inec-pu-90747,ng-state-ogun,E.S.L.G. SCHOOL II MODEOLU I,INEC_CVR_PU,90747,,inec-lga-566,,state-assembly-sc-746-og,inec-ward-6485
POLLING_UNIT,inec-pu-90748,ng-state-ogun,E.SL..G. SCHOOL II MODEOLU II,INEC_CVR_PU,90748,,inec-lga-566,,state-assembly-sc-746-og,inec-ward-6485
POLLING_UNIT,inec-pu-90749,ng-state-ogun,R.C.M. SCHOOL ILARO I,INEC_CVR_PU,90749,,inec-lga-566,,state-assembly-sc-746-og,inec-ward-6485
POLLING_UNIT,inec-pu-90750,ng-state-ogun,R.C.M. SCHOOL ILARO II,INEC_CVR_PU,90750,,inec-lga-566,,state-assembly-sc-746-og,inec-ward-6485
POLLING_UNIT,inec-pu-90751,ng-state-ogun,ILEBA QUARTERS ILARO,INEC_CVR_PU,90751,,inec-lga-566,,state-assembly-sc-746-og,inec-ward-6485
POLLING_UNIT,inec-pu-90752,ng-state-ogun,ROCKY NITE CLUB I,INEC_CVR_PU,90752,,inec-lga-566,,state-assembly-sc-746-og,inec-ward-6485
POLLING_UNIT,inec-pu-90753,ng-state-ogun,ROCKY NITE CLUB II,INEC_CVR_PU,90753,,inec-lga-566,,state-assembly-sc-746-og,inec-ward-6485
POLLING_UNIT,inec-pu-90754,ng-state-ogun,E.A.C. SCHOOL ILARO,INEC_CVR_PU,90754,,inec-lga-566,,state-assembly-sc-746-og,inec-ward-6485
POLLING_UNIT,inec-pu-90755,ng-state-ogun,OPEN SPACE NEAR BAPTIST AREA,INEC_CVR_PU,90755,,inec-lga-566,,state-assembly-sc-746-og,inec-ward-6485
POLLING_UNIT,inec-pu-90756,ng-state-ogun,OPEN SPACE AT OLORUNSOGO,INEC_CVR_PU,90756,,inec-lga-566,,state-assembly-sc-746-og,inec-ward-6485
POLLING_UNIT,inec-pu-90757,ng-state-ogun,OKE OKUTA AREA,INEC_CVR_PU,90757,,inec-lga-566,,state-assembly-sc-746-og,inec-ward-6485
POLLING_UNIT,inec-pu-660761,ng-state-ogun,OPEN SPACE AT TELECOMMUNICATION MAST,INEC_CVR_PU,660761,,inec-lga-566,,state-assembly-sc-746-og,inec-ward-6485
POLLING_UNIT,inec-pu-660762,ng-state-ogun,OPEN SPACE AT ALARABA JUNCTION,INEC_CVR_PU,660762,,inec-lga-566,,state-assembly-sc-746-og,inec-ward-6485
POLLING_UNIT,inec-pu-660763,ng-state-ogun,ITOLU HIGH SCHOOL ILARO,INEC_CVR_PU,660763,,inec-lga-566,,state-assembly-sc-746-og,inec-ward-6485
POLLING_UNIT,inec-pu-660764,ng-state-ogun,COMM. PRY. SCHOOL ILEBA,INEC_CVR_PU,660764,,inec-lga-566,,state-assembly-sc-746-og,inec-ward-6485
POLLING_UNIT,inec-pu-660765,ng-state-ogun,EMMANUEL COMMERCIAL HIGH SCHOOL,INEC_CVR_PU,660765,,inec-lga-566,,state-assembly-sc-746-og,inec-ward-6485
WARD,inec-ward-6486,ng-state-ogun,IWOYE,INEC_CVR_WARD,6486,,inec-lga-566,,state-assembly-sc-746-og,
POLLING_UNIT,inec-pu-90758,ng-state-ogun,A/C SCHOOL IWOYE,INEC_CVR_PU,90758,,inec-lga-566,,state-assembly-sc-746-og,inec-ward-6486
POLLING_UNIT,inec-pu-90759,ng-state-ogun,BAPTIST DAY SCHOOL IPAKE,INEC_CVR_PU,90759,,inec-lga-566,,state-assembly-sc-746-og,inec-ward-6486
POLLING_UNIT,inec-pu-90760,ng-state-ogun,E.S.L.G. SCHOOL IWEKE,INEC_CVR_PU,90760,,inec-lga-566,,state-assembly-sc-746-og,inec-ward-6486
POLLING_UNIT,inec-pu-90761,ng-state-ogun,COMM. SQUARE ISAGA AMOSUN,INEC_CVR_PU,90761,,inec-lga-566,,state-assembly-sc-746-og,inec-ward-6486
POLLING_UNIT,inec-pu-90762,ng-state-ogun,YEWA-MATA VILLAGE SQUARE,INEC_CVR_PU,90762,,inec-lga-566,,state-assembly-sc-746-og,inec-ward-6486
POLLING_UNIT,inec-pu-90763,ng-state-ogun,ST. PETERS SCHOOL IJADO,INEC_CVR_PU,90763,,inec-lga-566,,state-assembly-sc-746-og,inec-ward-6486
POLLING_UNIT,inec-pu-90764,ng-state-ogun,OLORULEKAN VILLAGE I,INEC_CVR_PU,90764,,inec-lga-566,,state-assembly-sc-746-og,inec-ward-6486
POLLING_UNIT,inec-pu-90765,ng-state-ogun,OLORULEKAN VILLAGE II,INEC_CVR_PU,90765,,inec-lga-566,,state-assembly-sc-746-og,inec-ward-6486
POLLING_UNIT,inec-pu-90766,ng-state-ogun,U.A.M.C. SCHOOL OLORUNDA,INEC_CVR_PU,90766,,inec-lga-566,,state-assembly-sc-746-og,inec-ward-6486
POLLING_UNIT,inec-pu-90767,ng-state-ogun,E.S.L.G. SCHOOL ASATO,INEC_CVR_PU,90767,,inec-lga-566,,state-assembly-sc-746-og,inec-ward-6486
POLLING_UNIT,inec-pu-90768,ng-state-ogun,JAJA VILLAGE,INEC_CVR_PU,90768,,inec-lga-566,,state-assembly-sc-746-og,inec-ward-6486
POLLING_UNIT,inec-pu-90769,ng-state-ogun,"OPP. COMM HIGH SCHOOL, IWOYE",INEC_CVR_PU,90769,,inec-lga-566,,state-assembly-sc-746-og,inec-ward-6486
POLLING_UNIT,inec-pu-90770,ng-state-ogun,AJO VILLAGE I,INEC_CVR_PU,90770,,inec-lga-566,,state-assembly-sc-746-og,inec-ward-6486
POLLING_UNIT,inec-pu-90771,ng-state-ogun,AJO VILLAGE II,INEC_CVR_PU,90771,,inec-lga-566,,state-assembly-sc-746-og,inec-ward-6486
POLLING_UNIT,inec-pu-90772,ng-state-ogun,IROGUN AKERE,INEC_CVR_PU,90772,,inec-lga-566,,state-assembly-sc-746-og,inec-ward-6486
POLLING_UNIT,inec-pu-90773,ng-state-ogun,SODINRO/ADEWALE VILLAGE,INEC_CVR_PU,90773,,inec-lga-566,,state-assembly-sc-746-og,inec-ward-6486
POLLING_UNIT,inec-pu-660777,ng-state-ogun,GREAT LIGHT COMMUNITY SCHOOL IWOGIA IWOYE,INEC_CVR_PU,660777,,inec-lga-566,,state-assembly-sc-746-og,inec-ward-6486
POLLING_UNIT,inec-pu-660778,ng-state-ogun,OPEN SPACE AT OLORULEKAN WATER PROJECT ILARO,INEC_CVR_PU,660778,,inec-lga-566,,state-assembly-sc-746-og,inec-ward-6486
POLLING_UNIT,inec-pu-660779,ng-state-ogun,OPEN SPACE BESIDE TRANSFORMER SUPPORT ALAGBEDE VILLAGE ALONG OJA-ODA ROAD,INEC_CVR_PU,660779,,inec-lga-566,,state-assembly-sc-746-og,inec-ward-6486
POLLING_UNIT,inec-pu-675554,ng-state-ogun,AFRICAN NUR AND PRY SCHOOL GBOKOTO,INEC_CVR_PU,675554,,inec-lga-566,,state-assembly-sc-746-og,inec-ward-6486
WARD,inec-ward-6487,ng-state-ogun,IDOGO,INEC_CVR_WARD,6487,,inec-lga-566,,state-assembly-sc-746-og,
POLLING_UNIT,inec-pu-90774,ng-state-ogun,AFRICAN CHURCH SCHOOL IDOGO,INEC_CVR_PU,90774,,inec-lga-566,,state-assembly-sc-746-og,inec-ward-6487
POLLING_UNIT,inec-pu-90775,ng-state-ogun,METHODIST SCHOOL IDOGO,INEC_CVR_PU,90775,,inec-lga-566,,state-assembly-sc-746-og,inec-ward-6487
POLLING_UNIT,inec-pu-90776,ng-state-ogun,U.A.M.C. SCHOOL OLUTE,INEC_CVR_PU,90776,,inec-lga-566,,state-assembly-sc-746-og,inec-ward-6487
POLLING_UNIT,inec-pu-90777,ng-state-ogun,METHODIST SCHOOL IGBEJI,INEC_CVR_PU,90777,,inec-lga-566,,state-assembly-sc-746-og,inec-ward-6487
POLLING_UNIT,inec-pu-90778,ng-state-ogun,U.N.A. SCHOOL IPAJA,INEC_CVR_PU,90778,,inec-lga-566,,state-assembly-sc-746-og,inec-ward-6487
POLLING_UNIT,inec-pu-90779,ng-state-ogun,METHODIST SCHOOL FAGBOHUN,INEC_CVR_PU,90779,,inec-lga-566,,state-assembly-sc-746-og,inec-ward-6487
POLLING_UNIT,inec-pu-90780,ng-state-ogun,AFRICAN SCHOOL OLOKUTA,INEC_CVR_PU,90780,,inec-lga-566,,state-assembly-sc-746-og,inec-ward-6487
POLLING_UNIT,inec-pu-90781,ng-state-ogun,ALL SAINTS SCHOOL ITORO,INEC_CVR_PU,90781,,inec-lga-566,,state-assembly-sc-746-og,inec-ward-6487
POLLING_UNIT,inec-pu-90782,ng-state-ogun,"E.S.L.G. SCHOOL, IDOLOGUN",INEC_CVR_PU,90782,,inec-lga-566,,state-assembly-sc-746-og,inec-ward-6487
POLLING_UNIT,inec-pu-90783,ng-state-ogun,BOOTH AT ABULE - ONILE,INEC_CVR_PU,90783,,inec-lga-566,,state-assembly-sc-746-og,inec-ward-6487
POLLING_UNIT,inec-pu-90784,ng-state-ogun,E.S.L.G. SCHOOL KAKANFO,INEC_CVR_PU,90784,,inec-lga-566,,state-assembly-sc-746-og,inec-ward-6487
POLLING_UNIT,inec-pu-90785,ng-state-ogun,ABULE OLOPA,INEC_CVR_PU,90785,,inec-lga-566,,state-assembly-sc-746-og,inec-ward-6487
POLLING_UNIT,inec-pu-90786,ng-state-ogun,IGA -OTUN OLOKUNTA,INEC_CVR_PU,90786,,inec-lga-566,,state-assembly-sc-746-og,inec-ward-6487
POLLING_UNIT,inec-pu-90787,ng-state-ogun,RCM SCH IDOGO,INEC_CVR_PU,90787,,inec-lga-566,,state-assembly-sc-746-og,inec-ward-6487
POLLING_UNIT,inec-pu-90788,ng-state-ogun,OLOKUTA VILLAGE II,INEC_CVR_PU,90788,,inec-lga-566,,state-assembly-sc-746-og,inec-ward-6487
POLLING_UNIT,inec-pu-90789,ng-state-ogun,OJETE OMILENDE VILLAGE,INEC_CVR_PU,90789,,inec-lga-566,,state-assembly-sc-746-og,inec-ward-6487
POLLING_UNIT,inec-pu-660732,ng-state-ogun,OPEN SPACE AT ODAN/BOLA JUNCTION,INEC_CVR_PU,660732,,inec-lga-566,,state-assembly-sc-746-og,inec-ward-6487
POLLING_UNIT,inec-pu-660733,ng-state-ogun,OPEN SPACE AT ARAROMI OLOKUTA SQUARE,INEC_CVR_PU,660733,,inec-lga-566,,state-assembly-sc-746-og,inec-ward-6487
WARD,inec-ward-6488,ng-state-ogun,OKE ODAN,INEC_CVR_WARD,6488,,inec-lga-566,,state-assembly-sc-746-og,
POLLING_UNIT,inec-pu-90790,ng-state-ogun,ST. JAMES SCHOOL OKE-ODAN I,INEC_CVR_PU,90790,,inec-lga-566,,state-assembly-sc-746-og,inec-ward-6488
POLLING_UNIT,inec-pu-90791,ng-state-ogun,ST. JAMES SCHOOL OKE-ODAN II,INEC_CVR_PU,90791,,inec-lga-566,,state-assembly-sc-746-og,inec-ward-6488
POLLING_UNIT,inec-pu-90792,ng-state-ogun,A/C SCHOOL OKE-ODAN,INEC_CVR_PU,90792,,inec-lga-566,,state-assembly-sc-746-og,inec-ward-6488
POLLING_UNIT,inec-pu-90793,ng-state-ogun,BAPTIST DAY SCHOOL OKE-ODAN I,INEC_CVR_PU,90793,,inec-lga-566,,state-assembly-sc-746-og,inec-ward-6488
POLLING_UNIT,inec-pu-90794,ng-state-ogun,BAPTIST DAY SCHOOL OKE-ODAN II,INEC_CVR_PU,90794,,inec-lga-566,,state-assembly-sc-746-og,inec-ward-6488
POLLING_UNIT,inec-pu-90795,ng-state-ogun,E.S.L.G. SCHOOL EYEKANSE,INEC_CVR_PU,90795,,inec-lga-566,,state-assembly-sc-746-og,inec-ward-6488
POLLING_UNIT,inec-pu-90796,ng-state-ogun,METHODIST SCHOOL OWO I,INEC_CVR_PU,90796,,inec-lga-566,,state-assembly-sc-746-og,inec-ward-6488
POLLING_UNIT,inec-pu-90797,ng-state-ogun,METHODIST SCHOOL OWO II,INEC_CVR_PU,90797,,inec-lga-566,,state-assembly-sc-746-og,inec-ward-6488
POLLING_UNIT,inec-pu-90798,ng-state-ogun,E.S.L.G. SCHOOL AJISE,INEC_CVR_PU,90798,,inec-lga-566,,state-assembly-sc-746-og,inec-ward-6488
POLLING_UNIT,inec-pu-90799,ng-state-ogun,R.C.M. SCHOOL ISAGBO ERE I,INEC_CVR_PU,90799,,inec-lga-566,,state-assembly-sc-746-og,inec-ward-6488
POLLING_UNIT,inec-pu-90800,ng-state-ogun,R.C.M. SCHOOL ISAGBO ERE II,INEC_CVR_PU,90800,,inec-lga-566,,state-assembly-sc-746-og,inec-ward-6488
POLLING_UNIT,inec-pu-90801,ng-state-ogun,ST. JAMES SCHOOL R.M. II OKE-ODAN I,INEC_CVR_PU,90801,,inec-lga-566,,state-assembly-sc-746-og,inec-ward-6488
POLLING_UNIT,inec-pu-90802,ng-state-ogun,ST. JAMES SCHOOL R.M. II OKE ODAN II,INEC_CVR_PU,90802,,inec-lga-566,,state-assembly-sc-746-og,inec-ward-6488
POLLING_UNIT,inec-pu-90803,ng-state-ogun,A/C SCHOOL R.M. II OKE ODAN I,INEC_CVR_PU,90803,,inec-lga-566,,state-assembly-sc-746-og,inec-ward-6488
POLLING_UNIT,inec-pu-90804,ng-state-ogun,A/C SCHOOL R.M. II OKE-ODAN II,INEC_CVR_PU,90804,,inec-lga-566,,state-assembly-sc-746-og,inec-ward-6488
POLLING_UNIT,inec-pu-90805,ng-state-ogun,OPEN SPACE BESIDE K&S CHURCH OKE-ODAN I,INEC_CVR_PU,90805,,inec-lga-566,,state-assembly-sc-746-og,inec-ward-6488
POLLING_UNIT,inec-pu-90806,ng-state-ogun,OPEN SPACE BESIDE K & S CHURCH OKE-ODAN II,INEC_CVR_PU,90806,,inec-lga-566,,state-assembly-sc-746-og,inec-ward-6488
POLLING_UNIT,inec-pu-90807,ng-state-ogun,R.C.M. SCHOOL IJAKO,INEC_CVR_PU,90807,,inec-lga-566,,state-assembly-sc-746-og,inec-ward-6488
POLLING_UNIT,inec-pu-90808,ng-state-ogun,R.C.M. SCHOOL OWO I,INEC_CVR_PU,90808,,inec-lga-566,,state-assembly-sc-746-og,inec-ward-6488
POLLING_UNIT,inec-pu-90809,ng-state-ogun,R.C.M. SCHOOL OWO II,INEC_CVR_PU,90809,,inec-lga-566,,state-assembly-sc-746-og,inec-ward-6488
POLLING_UNIT,inec-pu-90810,ng-state-ogun,METHODIST SCHOOL RM II OWO,INEC_CVR_PU,90810,,inec-lga-566,,state-assembly-sc-746-og,inec-ward-6488
POLLING_UNIT,inec-pu-90811,ng-state-ogun,ORISADA-EYO VILLAGE SQUARE,INEC_CVR_PU,90811,,inec-lga-566,,state-assembly-sc-746-og,inec-ward-6488
POLLING_UNIT,inec-pu-90812,ng-state-ogun,OLD MARKET SQUARE,INEC_CVR_PU,90812,,inec-lga-566,,state-assembly-sc-746-og,inec-ward-6488
POLLING_UNIT,inec-pu-90813,ng-state-ogun,AGOSI VILLAGE,INEC_CVR_PU,90813,,inec-lga-566,,state-assembly-sc-746-og,inec-ward-6488
POLLING_UNIT,inec-pu-660781,ng-state-ogun,OPEN SPACE AT OGUN OSUN RD BESIDE PROPOSED TRANSFORMER SEE THE LORD CHURCH,INEC_CVR_PU,660781,,inec-lga-566,,state-assembly-sc-746-og,inec-ward-6488
POLLING_UNIT,inec-pu-660782,ng-state-ogun,C&S AGO ILARO OKE-ODAN,INEC_CVR_PU,660782,,inec-lga-566,,state-assembly-sc-746-og,inec-ward-6488
POLLING_UNIT,inec-pu-660783,ng-state-ogun,IFESOWAPO CDA WATER PROJECT OKE-ODAN,INEC_CVR_PU,660783,,inec-lga-566,,state-assembly-sc-746-og,inec-ward-6488
POLLING_UNIT,inec-pu-660784,ng-state-ogun,MUSLIM PROGRESSIVE HIGH SCHOOL OKE-ODAN,INEC_CVR_PU,660784,,inec-lga-566,,state-assembly-sc-746-og,inec-ward-6488
WARD,inec-ward-6489,ng-state-ogun,OWODE I,INEC_CVR_WARD,6489,,inec-lga-566,,state-assembly-sc-746-og,
POLLING_UNIT,inec-pu-90814,ng-state-ogun,BOOTH NEAR ALAPARA MOSQUE OWODE I,INEC_CVR_PU,90814,,inec-lga-566,,state-assembly-sc-746-og,inec-ward-6489
POLLING_UNIT,inec-pu-90815,ng-state-ogun,BOOTH NEAR ALAPARA MOSQUE OWODE II,INEC_CVR_PU,90815,,inec-lga-566,,state-assembly-sc-746-og,inec-ward-6489
POLLING_UNIT,inec-pu-90816,ng-state-ogun,BOOTH NEAR C.A.C. CHURCH I,INEC_CVR_PU,90816,,inec-lga-566,,state-assembly-sc-746-og,inec-ward-6489
POLLING_UNIT,inec-pu-90817,ng-state-ogun,BOOTH NEAR C.A.C. CHURCH II,INEC_CVR_PU,90817,,inec-lga-566,,state-assembly-sc-746-og,inec-ward-6489
POLLING_UNIT,inec-pu-90818,ng-state-ogun,NEAR CHURCH OF THE LORD ALADURA I,INEC_CVR_PU,90818,,inec-lga-566,,state-assembly-sc-746-og,inec-ward-6489
POLLING_UNIT,inec-pu-90819,ng-state-ogun,NEAR CHURCH OF THE LORD ALADURA II,INEC_CVR_PU,90819,,inec-lga-566,,state-assembly-sc-746-og,inec-ward-6489
POLLING_UNIT,inec-pu-90820,ng-state-ogun,"COMM. TOWN HALL, OWODE I",INEC_CVR_PU,90820,,inec-lga-566,,state-assembly-sc-746-og,inec-ward-6489
POLLING_UNIT,inec-pu-90821,ng-state-ogun,"COMM. TOWN HALL, OWOD II",INEC_CVR_PU,90821,,inec-lga-566,,state-assembly-sc-746-og,inec-ward-6489
POLLING_UNIT,inec-pu-90822,ng-state-ogun,NEAR AHMADIYYA MOSQUE OWODE I,INEC_CVR_PU,90822,,inec-lga-566,,state-assembly-sc-746-og,inec-ward-6489
POLLING_UNIT,inec-pu-90823,ng-state-ogun,NEAR AHMADIYYA MOSQUE OWODE II,INEC_CVR_PU,90823,,inec-lga-566,,state-assembly-sc-746-og,inec-ward-6489
POLLING_UNIT,inec-pu-90824,ng-state-ogun,"OPP. HE-GOAT MARKET, OWODE I",INEC_CVR_PU,90824,,inec-lga-566,,state-assembly-sc-746-og,inec-ward-6489
POLLING_UNIT,inec-pu-90825,ng-state-ogun,"OPP. HE-GOAT MARKET, OWODE II",INEC_CVR_PU,90825,,inec-lga-566,,state-assembly-sc-746-og,inec-ward-6489
POLLING_UNIT,inec-pu-90826,ng-state-ogun,OWODE NEAR MARKET,INEC_CVR_PU,90826,,inec-lga-566,,state-assembly-sc-746-og,inec-ward-6489
POLLING_UNIT,inec-pu-90827,ng-state-ogun,ARMY CHILDREN SCHOOL OWODE I,INEC_CVR_PU,90827,,inec-lga-566,,state-assembly-sc-746-og,inec-ward-6489
POLLING_UNIT,inec-pu-90828,ng-state-ogun,ARMY CHILDREN SCHOOL OWODE II,INEC_CVR_PU,90828,,inec-lga-566,,state-assembly-sc-746-og,inec-ward-6489
POLLING_UNIT,inec-pu-90829,ng-state-ogun,OLD SLAUGHTER'S SLAB,INEC_CVR_PU,90829,,inec-lga-566,,state-assembly-sc-746-og,inec-ward-6489
POLLING_UNIT,inec-pu-90830,ng-state-ogun,BOOTH AT IREPODUN SQUARE,INEC_CVR_PU,90830,,inec-lga-566,,state-assembly-sc-746-og,inec-ward-6489
POLLING_UNIT,inec-pu-90831,ng-state-ogun,ARMY CHILDREN SCHOOL III,INEC_CVR_PU,90831,,inec-lga-566,,state-assembly-sc-746-og,inec-ward-6489
POLLING_UNIT,inec-pu-90832,ng-state-ogun,MORICAS ARABIC SCH AGO-EGUN (OPP),INEC_CVR_PU,90832,,inec-lga-566,,state-assembly-sc-746-og,inec-ward-6489
POLLING_UNIT,inec-pu-90833,ng-state-ogun,FRONT OF SEYE'S BAKERY,INEC_CVR_PU,90833,,inec-lga-566,,state-assembly-sc-746-og,inec-ward-6489
POLLING_UNIT,inec-pu-660785,ng-state-ogun,OPEN SPACE UNDER THE COCONUT TREE BESIDE TRANSFORMER AT FOLASADE OKE-OGBON STR. OWODE,INEC_CVR_PU,660785,,inec-lga-566,,state-assembly-sc-746-og,inec-ward-6489
POLLING_UNIT,inec-pu-660786,ng-state-ogun,OPEN SPACE AT POWER LINE BAMGBOPA LINE,INEC_CVR_PU,660786,,inec-lga-566,,state-assembly-sc-746-og,inec-ward-6489
POLLING_UNIT,inec-pu-660787,ng-state-ogun,UNDER PEAR TREE ALAO LATEEF HOUSE ALAPARA OWODE,INEC_CVR_PU,660787,,inec-lga-566,,state-assembly-sc-746-og,inec-ward-6489
POLLING_UNIT,inec-pu-660788,ng-state-ogun,ALMAJIR ISLAMIC CHILDREN SCHOOL ISAGA,INEC_CVR_PU,660788,,inec-lga-566,,state-assembly-sc-746-og,inec-ward-6489
POLLING_UNIT,inec-pu-660789,ng-state-ogun,ISAGA BUSTOP ALONG ILARO RD,INEC_CVR_PU,660789,,inec-lga-566,,state-assembly-sc-746-og,inec-ward-6489
POLLING_UNIT,inec-pu-660790,ng-state-ogun,ODUBIYI FOLASADE JUNCTION,INEC_CVR_PU,660790,,inec-lga-566,,state-assembly-sc-746-og,inec-ward-6489
POLLING_UNIT,inec-pu-660791,ng-state-ogun,ISALE ORO JUNCTION ALONG SUNDAY IDIROKO ROAD,INEC_CVR_PU,660791,,inec-lga-566,,state-assembly-sc-746-og,inec-ward-6489
POLLING_UNIT,inec-pu-660792,ng-state-ogun,TIPPER GARAGE ALONG ILARO ROAD,INEC_CVR_PU,660792,,inec-lga-566,,state-assembly-sc-746-og,inec-ward-6489
POLLING_UNIT,inec-pu-660793,ng-state-ogun,OPEN SPACE AT WATER PROJECT BACK OF OWODE MARKET,INEC_CVR_PU,660793,,inec-lga-566,,state-assembly-sc-746-og,inec-ward-6489
POLLING_UNIT,inec-pu-660794,ng-state-ogun,JUNCTION IGBOWO COMMUNITY BESIDE AKEWU KANWO CENRAL MOSQUE,INEC_CVR_PU,660794,,inec-lga-566,,state-assembly-sc-746-og,inec-ward-6489
POLLING_UNIT,inec-pu-660795,ng-state-ogun,OPEN SPACE AT FEDERAL STEP DOWN,INEC_CVR_PU,660795,,inec-lga-566,,state-assembly-sc-746-og,inec-ward-6489
POLLING_UNIT,inec-pu-660796,ng-state-ogun,OPEN SPACE AT IREPODUN IREWOLEDE ARAROMI,INEC_CVR_PU,660796,,inec-lga-566,,state-assembly-sc-746-og,inec-ward-6489
POLLING_UNIT,inec-pu-660797,ng-state-ogun,OPEN SPACE AT MORICAS II OWODE,INEC_CVR_PU,660797,,inec-lga-566,,state-assembly-sc-746-og,inec-ward-6489
WARD,inec-ward-6490,ng-state-ogun,OWODE II,INEC_CVR_WARD,6490,,inec-lga-566,,state-assembly-sc-746-og,
POLLING_UNIT,inec-pu-90834,ng-state-ogun,BOOTH AT AMULE-KANGBO SQUARE I,INEC_CVR_PU,90834,,inec-lga-566,,state-assembly-sc-746-og,inec-ward-6490
POLLING_UNIT,inec-pu-90835,ng-state-ogun,BOOTH AT AMULE-KANGBO SQUARE II,INEC_CVR_PU,90835,,inec-lga-566,,state-assembly-sc-746-og,inec-ward-6490
POLLING_UNIT,inec-pu-90836,ng-state-ogun,BOOTH AT POST OFFICE OWODE I,INEC_CVR_PU,90836,,inec-lga-566,,state-assembly-sc-746-og,inec-ward-6490
POLLING_UNIT,inec-pu-90837,ng-state-ogun,BOOTH AT POST OFFICE OWODE II,INEC_CVR_PU,90837,,inec-lga-566,,state-assembly-sc-746-og,inec-ward-6490
POLLING_UNIT,inec-pu-90838,ng-state-ogun,"OPEN SPACE NEAR METHODIST I, SABO",INEC_CVR_PU,90838,,inec-lga-566,,state-assembly-sc-746-og,inec-ward-6490
POLLING_UNIT,inec-pu-90839,ng-state-ogun,"OPEN SPACE NEAR METHODIST II, SABO",INEC_CVR_PU,90839,,inec-lga-566,,state-assembly-sc-746-og,inec-ward-6490
POLLING_UNIT,inec-pu-90840,ng-state-ogun,E.S.L.G. SCHOOL OWODE,INEC_CVR_PU,90840,,inec-lga-566,,state-assembly-sc-746-og,inec-ward-6490
POLLING_UNIT,inec-pu-90841,ng-state-ogun,OPEN SPACE AT APOSTOLIC 4-CORNER AREA I,INEC_CVR_PU,90841,,inec-lga-566,,state-assembly-sc-746-og,inec-ward-6490
POLLING_UNIT,inec-pu-90842,ng-state-ogun,OPEN SPACE AT APOSTOLIC 4-CORNER AREA II,INEC_CVR_PU,90842,,inec-lga-566,,state-assembly-sc-746-og,inec-ward-6490
POLLING_UNIT,inec-pu-90843,ng-state-ogun,COMM. PRY SCHOOL OWODE I,INEC_CVR_PU,90843,,inec-lga-566,,state-assembly-sc-746-og,inec-ward-6490
POLLING_UNIT,inec-pu-90844,ng-state-ogun,COMM. PRY SCHOOL OWODE II,INEC_CVR_PU,90844,,inec-lga-566,,state-assembly-sc-746-og,inec-ward-6490
POLLING_UNIT,inec-pu-90845,ng-state-ogun,AREA COMM. HIGH SCHOOL OWODE I,INEC_CVR_PU,90845,,inec-lga-566,,state-assembly-sc-746-og,inec-ward-6490
POLLING_UNIT,inec-pu-90846,ng-state-ogun,AREA COMM. HIGH SCHOOL OWODE II,INEC_CVR_PU,90846,,inec-lga-566,,state-assembly-sc-746-og,inec-ward-6490
POLLING_UNIT,inec-pu-90847,ng-state-ogun,YIDI STR. TEMIDIRE MOSQUE,INEC_CVR_PU,90847,,inec-lga-566,,state-assembly-sc-746-og,inec-ward-6490
POLLING_UNIT,inec-pu-90848,ng-state-ogun,OLD SABO MARKET OWODE I,INEC_CVR_PU,90848,,inec-lga-566,,state-assembly-sc-746-og,inec-ward-6490
POLLING_UNIT,inec-pu-90849,ng-state-ogun,OLD SABO MARKET OWODE II,INEC_CVR_PU,90849,,inec-lga-566,,state-assembly-sc-746-og,inec-ward-6490
POLLING_UNIT,inec-pu-90850,ng-state-ogun,BOOTH AT OLD R.C.C. ADO-ODO ROAD,INEC_CVR_PU,90850,,inec-lga-566,,state-assembly-sc-746-og,inec-ward-6490
POLLING_UNIT,inec-pu-660798,ng-state-ogun,PRIMARY HEALTH CLINIC ISAGA OWODE,INEC_CVR_PU,660798,,inec-lga-566,,state-assembly-sc-746-og,inec-ward-6490
POLLING_UNIT,inec-pu-660799,ng-state-ogun,ST. PAUL ANG. SCH. OWODE,INEC_CVR_PU,660799,,inec-lga-566,,state-assembly-sc-746-og,inec-ward-6490
POLLING_UNIT,inec-pu-660800,ng-state-ogun,SANGO GARAGE ALONG SANGO IDIROKO RD.,INEC_CVR_PU,660800,,inec-lga-566,,state-assembly-sc-746-og,inec-ward-6490
POLLING_UNIT,inec-pu-660801,ng-state-ogun,"ESLG SCHOOL OKE-OLA, OWODE",INEC_CVR_PU,660801,,inec-lga-566,,state-assembly-sc-746-og,inec-ward-6490
POLLING_UNIT,inec-pu-660802,ng-state-ogun,OPEN SPACE AT TEWURE PEPE OWODE,INEC_CVR_PU,660802,,inec-lga-566,,state-assembly-sc-746-og,inec-ward-6490
POLLING_UNIT,inec-pu-660803,ng-state-ogun,"OPEN SPACE BESIDE TRANSFORMER AT OGBOYE AKANBI JUNCTION SABO, OWODE",INEC_CVR_PU,660803,,inec-lga-566,,state-assembly-sc-746-og,inec-ward-6490
POLLING_UNIT,inec-pu-660804,ng-state-ogun,OPEN SPACE AT OLUWAKOREDE COMM. SQUARE ISAGA,INEC_CVR_PU,660804,,inec-lga-566,,state-assembly-sc-746-og,inec-ward-6490
POLLING_UNIT,inec-pu-660805,ng-state-ogun,OPEN SPACE AT IGANDIMU JUNCTION OWODE,INEC_CVR_PU,660805,,inec-lga-566,,state-assembly-sc-746-og,inec-ward-6490
WARD,inec-ward-6491,ng-state-ogun,ILOBI/ERINJA,INEC_CVR_WARD,6491,,inec-lga-566,,state-assembly-sc-746-og,
POLLING_UNIT,inec-pu-90851,ng-state-ogun,DISPENSARY OKE-ERINJA,INEC_CVR_PU,90851,,inec-lga-566,,state-assembly-sc-746-og,inec-ward-6491
POLLING_UNIT,inec-pu-90852,ng-state-ogun,OPEN SPACE AT ERINJA-ILE,INEC_CVR_PU,90852,,inec-lga-566,,state-assembly-sc-746-og,inec-ward-6491
POLLING_UNIT,inec-pu-90853,ng-state-ogun,E.S.L.G. SCHOOL - ILOBI,INEC_CVR_PU,90853,,inec-lga-566,,state-assembly-sc-746-og,inec-ward-6491
POLLING_UNIT,inec-pu-90854,ng-state-ogun,C.A.C. SCHOOL OKO-BABA,INEC_CVR_PU,90854,,inec-lga-566,,state-assembly-sc-746-og,inec-ward-6491
POLLING_UNIT,inec-pu-90855,ng-state-ogun,E.S.L.G. SCHOOL ALAGBON I,INEC_CVR_PU,90855,,inec-lga-566,,state-assembly-sc-746-og,inec-ward-6491
POLLING_UNIT,inec-pu-90856,ng-state-ogun,E.S.L.G. SCHOOL ALAGBON II,INEC_CVR_PU,90856,,inec-lga-566,,state-assembly-sc-746-og,inec-ward-6491
POLLING_UNIT,inec-pu-90857,ng-state-ogun,E.S.L.G. SCHOOL ALAGBON III,INEC_CVR_PU,90857,,inec-lga-566,,state-assembly-sc-746-og,inec-ward-6491
POLLING_UNIT,inec-pu-90858,ng-state-ogun,"CUSTOMARY COURT HALL, ILOBI",INEC_CVR_PU,90858,,inec-lga-566,,state-assembly-sc-746-og,inec-ward-6491
POLLING_UNIT,inec-pu-90859,ng-state-ogun,OPP. MARKET GARAGE,INEC_CVR_PU,90859,,inec-lga-566,,state-assembly-sc-746-og,inec-ward-6491
POLLING_UNIT,inec-pu-90860,ng-state-ogun,E.S.L.G. SCHOOL ERINJA ORILE,INEC_CVR_PU,90860,,inec-lga-566,,state-assembly-sc-746-og,inec-ward-6491
POLLING_UNIT,inec-pu-660766,ng-state-ogun,YSLG OKE-ERINJA,INEC_CVR_PU,660766,,inec-lga-566,,state-assembly-sc-746-og,inec-ward-6491
POLLING_UNIT,inec-pu-660767,ng-state-ogun,"OPEN SPACE AT SURULERE STREET, OKE-ERINJA",INEC_CVR_PU,660767,,inec-lga-566,,state-assembly-sc-746-og,inec-ward-6491
POLLING_UNIT,inec-pu-660768,ng-state-ogun,OPEN SPACE AT ORUWA ERINJA COMMUNITY WATER PROJECT,INEC_CVR_PU,660768,,inec-lga-566,,state-assembly-sc-746-og,inec-ward-6491
POLLING_UNIT,inec-pu-660769,ng-state-ogun,EBUROGUN VILLAGE,INEC_CVR_PU,660769,,inec-lga-566,,state-assembly-sc-746-og,inec-ward-6491
POLLING_UNIT,inec-pu-660770,ng-state-ogun,OPEN SPACE AT IYANO ANISERE,INEC_CVR_PU,660770,,inec-lga-566,,state-assembly-sc-746-og,inec-ward-6491
POLLING_UNIT,inec-pu-660771,ng-state-ogun,OPEN SPACE AT AGO PANU BESIDE TRANSFORMER ALAGBON,INEC_CVR_PU,660771,,inec-lga-566,,state-assembly-sc-746-og,inec-ward-6491
POLLING_UNIT,inec-pu-660772,ng-state-ogun,OPEN SPACE BESIDE TRANSFORMER OPP BIBLE COLLEGE,INEC_CVR_PU,660772,,inec-lga-566,,state-assembly-sc-746-og,inec-ward-6491
POLLING_UNIT,inec-pu-660773,ng-state-ogun,OPEN SPACE BESIDE TRANSFORMER OPP. ALASEYORI CENTRAL MOSQUE,INEC_CVR_PU,660773,,inec-lga-566,,state-assembly-sc-746-og,inec-ward-6491
POLLING_UNIT,inec-pu-660774,ng-state-ogun,OPEN SPACE BESIDE TRANSFORMER OPP YSLG ALAGBON,INEC_CVR_PU,660774,,inec-lga-566,,state-assembly-sc-746-og,inec-ward-6491
POLLING_UNIT,inec-pu-660775,ng-state-ogun,OPEN SPACE UNDER KOLANUT TREE INFRONT OF BAALE HOUSE,INEC_CVR_PU,660775,,inec-lga-566,,state-assembly-sc-746-og,inec-ward-6491
POLLING_UNIT,inec-pu-660776,ng-state-ogun,ILOBI TOWN HALL,INEC_CVR_PU,660776,,inec-lga-566,,state-assembly-sc-746-og,inec-ward-6491
WARD,inec-ward-6492,ng-state-ogun,AJILETE,INEC_CVR_WARD,6492,,inec-lga-566,,state-assembly-sc-746-og,
POLLING_UNIT,inec-pu-90861,ng-state-ogun,CUSTOMARY COURT HALL AJILETE I,INEC_CVR_PU,90861,,inec-lga-566,,state-assembly-sc-746-og,inec-ward-6492
POLLING_UNIT,inec-pu-90862,ng-state-ogun,CUSTOMARY COURT HALL AJILETE II,INEC_CVR_PU,90862,,inec-lga-566,,state-assembly-sc-746-og,inec-ward-6492
POLLING_UNIT,inec-pu-90863,ng-state-ogun,A.U.D. SCHOOL AJILETE I,INEC_CVR_PU,90863,,inec-lga-566,,state-assembly-sc-746-og,inec-ward-6492
POLLING_UNIT,inec-pu-90864,ng-state-ogun,A.U.D. SCHOOL AJILETE II,INEC_CVR_PU,90864,,inec-lga-566,,state-assembly-sc-746-og,inec-ward-6492
POLLING_UNIT,inec-pu-90865,ng-state-ogun,ST. JOHN'S SCHOOL AJILETE I,INEC_CVR_PU,90865,,inec-lga-566,,state-assembly-sc-746-og,inec-ward-6492
POLLING_UNIT,inec-pu-90866,ng-state-ogun,YEWA HIGH SCHOOL AJILETE I,INEC_CVR_PU,90866,,inec-lga-566,,state-assembly-sc-746-og,inec-ward-6492
POLLING_UNIT,inec-pu-90867,ng-state-ogun,YEWA HIGH SCHOOL AJILETE II,INEC_CVR_PU,90867,,inec-lga-566,,state-assembly-sc-746-og,inec-ward-6492
POLLING_UNIT,inec-pu-90868,ng-state-ogun,APOSTOLIC CHURCH 4-CORNER AREA I,INEC_CVR_PU,90868,,inec-lga-566,,state-assembly-sc-746-og,inec-ward-6492
POLLING_UNIT,inec-pu-90869,ng-state-ogun,APOSTOLIC CHURCH 4-CORNER AREA II,INEC_CVR_PU,90869,,inec-lga-566,,state-assembly-sc-746-og,inec-ward-6492
POLLING_UNIT,inec-pu-90870,ng-state-ogun,E.S.L.G. SCHOOL KAJOLA,INEC_CVR_PU,90870,,inec-lga-566,,state-assembly-sc-746-og,inec-ward-6492
POLLING_UNIT,inec-pu-90871,ng-state-ogun,BOOTH AT OJU-OTA SQUARE,INEC_CVR_PU,90871,,inec-lga-566,,state-assembly-sc-746-og,inec-ward-6492
POLLING_UNIT,inec-pu-90872,ng-state-ogun,COMM. PRY SCHOOL IBIO,INEC_CVR_PU,90872,,inec-lga-566,,state-assembly-sc-746-og,inec-ward-6492
POLLING_UNIT,inec-pu-90873,ng-state-ogun,DISPENSARY EREDO,INEC_CVR_PU,90873,,inec-lga-566,,state-assembly-sc-746-og,inec-ward-6492
POLLING_UNIT,inec-pu-90874,ng-state-ogun,BOOTH BESIDE A/C AJILETE,INEC_CVR_PU,90874,,inec-lga-566,,state-assembly-sc-746-og,inec-ward-6492
POLLING_UNIT,inec-pu-90875,ng-state-ogun,BESIDE AGO-EYO MOSQUE I,INEC_CVR_PU,90875,,inec-lga-566,,state-assembly-sc-746-og,inec-ward-6492
POLLING_UNIT,inec-pu-90876,ng-state-ogun,BESIDE AGO-EYO MOSQUE II,INEC_CVR_PU,90876,,inec-lga-566,,state-assembly-sc-746-og,inec-ward-6492
POLLING_UNIT,inec-pu-90877,ng-state-ogun,ORI-OKUTA SQUARE ILARO QUARTERS,INEC_CVR_PU,90877,,inec-lga-566,,state-assembly-sc-746-og,inec-ward-6492
POLLING_UNIT,inec-pu-90878,ng-state-ogun,ST. JOHN'S SCHOOL BLOCK II,INEC_CVR_PU,90878,,inec-lga-566,,state-assembly-sc-746-og,inec-ward-6492
POLLING_UNIT,inec-pu-660727,ng-state-ogun,ARAROMI MARKET,INEC_CVR_PU,660727,,inec-lga-566,,state-assembly-sc-746-og,inec-ward-6492
POLLING_UNIT,inec-pu-660728,ng-state-ogun,OPEN SPACE AT AJEGUNLE SQUARE AJILETE,INEC_CVR_PU,660728,,inec-lga-566,,state-assembly-sc-746-og,inec-ward-6492
POLLING_UNIT,inec-pu-660729,ng-state-ogun,OPEN SPACE AT AKOREDE COMMUNITY BESIDE TRANSFORMER,INEC_CVR_PU,660729,,inec-lga-566,,state-assembly-sc-746-og,inec-ward-6492
POLLING_UNIT,inec-pu-660730,ng-state-ogun,IDO OLUBO VILLAGE SQUARE,INEC_CVR_PU,660730,,inec-lga-566,,state-assembly-sc-746-og,inec-ward-6492
POLLING_UNIT,inec-pu-660731,ng-state-ogun,IFELODUN CDA TOWN HALL,INEC_CVR_PU,660731,,inec-lga-566,,state-assembly-sc-746-og,inec-ward-6492
WARD,inec-ward-6493,ng-state-ogun,ABALABI,INEC_CVR_WARD,6493,,inec-lga-567,,state-assembly-sc-730-og,
POLLING_UNIT,inec-pu-90879,ng-state-ogun,COMMUNITY HALL ABALABI I,INEC_CVR_PU,90879,,inec-lga-567,,state-assembly-sc-730-og,inec-ward-6493
POLLING_UNIT,inec-pu-90880,ng-state-ogun,COMMUNITY HALL ABALABI II,INEC_CVR_PU,90880,,inec-lga-567,,state-assembly-sc-730-og,inec-ward-6493
POLLING_UNIT,inec-pu-90881,ng-state-ogun,SCHOOL PREM SOJUOLU I,INEC_CVR_PU,90881,,inec-lga-567,,state-assembly-sc-730-og,inec-ward-6493
POLLING_UNIT,inec-pu-90882,ng-state-ogun,SCHOOL PREM SOJUOLU II,INEC_CVR_PU,90882,,inec-lga-567,,state-assembly-sc-730-og,inec-ward-6493
POLLING_UNIT,inec-pu-90883,ng-state-ogun,ST. PAUL ANG. SCH. SOJUOLU I,INEC_CVR_PU,90883,,inec-lga-567,,state-assembly-sc-730-og,inec-ward-6493
POLLING_UNIT,inec-pu-90884,ng-state-ogun,ST. PAUL ANG. SCH. SOJUOLU II,INEC_CVR_PU,90884,,inec-lga-567,,state-assembly-sc-730-og,inec-ward-6493
POLLING_UNIT,inec-pu-90885,ng-state-ogun,UNITED SCHOOL OLORUNDA STATION,INEC_CVR_PU,90885,,inec-lga-567,,state-assembly-sc-730-og,inec-ward-6493
POLLING_UNIT,inec-pu-90886,ng-state-ogun,TOWN HALL OLORUNDA I,INEC_CVR_PU,90886,,inec-lga-567,,state-assembly-sc-730-og,inec-ward-6493
POLLING_UNIT,inec-pu-90887,ng-state-ogun,TOWN HALL OLORUNDA II,INEC_CVR_PU,90887,,inec-lga-567,,state-assembly-sc-730-og,inec-ward-6493
POLLING_UNIT,inec-pu-90888,ng-state-ogun,L.G. SCHOOL OPEYAKA I,INEC_CVR_PU,90888,,inec-lga-567,,state-assembly-sc-730-og,inec-ward-6493
POLLING_UNIT,inec-pu-90889,ng-state-ogun,L.G. SCHOOL OPEYAKA II,INEC_CVR_PU,90889,,inec-lga-567,,state-assembly-sc-730-og,inec-ward-6493
POLLING_UNIT,inec-pu-90890,ng-state-ogun,BAPT SCH. IDI AGA,INEC_CVR_PU,90890,,inec-lga-567,,state-assembly-sc-730-og,inec-ward-6493
POLLING_UNIT,inec-pu-90891,ng-state-ogun,AFRICAN CHURCH SCH. AJEGUNLE I,INEC_CVR_PU,90891,,inec-lga-567,,state-assembly-sc-730-og,inec-ward-6493
POLLING_UNIT,inec-pu-90892,ng-state-ogun,AFRICAN CHURCH SCH.AJEGUUNLE II,INEC_CVR_PU,90892,,inec-lga-567,,state-assembly-sc-730-og,inec-ward-6493
POLLING_UNIT,inec-pu-90893,ng-state-ogun,AFRICAN CHURCH SCH.AJEGUNLE III,INEC_CVR_PU,90893,,inec-lga-567,,state-assembly-sc-730-og,inec-ward-6493
POLLING_UNIT,inec-pu-90894,ng-state-ogun,"OPEN SPACE NEAR TOWN HALL, ABALABI",INEC_CVR_PU,90894,,inec-lga-567,,state-assembly-sc-730-og,inec-ward-6493
POLLING_UNIT,inec-pu-90895,ng-state-ogun,OPEN SPACE AT GBOKOLU VILLAGE,INEC_CVR_PU,90895,,inec-lga-567,,state-assembly-sc-730-og,inec-ward-6493
POLLING_UNIT,inec-pu-90896,ng-state-ogun,"OPEN SPACE AT IGBO-AJE VILLAGE,OLOKUTA",INEC_CVR_PU,90896,,inec-lga-567,,state-assembly-sc-730-og,inec-ward-6493
POLLING_UNIT,inec-pu-90897,ng-state-ogun,SCH PREMISES OTEYI ALAGBEDE,INEC_CVR_PU,90897,,inec-lga-567,,state-assembly-sc-730-og,inec-ward-6493
POLLING_UNIT,inec-pu-660806,ng-state-ogun,ABALABI VILLAGE SQUARE,INEC_CVR_PU,660806,,inec-lga-567,,state-assembly-sc-730-og,inec-ward-6493
POLLING_UNIT,inec-pu-660807,ng-state-ogun,ARAROMI TOWN HALL,INEC_CVR_PU,660807,,inec-lga-567,,state-assembly-sc-730-og,inec-ward-6493
POLLING_UNIT,inec-pu-660808,ng-state-ogun,OPEN SPACE FRONT OF HEALTH CENTRE AJEGUNLE,INEC_CVR_PU,660808,,inec-lga-567,,state-assembly-sc-730-og,inec-ward-6493
WARD,inec-ward-6494,ng-state-ogun,ASA/YOBO,INEC_CVR_WARD,6494,,inec-lga-567,,state-assembly-sc-730-og,
POLLING_UNIT,inec-pu-90898,ng-state-ogun,A/C SCHOOL AGODO,INEC_CVR_PU,90898,,inec-lga-567,,state-assembly-sc-730-og,inec-ward-6494
POLLING_UNIT,inec-pu-90899,ng-state-ogun,A/C SCHOOL YOBO,INEC_CVR_PU,90899,,inec-lga-567,,state-assembly-sc-730-og,inec-ward-6494
POLLING_UNIT,inec-pu-90900,ng-state-ogun,OPEN SPACE AT ASA TEPEDE,INEC_CVR_PU,90900,,inec-lga-567,,state-assembly-sc-730-og,inec-ward-6494
POLLING_UNIT,inec-pu-90901,ng-state-ogun,SCHOOL PREMISES ASA OBINTIN,INEC_CVR_PU,90901,,inec-lga-567,,state-assembly-sc-730-og,inec-ward-6494
POLLING_UNIT,inec-pu-90902,ng-state-ogun,LALA TOWN HALL,INEC_CVR_PU,90902,,inec-lga-567,,state-assembly-sc-730-og,inec-ward-6494
POLLING_UNIT,inec-pu-90903,ng-state-ogun,ASA OLOWO,INEC_CVR_PU,90903,,inec-lga-567,,state-assembly-sc-730-og,inec-ward-6494
POLLING_UNIT,inec-pu-90904,ng-state-ogun,NEAR SCHOOL PREM YOBO,INEC_CVR_PU,90904,,inec-lga-567,,state-assembly-sc-730-og,inec-ward-6494
POLLING_UNIT,inec-pu-90905,ng-state-ogun,ASA-APALOLO,INEC_CVR_PU,90905,,inec-lga-567,,state-assembly-sc-730-og,inec-ward-6494
POLLING_UNIT,inec-pu-90906,ng-state-ogun,OPEN SPACE AT ISALE EGBA AGODO TOWN,INEC_CVR_PU,90906,,inec-lga-567,,state-assembly-sc-730-og,inec-ward-6494
POLLING_UNIT,inec-pu-90907,ng-state-ogun,OPEN SPACE AT ABULE ADAFUNE AGODO,INEC_CVR_PU,90907,,inec-lga-567,,state-assembly-sc-730-og,inec-ward-6494
POLLING_UNIT,inec-pu-90908,ng-state-ogun,OPEN SPACE AT KAJOLA VILLAGE,INEC_CVR_PU,90908,,inec-lga-567,,state-assembly-sc-730-og,inec-ward-6494
POLLING_UNIT,inec-pu-660818,ng-state-ogun,OPEN SPACE FRONT OF YOBO HEALTH CENTRE,INEC_CVR_PU,660818,,inec-lga-567,,state-assembly-sc-730-og,inec-ward-6494
WARD,inec-ward-6495,ng-state-ogun,ARIGBAJO,INEC_CVR_WARD,6495,,inec-lga-567,,state-assembly-sc-730-og,
POLLING_UNIT,inec-pu-90909,ng-state-ogun,U.D.C. SCHOOL ARIGBAJO I,INEC_CVR_PU,90909,,inec-lga-567,,state-assembly-sc-730-og,inec-ward-6495
POLLING_UNIT,inec-pu-90910,ng-state-ogun,U.D.C. SCHOOL ARIGBAJO II,INEC_CVR_PU,90910,,inec-lga-567,,state-assembly-sc-730-og,inec-ward-6495
POLLING_UNIT,inec-pu-90911,ng-state-ogun,OKO KOGBODOKU,INEC_CVR_PU,90911,,inec-lga-567,,state-assembly-sc-730-og,inec-ward-6495
POLLING_UNIT,inec-pu-90912,ng-state-ogun,L.G. SCHOOL EJIO,INEC_CVR_PU,90912,,inec-lga-567,,state-assembly-sc-730-og,inec-ward-6495
POLLING_UNIT,inec-pu-90913,ng-state-ogun,OPEN SPACE AT SODERU,INEC_CVR_PU,90913,,inec-lga-567,,state-assembly-sc-730-og,inec-ward-6495
POLLING_UNIT,inec-pu-90914,ng-state-ogun,OPEN SPACE AT APOMU,INEC_CVR_PU,90914,,inec-lga-567,,state-assembly-sc-730-og,inec-ward-6495
POLLING_UNIT,inec-pu-90915,ng-state-ogun,METHODIST SCHOOL ABESE,INEC_CVR_PU,90915,,inec-lga-567,,state-assembly-sc-730-og,inec-ward-6495
POLLING_UNIT,inec-pu-90916,ng-state-ogun,OPEN SPACE AT ELEBUTE VILLAGE SQUARE,INEC_CVR_PU,90916,,inec-lga-567,,state-assembly-sc-730-og,inec-ward-6495
POLLING_UNIT,inec-pu-660809,ng-state-ogun,OPEN SPACE ADJACENT AINA STREET BESIDE TRANSFORMER,INEC_CVR_PU,660809,,inec-lga-567,,state-assembly-sc-730-og,inec-ward-6495
POLLING_UNIT,inec-pu-660810,ng-state-ogun,"OPEN SPACE BESIDE TRANSFORMER,EGUNNLA",INEC_CVR_PU,660810,,inec-lga-567,,state-assembly-sc-730-og,inec-ward-6495
POLLING_UNIT,inec-pu-660811,ng-state-ogun,"OPEN SPACE ALONG RAILWAY LINE, ABATA",INEC_CVR_PU,660811,,inec-lga-567,,state-assembly-sc-730-og,inec-ward-6495
POLLING_UNIT,inec-pu-660812,ng-state-ogun,EGUNNLA ANNEX,INEC_CVR_PU,660812,,inec-lga-567,,state-assembly-sc-730-og,inec-ward-6495
POLLING_UNIT,inec-pu-660813,ng-state-ogun,OPEN SPACE BESIDES TRANSFORMER IMODE,INEC_CVR_PU,660813,,inec-lga-567,,state-assembly-sc-730-og,inec-ward-6495
POLLING_UNIT,inec-pu-660814,ng-state-ogun,OPEN SPACE BESIDE BERGER TRANSFORMER EJIO,INEC_CVR_PU,660814,,inec-lga-567,,state-assembly-sc-730-og,inec-ward-6495
POLLING_UNIT,inec-pu-660815,ng-state-ogun,"OLD MATERNITY CENTRE, EJIO",INEC_CVR_PU,660815,,inec-lga-567,,state-assembly-sc-730-og,inec-ward-6495
POLLING_UNIT,inec-pu-660816,ng-state-ogun,BESIDE TRANSFORMER DEBORAH'S COURT JUNCTION,INEC_CVR_PU,660816,,inec-lga-567,,state-assembly-sc-730-og,inec-ward-6495
POLLING_UNIT,inec-pu-660817,ng-state-ogun,"OPEN SPACE BESIDE PUBLIC WATER TANK, AROGUNJO",INEC_CVR_PU,660817,,inec-lga-567,,state-assembly-sc-730-og,inec-ward-6495
WARD,inec-ward-6496,ng-state-ogun,ITORI,INEC_CVR_WARD,6496,,inec-lga-567,,state-assembly-sc-730-og,
POLLING_UNIT,inec-pu-90917,ng-state-ogun,MARKET SQUARE ITORI I,INEC_CVR_PU,90917,,inec-lga-567,,state-assembly-sc-730-og,inec-ward-6496
POLLING_UNIT,inec-pu-90918,ng-state-ogun,MARKET SQUARE ITORI II,INEC_CVR_PU,90918,,inec-lga-567,,state-assembly-sc-730-og,inec-ward-6496
POLLING_UNIT,inec-pu-90919,ng-state-ogun,IYANA STATION I,INEC_CVR_PU,90919,,inec-lga-567,,state-assembly-sc-730-og,inec-ward-6496
POLLING_UNIT,inec-pu-90920,ng-state-ogun,IYANA STATION II,INEC_CVR_PU,90920,,inec-lga-567,,state-assembly-sc-730-og,inec-ward-6496
POLLING_UNIT,inec-pu-90921,ng-state-ogun,OPP. MATERNITY CENTRE ITORI I,INEC_CVR_PU,90921,,inec-lga-567,,state-assembly-sc-730-og,inec-ward-6496
POLLING_UNIT,inec-pu-90922,ng-state-ogun,OPP. MATERNITY CENTRE ITORI II,INEC_CVR_PU,90922,,inec-lga-567,,state-assembly-sc-730-og,inec-ward-6496
POLLING_UNIT,inec-pu-90923,ng-state-ogun,OPEN SPACE AT U.N.A. LAPELEKE,INEC_CVR_PU,90923,,inec-lga-567,,state-assembly-sc-730-og,inec-ward-6496
POLLING_UNIT,inec-pu-90924,ng-state-ogun,OPEN SPACE AT OKE OKO HALL SQUARE,INEC_CVR_PU,90924,,inec-lga-567,,state-assembly-sc-730-og,inec-ward-6496
POLLING_UNIT,inec-pu-90925,ng-state-ogun,A/C SCHOOL OLUJOBI,INEC_CVR_PU,90925,,inec-lga-567,,state-assembly-sc-730-og,inec-ward-6496
POLLING_UNIT,inec-pu-90926,ng-state-ogun,A/C SCHOOL ONIKOKO,INEC_CVR_PU,90926,,inec-lga-567,,state-assembly-sc-730-og,inec-ward-6496
POLLING_UNIT,inec-pu-90927,ng-state-ogun,HEALTH CENTRE SOWUNMI,INEC_CVR_PU,90927,,inec-lga-567,,state-assembly-sc-730-og,inec-ward-6496
POLLING_UNIT,inec-pu-90928,ng-state-ogun,A/C SCHOOL ELEGBATA,INEC_CVR_PU,90928,,inec-lga-567,,state-assembly-sc-730-og,inec-ward-6496
POLLING_UNIT,inec-pu-90929,ng-state-ogun,SCHOOL PREM. ELEFON,INEC_CVR_PU,90929,,inec-lga-567,,state-assembly-sc-730-og,inec-ward-6496
POLLING_UNIT,inec-pu-90930,ng-state-ogun,SCHOOL PREM. AFOWOWA-GBELU I,INEC_CVR_PU,90930,,inec-lga-567,,state-assembly-sc-730-og,inec-ward-6496
POLLING_UNIT,inec-pu-90931,ng-state-ogun,SCHOOL PREM. AFOWOWA-GBELU II,INEC_CVR_PU,90931,,inec-lga-567,,state-assembly-sc-730-og,inec-ward-6496
POLLING_UNIT,inec-pu-90932,ng-state-ogun,BAPT.DAY SCHOOL ERUKU,INEC_CVR_PU,90932,,inec-lga-567,,state-assembly-sc-730-og,inec-ward-6496
POLLING_UNIT,inec-pu-90933,ng-state-ogun,IKEREKU OLODO,INEC_CVR_PU,90933,,inec-lga-567,,state-assembly-sc-730-og,inec-ward-6496
POLLING_UNIT,inec-pu-90934,ng-state-ogun,A/C SCHOOL OBANLADO,INEC_CVR_PU,90934,,inec-lga-567,,state-assembly-sc-730-og,inec-ward-6496
POLLING_UNIT,inec-pu-90935,ng-state-ogun,A/C SCHOOL OLUKE [WASIMI ABULE VILL],INEC_CVR_PU,90935,,inec-lga-567,,state-assembly-sc-730-og,inec-ward-6496
POLLING_UNIT,inec-pu-90936,ng-state-ogun,OPEN SPACE AT BOLOWOSERE VILLAGE,INEC_CVR_PU,90936,,inec-lga-567,,state-assembly-sc-730-og,inec-ward-6496
POLLING_UNIT,inec-pu-90937,ng-state-ogun,OPEN SPACE AT ADUMBU VILLAGE,INEC_CVR_PU,90937,,inec-lga-567,,state-assembly-sc-730-og,inec-ward-6496
POLLING_UNIT,inec-pu-90938,ng-state-ogun,OPEN SPACE AT LEMO VILLAGE,INEC_CVR_PU,90938,,inec-lga-567,,state-assembly-sc-730-og,inec-ward-6496
POLLING_UNIT,inec-pu-90939,ng-state-ogun,OPEN SPACE AT TELU VILLAGE,INEC_CVR_PU,90939,,inec-lga-567,,state-assembly-sc-730-og,inec-ward-6496
POLLING_UNIT,inec-pu-90940,ng-state-ogun,JAGUNA VILLAGE SQUARE,INEC_CVR_PU,90940,,inec-lga-567,,state-assembly-sc-730-og,inec-ward-6496
POLLING_UNIT,inec-pu-90941,ng-state-ogun,OPEN SPACE AT OLUKE VILLAGE,INEC_CVR_PU,90941,,inec-lga-567,,state-assembly-sc-730-og,inec-ward-6496
POLLING_UNIT,inec-pu-90942,ng-state-ogun,OPEN SPACE AT KEULAGBE VILLAGE,INEC_CVR_PU,90942,,inec-lga-567,,state-assembly-sc-730-og,inec-ward-6496
POLLING_UNIT,inec-pu-660822,ng-state-ogun,ALL SAINT PRY SCHOOL ITORI,INEC_CVR_PU,660822,,inec-lga-567,,state-assembly-sc-730-og,inec-ward-6496
POLLING_UNIT,inec-pu-660823,ng-state-ogun,AGO OWU JUNCTION ITORI,INEC_CVR_PU,660823,,inec-lga-567,,state-assembly-sc-730-og,inec-ward-6496
POLLING_UNIT,inec-pu-660824,ng-state-ogun,OPEN SPACE AT LAND OF PEACE AFOWOWA SOGADE,INEC_CVR_PU,660824,,inec-lga-567,,state-assembly-sc-730-og,inec-ward-6496
POLLING_UNIT,inec-pu-660825,ng-state-ogun,"OPEN SPACE FRONT OF MAGISTRATE COURT, ITORI",INEC_CVR_PU,660825,,inec-lga-567,,state-assembly-sc-730-og,inec-ward-6496
POLLING_UNIT,inec-pu-660826,ng-state-ogun,OPEN SPACE AT OMOSEBI JUNCTION ITORI,INEC_CVR_PU,660826,,inec-lga-567,,state-assembly-sc-730-og,inec-ward-6496
POLLING_UNIT,inec-pu-660827,ng-state-ogun,OPEN SPACE BESIDE RAILWAY LINE IFATEDO ITORI,INEC_CVR_PU,660827,,inec-lga-567,,state-assembly-sc-730-og,inec-ward-6496
POLLING_UNIT,inec-pu-660828,ng-state-ogun,OPEN SPACE IN FRONT OF PUBLI WATER TANK OREMEJI JUNCTION ITORI,INEC_CVR_PU,660828,,inec-lga-567,,state-assembly-sc-730-og,inec-ward-6496
POLLING_UNIT,inec-pu-660829,ng-state-ogun,OPEN SPACE BSIDE TOP MOST BLOCK INDUSTRY ONIKOKO,INEC_CVR_PU,660829,,inec-lga-567,,state-assembly-sc-730-og,inec-ward-6496
POLLING_UNIT,inec-pu-660830,ng-state-ogun,"OPEN SPACE BESIDE CHURCH, ALATIKA ITORI",INEC_CVR_PU,660830,,inec-lga-567,,state-assembly-sc-730-og,inec-ward-6496
POLLING_UNIT,inec-pu-660831,ng-state-ogun,"OPEN SPACE TOWN HALL, ERUKU ITORI",INEC_CVR_PU,660831,,inec-lga-567,,state-assembly-sc-730-og,inec-ward-6496
POLLING_UNIT,inec-pu-660832,ng-state-ogun,OPN SPACE LUFODO PLAYING GROUND ITORI,INEC_CVR_PU,660832,,inec-lga-567,,state-assembly-sc-730-og,inec-ward-6496
POLLING_UNIT,inec-pu-660833,ng-state-ogun,"COMMUNITY PRY SCHOOL, AFOWOWA, SOGADE",INEC_CVR_PU,660833,,inec-lga-567,,state-assembly-sc-730-og,inec-ward-6496
POLLING_UNIT,inec-pu-660834,ng-state-ogun,"OPEN SPACE OPP.MTN MAST , SURULERE ITORI",INEC_CVR_PU,660834,,inec-lga-567,,state-assembly-sc-730-og,inec-ward-6496
POLLING_UNIT,inec-pu-660835,ng-state-ogun,"OPEN SPACE BESIDE POLICE STATION , ITORI",INEC_CVR_PU,660835,,inec-lga-567,,state-assembly-sc-730-og,inec-ward-6496
POLLING_UNIT,inec-pu-660836,ng-state-ogun,BODMAS JUNCTION OPP. TRANSFORMER ITORI,INEC_CVR_PU,660836,,inec-lga-567,,state-assembly-sc-730-og,inec-ward-6496
POLLING_UNIT,inec-pu-660837,ng-state-ogun,"OPEN SPACE NUT COOPERATIVE COMPLEX , JAGUNA, ITORI",INEC_CVR_PU,660837,,inec-lga-567,,state-assembly-sc-730-og,inec-ward-6496
POLLING_UNIT,inec-pu-660838,ng-state-ogun,"PLAYING GROUND BEHIND S/A FILLING STATION,JAGUNA,ITORI",INEC_CVR_PU,660838,,inec-lga-567,,state-assembly-sc-730-og,inec-ward-6496
POLLING_UNIT,inec-pu-660839,ng-state-ogun,"L.G NURSERY/PRY SCHOOL, GASLINE,ITORI",INEC_CVR_PU,660839,,inec-lga-567,,state-assembly-sc-730-og,inec-ward-6496
POLLING_UNIT,inec-pu-660840,ng-state-ogun,"ST PAUL NURSERY/ PRY SCHOOL, LAPELEKE",INEC_CVR_PU,660840,,inec-lga-567,,state-assembly-sc-730-og,inec-ward-6496
POLLING_UNIT,inec-pu-660841,ng-state-ogun,"OPEN SPACE LAPELEKE JUNCTION, ITORI",INEC_CVR_PU,660841,,inec-lga-567,,state-assembly-sc-730-og,inec-ward-6496
WARD,inec-ward-6497,ng-state-ogun,ELERE/ONIGBEDU,INEC_CVR_WARD,6497,,inec-lga-567,,state-assembly-sc-730-og,
POLLING_UNIT,inec-pu-90943,ng-state-ogun,OPEN SPACE AT KOBORO (NEAR NEPA TRANSFORMER),INEC_CVR_PU,90943,,inec-lga-567,,state-assembly-sc-730-og,inec-ward-6497
POLLING_UNIT,inec-pu-90944,ng-state-ogun,ST. SIMEON SCHOOL ELERE/ABULETITUN I,INEC_CVR_PU,90944,,inec-lga-567,,state-assembly-sc-730-og,inec-ward-6497
POLLING_UNIT,inec-pu-90945,ng-state-ogun,ST. SIMEON SCHOOL ELERE/ABULE TITUN II,INEC_CVR_PU,90945,,inec-lga-567,,state-assembly-sc-730-og,inec-ward-6497
POLLING_UNIT,inec-pu-90946,ng-state-ogun,OPEN SPACE AT AJIPATUTU,INEC_CVR_PU,90946,,inec-lga-567,,state-assembly-sc-730-og,inec-ward-6497
POLLING_UNIT,inec-pu-90947,ng-state-ogun,A/C SCHOOL ONIGBEDU I,INEC_CVR_PU,90947,,inec-lga-567,,state-assembly-sc-730-og,inec-ward-6497
POLLING_UNIT,inec-pu-90948,ng-state-ogun,A/C SCHOOL ONIGBEDU II,INEC_CVR_PU,90948,,inec-lga-567,,state-assembly-sc-730-og,inec-ward-6497
POLLING_UNIT,inec-pu-90949,ng-state-ogun,A/C SCHOOL BABALAWO,INEC_CVR_PU,90949,,inec-lga-567,,state-assembly-sc-730-og,inec-ward-6497
POLLING_UNIT,inec-pu-90950,ng-state-ogun,A/C SCHOOL AGA - OLOWO,INEC_CVR_PU,90950,,inec-lga-567,,state-assembly-sc-730-og,inec-ward-6497
POLLING_UNIT,inec-pu-90951,ng-state-ogun,A/C SCHOOL ATOLA,INEC_CVR_PU,90951,,inec-lga-567,,state-assembly-sc-730-og,inec-ward-6497
POLLING_UNIT,inec-pu-90952,ng-state-ogun,"OCCHS FIELD, ELERE",INEC_CVR_PU,90952,,inec-lga-567,,state-assembly-sc-730-og,inec-ward-6497
POLLING_UNIT,inec-pu-90953,ng-state-ogun,INFRONT OF BAALE'S HOUSE ELERE ADUBI,INEC_CVR_PU,90953,,inec-lga-567,,state-assembly-sc-730-og,inec-ward-6497
POLLING_UNIT,inec-pu-90954,ng-state-ogun,OPEN SPACE AT MOREKETE/ILEFUN,INEC_CVR_PU,90954,,inec-lga-567,,state-assembly-sc-730-og,inec-ward-6497
POLLING_UNIT,inec-pu-660819,ng-state-ogun,"OPEN SPACE BESIDE EWEKORO LG HEALTH CENTRE,ONIGBEDU",INEC_CVR_PU,660819,,inec-lga-567,,state-assembly-sc-730-og,inec-ward-6497
POLLING_UNIT,inec-pu-660820,ng-state-ogun,OPEN SPACE AT ONIJOKUN JUNCTION,INEC_CVR_PU,660820,,inec-lga-567,,state-assembly-sc-730-og,inec-ward-6497
POLLING_UNIT,inec-pu-660821,ng-state-ogun,"OPEN SPACE BESIDE OGUN RURAL WATER PROJECT, MOREKETE",INEC_CVR_PU,660821,,inec-lga-567,,state-assembly-sc-730-og,inec-ward-6497
WARD,inec-ward-6498,ng-state-ogun,PAPALANTO,INEC_CVR_WARD,6498,,inec-lga-567,,state-assembly-sc-730-og,
POLLING_UNIT,inec-pu-90955,ng-state-ogun,PAPALANTO HIGH SCHOOL I,INEC_CVR_PU,90955,,inec-lga-567,,state-assembly-sc-730-og,inec-ward-6498
POLLING_UNIT,inec-pu-90956,ng-state-ogun,PAPALANTO HIGH SCHOOL II,INEC_CVR_PU,90956,,inec-lga-567,,state-assembly-sc-730-og,inec-ward-6498
POLLING_UNIT,inec-pu-90957,ng-state-ogun,UNITED CENTRAL SCHOOL ISOFIN,INEC_CVR_PU,90957,,inec-lga-567,,state-assembly-sc-730-og,inec-ward-6498
POLLING_UNIT,inec-pu-90958,ng-state-ogun,L.G. SCHOOL AYEPE,INEC_CVR_PU,90958,,inec-lga-567,,state-assembly-sc-730-og,inec-ward-6498
POLLING_UNIT,inec-pu-90959,ng-state-ogun,A/C SCHOOL WASIMI ALAFIA I,INEC_CVR_PU,90959,,inec-lga-567,,state-assembly-sc-730-og,inec-ward-6498
POLLING_UNIT,inec-pu-90960,ng-state-ogun,A/C SCHOOL WASIMI ALAFIA II,INEC_CVR_PU,90960,,inec-lga-567,,state-assembly-sc-730-og,inec-ward-6498
POLLING_UNIT,inec-pu-90961,ng-state-ogun,TOWN HALL ABULE ODO,INEC_CVR_PU,90961,,inec-lga-567,,state-assembly-sc-730-og,inec-ward-6498
POLLING_UNIT,inec-pu-90962,ng-state-ogun,OPEN SPACE AT EWEKORO VILLAGE I,INEC_CVR_PU,90962,,inec-lga-567,,state-assembly-sc-730-og,inec-ward-6498
POLLING_UNIT,inec-pu-90963,ng-state-ogun,OPEN SPACE AT EWEKORO VILLAGE II,INEC_CVR_PU,90963,,inec-lga-567,,state-assembly-sc-730-og,inec-ward-6498
POLLING_UNIT,inec-pu-90964,ng-state-ogun,BAPT. SCHOOL EWEKORO,INEC_CVR_PU,90964,,inec-lga-567,,state-assembly-sc-730-og,inec-ward-6498
POLLING_UNIT,inec-pu-90965,ng-state-ogun,OPEN SPACE AT OKO LEMO,INEC_CVR_PU,90965,,inec-lga-567,,state-assembly-sc-730-og,inec-ward-6498
POLLING_UNIT,inec-pu-90966,ng-state-ogun,ARAROMI AREA VILLAGE SQUARE,INEC_CVR_PU,90966,,inec-lga-567,,state-assembly-sc-730-og,inec-ward-6498
POLLING_UNIT,inec-pu-90967,ng-state-ogun,OPEN SPACE AT AKINBO VILLAGE,INEC_CVR_PU,90967,,inec-lga-567,,state-assembly-sc-730-og,inec-ward-6498
POLLING_UNIT,inec-pu-90968,ng-state-ogun,OPEN SPACE AT AJEGUNLE EGBADO,INEC_CVR_PU,90968,,inec-lga-567,,state-assembly-sc-730-og,inec-ward-6498
POLLING_UNIT,inec-pu-90969,ng-state-ogun,OPEN SPACE AT ABULE OTUN,INEC_CVR_PU,90969,,inec-lga-567,,state-assembly-sc-730-og,inec-ward-6498
POLLING_UNIT,inec-pu-660851,ng-state-ogun,"COMMUNITY HALL, ISHOFIN",INEC_CVR_PU,660851,,inec-lga-567,,state-assembly-sc-730-og,inec-ward-6498
POLLING_UNIT,inec-pu-660852,ng-state-ogun,"CDA TOWN HALL, AYEPE",INEC_CVR_PU,660852,,inec-lga-567,,state-assembly-sc-730-og,inec-ward-6498
POLLING_UNIT,inec-pu-660853,ng-state-ogun,"COMMUNITY HALL, SURULERE ESTATE, GUDUGBA",INEC_CVR_PU,660853,,inec-lga-567,,state-assembly-sc-730-og,inec-ward-6498
POLLING_UNIT,inec-pu-660854,ng-state-ogun,"COMMUNITY HALL, ORIOGBO",INEC_CVR_PU,660854,,inec-lga-567,,state-assembly-sc-730-og,inec-ward-6498
POLLING_UNIT,inec-pu-660855,ng-state-ogun,"OPEN SPACE BESIDE NEPA SWITCH ROOM,ELEBUTE,ARAROMI",INEC_CVR_PU,660855,,inec-lga-567,,state-assembly-sc-730-og,inec-ward-6498
POLLING_UNIT,inec-pu-660856,ng-state-ogun,"OPEN SPACE BESIDE POLICE POST, EWEKORO",INEC_CVR_PU,660856,,inec-lga-567,,state-assembly-sc-730-og,inec-ward-6498
POLLING_UNIT,inec-pu-660857,ng-state-ogun,"COMMUNITY HEALTH CENTRE,AJEGUNLE,EGBADO",INEC_CVR_PU,660857,,inec-lga-567,,state-assembly-sc-730-og,inec-ward-6498
POLLING_UNIT,inec-pu-660858,ng-state-ogun,"TOWN HALL, AJAYI COMMUNITY,PAPALANTO",INEC_CVR_PU,660858,,inec-lga-567,,state-assembly-sc-730-og,inec-ward-6498
POLLING_UNIT,inec-pu-660859,ng-state-ogun,OPEN SPACE AT EMILOJU JUNCTION PAPALANTO,INEC_CVR_PU,660859,,inec-lga-567,,state-assembly-sc-730-og,inec-ward-6498
POLLING_UNIT,inec-pu-660860,ng-state-ogun,"OPEN SPACE BESIDE PUBLIC WATER TANK,ARAROMI QUARTERS",INEC_CVR_PU,660860,,inec-lga-567,,state-assembly-sc-730-og,inec-ward-6498
POLLING_UNIT,inec-pu-660861,ng-state-ogun,IFELODUN COMMUNITY TOWN HALL ISHOFIN,INEC_CVR_PU,660861,,inec-lga-567,,state-assembly-sc-730-og,inec-ward-6498
POLLING_UNIT,inec-pu-660862,ng-state-ogun,OPEN SPACE ADJACENT AKINBO TRANSFORMER AKINBO,INEC_CVR_PU,660862,,inec-lga-567,,state-assembly-sc-730-og,inec-ward-6498
POLLING_UNIT,inec-pu-660863,ng-state-ogun,OPEN SPACE BESIDE RAILWAY STATION AJEGUNLE EGBADO,INEC_CVR_PU,660863,,inec-lga-567,,state-assembly-sc-730-og,inec-ward-6498
WARD,inec-ward-6499,ng-state-ogun,WASIMI,INEC_CVR_WARD,6499,,inec-lga-567,,state-assembly-sc-730-og,
POLLING_UNIT,inec-pu-90970,ng-state-ogun,TOWN HALL WASIMI I,INEC_CVR_PU,90970,,inec-lga-567,,state-assembly-sc-730-og,inec-ward-6499
POLLING_UNIT,inec-pu-90971,ng-state-ogun,TOWN HALL WASIMI II,INEC_CVR_PU,90971,,inec-lga-567,,state-assembly-sc-730-og,inec-ward-6499
POLLING_UNIT,inec-pu-90972,ng-state-ogun,ST. MICHEAL SCHOOL WASIMI,INEC_CVR_PU,90972,,inec-lga-567,,state-assembly-sc-730-og,inec-ward-6499
POLLING_UNIT,inec-pu-90973,ng-state-ogun,A/C SCHOOL BAIYE,INEC_CVR_PU,90973,,inec-lga-567,,state-assembly-sc-730-og,inec-ward-6499
POLLING_UNIT,inec-pu-90974,ng-state-ogun,A/C SCHOOL AWADO,INEC_CVR_PU,90974,,inec-lga-567,,state-assembly-sc-730-og,inec-ward-6499
POLLING_UNIT,inec-pu-90975,ng-state-ogun,OPEN SPACE AT TEPONA VILLAGE,INEC_CVR_PU,90975,,inec-lga-567,,state-assembly-sc-730-og,inec-ward-6499
POLLING_UNIT,inec-pu-90976,ng-state-ogun,OPEN SPACE AT OTUGADE,INEC_CVR_PU,90976,,inec-lga-567,,state-assembly-sc-730-og,inec-ward-6499
POLLING_UNIT,inec-pu-90977,ng-state-ogun,PRY. SCHOOL OGBERE,INEC_CVR_PU,90977,,inec-lga-567,,state-assembly-sc-730-og,inec-ward-6499
POLLING_UNIT,inec-pu-90978,ng-state-ogun,A/C SCHOOL LOTI,INEC_CVR_PU,90978,,inec-lga-567,,state-assembly-sc-730-og,inec-ward-6499
POLLING_UNIT,inec-pu-660864,ng-state-ogun,"OPEN SPACE IN FRONT OF OLD DISPENSARY, WASIMI",INEC_CVR_PU,660864,,inec-lga-567,,state-assembly-sc-730-og,inec-ward-6499
POLLING_UNIT,inec-pu-660865,ng-state-ogun,"BAPTIST CENTRAL NURSERY/ PRY SCHOOL, WASIMI",INEC_CVR_PU,660865,,inec-lga-567,,state-assembly-sc-730-og,inec-ward-6499
POLLING_UNIT,inec-pu-660866,ng-state-ogun,"OPEN SPACE BESIDE PUBLIC WATER TANK, BOLUFERIN/ELEKURO",INEC_CVR_PU,660866,,inec-lga-567,,state-assembly-sc-730-og,inec-ward-6499
WARD,inec-ward-6500,ng-state-ogun,MOSAN,INEC_CVR_WARD,6500,,inec-lga-567,,state-assembly-sc-730-og,
POLLING_UNIT,inec-pu-90980,ng-state-ogun,OPEN SPACE AT ADE-AGBA VILLAGE SQUARE,INEC_CVR_PU,90980,,inec-lga-567,,state-assembly-sc-730-og,inec-ward-6500
POLLING_UNIT,inec-pu-90981,ng-state-ogun,OPEN SPACE AT OSUPORI VILLAGE SQUARE,INEC_CVR_PU,90981,,inec-lga-567,,state-assembly-sc-730-og,inec-ward-6500
POLLING_UNIT,inec-pu-90982,ng-state-ogun,PRY. SCHOOL MOSAN,INEC_CVR_PU,90982,,inec-lga-567,,state-assembly-sc-730-og,inec-ward-6500
POLLING_UNIT,inec-pu-90983,ng-state-ogun,PRY. SCHOOL OTEYI OLOKUTA,INEC_CVR_PU,90983,,inec-lga-567,,state-assembly-sc-730-og,inec-ward-6500
POLLING_UNIT,inec-pu-90984,ng-state-ogun,PRY. SCHOOL SIGO OPALOLA,INEC_CVR_PU,90984,,inec-lga-567,,state-assembly-sc-730-og,inec-ward-6500
POLLING_UNIT,inec-pu-90985,ng-state-ogun,WASIMI ORILE,INEC_CVR_PU,90985,,inec-lga-567,,state-assembly-sc-730-og,inec-ward-6500
POLLING_UNIT,inec-pu-90986,ng-state-ogun,ISALE STATION I,INEC_CVR_PU,90986,,inec-lga-567,,state-assembly-sc-730-og,inec-ward-6500
POLLING_UNIT,inec-pu-90987,ng-state-ogun,ISALE STATION II,INEC_CVR_PU,90987,,inec-lga-567,,state-assembly-sc-730-og,inec-ward-6500
POLLING_UNIT,inec-pu-90988,ng-state-ogun,PRY. SCHOOL IGBIN OJO,INEC_CVR_PU,90988,,inec-lga-567,,state-assembly-sc-730-og,inec-ward-6500
POLLING_UNIT,inec-pu-90989,ng-state-ogun,TEEMU VILLAGE,INEC_CVR_PU,90989,,inec-lga-567,,state-assembly-sc-730-og,inec-ward-6500
POLLING_UNIT,inec-pu-90990,ng-state-ogun,IGBIN AROWOSEGBE VILLAGE,INEC_CVR_PU,90990,,inec-lga-567,,state-assembly-sc-730-og,inec-ward-6500
WARD,inec-ward-6501,ng-state-ogun,OWOWO,INEC_CVR_WARD,6501,,inec-lga-567,,state-assembly-sc-730-og,
POLLING_UNIT,inec-pu-90991,ng-state-ogun,BAPT. SCHOOL AKINALE,INEC_CVR_PU,90991,,inec-lga-567,,state-assembly-sc-730-og,inec-ward-6501
POLLING_UNIT,inec-pu-90992,ng-state-ogun,A/C SCHOOL OWOWO,INEC_CVR_PU,90992,,inec-lga-567,,state-assembly-sc-730-og,inec-ward-6501
POLLING_UNIT,inec-pu-90993,ng-state-ogun,PRY. SCHOOL IJUMO-OLOGBONI,INEC_CVR_PU,90993,,inec-lga-567,,state-assembly-sc-730-og,inec-ward-6501
POLLING_UNIT,inec-pu-90994,ng-state-ogun,A.U.D. SCHOOL ELEYELE,INEC_CVR_PU,90994,,inec-lga-567,,state-assembly-sc-730-og,inec-ward-6501
POLLING_UNIT,inec-pu-90995,ng-state-ogun,A/C SCHOOL AKINBIYE,INEC_CVR_PU,90995,,inec-lga-567,,state-assembly-sc-730-og,inec-ward-6501
POLLING_UNIT,inec-pu-90996,ng-state-ogun,"OWOWO HIGH SCHOOL, OWOWO",INEC_CVR_PU,90996,,inec-lga-567,,state-assembly-sc-730-og,inec-ward-6501
POLLING_UNIT,inec-pu-90997,ng-state-ogun,AKINJOLE VILLAGE SQUARE,INEC_CVR_PU,90997,,inec-lga-567,,state-assembly-sc-730-og,inec-ward-6501
POLLING_UNIT,inec-pu-660850,ng-state-ogun,"HEALTH CENTRE, OWOWO",INEC_CVR_PU,660850,,inec-lga-567,,state-assembly-sc-730-og,inec-ward-6501
WARD,inec-ward-6502,ng-state-ogun,OBADA-OKO,INEC_CVR_WARD,6502,,inec-lga-567,,state-assembly-sc-730-og,
POLLING_UNIT,inec-pu-90998,ng-state-ogun,ST. JOHN SCHOOL AYEDERE,INEC_CVR_PU,90998,,inec-lga-567,,state-assembly-sc-730-og,inec-ward-6502
POLLING_UNIT,inec-pu-90999,ng-state-ogun,IWOKUN VILLAGE,INEC_CVR_PU,90999,,inec-lga-567,,state-assembly-sc-730-og,inec-ward-6502
POLLING_UNIT,inec-pu-91000,ng-state-ogun,PAKUDI,INEC_CVR_PU,91000,,inec-lga-567,,state-assembly-sc-730-og,inec-ward-6502
POLLING_UNIT,inec-pu-91001,ng-state-ogun,TOWN HALL OBADA-OKO,INEC_CVR_PU,91001,,inec-lga-567,,state-assembly-sc-730-og,inec-ward-6502
POLLING_UNIT,inec-pu-91002,ng-state-ogun,OGUNSOLU VILLAGE,INEC_CVR_PU,91002,,inec-lga-567,,state-assembly-sc-730-og,inec-ward-6502
POLLING_UNIT,inec-pu-91003,ng-state-ogun,IYANA IKEREKU,INEC_CVR_PU,91003,,inec-lga-567,,state-assembly-sc-730-og,inec-ward-6502
POLLING_UNIT,inec-pu-91004,ng-state-ogun,MARKET AREA OBADA-OKO,INEC_CVR_PU,91004,,inec-lga-567,,state-assembly-sc-730-og,inec-ward-6502
POLLING_UNIT,inec-pu-91005,ng-state-ogun,ASIPA VILLAGE,INEC_CVR_PU,91005,,inec-lga-567,,state-assembly-sc-730-og,inec-ward-6502
POLLING_UNIT,inec-pu-91006,ng-state-ogun,BANJOKO VILLAGE,INEC_CVR_PU,91006,,inec-lga-567,,state-assembly-sc-730-og,inec-ward-6502
POLLING_UNIT,inec-pu-660842,ng-state-ogun,"COMMUNITY NURSERY / PRY SCHOOL, IGBORE,OBADA OKO",INEC_CVR_PU,660842,,inec-lga-567,,state-assembly-sc-730-og,inec-ward-6502
POLLING_UNIT,inec-pu-660843,ng-state-ogun,"OWIWI NURSERY/PRY SCHOOL, OBADA OKO",INEC_CVR_PU,660843,,inec-lga-567,,state-assembly-sc-730-og,inec-ward-6502
POLLING_UNIT,inec-pu-660844,ng-state-ogun,"OPEN SPACE BESIDE TOWN HALL, ABULE AKE,OBADA OKO",INEC_CVR_PU,660844,,inec-lga-567,,state-assembly-sc-730-og,inec-ward-6502
POLLING_UNIT,inec-pu-660845,ng-state-ogun,"OLUMO NURSERY/ PRY SCHOOL, AYELOJA",INEC_CVR_PU,660845,,inec-lga-567,,state-assembly-sc-730-og,inec-ward-6502
POLLING_UNIT,inec-pu-660846,ng-state-ogun,IN FRONT OF MTN MAST KONDO ELEJA VILLAGE,INEC_CVR_PU,660846,,inec-lga-567,,state-assembly-sc-730-og,inec-ward-6502
POLLING_UNIT,inec-pu-660847,ng-state-ogun,OPEN SPACE ADJACENT O-SQUARE HOTEL OBADA OKO,INEC_CVR_PU,660847,,inec-lga-567,,state-assembly-sc-730-og,inec-ward-6502
POLLING_UNIT,inec-pu-660848,ng-state-ogun,"L.G PRY HEALTH CENTRE, OBADA OKO",INEC_CVR_PU,660848,,inec-lga-567,,state-assembly-sc-730-og,inec-ward-6502
POLLING_UNIT,inec-pu-660849,ng-state-ogun,"L.G HEALTH CENTRE, BANJOKO",INEC_CVR_PU,660849,,inec-lga-567,,state-assembly-sc-730-og,inec-ward-6502
WARD,inec-ward-6503,ng-state-ogun,IFO I,INEC_CVR_WARD,6503,,inec-lga-568,,state-assembly-sc-728-og,
POLLING_UNIT,inec-pu-91007,ng-state-ogun,ISOPAKO I,INEC_CVR_PU,91007,,inec-lga-568,,state-assembly-sc-728-og,inec-ward-6503
POLLING_UNIT,inec-pu-91008,ng-state-ogun,ISOPAKO II,INEC_CVR_PU,91008,,inec-lga-568,,state-assembly-sc-728-og,inec-ward-6503
POLLING_UNIT,inec-pu-91009,ng-state-ogun,FRONT OF MOSQUE I,INEC_CVR_PU,91009,,inec-lga-568,,state-assembly-sc-728-og,inec-ward-6503
POLLING_UNIT,inec-pu-91010,ng-state-ogun,FRONT OF MOSQUE II,INEC_CVR_PU,91010,,inec-lga-568,,state-assembly-sc-728-og,inec-ward-6503
POLLING_UNIT,inec-pu-91011,ng-state-ogun,FRONT OF MOSQUE III,INEC_CVR_PU,91011,,inec-lga-568,,state-assembly-sc-728-og,inec-ward-6503
POLLING_UNIT,inec-pu-91012,ng-state-ogun,ADENRELE PRY. SCHOOL I,INEC_CVR_PU,91012,,inec-lga-568,,state-assembly-sc-728-og,inec-ward-6503
POLLING_UNIT,inec-pu-91013,ng-state-ogun,ADENRELE PRY. SCHOOL II,INEC_CVR_PU,91013,,inec-lga-568,,state-assembly-sc-728-og,inec-ward-6503
POLLING_UNIT,inec-pu-91014,ng-state-ogun,OLOSE PRY. SCHOOL I,INEC_CVR_PU,91014,,inec-lga-568,,state-assembly-sc-728-og,inec-ward-6503
POLLING_UNIT,inec-pu-91015,ng-state-ogun,OLOSE PRY. SCHOOL II,INEC_CVR_PU,91015,,inec-lga-568,,state-assembly-sc-728-og,inec-ward-6503
POLLING_UNIT,inec-pu-91016,ng-state-ogun,AGRIC. PHASE I,INEC_CVR_PU,91016,,inec-lga-568,,state-assembly-sc-728-og,inec-ward-6503
POLLING_UNIT,inec-pu-91017,ng-state-ogun,AGRIC. PHASE II,INEC_CVR_PU,91017,,inec-lga-568,,state-assembly-sc-728-og,inec-ward-6503
POLLING_UNIT,inec-pu-91018,ng-state-ogun,AGRIC. PHASE III,INEC_CVR_PU,91018,,inec-lga-568,,state-assembly-sc-728-og,inec-ward-6503
POLLING_UNIT,inec-pu-660963,ng-state-ogun,OPEN SPACE IFELODUN COMMUNITY ISOPAKO,INEC_CVR_PU,660963,,inec-lga-568,,state-assembly-sc-728-og,inec-ward-6503
POLLING_UNIT,inec-pu-660964,ng-state-ogun,T. JUNCTION OLOHUNDA COMMUNITY ISOPAKO,INEC_CVR_PU,660964,,inec-lga-568,,state-assembly-sc-728-og,inec-ward-6503
POLLING_UNIT,inec-pu-660965,ng-state-ogun,"AGBELOBA/AKOREDE JUNCTION VESPA, IFO",INEC_CVR_PU,660965,,inec-lga-568,,state-assembly-sc-728-og,inec-ward-6503
POLLING_UNIT,inec-pu-660966,ng-state-ogun,"OPEN SPACE BACK OF ACCESS,IKE ANOBI JUNCTION ISO PAKO",INEC_CVR_PU,660966,,inec-lga-568,,state-assembly-sc-728-og,inec-ward-6503
POLLING_UNIT,inec-pu-660967,ng-state-ogun,"COMMUNITY PRY SCH ABATA BUNGALOW, IFO",INEC_CVR_PU,660967,,inec-lga-568,,state-assembly-sc-728-og,inec-ward-6503
POLLING_UNIT,inec-pu-660968,ng-state-ogun,"OPEN SPACE ILUPEJU COMMUNITY, VESPA, IFO",INEC_CVR_PU,660968,,inec-lga-568,,state-assembly-sc-728-og,inec-ward-6503
POLLING_UNIT,inec-pu-660969,ng-state-ogun,"OPEN SPACE IFELODUN JUNCTION ISO FUFU, IFO",INEC_CVR_PU,660969,,inec-lga-568,,state-assembly-sc-728-og,inec-ward-6503
POLLING_UNIT,inec-pu-660970,ng-state-ogun,"OPEN SPACE NEAR TRANSFORMER, ABATA TUNTUN, EYIN OPE, IFO",INEC_CVR_PU,660970,,inec-lga-568,,state-assembly-sc-728-og,inec-ward-6503
POLLING_UNIT,inec-pu-660971,ng-state-ogun,"OPEN SPACE UNDER WATER TANK OKE-OLA, IFO",INEC_CVR_PU,660971,,inec-lga-568,,state-assembly-sc-728-og,inec-ward-6503
POLLING_UNIT,inec-pu-660972,ng-state-ogun,OPEN SPACE REX-AGE ADENRELE IFO,INEC_CVR_PU,660972,,inec-lga-568,,state-assembly-sc-728-og,inec-ward-6503
POLLING_UNIT,inec-pu-660973,ng-state-ogun,"OPEN SPACE MIKEL GAS ABATA JUNCTION, IFO",INEC_CVR_PU,660973,,inec-lga-568,,state-assembly-sc-728-og,inec-ward-6503
POLLING_UNIT,inec-pu-660974,ng-state-ogun,"N.U.D PRY SCHOOL OLOSE, IFO",INEC_CVR_PU,660974,,inec-lga-568,,state-assembly-sc-728-og,inec-ward-6503
POLLING_UNIT,inec-pu-660975,ng-state-ogun,OPEN SPACE TOLU OLAJIDE/ALFA SAKA ISOPAKO,INEC_CVR_PU,660975,,inec-lga-568,,state-assembly-sc-728-og,inec-ward-6503
POLLING_UNIT,inec-pu-660976,ng-state-ogun,"T.JUNCTION OPEYEMI ISOPAKO, IFO",INEC_CVR_PU,660976,,inec-lga-568,,state-assembly-sc-728-og,inec-ward-6503
WARD,inec-ward-6504,ng-state-ogun,IFO II,INEC_CVR_WARD,6504,,inec-lga-568,,state-assembly-sc-728-og,
POLLING_UNIT,inec-pu-91019,ng-state-ogun,R.C.M. SCHOOL I,INEC_CVR_PU,91019,,inec-lga-568,,state-assembly-sc-728-og,inec-ward-6504
POLLING_UNIT,inec-pu-91020,ng-state-ogun,R.C.M. SCHOOL II,INEC_CVR_PU,91020,,inec-lga-568,,state-assembly-sc-728-og,inec-ward-6504
POLLING_UNIT,inec-pu-91021,ng-state-ogun,R.C.M. SCHOOL III,INEC_CVR_PU,91021,,inec-lga-568,,state-assembly-sc-728-og,inec-ward-6504
POLLING_UNIT,inec-pu-91022,ng-state-ogun,OKENLA ROAD I,INEC_CVR_PU,91022,,inec-lga-568,,state-assembly-sc-728-og,inec-ward-6504
POLLING_UNIT,inec-pu-91023,ng-state-ogun,OKENLA ROAD II,INEC_CVR_PU,91023,,inec-lga-568,,state-assembly-sc-728-og,inec-ward-6504
POLLING_UNIT,inec-pu-91024,ng-state-ogun,FRONT OF EMMANUEL CHURCH I,INEC_CVR_PU,91024,,inec-lga-568,,state-assembly-sc-728-og,inec-ward-6504
POLLING_UNIT,inec-pu-91025,ng-state-ogun,FRONT OF EMMANUEL CHURECH II,INEC_CVR_PU,91025,,inec-lga-568,,state-assembly-sc-728-og,inec-ward-6504
POLLING_UNIT,inec-pu-91026,ng-state-ogun,HAUSA QUARTERS I,INEC_CVR_PU,91026,,inec-lga-568,,state-assembly-sc-728-og,inec-ward-6504
POLLING_UNIT,inec-pu-91027,ng-state-ogun,HAUSA QUARTERS II,INEC_CVR_PU,91027,,inec-lga-568,,state-assembly-sc-728-og,inec-ward-6504
POLLING_UNIT,inec-pu-91028,ng-state-ogun,COKER ROAD JUNCTION I,INEC_CVR_PU,91028,,inec-lga-568,,state-assembly-sc-728-og,inec-ward-6504
POLLING_UNIT,inec-pu-91029,ng-state-ogun,COKER ROAD JUNCTION II,INEC_CVR_PU,91029,,inec-lga-568,,state-assembly-sc-728-og,inec-ward-6504
POLLING_UNIT,inec-pu-91030,ng-state-ogun,CRAIG LANE ILUPEJU I,INEC_CVR_PU,91030,,inec-lga-568,,state-assembly-sc-728-og,inec-ward-6504
POLLING_UNIT,inec-pu-91031,ng-state-ogun,CRAIG LANE ILUPEJU II,INEC_CVR_PU,91031,,inec-lga-568,,state-assembly-sc-728-og,inec-ward-6504
POLLING_UNIT,inec-pu-660977,ng-state-ogun,"IKORITA MEJE JUNCTION, IFO",INEC_CVR_PU,660977,,inec-lga-568,,state-assembly-sc-728-og,inec-ward-6504
POLLING_UNIT,inec-pu-660978,ng-state-ogun,"OKENLA PRY. SCHOOL OKENLA, IFO",INEC_CVR_PU,660978,,inec-lga-568,,state-assembly-sc-728-og,inec-ward-6504
POLLING_UNIT,inec-pu-660979,ng-state-ogun,"ANGLICAN GRAMMAR SCHOOL, IFO",INEC_CVR_PU,660979,,inec-lga-568,,state-assembly-sc-728-og,inec-ward-6504
POLLING_UNIT,inec-pu-660980,ng-state-ogun,"OPEN SPACE, TEMIDIRE JUNCTION OKE NLA, IFO",INEC_CVR_PU,660980,,inec-lga-568,,state-assembly-sc-728-og,inec-ward-6504
POLLING_UNIT,inec-pu-660981,ng-state-ogun,"JUNCTION OKO IREKE COMMUNITY AYEDAADE, IFO",INEC_CVR_PU,660981,,inec-lga-568,,state-assembly-sc-728-og,inec-ward-6504
POLLING_UNIT,inec-pu-660982,ng-state-ogun,"GLOBAL JUNCTION GALILEE OKE NLA, IFO",INEC_CVR_PU,660982,,inec-lga-568,,state-assembly-sc-728-og,inec-ward-6504
POLLING_UNIT,inec-pu-660983,ng-state-ogun,"OPPOSITE POST OFFICE NITEL ROAD, IFO",INEC_CVR_PU,660983,,inec-lga-568,,state-assembly-sc-728-og,inec-ward-6504
POLLING_UNIT,inec-pu-660984,ng-state-ogun,"IFO HIGH SCHOOL, IFO",INEC_CVR_PU,660984,,inec-lga-568,,state-assembly-sc-728-og,inec-ward-6504
POLLING_UNIT,inec-pu-660985,ng-state-ogun,"OPEN SPACE, AKINHANMI JUNCTION I. MARKET AREA, IFO",INEC_CVR_PU,660985,,inec-lga-568,,state-assembly-sc-728-og,inec-ward-6504
POLLING_UNIT,inec-pu-660986,ng-state-ogun,"OPEN SPACE, AKINHANMI JUNCTION. II MARKET AREA, IFO",INEC_CVR_PU,660986,,inec-lga-568,,state-assembly-sc-728-og,inec-ward-6504
POLLING_UNIT,inec-pu-660987,ng-state-ogun,"ORISUNMIBARE BY ALAFIA JUNCTION, ORISUNMIBARE, IFO",INEC_CVR_PU,660987,,inec-lga-568,,state-assembly-sc-728-og,inec-ward-6504
POLLING_UNIT,inec-pu-660988,ng-state-ogun,"OLUWALOSEYI, ABC ROAD, OKENLA EXTENSION, IFO",INEC_CVR_PU,660988,,inec-lga-568,,state-assembly-sc-728-og,inec-ward-6504
POLLING_UNIT,inec-pu-660989,ng-state-ogun,"FADARORI COMMUNITY, ILUPEJU IFO",INEC_CVR_PU,660989,,inec-lga-568,,state-assembly-sc-728-og,inec-ward-6504
WARD,inec-ward-6505,ng-state-ogun,IFO III,INEC_CVR_WARD,6505,,inec-lga-568,,state-assembly-sc-728-og,
POLLING_UNIT,inec-pu-91032,ng-state-ogun,"OLUOMO-ROAD, IFO",INEC_CVR_PU,91032,,inec-lga-568,,state-assembly-sc-728-og,inec-ward-6505
POLLING_UNIT,inec-pu-91033,ng-state-ogun,WILLIAMS HOUSE I,INEC_CVR_PU,91033,,inec-lga-568,,state-assembly-sc-728-og,inec-ward-6505
POLLING_UNIT,inec-pu-91034,ng-state-ogun,WILLIAMS HOUSE II,INEC_CVR_PU,91034,,inec-lga-568,,state-assembly-sc-728-og,inec-ward-6505
POLLING_UNIT,inec-pu-91035,ng-state-ogun,ORILE IFO II,INEC_CVR_PU,91035,,inec-lga-568,,state-assembly-sc-728-og,inec-ward-6505
POLLING_UNIT,inec-pu-91036,ng-state-ogun,ORILE IFO (OPP. APATA MOSQUE),INEC_CVR_PU,91036,,inec-lga-568,,state-assembly-sc-728-og,inec-ward-6505
POLLING_UNIT,inec-pu-91037,ng-state-ogun,ALFA SALISU/YIDI I,INEC_CVR_PU,91037,,inec-lga-568,,state-assembly-sc-728-og,inec-ward-6505
POLLING_UNIT,inec-pu-91038,ng-state-ogun,ALFA SALISU/YIDI II,INEC_CVR_PU,91038,,inec-lga-568,,state-assembly-sc-728-og,inec-ward-6505
POLLING_UNIT,inec-pu-91039,ng-state-ogun,ALFA SALISU/YIDI III,INEC_CVR_PU,91039,,inec-lga-568,,state-assembly-sc-728-og,inec-ward-6505
POLLING_UNIT,inec-pu-91040,ng-state-ogun,FRONT OF SERIKI HOUSE I,INEC_CVR_PU,91040,,inec-lga-568,,state-assembly-sc-728-og,inec-ward-6505
POLLING_UNIT,inec-pu-91041,ng-state-ogun,FRONT OF SERIKI HOUSE II,INEC_CVR_PU,91041,,inec-lga-568,,state-assembly-sc-728-og,inec-ward-6505
POLLING_UNIT,inec-pu-91042,ng-state-ogun,AGOSI ESTATE I,INEC_CVR_PU,91042,,inec-lga-568,,state-assembly-sc-728-og,inec-ward-6505
POLLING_UNIT,inec-pu-91043,ng-state-ogun,AGOSI ESTATE II,INEC_CVR_PU,91043,,inec-lga-568,,state-assembly-sc-728-og,inec-ward-6505
POLLING_UNIT,inec-pu-91044,ng-state-ogun,AGOSI ESTATE III,INEC_CVR_PU,91044,,inec-lga-568,,state-assembly-sc-728-og,inec-ward-6505
POLLING_UNIT,inec-pu-91045,ng-state-ogun,NEAR IDERE BAKERY I,INEC_CVR_PU,91045,,inec-lga-568,,state-assembly-sc-728-og,inec-ward-6505
POLLING_UNIT,inec-pu-91046,ng-state-ogun,NEAR IDERE BAKERY II,INEC_CVR_PU,91046,,inec-lga-568,,state-assembly-sc-728-og,inec-ward-6505
POLLING_UNIT,inec-pu-91047,ng-state-ogun,ABEKOKO RIGHT I,INEC_CVR_PU,91047,,inec-lga-568,,state-assembly-sc-728-og,inec-ward-6505
POLLING_UNIT,inec-pu-91048,ng-state-ogun,ABEKOKO RIGHT II,INEC_CVR_PU,91048,,inec-lga-568,,state-assembly-sc-728-og,inec-ward-6505
POLLING_UNIT,inec-pu-91049,ng-state-ogun,ABEKOKO RIGHT III,INEC_CVR_PU,91049,,inec-lga-568,,state-assembly-sc-728-og,inec-ward-6505
POLLING_UNIT,inec-pu-91050,ng-state-ogun,OLUOMO'S QUARTERS I,INEC_CVR_PU,91050,,inec-lga-568,,state-assembly-sc-728-og,inec-ward-6505
POLLING_UNIT,inec-pu-91051,ng-state-ogun,OLUOMO'S QUARTERS II,INEC_CVR_PU,91051,,inec-lga-568,,state-assembly-sc-728-og,inec-ward-6505
POLLING_UNIT,inec-pu-91052,ng-state-ogun,LOCAL GOVT. SCH. ABEKOKO I,INEC_CVR_PU,91052,,inec-lga-568,,state-assembly-sc-728-og,inec-ward-6505
POLLING_UNIT,inec-pu-91053,ng-state-ogun,LOCAL GOVT. SCH. ABEKOKO II,INEC_CVR_PU,91053,,inec-lga-568,,state-assembly-sc-728-og,inec-ward-6505
POLLING_UNIT,inec-pu-91054,ng-state-ogun,LOCAL GOVT. SCH. ABEKOKO III,INEC_CVR_PU,91054,,inec-lga-568,,state-assembly-sc-728-og,inec-ward-6505
POLLING_UNIT,inec-pu-91055,ng-state-ogun,OLU-OMO ROAD II,INEC_CVR_PU,91055,,inec-lga-568,,state-assembly-sc-728-og,inec-ward-6505
POLLING_UNIT,inec-pu-660990,ng-state-ogun,"OPEN SPACE IFELODUN ARAROMI QUARTERS, IFO",INEC_CVR_PU,660990,,inec-lga-568,,state-assembly-sc-728-og,inec-ward-6505
POLLING_UNIT,inec-pu-660991,ng-state-ogun,COMMUNITY NUR.PRY.SCH. ORILE IFO,INEC_CVR_PU,660991,,inec-lga-568,,state-assembly-sc-728-og,inec-ward-6505
POLLING_UNIT,inec-pu-660992,ng-state-ogun,"OPEN SPACE ALAMUKU SOJUOLU , IFO(LATECO JUNCTION)",INEC_CVR_PU,660992,,inec-lga-568,,state-assembly-sc-728-og,inec-ward-6505
POLLING_UNIT,inec-pu-660993,ng-state-ogun,OPEN SPACE SO-SAFE CORP GROUND SOJUOLU ROAD IFO,INEC_CVR_PU,660993,,inec-lga-568,,state-assembly-sc-728-og,inec-ward-6505
POLLING_UNIT,inec-pu-660994,ng-state-ogun,"OPEN SPACE OMOTAYO JUNCTION, IFO",INEC_CVR_PU,660994,,inec-lga-568,,state-assembly-sc-728-og,inec-ward-6505
POLLING_UNIT,inec-pu-660995,ng-state-ogun,"OPEN SPACE BACK OF RAILLINE SERIKI, IFO",INEC_CVR_PU,660995,,inec-lga-568,,state-assembly-sc-728-og,inec-ward-6505
POLLING_UNIT,inec-pu-660996,ng-state-ogun,"OPEN SPACE OJERINDE JUNCTION OLD BANK, IFO",INEC_CVR_PU,660996,,inec-lga-568,,state-assembly-sc-728-og,inec-ward-6505
POLLING_UNIT,inec-pu-660997,ng-state-ogun,"OPEN SPACE AT AGOSI PRIMARY HEALTH CENTER, IFO",INEC_CVR_PU,660997,,inec-lga-568,,state-assembly-sc-728-og,inec-ward-6505
POLLING_UNIT,inec-pu-660998,ng-state-ogun,"COMMUNITY PRIMARY SCHOOL OLOMU AGOSI, IFO",INEC_CVR_PU,660998,,inec-lga-568,,state-assembly-sc-728-og,inec-ward-6505
POLLING_UNIT,inec-pu-660999,ng-state-ogun,"OPEN SPACE AT POWER LINE AGOSI, IFO",INEC_CVR_PU,660999,,inec-lga-568,,state-assembly-sc-728-og,inec-ward-6505
POLLING_UNIT,inec-pu-661000,ng-state-ogun,"OPEN SPACE,OREOFE JUNCTION AJOWA, IFO",INEC_CVR_PU,661000,,inec-lga-568,,state-assembly-sc-728-og,inec-ward-6505
POLLING_UNIT,inec-pu-661001,ng-state-ogun,"EMILY COMMUNITY PRIMARY SCHOOL EMILY AJOWA, IFO",INEC_CVR_PU,661001,,inec-lga-568,,state-assembly-sc-728-og,inec-ward-6505
POLLING_UNIT,inec-pu-661002,ng-state-ogun,"OPEN SPACE, ADEBOTE STREET AJOWA ABEKOKO, IFO",INEC_CVR_PU,661002,,inec-lga-568,,state-assembly-sc-728-og,inec-ward-6505
POLLING_UNIT,inec-pu-661003,ng-state-ogun,"ADEBOWALE JUNCTION BOKURU TEMIDIRE TOWN, IFO",INEC_CVR_PU,661003,,inec-lga-568,,state-assembly-sc-728-og,inec-ward-6505
POLLING_UNIT,inec-pu-661004,ng-state-ogun,"OPEN SPACE AT MERCY LAND JUNCTION VITAL LINK, IFO",INEC_CVR_PU,661004,,inec-lga-568,,state-assembly-sc-728-og,inec-ward-6505
POLLING_UNIT,inec-pu-661005,ng-state-ogun,"OPEN SPACE DARUL-MUMEEN AVENUE JUNCTION ALAMUKU, IFO",INEC_CVR_PU,661005,,inec-lga-568,,state-assembly-sc-728-og,inec-ward-6505
WARD,inec-ward-6506,ng-state-ogun,AGBADO,INEC_CVR_WARD,6506,,inec-lga-568,,state-assembly-sc-728-og,
POLLING_UNIT,inec-pu-91056,ng-state-ogun,N.U.D. SCHOOL I,INEC_CVR_PU,91056,,inec-lga-568,,state-assembly-sc-728-og,inec-ward-6506
POLLING_UNIT,inec-pu-91057,ng-state-ogun,N.U.D. SCHOOL II,INEC_CVR_PU,91057,,inec-lga-568,,state-assembly-sc-728-og,inec-ward-6506
POLLING_UNIT,inec-pu-91058,ng-state-ogun,N.U.D. SCHOOL III,INEC_CVR_PU,91058,,inec-lga-568,,state-assembly-sc-728-og,inec-ward-6506
POLLING_UNIT,inec-pu-91059,ng-state-ogun,COURT JUNCTION I,INEC_CVR_PU,91059,,inec-lga-568,,state-assembly-sc-728-og,inec-ward-6506
POLLING_UNIT,inec-pu-91060,ng-state-ogun,COURT JUNCTION II,INEC_CVR_PU,91060,,inec-lga-568,,state-assembly-sc-728-og,inec-ward-6506
POLLING_UNIT,inec-pu-91061,ng-state-ogun,COURT JUNCTION III,INEC_CVR_PU,91061,,inec-lga-568,,state-assembly-sc-728-og,inec-ward-6506
POLLING_UNIT,inec-pu-91062,ng-state-ogun,"A.C. SCHOOL, AGBADO I",INEC_CVR_PU,91062,,inec-lga-568,,state-assembly-sc-728-og,inec-ward-6506
POLLING_UNIT,inec-pu-91063,ng-state-ogun,"A.C. SCHOOL, AGBADO II",INEC_CVR_PU,91063,,inec-lga-568,,state-assembly-sc-728-og,inec-ward-6506
POLLING_UNIT,inec-pu-91064,ng-state-ogun,"A.C. SCHOOL, AGBADO III",INEC_CVR_PU,91064,,inec-lga-568,,state-assembly-sc-728-og,inec-ward-6506
POLLING_UNIT,inec-pu-91065,ng-state-ogun,AKERA I,INEC_CVR_PU,91065,,inec-lga-568,,state-assembly-sc-728-og,inec-ward-6506
POLLING_UNIT,inec-pu-91066,ng-state-ogun,AKERA II,INEC_CVR_PU,91066,,inec-lga-568,,state-assembly-sc-728-og,inec-ward-6506
POLLING_UNIT,inec-pu-91067,ng-state-ogun,L.G.A. OFFICE I,INEC_CVR_PU,91067,,inec-lga-568,,state-assembly-sc-728-og,inec-ward-6506
POLLING_UNIT,inec-pu-91068,ng-state-ogun,L.G.A. OFFICE II,INEC_CVR_PU,91068,,inec-lga-568,,state-assembly-sc-728-og,inec-ward-6506
POLLING_UNIT,inec-pu-91069,ng-state-ogun,MARKET I,INEC_CVR_PU,91069,,inec-lga-568,,state-assembly-sc-728-og,inec-ward-6506
POLLING_UNIT,inec-pu-91070,ng-state-ogun,MARKET II,INEC_CVR_PU,91070,,inec-lga-568,,state-assembly-sc-728-og,inec-ward-6506
POLLING_UNIT,inec-pu-91071,ng-state-ogun,MARKET III,INEC_CVR_PU,91071,,inec-lga-568,,state-assembly-sc-728-og,inec-ward-6506
POLLING_UNIT,inec-pu-91072,ng-state-ogun,ISAGA ABOSULE I,INEC_CVR_PU,91072,,inec-lga-568,,state-assembly-sc-728-og,inec-ward-6506
POLLING_UNIT,inec-pu-91073,ng-state-ogun,ISAGA ABOSULE II,INEC_CVR_PU,91073,,inec-lga-568,,state-assembly-sc-728-og,inec-ward-6506
POLLING_UNIT,inec-pu-91074,ng-state-ogun,ISAGA ABOSULE III,INEC_CVR_PU,91074,,inec-lga-568,,state-assembly-sc-728-og,inec-ward-6506
POLLING_UNIT,inec-pu-91075,ng-state-ogun,POWER LINE I,INEC_CVR_PU,91075,,inec-lga-568,,state-assembly-sc-728-og,inec-ward-6506
POLLING_UNIT,inec-pu-91076,ng-state-ogun,POWER LINE II,INEC_CVR_PU,91076,,inec-lga-568,,state-assembly-sc-728-og,inec-ward-6506
POLLING_UNIT,inec-pu-91077,ng-state-ogun,ADUBULEJA I,INEC_CVR_PU,91077,,inec-lga-568,,state-assembly-sc-728-og,inec-ward-6506
POLLING_UNIT,inec-pu-91078,ng-state-ogun,ADUBULEJA II,INEC_CVR_PU,91078,,inec-lga-568,,state-assembly-sc-728-og,inec-ward-6506
POLLING_UNIT,inec-pu-91079,ng-state-ogun,RAILWAY CROSSING I,INEC_CVR_PU,91079,,inec-lga-568,,state-assembly-sc-728-og,inec-ward-6506
POLLING_UNIT,inec-pu-91080,ng-state-ogun,RAILWAY CROSSING II,INEC_CVR_PU,91080,,inec-lga-568,,state-assembly-sc-728-og,inec-ward-6506
POLLING_UNIT,inec-pu-91081,ng-state-ogun,ABORO AREA I,INEC_CVR_PU,91081,,inec-lga-568,,state-assembly-sc-728-og,inec-ward-6506
POLLING_UNIT,inec-pu-91082,ng-state-ogun,ABORO AREA II,INEC_CVR_PU,91082,,inec-lga-568,,state-assembly-sc-728-og,inec-ward-6506
POLLING_UNIT,inec-pu-91083,ng-state-ogun,ABORO AREA III,INEC_CVR_PU,91083,,inec-lga-568,,state-assembly-sc-728-og,inec-ward-6506
POLLING_UNIT,inec-pu-91084,ng-state-ogun,JESU OSEUN (AKERA) I,INEC_CVR_PU,91084,,inec-lga-568,,state-assembly-sc-728-og,inec-ward-6506
POLLING_UNIT,inec-pu-91085,ng-state-ogun,JESU OSEUN (AKERA) II,INEC_CVR_PU,91085,,inec-lga-568,,state-assembly-sc-728-og,inec-ward-6506
POLLING_UNIT,inec-pu-91086,ng-state-ogun,C.D.C. OFFICE (OREMERIN) I,INEC_CVR_PU,91086,,inec-lga-568,,state-assembly-sc-728-og,inec-ward-6506
POLLING_UNIT,inec-pu-91087,ng-state-ogun,C.D.C. OFFICE (OREMERIN) II,INEC_CVR_PU,91087,,inec-lga-568,,state-assembly-sc-728-og,inec-ward-6506
POLLING_UNIT,inec-pu-660867,ng-state-ogun,OPEN SPACE IFELODUN JUNCTION AGBADO,INEC_CVR_PU,660867,,inec-lga-568,,state-assembly-sc-728-og,inec-ward-6506
POLLING_UNIT,inec-pu-660868,ng-state-ogun,OPEN SPACE ODO OBA STR. AGBADO,INEC_CVR_PU,660868,,inec-lga-568,,state-assembly-sc-728-og,inec-ward-6506
POLLING_UNIT,inec-pu-660869,ng-state-ogun,OPEN SPACE UNITY AVENUE AGBADO,INEC_CVR_PU,660869,,inec-lga-568,,state-assembly-sc-728-og,inec-ward-6506
POLLING_UNIT,inec-pu-660870,ng-state-ogun,"OPEN SPACE ELEFONDE JUNCTION, AGBADO",INEC_CVR_PU,660870,,inec-lga-568,,state-assembly-sc-728-og,inec-ward-6506
POLLING_UNIT,inec-pu-660871,ng-state-ogun,OPEN SPACE ALFA NLA JUNCTION OWONIKOKO AGBADO,INEC_CVR_PU,660871,,inec-lga-568,,state-assembly-sc-728-og,inec-ward-6506
POLLING_UNIT,inec-pu-660872,ng-state-ogun,"OWONIKOKO COMMUNITY HALL, AGBADO",INEC_CVR_PU,660872,,inec-lga-568,,state-assembly-sc-728-og,inec-ward-6506
POLLING_UNIT,inec-pu-660873,ng-state-ogun,OPEN SPACE IYANIWURA JUCTION OWONIKOKO AGBADO,INEC_CVR_PU,660873,,inec-lga-568,,state-assembly-sc-728-og,inec-ward-6506
POLLING_UNIT,inec-pu-660874,ng-state-ogun,OPEN SPACE TAIWO OJIKUTU AGBADO,INEC_CVR_PU,660874,,inec-lga-568,,state-assembly-sc-728-og,inec-ward-6506
POLLING_UNIT,inec-pu-660875,ng-state-ogun,OPEN SPACE BABS ADETORO JUNCTION ABORO,INEC_CVR_PU,660875,,inec-lga-568,,state-assembly-sc-728-og,inec-ward-6506
POLLING_UNIT,inec-pu-660876,ng-state-ogun,OPEN SPACE ONIKEKU JUNCTION ABORO,INEC_CVR_PU,660876,,inec-lga-568,,state-assembly-sc-728-og,inec-ward-6506
POLLING_UNIT,inec-pu-660877,ng-state-ogun,OPEN SPACE IDOWU JUNCTION AKERA i,INEC_CVR_PU,660877,,inec-lga-568,,state-assembly-sc-728-og,inec-ward-6506
POLLING_UNIT,inec-pu-660878,ng-state-ogun,OPEN SPACE AKINDELE JUNCTION AKERA,INEC_CVR_PU,660878,,inec-lga-568,,state-assembly-sc-728-og,inec-ward-6506
POLLING_UNIT,inec-pu-660879,ng-state-ogun,OPEN SPACE SHONDE JUNCTION OFF AGBADO,INEC_CVR_PU,660879,,inec-lga-568,,state-assembly-sc-728-og,inec-ward-6506
POLLING_UNIT,inec-pu-660880,ng-state-ogun,OPEN SPACE ORELOPE JUNCTION MAPARA,INEC_CVR_PU,660880,,inec-lga-568,,state-assembly-sc-728-og,inec-ward-6506
POLLING_UNIT,inec-pu-660881,ng-state-ogun,OPEN SPACE AT POWER LINE WATER SUPPLY AGBADO,INEC_CVR_PU,660881,,inec-lga-568,,state-assembly-sc-728-og,inec-ward-6506
POLLING_UNIT,inec-pu-660882,ng-state-ogun,OPEN SPACE ILE ISE JUNCTION AGBADO,INEC_CVR_PU,660882,,inec-lga-568,,state-assembly-sc-728-og,inec-ward-6506
POLLING_UNIT,inec-pu-660883,ng-state-ogun,OPEN SPACE SOLA OYELEYE JUNCTION ABOSULE ISAGA,INEC_CVR_PU,660883,,inec-lga-568,,state-assembly-sc-728-og,inec-ward-6506
POLLING_UNIT,inec-pu-660884,ng-state-ogun,OPEN SPACE ASUNJE JUNCTION AGBADO,INEC_CVR_PU,660884,,inec-lga-568,,state-assembly-sc-728-og,inec-ward-6506
POLLING_UNIT,inec-pu-660885,ng-state-ogun,OPEN SPACE JUBRIL LIASU JUNCTION AGBADO,INEC_CVR_PU,660885,,inec-lga-568,,state-assembly-sc-728-og,inec-ward-6506
POLLING_UNIT,inec-pu-660886,ng-state-ogun,OPEN SPACE SAWMILL ADIYAN,INEC_CVR_PU,660886,,inec-lga-568,,state-assembly-sc-728-og,inec-ward-6506
POLLING_UNIT,inec-pu-660887,ng-state-ogun,"OPEN SPACE MURI ABIOLA OJUEKUN, EID GROUND",INEC_CVR_PU,660887,,inec-lga-568,,state-assembly-sc-728-og,inec-ward-6506
POLLING_UNIT,inec-pu-660888,ng-state-ogun,"OPEN SPACE OYEYUWO, OYEWUWO",INEC_CVR_PU,660888,,inec-lga-568,,state-assembly-sc-728-og,inec-ward-6506
POLLING_UNIT,inec-pu-660889,ng-state-ogun,OPEN SPACE SURULERE ABATAN,INEC_CVR_PU,660889,,inec-lga-568,,state-assembly-sc-728-og,inec-ward-6506
POLLING_UNIT,inec-pu-660890,ng-state-ogun,OPEN SPACE OLAOLUWA JUNCTION OREMERIN,INEC_CVR_PU,660890,,inec-lga-568,,state-assembly-sc-728-og,inec-ward-6506
POLLING_UNIT,inec-pu-660891,ng-state-ogun,"OPEN SPACE FALOLU JUNCTION BY MARKET, AGBADO",INEC_CVR_PU,660891,,inec-lga-568,,state-assembly-sc-728-og,inec-ward-6506
POLLING_UNIT,inec-pu-660892,ng-state-ogun,"OPEN SPACE AGO ALAGBEDE, AGO ALAGBEDE",INEC_CVR_PU,660892,,inec-lga-568,,state-assembly-sc-728-og,inec-ward-6506
POLLING_UNIT,inec-pu-660893,ng-state-ogun,"OPEN SPACE IDOWU AKERA JUNCTION, AKERA II",INEC_CVR_PU,660893,,inec-lga-568,,state-assembly-sc-728-og,inec-ward-6506
POLLING_UNIT,inec-pu-660894,ng-state-ogun,OPEN SPACE NIYI ADENIRAN JUNCTION AKERA,INEC_CVR_PU,660894,,inec-lga-568,,state-assembly-sc-728-og,inec-ward-6506
POLLING_UNIT,inec-pu-660895,ng-state-ogun,OPEN SPACE AINA JUNCTION ADUBULEJA,INEC_CVR_PU,660895,,inec-lga-568,,state-assembly-sc-728-og,inec-ward-6506
POLLING_UNIT,inec-pu-660896,ng-state-ogun,OPEN SPACE OGUNBOTE JUNCTION ADUBULEJA,INEC_CVR_PU,660896,,inec-lga-568,,state-assembly-sc-728-og,inec-ward-6506
POLLING_UNIT,inec-pu-660897,ng-state-ogun,"OPEN SPACE ADEYEMI JUNCTION, ADUBULEJA",INEC_CVR_PU,660897,,inec-lga-568,,state-assembly-sc-728-og,inec-ward-6506
POLLING_UNIT,inec-pu-660898,ng-state-ogun,"OPEN SPACE FADIPE STR, ADUBULEJA",INEC_CVR_PU,660898,,inec-lga-568,,state-assembly-sc-728-og,inec-ward-6506
POLLING_UNIT,inec-pu-660899,ng-state-ogun,OPEN SPACE RAMONI AMUSA JUNCTION DALEMO,INEC_CVR_PU,660899,,inec-lga-568,,state-assembly-sc-728-og,inec-ward-6506
POLLING_UNIT,inec-pu-660900,ng-state-ogun,OPEN SPACE AYOOLA EDUN JUNCTION ABOSULE,INEC_CVR_PU,660900,,inec-lga-568,,state-assembly-sc-728-og,inec-ward-6506
POLLING_UNIT,inec-pu-660901,ng-state-ogun,OPEN SPACE BADMUS STR. EID OFF OLUWATOSIN,INEC_CVR_PU,660901,,inec-lga-568,,state-assembly-sc-728-og,inec-ward-6506
POLLING_UNIT,inec-pu-660902,ng-state-ogun,"OPEN SPACE BLUE HOUSE JUNCTION MEMODU STREET, YIDI",INEC_CVR_PU,660902,,inec-lga-568,,state-assembly-sc-728-og,inec-ward-6506
POLLING_UNIT,inec-pu-660903,ng-state-ogun,OPEN SPACE ALABI MUSTAPHA JUNCTION BANKE AREA,INEC_CVR_PU,660903,,inec-lga-568,,state-assembly-sc-728-og,inec-ward-6506
POLLING_UNIT,inec-pu-660904,ng-state-ogun,OPEN SPACE FATAI NASIRU JUNCTION ISAGA ABOSULE,INEC_CVR_PU,660904,,inec-lga-568,,state-assembly-sc-728-og,inec-ward-6506
POLLING_UNIT,inec-pu-660905,ng-state-ogun,"OPEN SPACE AREGBE JUNCTION NEAR GOVT. BAKERY, AREGBE ORE MERIN",INEC_CVR_PU,660905,,inec-lga-568,,state-assembly-sc-728-og,inec-ward-6506
WARD,inec-ward-6507,ng-state-ogun,ISERI,INEC_CVR_WARD,6507,,inec-lga-568,,state-assembly-sc-728-og,
POLLING_UNIT,inec-pu-91088,ng-state-ogun,"SCHOOL PREMISES, ISERI I",INEC_CVR_PU,91088,,inec-lga-568,,state-assembly-sc-728-og,inec-ward-6507
POLLING_UNIT,inec-pu-91089,ng-state-ogun,"SCHOOL PREMISES, ISERI II",INEC_CVR_PU,91089,,inec-lga-568,,state-assembly-sc-728-og,inec-ward-6507
POLLING_UNIT,inec-pu-91090,ng-state-ogun,MAWERE,INEC_CVR_PU,91090,,inec-lga-568,,state-assembly-sc-728-og,inec-ward-6507
POLLING_UNIT,inec-pu-91091,ng-state-ogun,IWO JUCTION I,INEC_CVR_PU,91091,,inec-lga-568,,state-assembly-sc-728-og,inec-ward-6507
POLLING_UNIT,inec-pu-91092,ng-state-ogun,IWO JUCTION II,INEC_CVR_PU,91092,,inec-lga-568,,state-assembly-sc-728-og,inec-ward-6507
POLLING_UNIT,inec-pu-91093,ng-state-ogun,IWO JUCTION III,INEC_CVR_PU,91093,,inec-lga-568,,state-assembly-sc-728-og,inec-ward-6507
POLLING_UNIT,inec-pu-91094,ng-state-ogun,KAJOLA JUNCTION I,INEC_CVR_PU,91094,,inec-lga-568,,state-assembly-sc-728-og,inec-ward-6507
POLLING_UNIT,inec-pu-91095,ng-state-ogun,KAJOLA JUNCTION II,INEC_CVR_PU,91095,,inec-lga-568,,state-assembly-sc-728-og,inec-ward-6507
POLLING_UNIT,inec-pu-91096,ng-state-ogun,YAKOYO I,INEC_CVR_PU,91096,,inec-lga-568,,state-assembly-sc-728-og,inec-ward-6507
POLLING_UNIT,inec-pu-91097,ng-state-ogun,YAKOYO II,INEC_CVR_PU,91097,,inec-lga-568,,state-assembly-sc-728-og,inec-ward-6507
POLLING_UNIT,inec-pu-91098,ng-state-ogun,"SCHOOL PREMISES, OJODU I",INEC_CVR_PU,91098,,inec-lga-568,,state-assembly-sc-728-og,inec-ward-6507
POLLING_UNIT,inec-pu-91099,ng-state-ogun,"SCHOOL PREMISES, OJODU II",INEC_CVR_PU,91099,,inec-lga-568,,state-assembly-sc-728-og,inec-ward-6507
POLLING_UNIT,inec-pu-91100,ng-state-ogun,"SCHOOL PREMISES, OJODU III",INEC_CVR_PU,91100,,inec-lga-568,,state-assembly-sc-728-og,inec-ward-6507
POLLING_UNIT,inec-pu-91101,ng-state-ogun,"SCHOOL PREMISES, OJODU IV",INEC_CVR_PU,91101,,inec-lga-568,,state-assembly-sc-728-og,inec-ward-6507
POLLING_UNIT,inec-pu-91102,ng-state-ogun,WARIWA/BAOKU VILLAGE I,INEC_CVR_PU,91102,,inec-lga-568,,state-assembly-sc-728-og,inec-ward-6507
POLLING_UNIT,inec-pu-91103,ng-state-ogun,WARIWA/BAOKU VILLAGE II,INEC_CVR_PU,91103,,inec-lga-568,,state-assembly-sc-728-og,inec-ward-6507
POLLING_UNIT,inec-pu-91104,ng-state-ogun,IGBEHIN ADUN I,INEC_CVR_PU,91104,,inec-lga-568,,state-assembly-sc-728-og,inec-ward-6507
POLLING_UNIT,inec-pu-91105,ng-state-ogun,IGBEHIN ADUN II,INEC_CVR_PU,91105,,inec-lga-568,,state-assembly-sc-728-og,inec-ward-6507
POLLING_UNIT,inec-pu-91106,ng-state-ogun,C.M.S. AGO-IJAYE,INEC_CVR_PU,91106,,inec-lga-568,,state-assembly-sc-728-og,inec-ward-6507
POLLING_UNIT,inec-pu-661006,ng-state-ogun,OPEN SPACE MADONNA ESTATE,INEC_CVR_PU,661006,,inec-lga-568,,state-assembly-sc-728-og,inec-ward-6507
POLLING_UNIT,inec-pu-661007,ng-state-ogun,BABA SULE JUNCTION OJODU,INEC_CVR_PU,661007,,inec-lga-568,,state-assembly-sc-728-og,inec-ward-6507
POLLING_UNIT,inec-pu-661008,ng-state-ogun,OPEN SPACE KINGS AVENUE OJODU,INEC_CVR_PU,661008,,inec-lga-568,,state-assembly-sc-728-og,inec-ward-6507
POLLING_UNIT,inec-pu-661009,ng-state-ogun,OPEN SPACE FOOD UNION KAJOLA,INEC_CVR_PU,661009,,inec-lga-568,,state-assembly-sc-728-og,inec-ward-6507
POLLING_UNIT,inec-pu-661010,ng-state-ogun,OPEN SPACE EMAKIRUN JUNCTION KAJOLA,INEC_CVR_PU,661010,,inec-lga-568,,state-assembly-sc-728-og,inec-ward-6507
POLLING_UNIT,inec-pu-661011,ng-state-ogun,OPEN SPACE ADIGBOLUJA STREET IWO JUNCTION,INEC_CVR_PU,661011,,inec-lga-568,,state-assembly-sc-728-og,inec-ward-6507
POLLING_UNIT,inec-pu-661012,ng-state-ogun,OPEN SPACE ISLAMIC JUNCTION BY OMOTOLA,INEC_CVR_PU,661012,,inec-lga-568,,state-assembly-sc-728-og,inec-ward-6507
POLLING_UNIT,inec-pu-661013,ng-state-ogun,OPEN SPACE OLADEJO JUNCTION IGBEYINADUN,INEC_CVR_PU,661013,,inec-lga-568,,state-assembly-sc-728-og,inec-ward-6507
POLLING_UNIT,inec-pu-661014,ng-state-ogun,OPEN SPACE AGBEDINA JUNCTION YAKOYO,INEC_CVR_PU,661014,,inec-lga-568,,state-assembly-sc-728-og,inec-ward-6507
POLLING_UNIT,inec-pu-661015,ng-state-ogun,OPEN SPACE ADEBISI ADEBAMBO JUNCTION YAKOYO,INEC_CVR_PU,661015,,inec-lga-568,,state-assembly-sc-728-og,inec-ward-6507
POLLING_UNIT,inec-pu-661016,ng-state-ogun,OPEN SPACE OPP. JUST RITE OJODU,INEC_CVR_PU,661016,,inec-lga-568,,state-assembly-sc-728-og,inec-ward-6507
POLLING_UNIT,inec-pu-661017,ng-state-ogun,OPEN SPACE ISHERI ENTRANCE ISHERI,INEC_CVR_PU,661017,,inec-lga-568,,state-assembly-sc-728-og,inec-ward-6507
POLLING_UNIT,inec-pu-661018,ng-state-ogun,"KARA UNDER BRIDGE, ISHERI-OLOFIN",INEC_CVR_PU,661018,,inec-lga-568,,state-assembly-sc-728-og,inec-ward-6507
POLLING_UNIT,inec-pu-661019,ng-state-ogun,OPEN SPACE OPP. CHANNELS TV ISHERI,INEC_CVR_PU,661019,,inec-lga-568,,state-assembly-sc-728-og,inec-ward-6507
POLLING_UNIT,inec-pu-661020,ng-state-ogun,"OPEN SPACE RIVER VIEW ESTATE GATE, ISHERI",INEC_CVR_PU,661020,,inec-lga-568,,state-assembly-sc-728-og,inec-ward-6507
POLLING_UNIT,inec-pu-661021,ng-state-ogun,MODEL PRY HEALTH CENTER WAREWA,INEC_CVR_PU,661021,,inec-lga-568,,state-assembly-sc-728-og,inec-ward-6507
POLLING_UNIT,inec-pu-661022,ng-state-ogun,OPEN SPACE MOKORE JUNCTION MAWERE,INEC_CVR_PU,661022,,inec-lga-568,,state-assembly-sc-728-og,inec-ward-6507
POLLING_UNIT,inec-pu-661023,ng-state-ogun,OPEN SPACE OGUNNAIKE/IWOROKO,INEC_CVR_PU,661023,,inec-lga-568,,state-assembly-sc-728-og,inec-ward-6507
POLLING_UNIT,inec-pu-661024,ng-state-ogun,OLUWAKEMI JUNCTION OJODU,INEC_CVR_PU,661024,,inec-lga-568,,state-assembly-sc-728-og,inec-ward-6507
POLLING_UNIT,inec-pu-661025,ng-state-ogun,PENIEFIELD JUNCTION OJODU,INEC_CVR_PU,661025,,inec-lga-568,,state-assembly-sc-728-og,inec-ward-6507
POLLING_UNIT,inec-pu-661026,ng-state-ogun,OKE-ALAFIA JUNCTION OJODU,INEC_CVR_PU,661026,,inec-lga-568,,state-assembly-sc-728-og,inec-ward-6507
POLLING_UNIT,inec-pu-661027,ng-state-ogun,"COMMUNITY HALL, EBO FIELD, ISHERI",INEC_CVR_PU,661027,,inec-lga-568,,state-assembly-sc-728-og,inec-ward-6507
POLLING_UNIT,inec-pu-661028,ng-state-ogun,"LAKARO GATE BY ODOZIE, ISHERI",INEC_CVR_PU,661028,,inec-lga-568,,state-assembly-sc-728-og,inec-ward-6507
POLLING_UNIT,inec-pu-661029,ng-state-ogun,OPEN SPACE BY CCC WILMER ISHERI,INEC_CVR_PU,661029,,inec-lga-568,,state-assembly-sc-728-og,inec-ward-6507
POLLING_UNIT,inec-pu-661030,ng-state-ogun,OPEN SPACE NIYI AYEYE JUNCTION BY CHANNELS ISHERI,INEC_CVR_PU,661030,,inec-lga-568,,state-assembly-sc-728-og,inec-ward-6507
POLLING_UNIT,inec-pu-661031,ng-state-ogun,OPEN SPACE BY SPARKLIGHT ESTATE ISHERI,INEC_CVR_PU,661031,,inec-lga-568,,state-assembly-sc-728-og,inec-ward-6507
POLLING_UNIT,inec-pu-661032,ng-state-ogun,"OPEN SPACE MONDAY OBOZE STR, BANKU",INEC_CVR_PU,661032,,inec-lga-568,,state-assembly-sc-728-og,inec-ward-6507
WARD,inec-ward-6508,ng-state-ogun,AJUWON/AKUTE,INEC_CVR_WARD,6508,,inec-lga-568,,state-assembly-sc-728-og,
POLLING_UNIT,inec-pu-91107,ng-state-ogun,SCHOOL PREMISES AJUWON I,INEC_CVR_PU,91107,,inec-lga-568,,state-assembly-sc-728-og,inec-ward-6508
POLLING_UNIT,inec-pu-91108,ng-state-ogun,SCHOOL PREMISES AJUWON II,INEC_CVR_PU,91108,,inec-lga-568,,state-assembly-sc-728-og,inec-ward-6508
POLLING_UNIT,inec-pu-91109,ng-state-ogun,OGUNLOWO I,INEC_CVR_PU,91109,,inec-lga-568,,state-assembly-sc-728-og,inec-ward-6508
POLLING_UNIT,inec-pu-91110,ng-state-ogun,OGUNLOWO II,INEC_CVR_PU,91110,,inec-lga-568,,state-assembly-sc-728-og,inec-ward-6508
POLLING_UNIT,inec-pu-91111,ng-state-ogun,OGUNLOWO III,INEC_CVR_PU,91111,,inec-lga-568,,state-assembly-sc-728-og,inec-ward-6508
POLLING_UNIT,inec-pu-91112,ng-state-ogun,OJO SUNMONU I,INEC_CVR_PU,91112,,inec-lga-568,,state-assembly-sc-728-og,inec-ward-6508
POLLING_UNIT,inec-pu-91113,ng-state-ogun,OJO SUNMONU II,INEC_CVR_PU,91113,,inec-lga-568,,state-assembly-sc-728-og,inec-ward-6508
POLLING_UNIT,inec-pu-91114,ng-state-ogun,SCH. PREM. AKUTE/FABOLADE I,INEC_CVR_PU,91114,,inec-lga-568,,state-assembly-sc-728-og,inec-ward-6508
POLLING_UNIT,inec-pu-91115,ng-state-ogun,SCH. PREM. AKUTE/FABOLADE II,INEC_CVR_PU,91115,,inec-lga-568,,state-assembly-sc-728-og,inec-ward-6508
POLLING_UNIT,inec-pu-91116,ng-state-ogun,SCH. PREM. AKUTE/FABOLADE III,INEC_CVR_PU,91116,,inec-lga-568,,state-assembly-sc-728-og,inec-ward-6508
POLLING_UNIT,inec-pu-91117,ng-state-ogun,ISASI I,INEC_CVR_PU,91117,,inec-lga-568,,state-assembly-sc-728-og,inec-ward-6508
POLLING_UNIT,inec-pu-91118,ng-state-ogun,ISASI II,INEC_CVR_PU,91118,,inec-lga-568,,state-assembly-sc-728-og,inec-ward-6508
POLLING_UNIT,inec-pu-91119,ng-state-ogun,ARAROMI/MORICAS I,INEC_CVR_PU,91119,,inec-lga-568,,state-assembly-sc-728-og,inec-ward-6508
POLLING_UNIT,inec-pu-91120,ng-state-ogun,ARAROMI/MORICAS II,INEC_CVR_PU,91120,,inec-lga-568,,state-assembly-sc-728-og,inec-ward-6508
POLLING_UNIT,inec-pu-91121,ng-state-ogun,ARAROMI/MORICAS III,INEC_CVR_PU,91121,,inec-lga-568,,state-assembly-sc-728-og,inec-ward-6508
POLLING_UNIT,inec-pu-91122,ng-state-ogun,Z.I. SCHOOL II AKUTE I,INEC_CVR_PU,91122,,inec-lga-568,,state-assembly-sc-728-og,inec-ward-6508
POLLING_UNIT,inec-pu-91123,ng-state-ogun,Z.I. SCHOOL II AKUTE II,INEC_CVR_PU,91123,,inec-lga-568,,state-assembly-sc-728-og,inec-ward-6508
POLLING_UNIT,inec-pu-91124,ng-state-ogun,TAJU BELLO (ABEKOKO) I,INEC_CVR_PU,91124,,inec-lga-568,,state-assembly-sc-728-og,inec-ward-6508
POLLING_UNIT,inec-pu-91125,ng-state-ogun,TAJU BELLO (ABEKOKO) II,INEC_CVR_PU,91125,,inec-lga-568,,state-assembly-sc-728-og,inec-ward-6508
POLLING_UNIT,inec-pu-91126,ng-state-ogun,BAALE AKINOSI I,INEC_CVR_PU,91126,,inec-lga-568,,state-assembly-sc-728-og,inec-ward-6508
POLLING_UNIT,inec-pu-91127,ng-state-ogun,BAALE AKINOSI II,INEC_CVR_PU,91127,,inec-lga-568,,state-assembly-sc-728-og,inec-ward-6508
POLLING_UNIT,inec-pu-91128,ng-state-ogun,BAALE AKINOSI III,INEC_CVR_PU,91128,,inec-lga-568,,state-assembly-sc-728-og,inec-ward-6508
POLLING_UNIT,inec-pu-91129,ng-state-ogun,BAALE AKINOSI IV,INEC_CVR_PU,91129,,inec-lga-568,,state-assembly-sc-728-og,inec-ward-6508
POLLING_UNIT,inec-pu-91130,ng-state-ogun,BAALE AKINOSI V,INEC_CVR_PU,91130,,inec-lga-568,,state-assembly-sc-728-og,inec-ward-6508
POLLING_UNIT,inec-pu-91131,ng-state-ogun,BAALE AKINOSI VI,INEC_CVR_PU,91131,,inec-lga-568,,state-assembly-sc-728-og,inec-ward-6508
POLLING_UNIT,inec-pu-91132,ng-state-ogun,IJU AGA MARKET I,INEC_CVR_PU,91132,,inec-lga-568,,state-assembly-sc-728-og,inec-ward-6508
POLLING_UNIT,inec-pu-91133,ng-state-ogun,IJU AGA MARKET II,INEC_CVR_PU,91133,,inec-lga-568,,state-assembly-sc-728-og,inec-ward-6508
POLLING_UNIT,inec-pu-91134,ng-state-ogun,IJU AGA MARKET III,INEC_CVR_PU,91134,,inec-lga-568,,state-assembly-sc-728-og,inec-ward-6508
POLLING_UNIT,inec-pu-91135,ng-state-ogun,GAUN I,INEC_CVR_PU,91135,,inec-lga-568,,state-assembly-sc-728-og,inec-ward-6508
POLLING_UNIT,inec-pu-91136,ng-state-ogun,GAUN II,INEC_CVR_PU,91136,,inec-lga-568,,state-assembly-sc-728-og,inec-ward-6508
POLLING_UNIT,inec-pu-91137,ng-state-ogun,AJUWON VILLAGE I,INEC_CVR_PU,91137,,inec-lga-568,,state-assembly-sc-728-og,inec-ward-6508
POLLING_UNIT,inec-pu-91138,ng-state-ogun,AJUWON VILLAGE II,INEC_CVR_PU,91138,,inec-lga-568,,state-assembly-sc-728-og,inec-ward-6508
POLLING_UNIT,inec-pu-91139,ng-state-ogun,AJUWON VILLAGE III,INEC_CVR_PU,91139,,inec-lga-568,,state-assembly-sc-728-og,inec-ward-6508
POLLING_UNIT,inec-pu-91140,ng-state-ogun,AJUWON JUCTION I,INEC_CVR_PU,91140,,inec-lga-568,,state-assembly-sc-728-og,inec-ward-6508
POLLING_UNIT,inec-pu-91141,ng-state-ogun,AJUWON JUCTION II,INEC_CVR_PU,91141,,inec-lga-568,,state-assembly-sc-728-og,inec-ward-6508
POLLING_UNIT,inec-pu-91142,ng-state-ogun,EGAN ADO AREA,INEC_CVR_PU,91142,,inec-lga-568,,state-assembly-sc-728-og,inec-ward-6508
POLLING_UNIT,inec-pu-91143,ng-state-ogun,ONIBUDO,INEC_CVR_PU,91143,,inec-lga-568,,state-assembly-sc-728-og,inec-ward-6508
POLLING_UNIT,inec-pu-91144,ng-state-ogun,POWER LINE,INEC_CVR_PU,91144,,inec-lga-568,,state-assembly-sc-728-og,inec-ward-6508
POLLING_UNIT,inec-pu-660906,ng-state-ogun,OPEN SPACE OYEYEMI JUNCTION AJUWON,INEC_CVR_PU,660906,,inec-lga-568,,state-assembly-sc-728-og,inec-ward-6508
POLLING_UNIT,inec-pu-660907,ng-state-ogun,OPEN SPACE OGUNSEYE STR OYEYEMI AKUTE,INEC_CVR_PU,660907,,inec-lga-568,,state-assembly-sc-728-og,inec-ward-6508
POLLING_UNIT,inec-pu-660908,ng-state-ogun,OPEN SPACE TOWN HALL ALAGBOLE AKUTE,INEC_CVR_PU,660908,,inec-lga-568,,state-assembly-sc-728-og,inec-ward-6508
POLLING_UNIT,inec-pu-660909,ng-state-ogun,OPEN SPACE MARTIN'S JUNCTION ALAGBOLE AKUTE,INEC_CVR_PU,660909,,inec-lga-568,,state-assembly-sc-728-og,inec-ward-6508
POLLING_UNIT,inec-pu-660910,ng-state-ogun,VILLAGE SQUARE ESORUN AKUTE,INEC_CVR_PU,660910,,inec-lga-568,,state-assembly-sc-728-og,inec-ward-6508
POLLING_UNIT,inec-pu-660911,ng-state-ogun,OPEN SPACE JAMES OREBE JUNCTION IBOKO AKUTE,INEC_CVR_PU,660911,,inec-lga-568,,state-assembly-sc-728-og,inec-ward-6508
POLLING_UNIT,inec-pu-660912,ng-state-ogun,OPEN SPACE KOLAQ JUNCTION Y-AJAYI ISHASI,INEC_CVR_PU,660912,,inec-lga-568,,state-assembly-sc-728-og,inec-ward-6508
POLLING_UNIT,inec-pu-660913,ng-state-ogun,OPEN SPACE ALFATEDO JUNCTION MARTIN'S AKUTE,INEC_CVR_PU,660913,,inec-lga-568,,state-assembly-sc-728-og,inec-ward-6508
POLLING_UNIT,inec-pu-660914,ng-state-ogun,TOWN HALL AKUTE ODO AKUTE,INEC_CVR_PU,660914,,inec-lga-568,,state-assembly-sc-728-og,inec-ward-6508
POLLING_UNIT,inec-pu-660915,ng-state-ogun,OPEN SPACE HERITAGE JUNCTION WATER PIPELINE AKUTE,INEC_CVR_PU,660915,,inec-lga-568,,state-assembly-sc-728-og,inec-ward-6508
POLLING_UNIT,inec-pu-660916,ng-state-ogun,HEALTH CENTRE ARIFANLA AKUTE,INEC_CVR_PU,660916,,inec-lga-568,,state-assembly-sc-728-og,inec-ward-6508
POLLING_UNIT,inec-pu-660917,ng-state-ogun,OPEN SPACE KAJOLA MARKET ONIBUDO AKUTE,INEC_CVR_PU,660917,,inec-lga-568,,state-assembly-sc-728-og,inec-ward-6508
POLLING_UNIT,inec-pu-660918,ng-state-ogun,OPEN SPACE KUYARO JUNCTION PHASE 2 ONIBUDO AKUTE,INEC_CVR_PU,660918,,inec-lga-568,,state-assembly-sc-728-og,inec-ward-6508
POLLING_UNIT,inec-pu-660919,ng-state-ogun,OPEN SPACE PLAYING GROUND AKINBO,INEC_CVR_PU,660919,,inec-lga-568,,state-assembly-sc-728-og,inec-ward-6508
POLLING_UNIT,inec-pu-660920,ng-state-ogun,OPEN SPACE ATS JUNCTION AKINBO,INEC_CVR_PU,660920,,inec-lga-568,,state-assembly-sc-728-og,inec-ward-6508
POLLING_UNIT,inec-pu-660921,ng-state-ogun,OPEN SPACE MARKET SQUARE OSOLO,INEC_CVR_PU,660921,,inec-lga-568,,state-assembly-sc-728-og,inec-ward-6508
POLLING_UNIT,inec-pu-660922,ng-state-ogun,COMMUNITY HALL OSOLO,INEC_CVR_PU,660922,,inec-lga-568,,state-assembly-sc-728-og,inec-ward-6508
POLLING_UNIT,inec-pu-660923,ng-state-ogun,ZION AFRICAN CHURCH PRY SCH OTUN,INEC_CVR_PU,660923,,inec-lga-568,,state-assembly-sc-728-og,inec-ward-6508
POLLING_UNIT,inec-pu-660924,ng-state-ogun,OPEN SPACE ADENLE JUNCTION ARIFANLA AKUTE,INEC_CVR_PU,660924,,inec-lga-568,,state-assembly-sc-728-og,inec-ward-6508
POLLING_UNIT,inec-pu-660925,ng-state-ogun,VILLAGE SQUARE AKINLABI AKUTE,INEC_CVR_PU,660925,,inec-lga-568,,state-assembly-sc-728-og,inec-ward-6508
POLLING_UNIT,inec-pu-660926,ng-state-ogun,OPEN SPACE ASORE JUNCTION AKUTE,INEC_CVR_PU,660926,,inec-lga-568,,state-assembly-sc-728-og,inec-ward-6508
POLLING_UNIT,inec-pu-660927,ng-state-ogun,"OPEN SPACE AT ANWO, ASORE AKUTE",INEC_CVR_PU,660927,,inec-lga-568,,state-assembly-sc-728-og,inec-ward-6508
WARD,inec-ward-6509,ng-state-ogun,OKE-ARO/IBARAGUN/ROBIYAN,INEC_CVR_WARD,6509,,inec-lga-568,,state-assembly-sc-728-og,
POLLING_UNIT,inec-pu-91145,ng-state-ogun,OKUN GBOLU I,INEC_CVR_PU,91145,,inec-lga-568,,state-assembly-sc-728-og,inec-ward-6509
POLLING_UNIT,inec-pu-91146,ng-state-ogun,OKUN GBOLU II,INEC_CVR_PU,91146,,inec-lga-568,,state-assembly-sc-728-og,inec-ward-6509
POLLING_UNIT,inec-pu-91147,ng-state-ogun,SCHOOL PREM MATOGUN I,INEC_CVR_PU,91147,,inec-lga-568,,state-assembly-sc-728-og,inec-ward-6509
POLLING_UNIT,inec-pu-91148,ng-state-ogun,SCHOOL PREM MATOGUN II,INEC_CVR_PU,91148,,inec-lga-568,,state-assembly-sc-728-og,inec-ward-6509
POLLING_UNIT,inec-pu-91149,ng-state-ogun,SCHOOL PREM. ROBIYAN,INEC_CVR_PU,91149,,inec-lga-568,,state-assembly-sc-728-og,inec-ward-6509
POLLING_UNIT,inec-pu-91150,ng-state-ogun,SCH. PREM IBARAGUN I,INEC_CVR_PU,91150,,inec-lga-568,,state-assembly-sc-728-og,inec-ward-6509
POLLING_UNIT,inec-pu-91151,ng-state-ogun,SCH. PREM IBARAGUN II,INEC_CVR_PU,91151,,inec-lga-568,,state-assembly-sc-728-og,inec-ward-6509
POLLING_UNIT,inec-pu-91152,ng-state-ogun,SCH. PREM. OKE ARO I,INEC_CVR_PU,91152,,inec-lga-568,,state-assembly-sc-728-og,inec-ward-6509
POLLING_UNIT,inec-pu-91153,ng-state-ogun,SCH. PREM. OKE ARO II,INEC_CVR_PU,91153,,inec-lga-568,,state-assembly-sc-728-og,inec-ward-6509
POLLING_UNIT,inec-pu-91154,ng-state-ogun,SCH. PREM. OKE ARO III,INEC_CVR_PU,91154,,inec-lga-568,,state-assembly-sc-728-og,inec-ward-6509
POLLING_UNIT,inec-pu-91155,ng-state-ogun,SCH. PREM. OKE ARO IV,INEC_CVR_PU,91155,,inec-lga-568,,state-assembly-sc-728-og,inec-ward-6509
POLLING_UNIT,inec-pu-91156,ng-state-ogun,OPE ILU IDIROKO I,INEC_CVR_PU,91156,,inec-lga-568,,state-assembly-sc-728-og,inec-ward-6509
POLLING_UNIT,inec-pu-91157,ng-state-ogun,OPE ILU IDIROKO II,INEC_CVR_PU,91157,,inec-lga-568,,state-assembly-sc-728-og,inec-ward-6509
POLLING_UNIT,inec-pu-91158,ng-state-ogun,YEWANDE I,INEC_CVR_PU,91158,,inec-lga-568,,state-assembly-sc-728-og,inec-ward-6509
POLLING_UNIT,inec-pu-91159,ng-state-ogun,YEWANDE II,INEC_CVR_PU,91159,,inec-lga-568,,state-assembly-sc-728-og,inec-ward-6509
POLLING_UNIT,inec-pu-91160,ng-state-ogun,YEWANDE III,INEC_CVR_PU,91160,,inec-lga-568,,state-assembly-sc-728-og,inec-ward-6509
POLLING_UNIT,inec-pu-91161,ng-state-ogun,YEWANDE IV,INEC_CVR_PU,91161,,inec-lga-568,,state-assembly-sc-728-og,inec-ward-6509
POLLING_UNIT,inec-pu-91162,ng-state-ogun,OLAMBE I,INEC_CVR_PU,91162,,inec-lga-568,,state-assembly-sc-728-og,inec-ward-6509
POLLING_UNIT,inec-pu-91163,ng-state-ogun,OLAMBE II,INEC_CVR_PU,91163,,inec-lga-568,,state-assembly-sc-728-og,inec-ward-6509
POLLING_UNIT,inec-pu-91164,ng-state-ogun,ITOKI I,INEC_CVR_PU,91164,,inec-lga-568,,state-assembly-sc-728-og,inec-ward-6509
POLLING_UNIT,inec-pu-91165,ng-state-ogun,ITOKI II,INEC_CVR_PU,91165,,inec-lga-568,,state-assembly-sc-728-og,inec-ward-6509
POLLING_UNIT,inec-pu-91166,ng-state-ogun,ADIYAN AJEGUNLE I,INEC_CVR_PU,91166,,inec-lga-568,,state-assembly-sc-728-og,inec-ward-6509
POLLING_UNIT,inec-pu-91167,ng-state-ogun,ADIYAN AJEGUNLE II,INEC_CVR_PU,91167,,inec-lga-568,,state-assembly-sc-728-og,inec-ward-6509
POLLING_UNIT,inec-pu-91168,ng-state-ogun,ADIYAN AJEGUNLE III,INEC_CVR_PU,91168,,inec-lga-568,,state-assembly-sc-728-og,inec-ward-6509
POLLING_UNIT,inec-pu-91169,ng-state-ogun,PETER VILLAGE JUNCTION I,INEC_CVR_PU,91169,,inec-lga-568,,state-assembly-sc-728-og,inec-ward-6509
POLLING_UNIT,inec-pu-91170,ng-state-ogun,PETER VILLAGE JUNCTION II,INEC_CVR_PU,91170,,inec-lga-568,,state-assembly-sc-728-og,inec-ward-6509
POLLING_UNIT,inec-pu-91171,ng-state-ogun,LEGUN VILLAGE,INEC_CVR_PU,91171,,inec-lga-568,,state-assembly-sc-728-og,inec-ward-6509
POLLING_UNIT,inec-pu-91172,ng-state-ogun,OLUWO JAFA I,INEC_CVR_PU,91172,,inec-lga-568,,state-assembly-sc-728-og,inec-ward-6509
POLLING_UNIT,inec-pu-91173,ng-state-ogun,OLUWO JAFA II,INEC_CVR_PU,91173,,inec-lga-568,,state-assembly-sc-728-og,inec-ward-6509
POLLING_UNIT,inec-pu-91174,ng-state-ogun,ABULE EKUN I,INEC_CVR_PU,91174,,inec-lga-568,,state-assembly-sc-728-og,inec-ward-6509
POLLING_UNIT,inec-pu-91175,ng-state-ogun,ABULE EKUN II,INEC_CVR_PU,91175,,inec-lga-568,,state-assembly-sc-728-og,inec-ward-6509
POLLING_UNIT,inec-pu-91176,ng-state-ogun,ENILOLOBO YEWANDE,INEC_CVR_PU,91176,,inec-lga-568,,state-assembly-sc-728-og,inec-ward-6509
POLLING_UNIT,inec-pu-661033,ng-state-ogun,ST JOHN'S COMMUNITY PRY SCH LEMODE,INEC_CVR_PU,661033,,inec-lga-568,,state-assembly-sc-728-og,inec-ward-6509
POLLING_UNIT,inec-pu-661034,ng-state-ogun,ADEYEMI/ADEYEMO JUNCTION LEMODE,INEC_CVR_PU,661034,,inec-lga-568,,state-assembly-sc-728-og,inec-ward-6509
POLLING_UNIT,inec-pu-661035,ng-state-ogun,LGA PRY SCH. ORUDU,INEC_CVR_PU,661035,,inec-lga-568,,state-assembly-sc-728-og,inec-ward-6509
POLLING_UNIT,inec-pu-661036,ng-state-ogun,OTEMUYI COMMUNITY PRY SCH. MATOGUN,INEC_CVR_PU,661036,,inec-lga-568,,state-assembly-sc-728-og,inec-ward-6509
POLLING_UNIT,inec-pu-661037,ng-state-ogun,"TEN-TEN JUNCTION, OLAMBE",INEC_CVR_PU,661037,,inec-lga-568,,state-assembly-sc-728-og,inec-ward-6509
POLLING_UNIT,inec-pu-661038,ng-state-ogun,OPEN SPACE OLORUNSOGO ROAD MATOGUN,INEC_CVR_PU,661038,,inec-lga-568,,state-assembly-sc-728-og,inec-ward-6509
POLLING_UNIT,inec-pu-661039,ng-state-ogun,MOSAFEJO VILLAGE JUNCTION IBARAGUN,INEC_CVR_PU,661039,,inec-lga-568,,state-assembly-sc-728-og,inec-ward-6509
POLLING_UNIT,inec-pu-661040,ng-state-ogun,"ANUOLUWAPO COMMUNITY HIGH SCH, OKE-ARO",INEC_CVR_PU,661040,,inec-lga-568,,state-assembly-sc-728-og,inec-ward-6509
POLLING_UNIT,inec-pu-661041,ng-state-ogun,COMMUNITY PRIMARY SCH. IJAOLA LEMODE,INEC_CVR_PU,661041,,inec-lga-568,,state-assembly-sc-728-og,inec-ward-6509
POLLING_UNIT,inec-pu-661042,ng-state-ogun,"ORISUNBARE JUNCTION, ANIMASAUN OKE-ARO",INEC_CVR_PU,661042,,inec-lga-568,,state-assembly-sc-728-og,inec-ward-6509
POLLING_UNIT,inec-pu-661043,ng-state-ogun,TEMIDIRE JUNCTION ADIYAN OLOMOWEWE,INEC_CVR_PU,661043,,inec-lga-568,,state-assembly-sc-728-og,inec-ward-6509
POLLING_UNIT,inec-pu-661044,ng-state-ogun,ODUGBILE JUNCTION ISHAGA IDI OSAN,INEC_CVR_PU,661044,,inec-lga-568,,state-assembly-sc-728-og,inec-ward-6509
POLLING_UNIT,inec-pu-661045,ng-state-ogun,HEALTH CENTRE MAIDAN,INEC_CVR_PU,661045,,inec-lga-568,,state-assembly-sc-728-og,inec-ward-6509
POLLING_UNIT,inec-pu-661046,ng-state-ogun,OJU OLUWA JUNCTION KOYE-OKE,INEC_CVR_PU,661046,,inec-lga-568,,state-assembly-sc-728-og,inec-ward-6509
POLLING_UNIT,inec-pu-661047,ng-state-ogun,KAMPALA JUNCTION OLAMBE,INEC_CVR_PU,661047,,inec-lga-568,,state-assembly-sc-728-og,inec-ward-6509
POLLING_UNIT,inec-pu-661048,ng-state-ogun,COMMUNITY PRY SCHOOL OLAMBE,INEC_CVR_PU,661048,,inec-lga-568,,state-assembly-sc-728-og,inec-ward-6509
POLLING_UNIT,inec-pu-661049,ng-state-ogun,"COMMUNITY PRY SCHOOL, TEMIDIRE",INEC_CVR_PU,661049,,inec-lga-568,,state-assembly-sc-728-og,inec-ward-6509
POLLING_UNIT,inec-pu-661050,ng-state-ogun,OBANLA JUNCTION ENILOLOBO,INEC_CVR_PU,661050,,inec-lga-568,,state-assembly-sc-728-og,inec-ward-6509
POLLING_UNIT,inec-pu-661051,ng-state-ogun,OLOWOOKERE/OLATUNBOSUN JUNCTION OKE -ARO,INEC_CVR_PU,661051,,inec-lga-568,,state-assembly-sc-728-og,inec-ward-6509
POLLING_UNIT,inec-pu-661052,ng-state-ogun,AKINYALE/OMO-OWO JUNCTION AMUBIOYA OKE-ARO,INEC_CVR_PU,661052,,inec-lga-568,,state-assembly-sc-728-og,inec-ward-6509
POLLING_UNIT,inec-pu-661053,ng-state-ogun,TINA JUNCTION OKUNGBOLU,INEC_CVR_PU,661053,,inec-lga-568,,state-assembly-sc-728-og,inec-ward-6509
POLLING_UNIT,inec-pu-661054,ng-state-ogun,"N.U.D PRY SCHOOL, ODULAGUN NTABO JUNCTION",INEC_CVR_PU,661054,,inec-lga-568,,state-assembly-sc-728-og,inec-ward-6509
POLLING_UNIT,inec-pu-661055,ng-state-ogun,OPEN SPACE ORUDU AGIRA PLAYING GROUND OKE ARO,INEC_CVR_PU,661055,,inec-lga-568,,state-assembly-sc-728-og,inec-ward-6509
POLLING_UNIT,inec-pu-661056,ng-state-ogun,COMMUNITY HEALTH CENTRE OSERE,INEC_CVR_PU,661056,,inec-lga-568,,state-assembly-sc-728-og,inec-ward-6509
POLLING_UNIT,inec-pu-661057,ng-state-ogun,OPEN SPACE DAVID CAMP. IJOKO ABULE ROAD,INEC_CVR_PU,661057,,inec-lga-568,,state-assembly-sc-728-og,inec-ward-6509
POLLING_UNIT,inec-pu-661058,ng-state-ogun,API COMMUNITY PRY.SCH.AJAWO,INEC_CVR_PU,661058,,inec-lga-568,,state-assembly-sc-728-og,inec-ward-6509
WARD,inec-ward-6510,ng-state-ogun,OSOSUN,INEC_CVR_WARD,6510,,inec-lga-568,,state-assembly-sc-728-og,
POLLING_UNIT,inec-pu-91177,ng-state-ogun,SCH. PREM. OSOSUN,INEC_CVR_PU,91177,,inec-lga-568,,state-assembly-sc-728-og,inec-ward-6510
POLLING_UNIT,inec-pu-91178,ng-state-ogun,BAAMU,INEC_CVR_PU,91178,,inec-lga-568,,state-assembly-sc-728-og,inec-ward-6510
POLLING_UNIT,inec-pu-91179,ng-state-ogun,BALOGUN VILLAGE,INEC_CVR_PU,91179,,inec-lga-568,,state-assembly-sc-728-og,inec-ward-6510
POLLING_UNIT,inec-pu-91180,ng-state-ogun,SCH. PREM. OLOMU,INEC_CVR_PU,91180,,inec-lga-568,,state-assembly-sc-728-og,inec-ward-6510
POLLING_UNIT,inec-pu-91181,ng-state-ogun,SCH. PREM SERIKI I,INEC_CVR_PU,91181,,inec-lga-568,,state-assembly-sc-728-og,inec-ward-6510
POLLING_UNIT,inec-pu-91182,ng-state-ogun,SCH. PREM SERIKI II,INEC_CVR_PU,91182,,inec-lga-568,,state-assembly-sc-728-og,inec-ward-6510
POLLING_UNIT,inec-pu-91183,ng-state-ogun,AGBEGISE,INEC_CVR_PU,91183,,inec-lga-568,,state-assembly-sc-728-og,inec-ward-6510
POLLING_UNIT,inec-pu-91184,ng-state-ogun,OYERO VILLAGE,INEC_CVR_PU,91184,,inec-lga-568,,state-assembly-sc-728-og,inec-ward-6510
POLLING_UNIT,inec-pu-91185,ng-state-ogun,SCH. PREM OLUKE,INEC_CVR_PU,91185,,inec-lga-568,,state-assembly-sc-728-og,inec-ward-6510
POLLING_UNIT,inec-pu-91186,ng-state-ogun,RATE OFFICE IJOKO I,INEC_CVR_PU,91186,,inec-lga-568,,state-assembly-sc-728-og,inec-ward-6510
POLLING_UNIT,inec-pu-91187,ng-state-ogun,RATE OFFICE IJOKO II,INEC_CVR_PU,91187,,inec-lga-568,,state-assembly-sc-728-og,inec-ward-6510
POLLING_UNIT,inec-pu-91188,ng-state-ogun,OLAYEMI PRY. SCHOOL,INEC_CVR_PU,91188,,inec-lga-568,,state-assembly-sc-728-og,inec-ward-6510
POLLING_UNIT,inec-pu-91189,ng-state-ogun,SCH. PREM ALAJA,INEC_CVR_PU,91189,,inec-lga-568,,state-assembly-sc-728-og,inec-ward-6510
POLLING_UNIT,inec-pu-91190,ng-state-ogun,SCH. PREM. KAJOLA,INEC_CVR_PU,91190,,inec-lga-568,,state-assembly-sc-728-og,inec-ward-6510
POLLING_UNIT,inec-pu-91191,ng-state-ogun,LERIN VILLAGE,INEC_CVR_PU,91191,,inec-lga-568,,state-assembly-sc-728-og,inec-ward-6510
POLLING_UNIT,inec-pu-91192,ng-state-ogun,SONEKAN VILLAGE,INEC_CVR_PU,91192,,inec-lga-568,,state-assembly-sc-728-og,inec-ward-6510
POLLING_UNIT,inec-pu-91193,ng-state-ogun,DEMOKULA,INEC_CVR_PU,91193,,inec-lga-568,,state-assembly-sc-728-og,inec-ward-6510
POLLING_UNIT,inec-pu-661059,ng-state-ogun,"OPEN SPACE ITESIWAJU JUNCTION, AJAYI OYERO",INEC_CVR_PU,661059,,inec-lga-568,,state-assembly-sc-728-og,inec-ward-6510
POLLING_UNIT,inec-pu-661060,ng-state-ogun,"OPEN SPACE TEE JUNCTION EGAN COMMUNITY, OFF OYERO ROAD",INEC_CVR_PU,661060,,inec-lga-568,,state-assembly-sc-728-og,inec-ward-6510
POLLING_UNIT,inec-pu-661061,ng-state-ogun,"FRONT OF LISA HEALTH CENTRE, LISA TOWN",INEC_CVR_PU,661061,,inec-lga-568,,state-assembly-sc-728-og,inec-ward-6510
POLLING_UNIT,inec-pu-661062,ng-state-ogun,"OPEN SPACE OLUWALOGBON JUNCTION, ONIPETESI IJOKO",INEC_CVR_PU,661062,,inec-lga-568,,state-assembly-sc-728-og,inec-ward-6510
POLLING_UNIT,inec-pu-661063,ng-state-ogun,"OPEN SPACE AGBAGI, OFF GAS-LINE, OSOSUN",INEC_CVR_PU,661063,,inec-lga-568,,state-assembly-sc-728-og,inec-ward-6510
POLLING_UNIT,inec-pu-661064,ng-state-ogun,"BALOGUN TUNTUN MARKET, GAS-LINE",INEC_CVR_PU,661064,,inec-lga-568,,state-assembly-sc-728-og,inec-ward-6510
POLLING_UNIT,inec-pu-661065,ng-state-ogun,"OPEN SPACE GAS LINE JUNCTION, YEMCO BLOCKS",INEC_CVR_PU,661065,,inec-lga-568,,state-assembly-sc-728-og,inec-ward-6510
POLLING_UNIT,inec-pu-661066,ng-state-ogun,COMMUNITY PRY SCH KAJOLA ORILE,INEC_CVR_PU,661066,,inec-lga-568,,state-assembly-sc-728-og,inec-ward-6510
POLLING_UNIT,inec-pu-661067,ng-state-ogun,"FADAMA MARKET, SOLU TOWN",INEC_CVR_PU,661067,,inec-lga-568,,state-assembly-sc-728-og,inec-ward-6510
POLLING_UNIT,inec-pu-661068,ng-state-ogun,"OPEN SPACE SHONDE, SHONDE TOWN VIA OLUKE",INEC_CVR_PU,661068,,inec-lga-568,,state-assembly-sc-728-og,inec-ward-6510
POLLING_UNIT,inec-pu-661069,ng-state-ogun,"OPEN SPACE OLOKO JUNCTION, FADUNSI IJOKO",INEC_CVR_PU,661069,,inec-lga-568,,state-assembly-sc-728-og,inec-ward-6510
POLLING_UNIT,inec-pu-661070,ng-state-ogun,"PAPA OKO JUNCTION, OKUNGBOLU",INEC_CVR_PU,661070,,inec-lga-568,,state-assembly-sc-728-og,inec-ward-6510
POLLING_UNIT,inec-pu-661071,ng-state-ogun,OPEN SPACE MARKET SQUARE LISA,INEC_CVR_PU,661071,,inec-lga-568,,state-assembly-sc-728-og,inec-ward-6510
POLLING_UNIT,inec-pu-661072,ng-state-ogun,"TOWN HALL AYEGBE, VIA LISA",INEC_CVR_PU,661072,,inec-lga-568,,state-assembly-sc-728-og,inec-ward-6510
POLLING_UNIT,inec-pu-661073,ng-state-ogun,"ARUGUDU COMMUNITY TOWN HALL, ARUGUDU TOWN",INEC_CVR_PU,661073,,inec-lga-568,,state-assembly-sc-728-og,inec-ward-6510
POLLING_UNIT,inec-pu-661074,ng-state-ogun,"OPEN SPACE ONIREKE HEALTH CENTER, ONIREKE",INEC_CVR_PU,661074,,inec-lga-568,,state-assembly-sc-728-og,inec-ward-6510
POLLING_UNIT,inec-pu-661075,ng-state-ogun,"AREPO COMMUNITY PRY SCHOOL, AREPO TOWN",INEC_CVR_PU,661075,,inec-lga-568,,state-assembly-sc-728-og,inec-ward-6510
POLLING_UNIT,inec-pu-661076,ng-state-ogun,"OPEN SPACE BABA MONDAY JUNCTION, AREPO ROAD",INEC_CVR_PU,661076,,inec-lga-568,,state-assembly-sc-728-og,inec-ward-6510
POLLING_UNIT,inec-pu-661077,ng-state-ogun,OLORUNDA MODEL MARKET OYERO,INEC_CVR_PU,661077,,inec-lga-568,,state-assembly-sc-728-og,inec-ward-6510
POLLING_UNIT,inec-pu-661078,ng-state-ogun,"OPEN SPACE AWURE TOWN HALL, AWURE",INEC_CVR_PU,661078,,inec-lga-568,,state-assembly-sc-728-og,inec-ward-6510
POLLING_UNIT,inec-pu-661079,ng-state-ogun,"TOFUNMI JUNCTION DANIEL ESTATE, IJOKO ROAD",INEC_CVR_PU,661079,,inec-lga-568,,state-assembly-sc-728-og,inec-ward-6510
POLLING_UNIT,inec-pu-661080,ng-state-ogun,"OPEN SPACE OJUALALE ROAD NEAR YIDI PLAYING GROUND, OJUALALE",INEC_CVR_PU,661080,,inec-lga-568,,state-assembly-sc-728-og,inec-ward-6510
POLLING_UNIT,inec-pu-661081,ng-state-ogun,OPEN SPACE OKE ALAFIA JUNCTION MEGI,INEC_CVR_PU,661081,,inec-lga-568,,state-assembly-sc-728-og,inec-ward-6510
POLLING_UNIT,inec-pu-661082,ng-state-ogun,OPEN SPACE LAJEGUN/SERIKI OLORUNDA JUNCTION,INEC_CVR_PU,661082,,inec-lga-568,,state-assembly-sc-728-og,inec-ward-6510
POLLING_UNIT,inec-pu-661083,ng-state-ogun,OPEN SPACE AKINTOYE JUNCTION OLOPARUN,INEC_CVR_PU,661083,,inec-lga-568,,state-assembly-sc-728-og,inec-ward-6510
POLLING_UNIT,inec-pu-661084,ng-state-ogun,"LOCAL GOVERNMENT PRY.SCH, IFOTE",INEC_CVR_PU,661084,,inec-lga-568,,state-assembly-sc-728-og,inec-ward-6510
POLLING_UNIT,inec-pu-661085,ng-state-ogun,OPEN SPACE NEAR TRANSFORMER IGBO ELERIN TOWN,INEC_CVR_PU,661085,,inec-lga-568,,state-assembly-sc-728-og,inec-ward-6510
POLLING_UNIT,inec-pu-661086,ng-state-ogun,"OPEN SPACE ANTENNA JUNCTION NEAR TRANSFORMER, OYERO TOWN",INEC_CVR_PU,661086,,inec-lga-568,,state-assembly-sc-728-og,inec-ward-6510
POLLING_UNIT,inec-pu-661087,ng-state-ogun,"OPEN SPACE SHOTANDE JUNCTION, EBITI FAROWA OKE EBITI",INEC_CVR_PU,661087,,inec-lga-568,,state-assembly-sc-728-og,inec-ward-6510
POLLING_UNIT,inec-pu-661088,ng-state-ogun,OPEN SPACE OLOKEMEJI SAWMILL,INEC_CVR_PU,661088,,inec-lga-568,,state-assembly-sc-728-og,inec-ward-6510
POLLING_UNIT,inec-pu-661089,ng-state-ogun,"OPEN SPACE POWERLINE JUNCTION, OSOSUN",INEC_CVR_PU,661089,,inec-lga-568,,state-assembly-sc-728-og,inec-ward-6510
POLLING_UNIT,inec-pu-661090,ng-state-ogun,"OPEN SPACE ODO BABAKUDI ARIFA JUNCTION, FADUNSIN",INEC_CVR_PU,661090,,inec-lga-568,,state-assembly-sc-728-og,inec-ward-6510
WARD,inec-ward-6511,ng-state-ogun,SUNREN,INEC_CVR_WARD,6511,,inec-lga-568,,state-assembly-sc-728-og,
POLLING_UNIT,inec-pu-91194,ng-state-ogun,ANG. SCHOOL SUNREN,INEC_CVR_PU,91194,,inec-lga-568,,state-assembly-sc-728-og,inec-ward-6511
POLLING_UNIT,inec-pu-91195,ng-state-ogun,SCHOOL PREM APODE,INEC_CVR_PU,91195,,inec-lga-568,,state-assembly-sc-728-og,inec-ward-6511
POLLING_UNIT,inec-pu-91196,ng-state-ogun,SCHOOL PREM. ISOLA,INEC_CVR_PU,91196,,inec-lga-568,,state-assembly-sc-728-og,inec-ward-6511
POLLING_UNIT,inec-pu-91197,ng-state-ogun,SCHOOL PREM. OBA OKE,INEC_CVR_PU,91197,,inec-lga-568,,state-assembly-sc-728-og,inec-ward-6511
POLLING_UNIT,inec-pu-91198,ng-state-ogun,OBASA MARKET,INEC_CVR_PU,91198,,inec-lga-568,,state-assembly-sc-728-og,inec-ward-6511
POLLING_UNIT,inec-pu-91199,ng-state-ogun,LOKI VILLAGE,INEC_CVR_PU,91199,,inec-lga-568,,state-assembly-sc-728-og,inec-ward-6511
POLLING_UNIT,inec-pu-91200,ng-state-ogun,YANBI VILLAGE,INEC_CVR_PU,91200,,inec-lga-568,,state-assembly-sc-728-og,inec-ward-6511
POLLING_UNIT,inec-pu-91201,ng-state-ogun,OLORUNSOGO,INEC_CVR_PU,91201,,inec-lga-568,,state-assembly-sc-728-og,inec-ward-6511
POLLING_UNIT,inec-pu-661091,ng-state-ogun,COMMUNITY PRY SCH OLORUNSOGO,INEC_CVR_PU,661091,,inec-lga-568,,state-assembly-sc-728-og,inec-ward-6511
POLLING_UNIT,inec-pu-661092,ng-state-ogun,OPEN SPACE LERIN JUNCTION IKEREKU LERIN,INEC_CVR_PU,661092,,inec-lga-568,,state-assembly-sc-728-og,inec-ward-6511
POLLING_UNIT,inec-pu-661093,ng-state-ogun,OPEN SPACE TOWN HALL IJOKO LAFUN,INEC_CVR_PU,661093,,inec-lga-568,,state-assembly-sc-728-og,inec-ward-6511
WARD,inec-ward-6512,ng-state-ogun,COKER,INEC_CVR_WARD,6512,,inec-lga-568,,state-assembly-sc-728-og,
POLLING_UNIT,inec-pu-91202,ng-state-ogun,OKE OJI I,INEC_CVR_PU,91202,,inec-lga-568,,state-assembly-sc-728-og,inec-ward-6512
POLLING_UNIT,inec-pu-91203,ng-state-ogun,OKE OJI II,INEC_CVR_PU,91203,,inec-lga-568,,state-assembly-sc-728-og,inec-ward-6512
POLLING_UNIT,inec-pu-91204,ng-state-ogun,SCH. PREM. FARM SETTLEMENT I SALU ARMY COKER,INEC_CVR_PU,91204,,inec-lga-568,,state-assembly-sc-728-og,inec-ward-6512
POLLING_UNIT,inec-pu-91205,ng-state-ogun,SALU ARMY COKER,INEC_CVR_PU,91205,,inec-lga-568,,state-assembly-sc-728-og,inec-ward-6512
POLLING_UNIT,inec-pu-91206,ng-state-ogun,SCH. PREM. ILEPA I,INEC_CVR_PU,91206,,inec-lga-568,,state-assembly-sc-728-og,inec-ward-6512
POLLING_UNIT,inec-pu-91207,ng-state-ogun,SCH. PREM. ILEPA II,INEC_CVR_PU,91207,,inec-lga-568,,state-assembly-sc-728-og,inec-ward-6512
POLLING_UNIT,inec-pu-91208,ng-state-ogun,SCH. PREM. ILEPA III,INEC_CVR_PU,91208,,inec-lga-568,,state-assembly-sc-728-og,inec-ward-6512
POLLING_UNIT,inec-pu-91209,ng-state-ogun,ODUSANGO,INEC_CVR_PU,91209,,inec-lga-568,,state-assembly-sc-728-og,inec-ward-6512
POLLING_UNIT,inec-pu-91210,ng-state-ogun,ABULE OKE,INEC_CVR_PU,91210,,inec-lga-568,,state-assembly-sc-728-og,inec-ward-6512
POLLING_UNIT,inec-pu-91211,ng-state-ogun,OLOWO VILLAGE,INEC_CVR_PU,91211,,inec-lga-568,,state-assembly-sc-728-og,inec-ward-6512
POLLING_UNIT,inec-pu-91212,ng-state-ogun,FARM SETTLEMENT,INEC_CVR_PU,91212,,inec-lga-568,,state-assembly-sc-728-og,inec-ward-6512
POLLING_UNIT,inec-pu-660928,ng-state-ogun,OPEN SPACE BOLUWATIFE MARKET ILUPEJU IFO,INEC_CVR_PU,660928,,inec-lga-568,,state-assembly-sc-728-og,inec-ward-6512
POLLING_UNIT,inec-pu-660929,ng-state-ogun,"IGBUSI COMPREHENSIVE HIGH SCH , IGBUSI, IFO",INEC_CVR_PU,660929,,inec-lga-568,,state-assembly-sc-728-og,inec-ward-6512
POLLING_UNIT,inec-pu-660930,ng-state-ogun,FIRE CAMP. JUNCTION ILEPA,INEC_CVR_PU,660930,,inec-lga-568,,state-assembly-sc-728-og,inec-ward-6512
POLLING_UNIT,inec-pu-660931,ng-state-ogun,COMMUNITY PRY SCHOOL OGUNGBADE,INEC_CVR_PU,660931,,inec-lga-568,,state-assembly-sc-728-og,inec-ward-6512
POLLING_UNIT,inec-pu-660932,ng-state-ogun,HEALTH CENTRE FADAMA OGUNGBADE,INEC_CVR_PU,660932,,inec-lga-568,,state-assembly-sc-728-og,inec-ward-6512
POLLING_UNIT,inec-pu-660933,ng-state-ogun,OPEN SPACE HUMAN RIGHT ONIHALE IFO,INEC_CVR_PU,660933,,inec-lga-568,,state-assembly-sc-728-og,inec-ward-6512
POLLING_UNIT,inec-pu-660934,ng-state-ogun,OPEN SPACE SAWMIL ILEPA 2,INEC_CVR_PU,660934,,inec-lga-568,,state-assembly-sc-728-og,inec-ward-6512
POLLING_UNIT,inec-pu-660935,ng-state-ogun,COMMUNITY PRY. SCHOOL AYEDE IFO,INEC_CVR_PU,660935,,inec-lga-568,,state-assembly-sc-728-og,inec-ward-6512
POLLING_UNIT,inec-pu-660936,ng-state-ogun,PAKOTO PRY. SCHOOL PAKOTA IFO,INEC_CVR_PU,660936,,inec-lga-568,,state-assembly-sc-728-og,inec-ward-6512
POLLING_UNIT,inec-pu-660937,ng-state-ogun,OPEN SPACE KASUMU OGUNREMI JUNCTION OJUSANGO,INEC_CVR_PU,660937,,inec-lga-568,,state-assembly-sc-728-og,inec-ward-6512
POLLING_UNIT,inec-pu-660938,ng-state-ogun,ILEPA COMMUNITY TOWN HALL ILEPA,INEC_CVR_PU,660938,,inec-lga-568,,state-assembly-sc-728-og,inec-ward-6512
POLLING_UNIT,inec-pu-660939,ng-state-ogun,HIGH COURT JUNCTION OKO IREKE IFO,INEC_CVR_PU,660939,,inec-lga-568,,state-assembly-sc-728-og,inec-ward-6512
POLLING_UNIT,inec-pu-660940,ng-state-ogun,OPEN SPACE COKER GARAGE COKER,INEC_CVR_PU,660940,,inec-lga-568,,state-assembly-sc-728-og,inec-ward-6512
POLLING_UNIT,inec-pu-660941,ng-state-ogun,OPEN SPACE JAMBU JUNCTION. COKER,INEC_CVR_PU,660941,,inec-lga-568,,state-assembly-sc-728-og,inec-ward-6512
POLLING_UNIT,inec-pu-660942,ng-state-ogun,OPEN SPACE BABS SORINOLA MOGBORO,INEC_CVR_PU,660942,,inec-lga-568,,state-assembly-sc-728-og,inec-ward-6512
POLLING_UNIT,inec-pu-660943,ng-state-ogun,UNITED ANGLICAN PRY.SCHOOL OGAN COKER,INEC_CVR_PU,660943,,inec-lga-568,,state-assembly-sc-728-og,inec-ward-6512
POLLING_UNIT,inec-pu-660944,ng-state-ogun,"OPEN SPACE SEVEN DAYS ADVENTIST JUNCTION, PAKOTO",INEC_CVR_PU,660944,,inec-lga-568,,state-assembly-sc-728-og,inec-ward-6512
POLLING_UNIT,inec-pu-660945,ng-state-ogun,OPEN SPACE IDI KANGA JUNCTION PAKOTO,INEC_CVR_PU,660945,,inec-lga-568,,state-assembly-sc-728-og,inec-ward-6512
POLLING_UNIT,inec-pu-660946,ng-state-ogun,OPEN SPACE ORISUNBARE JUNCTION IYANA CELE,INEC_CVR_PU,660946,,inec-lga-568,,state-assembly-sc-728-og,inec-ward-6512
POLLING_UNIT,inec-pu-660947,ng-state-ogun,OPEN SPACE NEW WORLD ESTATE JUNCTION,INEC_CVR_PU,660947,,inec-lga-568,,state-assembly-sc-728-og,inec-ward-6512
POLLING_UNIT,inec-pu-660948,ng-state-ogun,OPEN SPACE AKWA JUNCTION ITESIWAJU,INEC_CVR_PU,660948,,inec-lga-568,,state-assembly-sc-728-og,inec-ward-6512
POLLING_UNIT,inec-pu-660949,ng-state-ogun,OPEN SPACE LUKMON AYENA JUNCTION OPP. RIDWANULLAI MOSQUE AYENA,INEC_CVR_PU,660949,,inec-lga-568,,state-assembly-sc-728-og,inec-ward-6512
POLLING_UNIT,inec-pu-660950,ng-state-ogun,OPEN SPACE IGBUSI ELESHIN JUNCTION IGBUSI,INEC_CVR_PU,660950,,inec-lga-568,,state-assembly-sc-728-og,inec-ward-6512
POLLING_UNIT,inec-pu-660951,ng-state-ogun,OPEN SPACE IGBUSI ABULE JUNCTION IGBUSI,INEC_CVR_PU,660951,,inec-lga-568,,state-assembly-sc-728-og,inec-ward-6512
POLLING_UNIT,inec-pu-660952,ng-state-ogun,OPEN SPACE ABULE IGBUSI ROAD ALONG ILOGBO,INEC_CVR_PU,660952,,inec-lga-568,,state-assembly-sc-728-og,inec-ward-6512
POLLING_UNIT,inec-pu-660953,ng-state-ogun,OPEN SPACE YAH LATEEF JUNCTION AGORO,INEC_CVR_PU,660953,,inec-lga-568,,state-assembly-sc-728-og,inec-ward-6512
POLLING_UNIT,inec-pu-660954,ng-state-ogun,OPEN SPACE BOSUN JUNCTION BOSUN,INEC_CVR_PU,660954,,inec-lga-568,,state-assembly-sc-728-og,inec-ward-6512
POLLING_UNIT,inec-pu-660955,ng-state-ogun,OPEN SPACE IMRAN OLAINUKAN JUNCTION OGAN TUNTUN,INEC_CVR_PU,660955,,inec-lga-568,,state-assembly-sc-728-og,inec-ward-6512
POLLING_UNIT,inec-pu-660956,ng-state-ogun,OPEN SPACE IFEOLUWA/ANSARUL-HAQ JUNCTION OGAN TUNTUN,INEC_CVR_PU,660956,,inec-lga-568,,state-assembly-sc-728-og,inec-ward-6512
POLLING_UNIT,inec-pu-660957,ng-state-ogun,ONIHALE COMMUNITY PRY.SCHOOL ONIHALE,INEC_CVR_PU,660957,,inec-lga-568,,state-assembly-sc-728-og,inec-ward-6512
WARD,inec-ward-6513,ng-state-ogun,IBOGUN,INEC_CVR_WARD,6513,,inec-lga-568,,state-assembly-sc-728-og,
POLLING_UNIT,inec-pu-91213,ng-state-ogun,AKINSINDE I,INEC_CVR_PU,91213,,inec-lga-568,,state-assembly-sc-728-og,inec-ward-6513
POLLING_UNIT,inec-pu-91214,ng-state-ogun,AKINSINDE II,INEC_CVR_PU,91214,,inec-lga-568,,state-assembly-sc-728-og,inec-ward-6513
POLLING_UNIT,inec-pu-91215,ng-state-ogun,ST. DAVIS SCH. SOWUNMI I,INEC_CVR_PU,91215,,inec-lga-568,,state-assembly-sc-728-og,inec-ward-6513
POLLING_UNIT,inec-pu-91216,ng-state-ogun,ST. DAVIS SCH. SOWUNMI II,INEC_CVR_PU,91216,,inec-lga-568,,state-assembly-sc-728-og,inec-ward-6513
POLLING_UNIT,inec-pu-91217,ng-state-ogun,SCH. PREM. SOWUNMI I,INEC_CVR_PU,91217,,inec-lga-568,,state-assembly-sc-728-og,inec-ward-6513
POLLING_UNIT,inec-pu-91218,ng-state-ogun,SCH. PREM. SOWUNMI II,INEC_CVR_PU,91218,,inec-lga-568,,state-assembly-sc-728-og,inec-ward-6513
POLLING_UNIT,inec-pu-91219,ng-state-ogun,A/C SCH. ODERINLO I,INEC_CVR_PU,91219,,inec-lga-568,,state-assembly-sc-728-og,inec-ward-6513
POLLING_UNIT,inec-pu-91220,ng-state-ogun,A/C SCH. ODERINLO II,INEC_CVR_PU,91220,,inec-lga-568,,state-assembly-sc-728-og,inec-ward-6513
POLLING_UNIT,inec-pu-91221,ng-state-ogun,OLOPARUN VILLAGE I,INEC_CVR_PU,91221,,inec-lga-568,,state-assembly-sc-728-og,inec-ward-6513
POLLING_UNIT,inec-pu-91222,ng-state-ogun,OLOPARUN VILLAGE II,INEC_CVR_PU,91222,,inec-lga-568,,state-assembly-sc-728-og,inec-ward-6513
POLLING_UNIT,inec-pu-91223,ng-state-ogun,SOGUNJE,INEC_CVR_PU,91223,,inec-lga-568,,state-assembly-sc-728-og,inec-ward-6513
POLLING_UNIT,inec-pu-91224,ng-state-ogun,ALAPAKO OKE,INEC_CVR_PU,91224,,inec-lga-568,,state-assembly-sc-728-og,inec-ward-6513
POLLING_UNIT,inec-pu-91225,ng-state-ogun,OLAOGUN I,INEC_CVR_PU,91225,,inec-lga-568,,state-assembly-sc-728-og,inec-ward-6513
POLLING_UNIT,inec-pu-91226,ng-state-ogun,OLAOGUN II,INEC_CVR_PU,91226,,inec-lga-568,,state-assembly-sc-728-og,inec-ward-6513
POLLING_UNIT,inec-pu-91227,ng-state-ogun,OLAOGUN III,INEC_CVR_PU,91227,,inec-lga-568,,state-assembly-sc-728-og,inec-ward-6513
POLLING_UNIT,inec-pu-660958,ng-state-ogun,EMMANUEL ANGLICAN SCHOOL ODEJIMI IBOGUN,INEC_CVR_PU,660958,,inec-lga-568,,state-assembly-sc-728-og,inec-ward-6513
POLLING_UNIT,inec-pu-660959,ng-state-ogun,OPEN SPACE OPP BALOGUN PALACE IBOGUN,INEC_CVR_PU,660959,,inec-lga-568,,state-assembly-sc-728-og,inec-ward-6513
POLLING_UNIT,inec-pu-660960,ng-state-ogun,OPEN SPACE OPO JUNCTION IBOGUN,INEC_CVR_PU,660960,,inec-lga-568,,state-assembly-sc-728-og,inec-ward-6513
POLLING_UNIT,inec-pu-660961,ng-state-ogun,OPEN SPACE OMITORO IBOGUN,INEC_CVR_PU,660961,,inec-lga-568,,state-assembly-sc-728-og,inec-ward-6513
POLLING_UNIT,inec-pu-660962,ng-state-ogun,OPEN SPACE AKIODE CASSAVA PROCESSOR IBOGUN,INEC_CVR_PU,660962,,inec-lga-568,,state-assembly-sc-728-og,inec-ward-6513
WARD,inec-ward-6514,ng-state-ogun,IJEBU MUSHIN I,INEC_CVR_WARD,6514,,inec-lga-569,,state-assembly-sc-733-og,
POLLING_UNIT,inec-pu-91228,ng-state-ogun,ODOSEGBUREN,INEC_CVR_PU,91228,,inec-lga-569,,state-assembly-sc-733-og,inec-ward-6514
POLLING_UNIT,inec-pu-91229,ng-state-ogun,IDONA CENTRAL,INEC_CVR_PU,91229,,inec-lga-569,,state-assembly-sc-733-og,inec-ward-6514
POLLING_UNIT,inec-pu-91230,ng-state-ogun,ST. PETERS CLEVER PRY. SCH.,INEC_CVR_PU,91230,,inec-lga-569,,state-assembly-sc-733-og,inec-ward-6514
POLLING_UNIT,inec-pu-91231,ng-state-ogun,EWUREN SQUARE,INEC_CVR_PU,91231,,inec-lga-569,,state-assembly-sc-733-og,inec-ward-6514
POLLING_UNIT,inec-pu-91232,ng-state-ogun,LOCAL GOVT. PRY. SCHOOL,INEC_CVR_PU,91232,,inec-lga-569,,state-assembly-sc-733-og,inec-ward-6514
POLLING_UNIT,inec-pu-91233,ng-state-ogun,ST. ANDREWS SCH. IMUWEN I,INEC_CVR_PU,91233,,inec-lga-569,,state-assembly-sc-733-og,inec-ward-6514
POLLING_UNIT,inec-pu-91234,ng-state-ogun,ST. ANDREWS SCH. IMUWEN II,INEC_CVR_PU,91234,,inec-lga-569,,state-assembly-sc-733-og,inec-ward-6514
POLLING_UNIT,inec-pu-91235,ng-state-ogun,FEDERAL TECHNICAL ITA MOGIRI,INEC_CVR_PU,91235,,inec-lga-569,,state-assembly-sc-733-og,inec-ward-6514
POLLING_UNIT,inec-pu-91236,ng-state-ogun,ESURE JUNCTION,INEC_CVR_PU,91236,,inec-lga-569,,state-assembly-sc-733-og,inec-ward-6514
POLLING_UNIT,inec-pu-91237,ng-state-ogun,EHINADE COMM. PRY SCH. IDOMODU,INEC_CVR_PU,91237,,inec-lga-569,,state-assembly-sc-733-og,inec-ward-6514
POLLING_UNIT,inec-pu-661112,ng-state-ogun,OPEN SPACE AT S.T. ROAD SQUARE,INEC_CVR_PU,661112,,inec-lga-569,,state-assembly-sc-733-og,inec-ward-6514
POLLING_UNIT,inec-pu-661113,ng-state-ogun,"MOSLEM PRY. SCH, ESURE",INEC_CVR_PU,661113,,inec-lga-569,,state-assembly-sc-733-og,inec-ward-6514
WARD,inec-ward-6515,ng-state-ogun,IJEBU MUSHIN II,INEC_CVR_WARD,6515,,inec-lga-569,,state-assembly-sc-733-og,
POLLING_UNIT,inec-pu-91238,ng-state-ogun,MUSHIN MARKET SQUARE,INEC_CVR_PU,91238,,inec-lga-569,,state-assembly-sc-733-og,inec-ward-6515
POLLING_UNIT,inec-pu-91239,ng-state-ogun,ST. MARY'S PRY OKEPO I,INEC_CVR_PU,91239,,inec-lga-569,,state-assembly-sc-733-og,inec-ward-6515
POLLING_UNIT,inec-pu-91240,ng-state-ogun,ST. MARY'S PRY OKEPO II,INEC_CVR_PU,91240,,inec-lga-569,,state-assembly-sc-733-og,inec-ward-6515
POLLING_UNIT,inec-pu-91241,ng-state-ogun,"L.G. SCHOOL, KOKUNESERE",INEC_CVR_PU,91241,,inec-lga-569,,state-assembly-sc-733-og,inec-ward-6515
POLLING_UNIT,inec-pu-91242,ng-state-ogun,NEAR HEALTH CENTRE ILODO,INEC_CVR_PU,91242,,inec-lga-569,,state-assembly-sc-733-og,inec-ward-6515
POLLING_UNIT,inec-pu-91243,ng-state-ogun,AJEBO UNITED PRY. SCH. IKALA,INEC_CVR_PU,91243,,inec-lga-569,,state-assembly-sc-733-og,inec-ward-6515
POLLING_UNIT,inec-pu-91244,ng-state-ogun,OPEN SPACE INFORNT OF JEJENIWA'S HOUSE,INEC_CVR_PU,91244,,inec-lga-569,,state-assembly-sc-733-og,inec-ward-6515
POLLING_UNIT,inec-pu-91245,ng-state-ogun,TOJORO JUNCTION,INEC_CVR_PU,91245,,inec-lga-569,,state-assembly-sc-733-og,inec-ward-6515
POLLING_UNIT,inec-pu-91246,ng-state-ogun,ST. MARY'S SCH. EXTENSION,INEC_CVR_PU,91246,,inec-lga-569,,state-assembly-sc-733-og,inec-ward-6515
POLLING_UNIT,inec-pu-91247,ng-state-ogun,IDOKUNUSI CENTRE,INEC_CVR_PU,91247,,inec-lga-569,,state-assembly-sc-733-og,inec-ward-6515
POLLING_UNIT,inec-pu-91248,ng-state-ogun,OPEN SPACE NEAR ADESANYA'S HOUSE ILAGUNJO,INEC_CVR_PU,91248,,inec-lga-569,,state-assembly-sc-733-og,inec-ward-6515
POLLING_UNIT,inec-pu-661114,ng-state-ogun,IMUSHIN HEALTH CENTER,INEC_CVR_PU,661114,,inec-lga-569,,state-assembly-sc-733-og,inec-ward-6515
POLLING_UNIT,inec-pu-661115,ng-state-ogun,IDOKUNUSI TOWN HALL,INEC_CVR_PU,661115,,inec-lga-569,,state-assembly-sc-733-og,inec-ward-6515
WARD,inec-ward-6516,ng-state-ogun,IJEBU IFE I,INEC_CVR_WARD,6516,,inec-lga-569,,state-assembly-sc-733-og,
POLLING_UNIT,inec-pu-91249,ng-state-ogun,ITAKO SQUARE,INEC_CVR_PU,91249,,inec-lga-569,,state-assembly-sc-733-og,inec-ward-6516
POLLING_UNIT,inec-pu-91250,ng-state-ogun,"ST. LOUIS CATH. PRY., SCH. IFE.",INEC_CVR_PU,91250,,inec-lga-569,,state-assembly-sc-733-og,inec-ward-6516
POLLING_UNIT,inec-pu-91251,ng-state-ogun,ITUNMODU SQUARE,INEC_CVR_PU,91251,,inec-lga-569,,state-assembly-sc-733-og,inec-ward-6516
POLLING_UNIT,inec-pu-91252,ng-state-ogun,ANG. PRY SCH. IJEBU-IFE,INEC_CVR_PU,91252,,inec-lga-569,,state-assembly-sc-733-og,inec-ward-6516
POLLING_UNIT,inec-pu-91253,ng-state-ogun,BAPTIST SCHOOL II IJEBU IFE,INEC_CVR_PU,91253,,inec-lga-569,,state-assembly-sc-733-og,inec-ward-6516
POLLING_UNIT,inec-pu-91254,ng-state-ogun,MOBORODE,INEC_CVR_PU,91254,,inec-lga-569,,state-assembly-sc-733-og,inec-ward-6516
POLLING_UNIT,inec-pu-91255,ng-state-ogun,ODOLADALEPO SQUARE,INEC_CVR_PU,91255,,inec-lga-569,,state-assembly-sc-733-og,inec-ward-6516
POLLING_UNIT,inec-pu-91256,ng-state-ogun,IROWO SQUARE,INEC_CVR_PU,91256,,inec-lga-569,,state-assembly-sc-733-og,inec-ward-6516
POLLING_UNIT,inec-pu-91257,ng-state-ogun,ITORO/ODELA SQUARE,INEC_CVR_PU,91257,,inec-lga-569,,state-assembly-sc-733-og,inec-ward-6516
POLLING_UNIT,inec-pu-91258,ng-state-ogun,IGBODU,INEC_CVR_PU,91258,,inec-lga-569,,state-assembly-sc-733-og,inec-ward-6516
POLLING_UNIT,inec-pu-91259,ng-state-ogun,BESIDE OBADA MARKET,INEC_CVR_PU,91259,,inec-lga-569,,state-assembly-sc-733-og,inec-ward-6516
POLLING_UNIT,inec-pu-661109,ng-state-ogun,ITAKO OLUWERI SQUARE,INEC_CVR_PU,661109,,inec-lga-569,,state-assembly-sc-733-og,inec-ward-6516
POLLING_UNIT,inec-pu-661110,ng-state-ogun,BAPTIST SCHOOL II EXTENSION,INEC_CVR_PU,661110,,inec-lga-569,,state-assembly-sc-733-og,inec-ward-6516
POLLING_UNIT,inec-pu-661111,ng-state-ogun,MOBORODE SQUARE,INEC_CVR_PU,661111,,inec-lga-569,,state-assembly-sc-733-og,inec-ward-6516
WARD,inec-ward-6517,ng-state-ogun,IJEBU IFE II,INEC_CVR_WARD,6517,,inec-lga-569,,state-assembly-sc-733-og,
POLLING_UNIT,inec-pu-91260,ng-state-ogun,"TOWN HALL IJEBU, IFE I",INEC_CVR_PU,91260,,inec-lga-569,,state-assembly-sc-733-og,inec-ward-6517
POLLING_UNIT,inec-pu-91261,ng-state-ogun,"TOWN HALL IJEBU, IFE II",INEC_CVR_PU,91261,,inec-lga-569,,state-assembly-sc-733-og,inec-ward-6517
POLLING_UNIT,inec-pu-91262,ng-state-ogun,"COURT HALL, IJEBU IFE",INEC_CVR_PU,91262,,inec-lga-569,,state-assembly-sc-733-og,inec-ward-6517
POLLING_UNIT,inec-pu-91263,ng-state-ogun,ODUDUWA SQUARE,INEC_CVR_PU,91263,,inec-lga-569,,state-assembly-sc-733-og,inec-ward-6517
POLLING_UNIT,inec-pu-91264,ng-state-ogun,TIMOROWO SQUARE,INEC_CVR_PU,91264,,inec-lga-569,,state-assembly-sc-733-og,inec-ward-6517
POLLING_UNIT,inec-pu-91265,ng-state-ogun,MOSLEM SCHOOL II,INEC_CVR_PU,91265,,inec-lga-569,,state-assembly-sc-733-og,inec-ward-6517
POLLING_UNIT,inec-pu-91266,ng-state-ogun,TIROSOGUN SQUARE,INEC_CVR_PU,91266,,inec-lga-569,,state-assembly-sc-733-og,inec-ward-6517
POLLING_UNIT,inec-pu-91267,ng-state-ogun,ABIDAGBA VILLAGE,INEC_CVR_PU,91267,,inec-lga-569,,state-assembly-sc-733-og,inec-ward-6517
POLLING_UNIT,inec-pu-91268,ng-state-ogun,EHINADE ILASE,INEC_CVR_PU,91268,,inec-lga-569,,state-assembly-sc-733-og,inec-ward-6517
POLLING_UNIT,inec-pu-91269,ng-state-ogun,SQUARE NEAR MOSQUE (OPEN SQUARE),INEC_CVR_PU,91269,,inec-lga-569,,state-assembly-sc-733-og,inec-ward-6517
POLLING_UNIT,inec-pu-91270,ng-state-ogun,IWAYA ROAD,INEC_CVR_PU,91270,,inec-lga-569,,state-assembly-sc-733-og,inec-ward-6517
POLLING_UNIT,inec-pu-91271,ng-state-ogun,"BAPTIST SCH. I, OKE IFE",INEC_CVR_PU,91271,,inec-lga-569,,state-assembly-sc-733-og,inec-ward-6517
WARD,inec-ward-6518,ng-state-ogun,OWU,INEC_CVR_WARD,6518,,inec-lga-569,,state-assembly-sc-733-og,
POLLING_UNIT,inec-pu-91272,ng-state-ogun,ANGLICAN PRY. SCHOOL OWU I,INEC_CVR_PU,91272,,inec-lga-569,,state-assembly-sc-733-og,inec-ward-6518
POLLING_UNIT,inec-pu-91273,ng-state-ogun,ANGLICAN PRY. SCHOOL OWU II,INEC_CVR_PU,91273,,inec-lga-569,,state-assembly-sc-733-og,inec-ward-6518
POLLING_UNIT,inec-pu-91274,ng-state-ogun,COMMUNITY PRY. SCH. ONIPETESI,INEC_CVR_PU,91274,,inec-lga-569,,state-assembly-sc-733-og,inec-ward-6518
POLLING_UNIT,inec-pu-91275,ng-state-ogun,L.G. SCH. EGBEDA,INEC_CVR_PU,91275,,inec-lga-569,,state-assembly-sc-733-og,inec-ward-6518
POLLING_UNIT,inec-pu-91276,ng-state-ogun,ABA OKONZIN JUCTION,INEC_CVR_PU,91276,,inec-lga-569,,state-assembly-sc-733-og,inec-ward-6518
POLLING_UNIT,inec-pu-91277,ng-state-ogun,ANG. PRY. SCH. II AGO OWU,INEC_CVR_PU,91277,,inec-lga-569,,state-assembly-sc-733-og,inec-ward-6518
POLLING_UNIT,inec-pu-91278,ng-state-ogun,AJEPODO,INEC_CVR_PU,91278,,inec-lga-569,,state-assembly-sc-733-og,inec-ward-6518
POLLING_UNIT,inec-pu-91279,ng-state-ogun,TOGUNMAGA,INEC_CVR_PU,91279,,inec-lga-569,,state-assembly-sc-733-og,inec-ward-6518
POLLING_UNIT,inec-pu-91280,ng-state-ogun,GBAMUGBAMU,INEC_CVR_PU,91280,,inec-lga-569,,state-assembly-sc-733-og,inec-ward-6518
POLLING_UNIT,inec-pu-91281,ng-state-ogun,ABU SORO,INEC_CVR_PU,91281,,inec-lga-569,,state-assembly-sc-733-og,inec-ward-6518
POLLING_UNIT,inec-pu-91282,ng-state-ogun,"TOWN HALL, ILORO",INEC_CVR_PU,91282,,inec-lga-569,,state-assembly-sc-733-og,inec-ward-6518
POLLING_UNIT,inec-pu-661132,ng-state-ogun,AGBORO SQUARE,INEC_CVR_PU,661132,,inec-lga-569,,state-assembly-sc-733-og,inec-ward-6518
POLLING_UNIT,inec-pu-661133,ng-state-ogun,ABA-EYO MARKET SQUARE,INEC_CVR_PU,661133,,inec-lga-569,,state-assembly-sc-733-og,inec-ward-6518
POLLING_UNIT,inec-pu-661134,ng-state-ogun,ISIBA SQUARE,INEC_CVR_PU,661134,,inec-lga-569,,state-assembly-sc-733-og,inec-ward-6518
POLLING_UNIT,inec-pu-661135,ng-state-ogun,ERINWONRAN MARKET SQUARE,INEC_CVR_PU,661135,,inec-lga-569,,state-assembly-sc-733-og,inec-ward-6518
POLLING_UNIT,inec-pu-661136,ng-state-ogun,OLOMIKOKO SQUARE,INEC_CVR_PU,661136,,inec-lga-569,,state-assembly-sc-733-og,inec-ward-6518
WARD,inec-ward-6519,ng-state-ogun,IKIJA,INEC_CVR_WARD,6519,,inec-lga-569,,state-assembly-sc-726-og,
POLLING_UNIT,inec-pu-91283,ng-state-ogun,ANGLICAN PRY. SCH. IKIJA,INEC_CVR_PU,91283,,inec-lga-569,,state-assembly-sc-726-og,inec-ward-6519
POLLING_UNIT,inec-pu-91284,ng-state-ogun,ISOMU SQUARE,INEC_CVR_PU,91284,,inec-lga-569,,state-assembly-sc-726-og,inec-ward-6519
POLLING_UNIT,inec-pu-91285,ng-state-ogun,L.G. SCHOOL ISIRE,INEC_CVR_PU,91285,,inec-lga-569,,state-assembly-sc-726-og,inec-ward-6519
POLLING_UNIT,inec-pu-91286,ng-state-ogun,"COURT HALL, IKIJA",INEC_CVR_PU,91286,,inec-lga-569,,state-assembly-sc-726-og,inec-ward-6519
POLLING_UNIT,inec-pu-91287,ng-state-ogun,ANGLICAN PRY. SCH. IGAN IPABI,INEC_CVR_PU,91287,,inec-lga-569,,state-assembly-sc-726-og,inec-ward-6519
POLLING_UNIT,inec-pu-91288,ng-state-ogun,ODOMEFI SQUARE,INEC_CVR_PU,91288,,inec-lga-569,,state-assembly-sc-726-og,inec-ward-6519
POLLING_UNIT,inec-pu-661116,ng-state-ogun,OLOKO VILLAGE SQUARE,INEC_CVR_PU,661116,,inec-lga-569,,state-assembly-sc-726-og,inec-ward-6519
POLLING_UNIT,inec-pu-661117,ng-state-ogun,IMARERE SQUARE,INEC_CVR_PU,661117,,inec-lga-569,,state-assembly-sc-726-og,inec-ward-6519
WARD,inec-ward-6520,ng-state-ogun,ITELE,INEC_CVR_WARD,6520,,inec-lga-569,,state-assembly-sc-733-og,
POLLING_UNIT,inec-pu-91289,ng-state-ogun,ST. JOHN'S SCH. ITELE I,INEC_CVR_PU,91289,,inec-lga-569,,state-assembly-sc-733-og,inec-ward-6520
POLLING_UNIT,inec-pu-91290,ng-state-ogun,ST. JOHN'S SCH. ITELE II,INEC_CVR_PU,91290,,inec-lga-569,,state-assembly-sc-733-og,inec-ward-6520
POLLING_UNIT,inec-pu-91291,ng-state-ogun,CATH. PRY. SCH. ITELE,INEC_CVR_PU,91291,,inec-lga-569,,state-assembly-sc-733-og,inec-ward-6520
POLLING_UNIT,inec-pu-91292,ng-state-ogun,ITELE MOTOR PARK,INEC_CVR_PU,91292,,inec-lga-569,,state-assembly-sc-733-og,inec-ward-6520
POLLING_UNIT,inec-pu-91293,ng-state-ogun,ST. JAMES SCH. ATOYO,INEC_CVR_PU,91293,,inec-lga-569,,state-assembly-sc-733-og,inec-ward-6520
POLLING_UNIT,inec-pu-91294,ng-state-ogun,ST. PETERS SCH. OKO-EKO,INEC_CVR_PU,91294,,inec-lga-569,,state-assembly-sc-733-og,inec-ward-6520
POLLING_UNIT,inec-pu-91295,ng-state-ogun,ST. JOHN'S SCH. LUMAFON,INEC_CVR_PU,91295,,inec-lga-569,,state-assembly-sc-733-og,inec-ward-6520
POLLING_UNIT,inec-pu-91296,ng-state-ogun,COMM. PRY. SCH. IMEGUN,INEC_CVR_PU,91296,,inec-lga-569,,state-assembly-sc-733-og,inec-ward-6520
POLLING_UNIT,inec-pu-91297,ng-state-ogun,OPP. HEALTH POST TIGBORI,INEC_CVR_PU,91297,,inec-lga-569,,state-assembly-sc-733-og,inec-ward-6520
POLLING_UNIT,inec-pu-91298,ng-state-ogun,COMM. SQUARE AWOTUNDE,INEC_CVR_PU,91298,,inec-lga-569,,state-assembly-sc-733-og,inec-ward-6520
POLLING_UNIT,inec-pu-91299,ng-state-ogun,AGERIGE,INEC_CVR_PU,91299,,inec-lga-569,,state-assembly-sc-733-og,inec-ward-6520
POLLING_UNIT,inec-pu-661118,ng-state-ogun,ODOMORE ROUND ABOUT,INEC_CVR_PU,661118,,inec-lga-569,,state-assembly-sc-733-og,inec-ward-6520
POLLING_UNIT,inec-pu-661119,ng-state-ogun,DAGUNJA OPEN SPACE BESIDE LOUISVILLE GIRLS HIGH SCH.,INEC_CVR_PU,661119,,inec-lga-569,,state-assembly-sc-733-og,inec-ward-6520
POLLING_UNIT,inec-pu-661120,ng-state-ogun,ITELE TOWN HALL,INEC_CVR_PU,661120,,inec-lga-569,,state-assembly-sc-733-og,inec-ward-6520
POLLING_UNIT,inec-pu-661121,ng-state-ogun,ITELE HEALTH CENTER,INEC_CVR_PU,661121,,inec-lga-569,,state-assembly-sc-733-og,inec-ward-6520
POLLING_UNIT,inec-pu-661122,ng-state-ogun,ATOYO MATERNITY CENTER,INEC_CVR_PU,661122,,inec-lga-569,,state-assembly-sc-733-og,inec-ward-6520
POLLING_UNIT,inec-pu-661123,ng-state-ogun,"MOTOR PARK, OGBERE JUNCTION EXPRESS ROAD.",INEC_CVR_PU,661123,,inec-lga-569,,state-assembly-sc-733-og,inec-ward-6520
WARD,inec-ward-6521,ng-state-ogun,OGBERE,INEC_CVR_WARD,6521,,inec-lga-569,,state-assembly-sc-733-og,
POLLING_UNIT,inec-pu-91300,ng-state-ogun,PALACE FRONTAGE (OPEN SPACE),INEC_CVR_PU,91300,,inec-lga-569,,state-assembly-sc-733-og,inec-ward-6521
POLLING_UNIT,inec-pu-91301,ng-state-ogun,NEAR MOTOR PARK OGBERE (OPEN SPACE BESIDE MOTOR PARK),INEC_CVR_PU,91301,,inec-lga-569,,state-assembly-sc-733-og,inec-ward-6521
POLLING_UNIT,inec-pu-91302,ng-state-ogun,ST. MARY SCHOOL OGBERE I,INEC_CVR_PU,91302,,inec-lga-569,,state-assembly-sc-733-og,inec-ward-6521
POLLING_UNIT,inec-pu-91303,ng-state-ogun,ST. MARY SCHOOL OGBERE II,INEC_CVR_PU,91303,,inec-lga-569,,state-assembly-sc-733-og,inec-ward-6521
POLLING_UNIT,inec-pu-91304,ng-state-ogun,COMM. PRY. SCHOOL KAJOLA,INEC_CVR_PU,91304,,inec-lga-569,,state-assembly-sc-733-og,inec-ward-6521
POLLING_UNIT,inec-pu-91305,ng-state-ogun,ST. PAULS SCH. URO,INEC_CVR_PU,91305,,inec-lga-569,,state-assembly-sc-733-og,inec-ward-6521
POLLING_UNIT,inec-pu-91306,ng-state-ogun,ST. PAULS SCH. OGURU,INEC_CVR_PU,91306,,inec-lga-569,,state-assembly-sc-733-og,inec-ward-6521
POLLING_UNIT,inec-pu-91307,ng-state-ogun,MOBORODE VILLAGE,INEC_CVR_PU,91307,,inec-lga-569,,state-assembly-sc-733-og,inec-ward-6521
POLLING_UNIT,inec-pu-91308,ng-state-ogun,J. 3,INEC_CVR_PU,91308,,inec-lga-569,,state-assembly-sc-733-og,inec-ward-6521
POLLING_UNIT,inec-pu-91309,ng-state-ogun,ST. JOHN'S SCH. KOREDE,INEC_CVR_PU,91309,,inec-lga-569,,state-assembly-sc-733-og,inec-ward-6521
POLLING_UNIT,inec-pu-91310,ng-state-ogun,LOCAL GOVERNMENT SCH. IMAYAN,INEC_CVR_PU,91310,,inec-lga-569,,state-assembly-sc-733-og,inec-ward-6521
POLLING_UNIT,inec-pu-91311,ng-state-ogun,ORITA IMOBI,INEC_CVR_PU,91311,,inec-lga-569,,state-assembly-sc-733-og,inec-ward-6521
POLLING_UNIT,inec-pu-91312,ng-state-ogun,TRIANGA,INEC_CVR_PU,91312,,inec-lga-569,,state-assembly-sc-733-og,inec-ward-6521
POLLING_UNIT,inec-pu-661124,ng-state-ogun,OPEN SPACE BESIDE ANGLICAN CHURCH,INEC_CVR_PU,661124,,inec-lga-569,,state-assembly-sc-733-og,inec-ward-6521
POLLING_UNIT,inec-pu-661125,ng-state-ogun,MATERNITY CENTER OGBERE,INEC_CVR_PU,661125,,inec-lga-569,,state-assembly-sc-733-og,inec-ward-6521
POLLING_UNIT,inec-pu-661126,ng-state-ogun,OGBERE SHOPPING COMPLEX,INEC_CVR_PU,661126,,inec-lga-569,,state-assembly-sc-733-og,inec-ward-6521
POLLING_UNIT,inec-pu-661127,ng-state-ogun,"ST. BRENDANS GRAMMAR SCH., OGBERE",INEC_CVR_PU,661127,,inec-lga-569,,state-assembly-sc-733-og,inec-ward-6521
POLLING_UNIT,inec-pu-661128,ng-state-ogun,"COMMUNITY PRY. SCH., OKEMISHA",INEC_CVR_PU,661128,,inec-lga-569,,state-assembly-sc-733-og,inec-ward-6521
POLLING_UNIT,inec-pu-661129,ng-state-ogun,OPEN SPACE AT EREGUN VILLAGE,INEC_CVR_PU,661129,,inec-lga-569,,state-assembly-sc-733-og,inec-ward-6521
POLLING_UNIT,inec-pu-661130,ng-state-ogun,COMMUNITY PRY SCH. OGUNGBO,INEC_CVR_PU,661130,,inec-lga-569,,state-assembly-sc-733-og,inec-ward-6521
POLLING_UNIT,inec-pu-661131,ng-state-ogun,"COMMUNITY PRY. SCH., AJEDE",INEC_CVR_PU,661131,,inec-lga-569,,state-assembly-sc-733-og,inec-ward-6521
WARD,inec-ward-6522,ng-state-ogun,IMOBI I,INEC_CVR_WARD,6522,,inec-lga-569,,state-assembly-sc-733-og,
POLLING_UNIT,inec-pu-91313,ng-state-ogun,ST. MARY'S SCHOOL FOWOSEJE I,INEC_CVR_PU,91313,,inec-lga-569,,state-assembly-sc-733-og,inec-ward-6522
POLLING_UNIT,inec-pu-91314,ng-state-ogun,ST. MARY'S SCHOOL FOWOSEJE II,INEC_CVR_PU,91314,,inec-lga-569,,state-assembly-sc-733-og,inec-ward-6522
POLLING_UNIT,inec-pu-91315,ng-state-ogun,CATH. PRY. SCH. FOTEDO,INEC_CVR_PU,91315,,inec-lga-569,,state-assembly-sc-733-og,inec-ward-6522
POLLING_UNIT,inec-pu-91316,ng-state-ogun,DENUREN,INEC_CVR_PU,91316,,inec-lga-569,,state-assembly-sc-733-og,inec-ward-6522
POLLING_UNIT,inec-pu-91317,ng-state-ogun,MOSLEM PRY. SCH. ITA PAMPA,INEC_CVR_PU,91317,,inec-lga-569,,state-assembly-sc-733-og,inec-ward-6522
POLLING_UNIT,inec-pu-91318,ng-state-ogun,MOSLEM PRY. SCH. TERELU,INEC_CVR_PU,91318,,inec-lga-569,,state-assembly-sc-733-og,inec-ward-6522
POLLING_UNIT,inec-pu-91319,ng-state-ogun,TOLIWO OKE-IMOBI,INEC_CVR_PU,91319,,inec-lga-569,,state-assembly-sc-733-og,inec-ward-6522
POLLING_UNIT,inec-pu-91320,ng-state-ogun,MAFOWOKU,INEC_CVR_PU,91320,,inec-lga-569,,state-assembly-sc-733-og,inec-ward-6522
WARD,inec-ward-6523,ng-state-ogun,IMOBI II,INEC_CVR_WARD,6523,,inec-lga-569,,state-assembly-sc-733-og,
POLLING_UNIT,inec-pu-91321,ng-state-ogun,CATH. SCHOOL ITASIN,INEC_CVR_PU,91321,,inec-lga-569,,state-assembly-sc-733-og,inec-ward-6523
POLLING_UNIT,inec-pu-91322,ng-state-ogun,CATH. SCHOOL EBUTE - IMOBI,INEC_CVR_PU,91322,,inec-lga-569,,state-assembly-sc-733-og,inec-ward-6523
POLLING_UNIT,inec-pu-91323,ng-state-ogun,ANG. PRY. SCH. OKI-ARAROMI,INEC_CVR_PU,91323,,inec-lga-569,,state-assembly-sc-733-og,inec-ward-6523
POLLING_UNIT,inec-pu-91324,ng-state-ogun,CATH. SCH. OKI- IGBODE I,INEC_CVR_PU,91324,,inec-lga-569,,state-assembly-sc-733-og,inec-ward-6523
POLLING_UNIT,inec-pu-91325,ng-state-ogun,CATH. SCH. OKI- IGBODE II,INEC_CVR_PU,91325,,inec-lga-569,,state-assembly-sc-733-og,inec-ward-6523
POLLING_UNIT,inec-pu-91326,ng-state-ogun,ST. COLUMBUS OKE - MAKUN,INEC_CVR_PU,91326,,inec-lga-569,,state-assembly-sc-733-og,inec-ward-6523
POLLING_UNIT,inec-pu-91327,ng-state-ogun,TEGUN SILU SQUARE,INEC_CVR_PU,91327,,inec-lga-569,,state-assembly-sc-733-og,inec-ward-6523
POLLING_UNIT,inec-pu-91328,ng-state-ogun,TOTUNBA,INEC_CVR_PU,91328,,inec-lga-569,,state-assembly-sc-733-og,inec-ward-6523
WARD,inec-ward-6524,ng-state-ogun,AJEBANDELE,INEC_CVR_WARD,6524,,inec-lga-569,,state-assembly-sc-733-og,
POLLING_UNIT,inec-pu-91329,ng-state-ogun,COMMUNITY PRY. SCHOOL ORITA J 4,INEC_CVR_PU,91329,,inec-lga-569,,state-assembly-sc-733-og,inec-ward-6524
POLLING_UNIT,inec-pu-91330,ng-state-ogun,AJEGBENDE,INEC_CVR_PU,91330,,inec-lga-569,,state-assembly-sc-733-og,inec-ward-6524
POLLING_UNIT,inec-pu-91331,ng-state-ogun,ORISUMBARE,INEC_CVR_PU,91331,,inec-lga-569,,state-assembly-sc-733-og,inec-ward-6524
POLLING_UNIT,inec-pu-91332,ng-state-ogun,ST. SAVIOUR'S SCH. AJEBANDELE I,INEC_CVR_PU,91332,,inec-lga-569,,state-assembly-sc-733-og,inec-ward-6524
POLLING_UNIT,inec-pu-91333,ng-state-ogun,ST. SAVIOUR'S SCH. AJEBANDELE II,INEC_CVR_PU,91333,,inec-lga-569,,state-assembly-sc-733-og,inec-ward-6524
POLLING_UNIT,inec-pu-91334,ng-state-ogun,COMM. PRY. SCH. OLOJI,INEC_CVR_PU,91334,,inec-lga-569,,state-assembly-sc-733-og,inec-ward-6524
POLLING_UNIT,inec-pu-91335,ng-state-ogun,COMM. PRY. SCH. ABERU,INEC_CVR_PU,91335,,inec-lga-569,,state-assembly-sc-733-og,inec-ward-6524
POLLING_UNIT,inec-pu-91336,ng-state-ogun,ST. PETERS SCH. FOWOWA J4,INEC_CVR_PU,91336,,inec-lga-569,,state-assembly-sc-733-og,inec-ward-6524
POLLING_UNIT,inec-pu-91337,ng-state-ogun,OPEN SPACE AT ALAFIA CAMP,INEC_CVR_PU,91337,,inec-lga-569,,state-assembly-sc-733-og,inec-ward-6524
POLLING_UNIT,inec-pu-91338,ng-state-ogun,AJELANWA,INEC_CVR_PU,91338,,inec-lga-569,,state-assembly-sc-733-og,inec-ward-6524
POLLING_UNIT,inec-pu-661094,ng-state-ogun,MOYAFOKO TOWN HALL,INEC_CVR_PU,661094,,inec-lga-569,,state-assembly-sc-733-og,inec-ward-6524
POLLING_UNIT,inec-pu-661095,ng-state-ogun,AGO/SULE TOWN HALL,INEC_CVR_PU,661095,,inec-lga-569,,state-assembly-sc-733-og,inec-ward-6524
POLLING_UNIT,inec-pu-661096,ng-state-ogun,BASHIRU TOWN HALL,INEC_CVR_PU,661096,,inec-lga-569,,state-assembly-sc-733-og,inec-ward-6524
POLLING_UNIT,inec-pu-661097,ng-state-ogun,OLOKE ALI TOWN HALL,INEC_CVR_PU,661097,,inec-lga-569,,state-assembly-sc-733-og,inec-ward-6524
POLLING_UNIT,inec-pu-661098,ng-state-ogun,OWODE COMMUNITY PRY. SCH,INEC_CVR_PU,661098,,inec-lga-569,,state-assembly-sc-733-og,inec-ward-6524
POLLING_UNIT,inec-pu-661099,ng-state-ogun,TEMIDIRE TOWN HALL,INEC_CVR_PU,661099,,inec-lga-569,,state-assembly-sc-733-og,inec-ward-6524
POLLING_UNIT,inec-pu-661100,ng-state-ogun,AJEBO TOWN HALL,INEC_CVR_PU,661100,,inec-lga-569,,state-assembly-sc-733-og,inec-ward-6524
POLLING_UNIT,inec-pu-661101,ng-state-ogun,LUKOSI COMMUNITY PRIMARY SCHOOL,INEC_CVR_PU,661101,,inec-lga-569,,state-assembly-sc-733-og,inec-ward-6524
POLLING_UNIT,inec-pu-661102,ng-state-ogun,LAAGAN TOWN HALL,INEC_CVR_PU,661102,,inec-lga-569,,state-assembly-sc-733-og,inec-ward-6524
POLLING_UNIT,inec-pu-661103,ng-state-ogun,"COMMUNITY PRIMARY SCHOOL, IDI EGUN SITE",INEC_CVR_PU,661103,,inec-lga-569,,state-assembly-sc-733-og,inec-ward-6524
POLLING_UNIT,inec-pu-661104,ng-state-ogun,"COMMUNITY PRIMARY SCHOOL, ADEMOLA IDI EGUN",INEC_CVR_PU,661104,,inec-lga-569,,state-assembly-sc-733-og,inec-ward-6524
POLLING_UNIT,inec-pu-661105,ng-state-ogun,AJELANWA MARKET SQUARE,INEC_CVR_PU,661105,,inec-lga-569,,state-assembly-sc-733-og,inec-ward-6524
POLLING_UNIT,inec-pu-661106,ng-state-ogun,ABA SADIKU TOWN HALL,INEC_CVR_PU,661106,,inec-lga-569,,state-assembly-sc-733-og,inec-ward-6524
POLLING_UNIT,inec-pu-661107,ng-state-ogun,AFUYE/OGBARA TOWN HALL,INEC_CVR_PU,661107,,inec-lga-569,,state-assembly-sc-733-og,inec-ward-6524
POLLING_UNIT,inec-pu-661108,ng-state-ogun,OLORUNPODO COMMUNITY PRY SCH.,INEC_CVR_PU,661108,,inec-lga-569,,state-assembly-sc-733-og,inec-ward-6524
WARD,inec-ward-6525,ng-state-ogun,ATIKORI,INEC_CVR_WARD,6525,,inec-lga-570,,state-assembly-sc-731-og,
POLLING_UNIT,inec-pu-91339,ng-state-ogun,IN FRONT OF OLOYEDE'S HOUSE,INEC_CVR_PU,91339,,inec-lga-570,,state-assembly-sc-731-og,inec-ward-6525
POLLING_UNIT,inec-pu-91340,ng-state-ogun,CHRIST DISCIPLES SCHOOL,INEC_CVR_PU,91340,,inec-lga-570,,state-assembly-sc-731-og,inec-ward-6525
POLLING_UNIT,inec-pu-91341,ng-state-ogun,NEAR BOGIJIE'S HOUSE I,INEC_CVR_PU,91341,,inec-lga-570,,state-assembly-sc-731-og,inec-ward-6525
POLLING_UNIT,inec-pu-91342,ng-state-ogun,NEAR BOGIJIE'S HOUSE II,INEC_CVR_PU,91342,,inec-lga-570,,state-assembly-sc-731-og,inec-ward-6525
POLLING_UNIT,inec-pu-91343,ng-state-ogun,"HEALTH CENTRE, OKE - IFE I",INEC_CVR_PU,91343,,inec-lga-570,,state-assembly-sc-731-og,inec-ward-6525
POLLING_UNIT,inec-pu-91344,ng-state-ogun,"HEALTH CENTRE, OKE - IFE II",INEC_CVR_PU,91344,,inec-lga-570,,state-assembly-sc-731-og,inec-ward-6525
POLLING_UNIT,inec-pu-91345,ng-state-ogun,ST. JAMES' SCHOOL I,INEC_CVR_PU,91345,,inec-lga-570,,state-assembly-sc-731-og,inec-ward-6525
POLLING_UNIT,inec-pu-91346,ng-state-ogun,IN FRONT OF DR. SOJOBI'S HOUSE I,INEC_CVR_PU,91346,,inec-lga-570,,state-assembly-sc-731-og,inec-ward-6525
POLLING_UNIT,inec-pu-91347,ng-state-ogun,IN FRONT OF DR. SOJOBI'S HOUSE II,INEC_CVR_PU,91347,,inec-lga-570,,state-assembly-sc-731-og,inec-ward-6525
POLLING_UNIT,inec-pu-91348,ng-state-ogun,IN FRONT OF JEBODA'S HOUSE I,INEC_CVR_PU,91348,,inec-lga-570,,state-assembly-sc-731-og,inec-ward-6525
POLLING_UNIT,inec-pu-91349,ng-state-ogun,IN FRONT OF JEBODA'S HOUSE II,INEC_CVR_PU,91349,,inec-lga-570,,state-assembly-sc-731-og,inec-ward-6525
POLLING_UNIT,inec-pu-91350,ng-state-ogun,IN FRONT OF IMAM'S HOUSE OKUMOJE I,INEC_CVR_PU,91350,,inec-lga-570,,state-assembly-sc-731-og,inec-ward-6525
POLLING_UNIT,inec-pu-91351,ng-state-ogun,IN FRONT OF IMAM'S HOUSE OKUMOJE II,INEC_CVR_PU,91351,,inec-lga-570,,state-assembly-sc-731-og,inec-ward-6525
POLLING_UNIT,inec-pu-91352,ng-state-ogun,IN FRONT OF ONIGBURE'S HOUSE,INEC_CVR_PU,91352,,inec-lga-570,,state-assembly-sc-731-og,inec-ward-6525
POLLING_UNIT,inec-pu-91353,ng-state-ogun,DAGBOLU MOTOR PARK,INEC_CVR_PU,91353,,inec-lga-570,,state-assembly-sc-731-og,inec-ward-6525
POLLING_UNIT,inec-pu-91354,ng-state-ogun,HEALTH CENTRE,INEC_CVR_PU,91354,,inec-lga-570,,state-assembly-sc-731-og,inec-ward-6525
POLLING_UNIT,inec-pu-91355,ng-state-ogun,ST. JAMES' SCHOOL II,INEC_CVR_PU,91355,,inec-lga-570,,state-assembly-sc-731-og,inec-ward-6525
POLLING_UNIT,inec-pu-661148,ng-state-ogun,OSUN MOTOR PARK,INEC_CVR_PU,661148,,inec-lga-570,,state-assembly-sc-731-og,inec-ward-6525
POLLING_UNIT,inec-pu-661149,ng-state-ogun,SHAMUSU-SUUDIL ISLAMIC PRY.SCH. ATIKORI,INEC_CVR_PU,661149,,inec-lga-570,,state-assembly-sc-731-og,inec-ward-6525
POLLING_UNIT,inec-pu-661150,ng-state-ogun,OPEN SPACE BESIDE VULCANISER HOUSE OLD ROTIMI JOBO JUNCTION,INEC_CVR_PU,661150,,inec-lga-570,,state-assembly-sc-731-og,inec-ward-6525
POLLING_UNIT,inec-pu-661151,ng-state-ogun,OPEN SPACE IN FRONT OF MAGISTRATE COURT,INEC_CVR_PU,661151,,inec-lga-570,,state-assembly-sc-731-og,inec-ward-6525
POLLING_UNIT,inec-pu-661152,ng-state-ogun,KEGBO COMPREHENSIVE HIGH SCHOOL,INEC_CVR_PU,661152,,inec-lga-570,,state-assembly-sc-731-og,inec-ward-6525
WARD,inec-ward-6526,ng-state-ogun,JAPARA/OJOWO,INEC_CVR_WARD,6526,,inec-lga-570,,state-assembly-sc-731-og,
POLLING_UNIT,inec-pu-91356,ng-state-ogun,IN FRONT OF NUBI CARPENTER'S HOUSE,INEC_CVR_PU,91356,,inec-lga-570,,state-assembly-sc-731-og,inec-ward-6526
POLLING_UNIT,inec-pu-91357,ng-state-ogun,AT LOCAL GOVT. MARKET,INEC_CVR_PU,91357,,inec-lga-570,,state-assembly-sc-731-og,inec-ward-6526
POLLING_UNIT,inec-pu-91358,ng-state-ogun,IN FRONT OF OLORITUN'S HOUSE,INEC_CVR_PU,91358,,inec-lga-570,,state-assembly-sc-731-og,inec-ward-6526
POLLING_UNIT,inec-pu-91359,ng-state-ogun,ST. MATHEW SCHOOL II,INEC_CVR_PU,91359,,inec-lga-570,,state-assembly-sc-731-og,inec-ward-6526
POLLING_UNIT,inec-pu-91360,ng-state-ogun,AT VICARAGE,INEC_CVR_PU,91360,,inec-lga-570,,state-assembly-sc-731-og,inec-ward-6526
POLLING_UNIT,inec-pu-91361,ng-state-ogun,ST. MATHEW SCHOOL I,INEC_CVR_PU,91361,,inec-lga-570,,state-assembly-sc-731-og,inec-ward-6526
POLLING_UNIT,inec-pu-91362,ng-state-ogun,"ST. LUKE'S SCHOOL, JAPARA",INEC_CVR_PU,91362,,inec-lga-570,,state-assembly-sc-731-og,inec-ward-6526
POLLING_UNIT,inec-pu-91363,ng-state-ogun,FRONT OF SODINA'S HOUSE,INEC_CVR_PU,91363,,inec-lga-570,,state-assembly-sc-731-og,inec-ward-6526
POLLING_UNIT,inec-pu-91364,ng-state-ogun,"FRONT OF HEALTH CENTRE, JAPARA",INEC_CVR_PU,91364,,inec-lga-570,,state-assembly-sc-731-og,inec-ward-6526
POLLING_UNIT,inec-pu-91365,ng-state-ogun,FRONT OF AYANWALE'S HOUSE OJOWO,INEC_CVR_PU,91365,,inec-lga-570,,state-assembly-sc-731-og,inec-ward-6526
POLLING_UNIT,inec-pu-91366,ng-state-ogun,FRONT OF ALHAJI LAWALS HOUSE ODORABOYEJI,INEC_CVR_PU,91366,,inec-lga-570,,state-assembly-sc-731-og,inec-ward-6526
POLLING_UNIT,inec-pu-91367,ng-state-ogun,FRONT OF ABEGUNDE'S HOUSE ALEDO 1,INEC_CVR_PU,91367,,inec-lga-570,,state-assembly-sc-731-og,inec-ward-6526
POLLING_UNIT,inec-pu-91368,ng-state-ogun,FRONT OF ABEGUNDE'S HOUSE ALEDO II,INEC_CVR_PU,91368,,inec-lga-570,,state-assembly-sc-731-og,inec-ward-6526
POLLING_UNIT,inec-pu-91369,ng-state-ogun,ROUNDABOUT ODOSENBADEJO,INEC_CVR_PU,91369,,inec-lga-570,,state-assembly-sc-731-og,inec-ward-6526
POLLING_UNIT,inec-pu-91370,ng-state-ogun,ABIDUN HALL,INEC_CVR_PU,91370,,inec-lga-570,,state-assembly-sc-731-og,inec-ward-6526
POLLING_UNIT,inec-pu-91371,ng-state-ogun,FRONT OF ADARAMAJA' HOUSE,INEC_CVR_PU,91371,,inec-lga-570,,state-assembly-sc-731-og,inec-ward-6526
POLLING_UNIT,inec-pu-91372,ng-state-ogun,FRONT OF S.S. BANJO'S HOUSE,INEC_CVR_PU,91372,,inec-lga-570,,state-assembly-sc-731-og,inec-ward-6526
POLLING_UNIT,inec-pu-661153,ng-state-ogun,OPEN SPACE AT ARO ADEBISI JUNCTION,INEC_CVR_PU,661153,,inec-lga-570,,state-assembly-sc-731-og,inec-ward-6526
POLLING_UNIT,inec-pu-661154,ng-state-ogun,"IJEBU IGBO GIRL GRAMMAR SCH, OJOWO",INEC_CVR_PU,661154,,inec-lga-570,,state-assembly-sc-731-og,inec-ward-6526
POLLING_UNIT,inec-pu-661155,ng-state-ogun,"JAPARA HIGH SCHOOL, JAPARA, IJEBU NORTH",INEC_CVR_PU,661155,,inec-lga-570,,state-assembly-sc-731-og,inec-ward-6526
WARD,inec-ward-6527,ng-state-ogun,OMEN,INEC_CVR_WARD,6527,,inec-lga-570,,state-assembly-sc-731-og,
POLLING_UNIT,inec-pu-91373,ng-state-ogun,PAPA OLOGBONI'S VILLAGE,INEC_CVR_PU,91373,,inec-lga-570,,state-assembly-sc-731-og,inec-ward-6527
POLLING_UNIT,inec-pu-91374,ng-state-ogun,IPAKODO VILLAGE,INEC_CVR_PU,91374,,inec-lga-570,,state-assembly-sc-731-og,inec-ward-6527
POLLING_UNIT,inec-pu-91375,ng-state-ogun,DAGBOLU LOCAL GOVT. SCH. I,INEC_CVR_PU,91375,,inec-lga-570,,state-assembly-sc-731-og,inec-ward-6527
POLLING_UNIT,inec-pu-91376,ng-state-ogun,DAGBOLU LOCAL GOVT. SCH. II,INEC_CVR_PU,91376,,inec-lga-570,,state-assembly-sc-731-og,inec-ward-6527
POLLING_UNIT,inec-pu-91377,ng-state-ogun,ITA EGBA ANGLICAN SCH.,INEC_CVR_PU,91377,,inec-lga-570,,state-assembly-sc-731-og,inec-ward-6527
POLLING_UNIT,inec-pu-91378,ng-state-ogun,L.G. SCH. LUMOGEDE,INEC_CVR_PU,91378,,inec-lga-570,,state-assembly-sc-731-og,inec-ward-6527
POLLING_UNIT,inec-pu-91379,ng-state-ogun,"L.G. SCH. GANRIGAN, JAPARA",INEC_CVR_PU,91379,,inec-lga-570,,state-assembly-sc-731-og,inec-ward-6527
POLLING_UNIT,inec-pu-91380,ng-state-ogun,AJEBANDELE OGUNYE VILLAGE,INEC_CVR_PU,91380,,inec-lga-570,,state-assembly-sc-731-og,inec-ward-6527
POLLING_UNIT,inec-pu-91381,ng-state-ogun,OKOLIYAN VILLAGE,INEC_CVR_PU,91381,,inec-lga-570,,state-assembly-sc-731-og,inec-ward-6527
POLLING_UNIT,inec-pu-91382,ng-state-ogun,ODULAJA BAALE PRY. SCHOOL,INEC_CVR_PU,91382,,inec-lga-570,,state-assembly-sc-731-og,inec-ward-6527
POLLING_UNIT,inec-pu-91383,ng-state-ogun,IDIOPARUN VILLAGE I,INEC_CVR_PU,91383,,inec-lga-570,,state-assembly-sc-731-og,inec-ward-6527
POLLING_UNIT,inec-pu-91384,ng-state-ogun,IDIOPARUN VILLAGE II,INEC_CVR_PU,91384,,inec-lga-570,,state-assembly-sc-731-og,inec-ward-6527
POLLING_UNIT,inec-pu-91385,ng-state-ogun,ERIDU VILLAGE,INEC_CVR_PU,91385,,inec-lga-570,,state-assembly-sc-731-og,inec-ward-6527
POLLING_UNIT,inec-pu-91386,ng-state-ogun,ORITA AGBADE I,INEC_CVR_PU,91386,,inec-lga-570,,state-assembly-sc-731-og,inec-ward-6527
POLLING_UNIT,inec-pu-91387,ng-state-ogun,ORITA AGBADE II,INEC_CVR_PU,91387,,inec-lga-570,,state-assembly-sc-731-og,inec-ward-6527
POLLING_UNIT,inec-pu-91388,ng-state-ogun,ABA TITUN VILLAGE I,INEC_CVR_PU,91388,,inec-lga-570,,state-assembly-sc-731-og,inec-ward-6527
POLLING_UNIT,inec-pu-91389,ng-state-ogun,ABA TITUN VILLAGE II,INEC_CVR_PU,91389,,inec-lga-570,,state-assembly-sc-731-og,inec-ward-6527
POLLING_UNIT,inec-pu-91390,ng-state-ogun,OSHUNBUDEPO I,INEC_CVR_PU,91390,,inec-lga-570,,state-assembly-sc-731-og,inec-ward-6527
POLLING_UNIT,inec-pu-91391,ng-state-ogun,OSHUNBUDEPO II,INEC_CVR_PU,91391,,inec-lga-570,,state-assembly-sc-731-og,inec-ward-6527
POLLING_UNIT,inec-pu-91392,ng-state-ogun,AGBALASON VILLAGE,INEC_CVR_PU,91392,,inec-lga-570,,state-assembly-sc-731-og,inec-ward-6527
POLLING_UNIT,inec-pu-91393,ng-state-ogun,ODULAJA HOUSE,INEC_CVR_PU,91393,,inec-lga-570,,state-assembly-sc-731-og,inec-ward-6527
POLLING_UNIT,inec-pu-91394,ng-state-ogun,IDIOPARUN VILLAGE,INEC_CVR_PU,91394,,inec-lga-570,,state-assembly-sc-731-og,inec-ward-6527
WARD,inec-ward-6528,ng-state-ogun,OSUN,INEC_CVR_WARD,6528,,inec-lga-570,,state-assembly-sc-731-og,
POLLING_UNIT,inec-pu-91395,ng-state-ogun,IMOPA MARKET I,INEC_CVR_PU,91395,,inec-lga-570,,state-assembly-sc-731-og,inec-ward-6528
POLLING_UNIT,inec-pu-91396,ng-state-ogun,IMOPA MARKET II,INEC_CVR_PU,91396,,inec-lga-570,,state-assembly-sc-731-og,inec-ward-6528
POLLING_UNIT,inec-pu-91397,ng-state-ogun,R.C.M. SCHOOL IDAGOLU,INEC_CVR_PU,91397,,inec-lga-570,,state-assembly-sc-731-og,inec-ward-6528
POLLING_UNIT,inec-pu-91398,ng-state-ogun,"ST. GEORGE'S SCH., APARAKI",INEC_CVR_PU,91398,,inec-lga-570,,state-assembly-sc-731-og,inec-ward-6528
POLLING_UNIT,inec-pu-91399,ng-state-ogun,L.G. SCH. EGAMORO,INEC_CVR_PU,91399,,inec-lga-570,,state-assembly-sc-731-og,inec-ward-6528
POLLING_UNIT,inec-pu-91400,ng-state-ogun,ODOOSUN VILLAGE,INEC_CVR_PU,91400,,inec-lga-570,,state-assembly-sc-731-og,inec-ward-6528
POLLING_UNIT,inec-pu-91401,ng-state-ogun,ST. STEPHEN'S SCH. ASIGIDI,INEC_CVR_PU,91401,,inec-lga-570,,state-assembly-sc-731-og,inec-ward-6528
POLLING_UNIT,inec-pu-91402,ng-state-ogun,ST. PETER'S SCH. AGUNBOYE,INEC_CVR_PU,91402,,inec-lga-570,,state-assembly-sc-731-og,inec-ward-6528
POLLING_UNIT,inec-pu-91403,ng-state-ogun,ARAROMI ADEKANBI,INEC_CVR_PU,91403,,inec-lga-570,,state-assembly-sc-731-og,inec-ward-6528
POLLING_UNIT,inec-pu-91404,ng-state-ogun,OLORUNMODI VILLAGE I,INEC_CVR_PU,91404,,inec-lga-570,,state-assembly-sc-731-og,inec-ward-6528
POLLING_UNIT,inec-pu-91405,ng-state-ogun,OLORUNMODI VILLAGE II,INEC_CVR_PU,91405,,inec-lga-570,,state-assembly-sc-731-og,inec-ward-6528
POLLING_UNIT,inec-pu-91406,ng-state-ogun,"ST. GEORGE PRY. R.C.M. SCHOOL, TOGUNBERO",INEC_CVR_PU,91406,,inec-lga-570,,state-assembly-sc-731-og,inec-ward-6528
POLLING_UNIT,inec-pu-91407,ng-state-ogun,"L.G. OUT SCHOOL, AKINLADE, OBISESAN",INEC_CVR_PU,91407,,inec-lga-570,,state-assembly-sc-731-og,inec-ward-6528
POLLING_UNIT,inec-pu-91408,ng-state-ogun,DAMDOLA VILLAGE,INEC_CVR_PU,91408,,inec-lga-570,,state-assembly-sc-731-og,inec-ward-6528
POLLING_UNIT,inec-pu-91409,ng-state-ogun,L.G. SCHOOL APOJE,INEC_CVR_PU,91409,,inec-lga-570,,state-assembly-sc-731-og,inec-ward-6528
POLLING_UNIT,inec-pu-91410,ng-state-ogun,IDEKAN CAMP,INEC_CVR_PU,91410,,inec-lga-570,,state-assembly-sc-731-og,inec-ward-6528
POLLING_UNIT,inec-pu-91411,ng-state-ogun,TISABA VILLAGE,INEC_CVR_PU,91411,,inec-lga-570,,state-assembly-sc-731-og,inec-ward-6528
POLLING_UNIT,inec-pu-91412,ng-state-ogun,TIGIWA VILLAGE,INEC_CVR_PU,91412,,inec-lga-570,,state-assembly-sc-731-og,inec-ward-6528
POLLING_UNIT,inec-pu-91413,ng-state-ogun,AGBORO VILLAGE,INEC_CVR_PU,91413,,inec-lga-570,,state-assembly-sc-731-og,inec-ward-6528
POLLING_UNIT,inec-pu-91414,ng-state-ogun,ABEKU EAST I (ABEKU AGBA),INEC_CVR_PU,91414,,inec-lga-570,,state-assembly-sc-731-og,inec-ward-6528
POLLING_UNIT,inec-pu-91415,ng-state-ogun,ABEKU EAST II ( IDI OPEPE,INEC_CVR_PU,91415,,inec-lga-570,,state-assembly-sc-731-og,inec-ward-6528
POLLING_UNIT,inec-pu-91416,ng-state-ogun,ERIGBORO VILLAGE,INEC_CVR_PU,91416,,inec-lga-570,,state-assembly-sc-731-og,inec-ward-6528
POLLING_UNIT,inec-pu-91417,ng-state-ogun,TEMIDIRE VILLAGE,INEC_CVR_PU,91417,,inec-lga-570,,state-assembly-sc-731-og,inec-ward-6528
POLLING_UNIT,inec-pu-91418,ng-state-ogun,ABEKU EAST III (TEMIDIRE ABA TUNTUN),INEC_CVR_PU,91418,,inec-lga-570,,state-assembly-sc-731-og,inec-ward-6528
POLLING_UNIT,inec-pu-91419,ng-state-ogun,ABEKU (TOGEDENGBE),INEC_CVR_PU,91419,,inec-lga-570,,state-assembly-sc-731-og,inec-ward-6528
POLLING_UNIT,inec-pu-91420,ng-state-ogun,LAOKA OSOKO VILLAGE,INEC_CVR_PU,91420,,inec-lga-570,,state-assembly-sc-731-og,inec-ward-6528
POLLING_UNIT,inec-pu-661171,ng-state-ogun,BAOKU VILLAGE SQUARE,INEC_CVR_PU,661171,,inec-lga-570,,state-assembly-sc-731-og,inec-ward-6528
POLLING_UNIT,inec-pu-661172,ng-state-ogun,OPEN SPACE AT TEMIDIRE ABA TUNTUN,INEC_CVR_PU,661172,,inec-lga-570,,state-assembly-sc-731-og,inec-ward-6528
POLLING_UNIT,inec-pu-661173,ng-state-ogun,"OSHOKO COMMUNITY PRY SCHOOL , OSHOKO",INEC_CVR_PU,661173,,inec-lga-570,,state-assembly-sc-731-og,inec-ward-6528
WARD,inec-ward-6529,ng-state-ogun,OKE AGBO,INEC_CVR_WARD,6529,,inec-lga-570,,state-assembly-sc-731-og,
POLLING_UNIT,inec-pu-91421,ng-state-ogun,OPP. OJUBANIRE'S HOUSE I,INEC_CVR_PU,91421,,inec-lga-570,,state-assembly-sc-731-og,inec-ward-6529
POLLING_UNIT,inec-pu-91422,ng-state-ogun,OPP. OJUBANIRE'S HOUSE II,INEC_CVR_PU,91422,,inec-lga-570,,state-assembly-sc-731-og,inec-ward-6529
POLLING_UNIT,inec-pu-91423,ng-state-ogun,FRONT OF ODEKU'S HOUSE OKEMORO I,INEC_CVR_PU,91423,,inec-lga-570,,state-assembly-sc-731-og,inec-ward-6529
POLLING_UNIT,inec-pu-91424,ng-state-ogun,FRONT OF ODEKU'S HOUSE OKEMORO II,INEC_CVR_PU,91424,,inec-lga-570,,state-assembly-sc-731-og,inec-ward-6529
POLLING_UNIT,inec-pu-91425,ng-state-ogun,FRONT OF EASY LIFE HOUSE I,INEC_CVR_PU,91425,,inec-lga-570,,state-assembly-sc-731-og,inec-ward-6529
POLLING_UNIT,inec-pu-91426,ng-state-ogun,HOLY ANGEL'S PRY. SCH. IDOSA,INEC_CVR_PU,91426,,inec-lga-570,,state-assembly-sc-731-og,inec-ward-6529
POLLING_UNIT,inec-pu-91427,ng-state-ogun,ST. PHILIPS SCHOOL II,INEC_CVR_PU,91427,,inec-lga-570,,state-assembly-sc-731-og,inec-ward-6529
POLLING_UNIT,inec-pu-91428,ng-state-ogun,FRONT OF ELEYUN'S HOUSE,INEC_CVR_PU,91428,,inec-lga-570,,state-assembly-sc-731-og,inec-ward-6529
POLLING_UNIT,inec-pu-91429,ng-state-ogun,ST. PHILIPS SCHOOL I,INEC_CVR_PU,91429,,inec-lga-570,,state-assembly-sc-731-og,inec-ward-6529
POLLING_UNIT,inec-pu-91430,ng-state-ogun,L.G. PRY. SCHOOL ALEDO,INEC_CVR_PU,91430,,inec-lga-570,,state-assembly-sc-731-og,inec-ward-6529
POLLING_UNIT,inec-pu-91431,ng-state-ogun,FRONT OF CHIEF BADEJO'S HOUSE (BABAMO) I,INEC_CVR_PU,91431,,inec-lga-570,,state-assembly-sc-731-og,inec-ward-6529
POLLING_UNIT,inec-pu-91432,ng-state-ogun,FRONT OF CHIEF BADEJO'S HOUSE (BABAMO) II,INEC_CVR_PU,91432,,inec-lga-570,,state-assembly-sc-731-og,inec-ward-6529
POLLING_UNIT,inec-pu-91433,ng-state-ogun,FRONT OF DACOSTAL'S HOUSE,INEC_CVR_PU,91433,,inec-lga-570,,state-assembly-sc-731-og,inec-ward-6529
POLLING_UNIT,inec-pu-91434,ng-state-ogun,FRONT OF IGAMOSA,INEC_CVR_PU,91434,,inec-lga-570,,state-assembly-sc-731-og,inec-ward-6529
POLLING_UNIT,inec-pu-91435,ng-state-ogun,FRONT OF ALEDO'S MOSQ.,INEC_CVR_PU,91435,,inec-lga-570,,state-assembly-sc-731-og,inec-ward-6529
POLLING_UNIT,inec-pu-91436,ng-state-ogun,BESIDE IDESAN MOSQ. I,INEC_CVR_PU,91436,,inec-lga-570,,state-assembly-sc-731-og,inec-ward-6529
POLLING_UNIT,inec-pu-91437,ng-state-ogun,BESIDE IDESAN MOSQ. II,INEC_CVR_PU,91437,,inec-lga-570,,state-assembly-sc-731-og,inec-ward-6529
POLLING_UNIT,inec-pu-91438,ng-state-ogun,OPP. Y.K. ALASO OKE'S HOUSE I,INEC_CVR_PU,91438,,inec-lga-570,,state-assembly-sc-731-og,inec-ward-6529
POLLING_UNIT,inec-pu-91439,ng-state-ogun,OPP. Y.K. ALASO OKE'S HOUSE II,INEC_CVR_PU,91439,,inec-lga-570,,state-assembly-sc-731-og,inec-ward-6529
POLLING_UNIT,inec-pu-91440,ng-state-ogun,OPP. APOLE'S HOUSE,INEC_CVR_PU,91440,,inec-lga-570,,state-assembly-sc-731-og,inec-ward-6529
POLLING_UNIT,inec-pu-91441,ng-state-ogun,IN FRONT OF BALA BUKOLA'S HOUSE,INEC_CVR_PU,91441,,inec-lga-570,,state-assembly-sc-731-og,inec-ward-6529
POLLING_UNIT,inec-pu-91442,ng-state-ogun,KADIRI JUNCTION,INEC_CVR_PU,91442,,inec-lga-570,,state-assembly-sc-731-og,inec-ward-6529
POLLING_UNIT,inec-pu-91443,ng-state-ogun,IN FRONT OF EASY LIFE HOUSE II,INEC_CVR_PU,91443,,inec-lga-570,,state-assembly-sc-731-og,inec-ward-6529
POLLING_UNIT,inec-pu-91444,ng-state-ogun,FRONT OF ELEYIN'S HOUSE,INEC_CVR_PU,91444,,inec-lga-570,,state-assembly-sc-731-og,inec-ward-6529
POLLING_UNIT,inec-pu-661156,ng-state-ogun,"ITAALE MOTOR PARK , OKE AGBO",INEC_CVR_PU,661156,,inec-lga-570,,state-assembly-sc-731-og,inec-ward-6529
POLLING_UNIT,inec-pu-661157,ng-state-ogun,SHAMSUDEEN GRAMMAR SCHOOL .OKE AGBO,INEC_CVR_PU,661157,,inec-lga-570,,state-assembly-sc-731-og,inec-ward-6529
WARD,inec-ward-6530,ng-state-ogun,OKE SOPIN,INEC_CVR_WARD,6530,,inec-lga-570,,state-assembly-sc-731-og,
POLLING_UNIT,inec-pu-91445,ng-state-ogun,SPACE AT ODO BALOGUN'S,INEC_CVR_PU,91445,,inec-lga-570,,state-assembly-sc-731-og,inec-ward-6530
POLLING_UNIT,inec-pu-91446,ng-state-ogun,FRONT OF ALH. ALUBANKUDI'S HOUSE I,INEC_CVR_PU,91446,,inec-lga-570,,state-assembly-sc-731-og,inec-ward-6530
POLLING_UNIT,inec-pu-91447,ng-state-ogun,FRONT OF ALH. ALUBANKUDI'S HOUSE II,INEC_CVR_PU,91447,,inec-lga-570,,state-assembly-sc-731-og,inec-ward-6530
POLLING_UNIT,inec-pu-91448,ng-state-ogun,"ST. JOHN'S CATH. SCH., OKE PADI I",INEC_CVR_PU,91448,,inec-lga-570,,state-assembly-sc-731-og,inec-ward-6530
POLLING_UNIT,inec-pu-91449,ng-state-ogun,"ST. JOHN'S CATH. SCH., OKE PADI II",INEC_CVR_PU,91449,,inec-lga-570,,state-assembly-sc-731-og,inec-ward-6530
POLLING_UNIT,inec-pu-91450,ng-state-ogun,NEAR LEGUMSEN MOSQ. ITOWO,INEC_CVR_PU,91450,,inec-lga-570,,state-assembly-sc-731-og,inec-ward-6530
POLLING_UNIT,inec-pu-91451,ng-state-ogun,ODOYANGUSISE JUNCTION,INEC_CVR_PU,91451,,inec-lga-570,,state-assembly-sc-731-og,inec-ward-6530
POLLING_UNIT,inec-pu-91452,ng-state-ogun,SPACE AT OJOLO,INEC_CVR_PU,91452,,inec-lga-570,,state-assembly-sc-731-og,inec-ward-6530
POLLING_UNIT,inec-pu-91453,ng-state-ogun,NEAR ODOBOTU'S MOSQ. I,INEC_CVR_PU,91453,,inec-lga-570,,state-assembly-sc-731-og,inec-ward-6530
POLLING_UNIT,inec-pu-91454,ng-state-ogun,FRONT OF FUNWONDARA MOSQ. I,INEC_CVR_PU,91454,,inec-lga-570,,state-assembly-sc-731-og,inec-ward-6530
POLLING_UNIT,inec-pu-91455,ng-state-ogun,OBADA MOTOR PARK,INEC_CVR_PU,91455,,inec-lga-570,,state-assembly-sc-731-og,inec-ward-6530
POLLING_UNIT,inec-pu-91456,ng-state-ogun,IDI-ABA IGBAIRE,INEC_CVR_PU,91456,,inec-lga-570,,state-assembly-sc-731-og,inec-ward-6530
POLLING_UNIT,inec-pu-91457,ng-state-ogun,MOSLEM SCHOOL IGBARE I,INEC_CVR_PU,91457,,inec-lga-570,,state-assembly-sc-731-og,inec-ward-6530
POLLING_UNIT,inec-pu-91458,ng-state-ogun,MOSLEM SCHOOL IGBARE II,INEC_CVR_PU,91458,,inec-lga-570,,state-assembly-sc-731-og,inec-ward-6530
POLLING_UNIT,inec-pu-91459,ng-state-ogun,FRONT OF ODORAYE'S HOUSE,INEC_CVR_PU,91459,,inec-lga-570,,state-assembly-sc-731-og,inec-ward-6530
POLLING_UNIT,inec-pu-91460,ng-state-ogun,BESIDE PUBLIC LIBRARY OGUNGBO STREET I,INEC_CVR_PU,91460,,inec-lga-570,,state-assembly-sc-731-og,inec-ward-6530
POLLING_UNIT,inec-pu-91461,ng-state-ogun,BESIDE PUBLIC LIBRARY OGUNGBO STREET II,INEC_CVR_PU,91461,,inec-lga-570,,state-assembly-sc-731-og,inec-ward-6530
POLLING_UNIT,inec-pu-91462,ng-state-ogun,BESIDE ITOWO MOSQUE,INEC_CVR_PU,91462,,inec-lga-570,,state-assembly-sc-731-og,inec-ward-6530
POLLING_UNIT,inec-pu-91463,ng-state-ogun,"ST. JOHN'S SCHOOL, OKE JAGA",INEC_CVR_PU,91463,,inec-lga-570,,state-assembly-sc-731-og,inec-ward-6530
POLLING_UNIT,inec-pu-91464,ng-state-ogun,BESIDE ODORAMUSEGUN MOSQUE,INEC_CVR_PU,91464,,inec-lga-570,,state-assembly-sc-731-og,inec-ward-6530
POLLING_UNIT,inec-pu-91465,ng-state-ogun,A.U.D. PRY. SCHOOL OKE-SOPIN,INEC_CVR_PU,91465,,inec-lga-570,,state-assembly-sc-731-og,inec-ward-6530
POLLING_UNIT,inec-pu-91466,ng-state-ogun,FRONT OF OLLY THE TAILOR I,INEC_CVR_PU,91466,,inec-lga-570,,state-assembly-sc-731-og,inec-ward-6530
POLLING_UNIT,inec-pu-91467,ng-state-ogun,"FRONT OF PARAMOLE'S HOUSE, OKE TAKO",INEC_CVR_PU,91467,,inec-lga-570,,state-assembly-sc-731-og,inec-ward-6530
POLLING_UNIT,inec-pu-91468,ng-state-ogun,SHOKA'S JUNCTION,INEC_CVR_PU,91468,,inec-lga-570,,state-assembly-sc-731-og,inec-ward-6530
POLLING_UNIT,inec-pu-91469,ng-state-ogun,FRONT OF ODORASOYIN,INEC_CVR_PU,91469,,inec-lga-570,,state-assembly-sc-731-og,inec-ward-6530
POLLING_UNIT,inec-pu-91470,ng-state-ogun,BESIDE TADEN GARDEN HOTEL EGBE,INEC_CVR_PU,91470,,inec-lga-570,,state-assembly-sc-731-og,inec-ward-6530
POLLING_UNIT,inec-pu-91471,ng-state-ogun,ODO-BALOGUN JUNCTION,INEC_CVR_PU,91471,,inec-lga-570,,state-assembly-sc-731-og,inec-ward-6530
POLLING_UNIT,inec-pu-91472,ng-state-ogun,FRONT OF FUNWONDARA'S HOUSE II,INEC_CVR_PU,91472,,inec-lga-570,,state-assembly-sc-731-og,inec-ward-6530
POLLING_UNIT,inec-pu-91473,ng-state-ogun,"MOSLEM SCHOOL, IGBAIRE III",INEC_CVR_PU,91473,,inec-lga-570,,state-assembly-sc-731-og,inec-ward-6530
POLLING_UNIT,inec-pu-91474,ng-state-ogun,NEAR ODOBOTU'S MOSQ. II,INEC_CVR_PU,91474,,inec-lga-570,,state-assembly-sc-731-og,inec-ward-6530
POLLING_UNIT,inec-pu-91475,ng-state-ogun,FRONT OF ALUBANKUDI'S HOUSE III,INEC_CVR_PU,91475,,inec-lga-570,,state-assembly-sc-731-og,inec-ward-6530
POLLING_UNIT,inec-pu-91476,ng-state-ogun,FRONT OLLY TAILOR II,INEC_CVR_PU,91476,,inec-lga-570,,state-assembly-sc-731-og,inec-ward-6530
POLLING_UNIT,inec-pu-661158,ng-state-ogun,ST JOSEPH RCM PRY SCH OKE SOPIN,INEC_CVR_PU,661158,,inec-lga-570,,state-assembly-sc-731-og,inec-ward-6530
POLLING_UNIT,inec-pu-661159,ng-state-ogun,OPEN SPACE AT SHONUBI JUNCTION,INEC_CVR_PU,661159,,inec-lga-570,,state-assembly-sc-731-og,inec-ward-6530
POLLING_UNIT,inec-pu-661160,ng-state-ogun,ST THOMAS AC PRY SCHOOL OBADA,INEC_CVR_PU,661160,,inec-lga-570,,state-assembly-sc-731-og,inec-ward-6530
POLLING_UNIT,inec-pu-661161,ng-state-ogun,MOLUSI COLLEGE,INEC_CVR_PU,661161,,inec-lga-570,,state-assembly-sc-731-og,inec-ward-6530
POLLING_UNIT,inec-pu-661162,ng-state-ogun,"OPEN SPACE AT HOPE IMMACULATE SCH, SHOKAS",INEC_CVR_PU,661162,,inec-lga-570,,state-assembly-sc-731-og,inec-ward-6530
POLLING_UNIT,inec-pu-661163,ng-state-ogun,"FRONT OF ABUSI EDUMARE ACADEMY SCHOOL, IJEBU IGBO",INEC_CVR_PU,661163,,inec-lga-570,,state-assembly-sc-731-og,inec-ward-6530
POLLING_UNIT,inec-pu-661164,ng-state-ogun,"INFRONT OF EGBE HEALTH CENTRE, OKE SOPIN",INEC_CVR_PU,661164,,inec-lga-570,,state-assembly-sc-731-og,inec-ward-6530
WARD,inec-ward-6531,ng-state-ogun,ORU/AWA/ILAPORU,INEC_CVR_WARD,6531,,inec-lga-570,,state-assembly-sc-732-og,
POLLING_UNIT,inec-pu-91477,ng-state-ogun,SAGUN UNITED PRY. SCH. - ORU,INEC_CVR_PU,91477,,inec-lga-570,,state-assembly-sc-732-og,inec-ward-6531
POLLING_UNIT,inec-pu-91478,ng-state-ogun,ITALE AWA,INEC_CVR_PU,91478,,inec-lga-570,,state-assembly-sc-732-og,inec-ward-6531
POLLING_UNIT,inec-pu-91479,ng-state-ogun,"AJEBO MOSLEM SCHOOL, ORU",INEC_CVR_PU,91479,,inec-lga-570,,state-assembly-sc-732-og,inec-ward-6531
POLLING_UNIT,inec-pu-91480,ng-state-ogun,ST. MARKS PRY SCH. FALAFOMU ORU,INEC_CVR_PU,91480,,inec-lga-570,,state-assembly-sc-732-og,inec-ward-6531
POLLING_UNIT,inec-pu-91481,ng-state-ogun,WESLEY SCH. AWA,INEC_CVR_PU,91481,,inec-lga-570,,state-assembly-sc-732-og,inec-ward-6531
POLLING_UNIT,inec-pu-91482,ng-state-ogun,MOSLEM SCHOOL AWA,INEC_CVR_PU,91482,,inec-lga-570,,state-assembly-sc-732-og,inec-ward-6531
POLLING_UNIT,inec-pu-91483,ng-state-ogun,"AJEGUNLE PRY. SCHOOL, AWA",INEC_CVR_PU,91483,,inec-lga-570,,state-assembly-sc-732-og,inec-ward-6531
POLLING_UNIT,inec-pu-91484,ng-state-ogun,"ST. ROSE'S CATH PRY SCHOOL, ORU",INEC_CVR_PU,91484,,inec-lga-570,,state-assembly-sc-732-og,inec-ward-6531
POLLING_UNIT,inec-pu-91485,ng-state-ogun,"IDOFE COMP. HIGH SCHOOL, ORU",INEC_CVR_PU,91485,,inec-lga-570,,state-assembly-sc-732-og,inec-ward-6531
POLLING_UNIT,inec-pu-91486,ng-state-ogun,ITALE ORU I,INEC_CVR_PU,91486,,inec-lga-570,,state-assembly-sc-732-og,inec-ward-6531
POLLING_UNIT,inec-pu-91487,ng-state-ogun,"ST. MICHAEL'S ANG. SCHOOL, AREDI-AWA",INEC_CVR_PU,91487,,inec-lga-570,,state-assembly-sc-732-og,inec-ward-6531
POLLING_UNIT,inec-pu-91488,ng-state-ogun,"IN FRONT OF TIYAMIYU HOUSE, OKE-IFE ORU",INEC_CVR_PU,91488,,inec-lga-570,,state-assembly-sc-732-og,inec-ward-6531
POLLING_UNIT,inec-pu-91489,ng-state-ogun,OKE SEWON AWA,INEC_CVR_PU,91489,,inec-lga-570,,state-assembly-sc-732-og,inec-ward-6531
POLLING_UNIT,inec-pu-91490,ng-state-ogun,IN FRONT OF JIMOH NUSI'S HOUSE ILAPORU,INEC_CVR_PU,91490,,inec-lga-570,,state-assembly-sc-732-og,inec-ward-6531
POLLING_UNIT,inec-pu-91491,ng-state-ogun,ST ANDREW CATHOLIC PRY SCH ALAPORU,INEC_CVR_PU,91491,,inec-lga-570,,state-assembly-sc-732-og,inec-ward-6531
POLLING_UNIT,inec-pu-91492,ng-state-ogun,ITALE ORU II,INEC_CVR_PU,91492,,inec-lga-570,,state-assembly-sc-732-og,inec-ward-6531
POLLING_UNIT,inec-pu-91493,ng-state-ogun,FRONT OF MUSI'S HOUSE,INEC_CVR_PU,91493,,inec-lga-570,,state-assembly-sc-732-og,inec-ward-6531
POLLING_UNIT,inec-pu-91494,ng-state-ogun,OPEN SPACE METHODIST CHURCH AWA,INEC_CVR_PU,91494,,inec-lga-570,,state-assembly-sc-732-og,inec-ward-6531
POLLING_UNIT,inec-pu-661165,ng-state-ogun,"OPEN SPACE IMOTA QUARTERS, ORU",INEC_CVR_PU,661165,,inec-lga-570,,state-assembly-sc-732-og,inec-ward-6531
POLLING_UNIT,inec-pu-661166,ng-state-ogun,"OPEN SPACE AT ODOGBE STREET, ORU",INEC_CVR_PU,661166,,inec-lga-570,,state-assembly-sc-732-og,inec-ward-6531
POLLING_UNIT,inec-pu-661167,ng-state-ogun,"OPEN SPACE AT AYEGBAMI STREET, AWA",INEC_CVR_PU,661167,,inec-lga-570,,state-assembly-sc-732-og,inec-ward-6531
POLLING_UNIT,inec-pu-661168,ng-state-ogun,ORU TOWN HALL,INEC_CVR_PU,661168,,inec-lga-570,,state-assembly-sc-732-og,inec-ward-6531
POLLING_UNIT,inec-pu-661169,ng-state-ogun,"OPEN SPACE BESIDE NSCDC OFFICE, AWA",INEC_CVR_PU,661169,,inec-lga-570,,state-assembly-sc-732-og,inec-ward-6531
POLLING_UNIT,inec-pu-661170,ng-state-ogun,"REFUGE PRY. SCHOOL , ORU",INEC_CVR_PU,661170,,inec-lga-570,,state-assembly-sc-732-og,inec-ward-6531
WARD,inec-ward-6532,ng-state-ogun,AGO IWOYE I,INEC_CVR_WARD,6532,,inec-lga-570,,state-assembly-sc-732-og,
POLLING_UNIT,inec-pu-91495,ng-state-ogun,L.G. AREA OFFICE,INEC_CVR_PU,91495,,inec-lga-570,,state-assembly-sc-732-og,inec-ward-6532
POLLING_UNIT,inec-pu-91496,ng-state-ogun,OYINKORO JUNCTION,INEC_CVR_PU,91496,,inec-lga-570,,state-assembly-sc-732-og,inec-ward-6532
POLLING_UNIT,inec-pu-91497,ng-state-ogun,R. ODUS'S JUNCTION,INEC_CVR_PU,91497,,inec-lga-570,,state-assembly-sc-732-og,inec-ward-6532
POLLING_UNIT,inec-pu-91498,ng-state-ogun,NEAR OWOSENI'S HOUSE,INEC_CVR_PU,91498,,inec-lga-570,,state-assembly-sc-732-og,inec-ward-6532
POLLING_UNIT,inec-pu-91499,ng-state-ogun,IDODE WESLEY SCHOOL,INEC_CVR_PU,91499,,inec-lga-570,,state-assembly-sc-732-og,inec-ward-6532
POLLING_UNIT,inec-pu-91500,ng-state-ogun,IDODE JUNCTION,INEC_CVR_PU,91500,,inec-lga-570,,state-assembly-sc-732-og,inec-ward-6532
POLLING_UNIT,inec-pu-91501,ng-state-ogun,OPP. ADESEGUN'S HOUSE,INEC_CVR_PU,91501,,inec-lga-570,,state-assembly-sc-732-og,inec-ward-6532
POLLING_UNIT,inec-pu-91502,ng-state-ogun,"LOCAL GOVT. SCHOOL, IGAN",INEC_CVR_PU,91502,,inec-lga-570,,state-assembly-sc-732-og,inec-ward-6532
POLLING_UNIT,inec-pu-91503,ng-state-ogun,IN FRONT OF OSIYEMI'S HOUSE,INEC_CVR_PU,91503,,inec-lga-570,,state-assembly-sc-732-og,inec-ward-6532
POLLING_UNIT,inec-pu-91504,ng-state-ogun,WESLEY PRY. SCHOOL,INEC_CVR_PU,91504,,inec-lga-570,,state-assembly-sc-732-og,inec-ward-6532
POLLING_UNIT,inec-pu-91505,ng-state-ogun,ODOMOLASA VILLAGE,INEC_CVR_PU,91505,,inec-lga-570,,state-assembly-sc-732-og,inec-ward-6532
POLLING_UNIT,inec-pu-91506,ng-state-ogun,IN FRONT OF OGUNMOSU'S HOUSE I,INEC_CVR_PU,91506,,inec-lga-570,,state-assembly-sc-732-og,inec-ward-6532
POLLING_UNIT,inec-pu-91507,ng-state-ogun,"MOSLEM SCHOOL, OKE-ODO",INEC_CVR_PU,91507,,inec-lga-570,,state-assembly-sc-732-og,inec-ward-6532
POLLING_UNIT,inec-pu-91508,ng-state-ogun,IN FRONT OF BAALE'S HOUSE,INEC_CVR_PU,91508,,inec-lga-570,,state-assembly-sc-732-og,inec-ward-6532
POLLING_UNIT,inec-pu-91509,ng-state-ogun,IN FRONT OF OGUNMOSU'S HOUSE II,INEC_CVR_PU,91509,,inec-lga-570,,state-assembly-sc-732-og,inec-ward-6532
POLLING_UNIT,inec-pu-91510,ng-state-ogun,IN FRONT OF ODEKOMAIYA'S HOUSE,INEC_CVR_PU,91510,,inec-lga-570,,state-assembly-sc-732-og,inec-ward-6532
POLLING_UNIT,inec-pu-91511,ng-state-ogun,BOOTH OPP. FAGBAMILA'S HOUSE,INEC_CVR_PU,91511,,inec-lga-570,,state-assembly-sc-732-og,inec-ward-6532
POLLING_UNIT,inec-pu-91512,ng-state-ogun,BOOTH NEAR ONANUGA'S HOUSE,INEC_CVR_PU,91512,,inec-lga-570,,state-assembly-sc-732-og,inec-ward-6532
POLLING_UNIT,inec-pu-91513,ng-state-ogun,BOOTH OPP. BAALE'S MABINU'S HOUSE,INEC_CVR_PU,91513,,inec-lga-570,,state-assembly-sc-732-og,inec-ward-6532
POLLING_UNIT,inec-pu-91514,ng-state-ogun,BOOTH OPP. DUNIYA'S HOUSE,INEC_CVR_PU,91514,,inec-lga-570,,state-assembly-sc-732-og,inec-ward-6532
POLLING_UNIT,inec-pu-661137,ng-state-ogun,ABOBI COMPREHENSIVE HIGH SCHOOL,INEC_CVR_PU,661137,,inec-lga-570,,state-assembly-sc-732-og,inec-ward-6532
POLLING_UNIT,inec-pu-661138,ng-state-ogun,"OPEN SPACE AT FAKUNFAKUN MOTOR PARK, ITAMERIN, AGO IWOYE",INEC_CVR_PU,661138,,inec-lga-570,,state-assembly-sc-732-og,inec-ward-6532
POLLING_UNIT,inec-pu-661139,ng-state-ogun,OKE ODO PRIMARY HEALTH CENTRE,INEC_CVR_PU,661139,,inec-lga-570,,state-assembly-sc-732-og,inec-ward-6532
POLLING_UNIT,inec-pu-661140,ng-state-ogun,"OPEN AT SPACE KOROKO AREA, IGO IWOYE",INEC_CVR_PU,661140,,inec-lga-570,,state-assembly-sc-732-og,inec-ward-6532
POLLING_UNIT,inec-pu-661141,ng-state-ogun,OPEN SPACE AT KONIGBA JUNCTION AGO IWOYE,INEC_CVR_PU,661141,,inec-lga-570,,state-assembly-sc-732-og,inec-ward-6532
POLLING_UNIT,inec-pu-661143,ng-state-ogun,"OPEN SPACE F.G COMMUNITY WATER PROJECT, ABOBI",INEC_CVR_PU,661143,,inec-lga-570,,state-assembly-sc-732-og,inec-ward-6532
WARD,inec-ward-6533,ng-state-ogun,AGO IWOYE II,INEC_CVR_WARD,6533,,inec-lga-570,,state-assembly-sc-732-og,
POLLING_UNIT,inec-pu-91515,ng-state-ogun,OMOEDUMARE MODEL PRY. SCHOOL,INEC_CVR_PU,91515,,inec-lga-570,,state-assembly-sc-732-og,inec-ward-6533
POLLING_UNIT,inec-pu-91516,ng-state-ogun,NEAR ALH. OLOWO IGBO'S HOUSE,INEC_CVR_PU,91516,,inec-lga-570,,state-assembly-sc-732-og,inec-ward-6533
POLLING_UNIT,inec-pu-91517,ng-state-ogun,FRONT OF ADEGBERIN'S HOUSE,INEC_CVR_PU,91517,,inec-lga-570,,state-assembly-sc-732-og,inec-ward-6533
POLLING_UNIT,inec-pu-91518,ng-state-ogun,OKANLAWON JUNCTION,INEC_CVR_PU,91518,,inec-lga-570,,state-assembly-sc-732-og,inec-ward-6533
POLLING_UNIT,inec-pu-91519,ng-state-ogun,AKO MOSLEM SCHOOL,INEC_CVR_PU,91519,,inec-lga-570,,state-assembly-sc-732-og,inec-ward-6533
POLLING_UNIT,inec-pu-91520,ng-state-ogun,IN FRONT OF OSIYOKUN IMOISISI QUARTERS,INEC_CVR_PU,91520,,inec-lga-570,,state-assembly-sc-732-og,inec-ward-6533
POLLING_UNIT,inec-pu-91521,ng-state-ogun,ODO YANGBURIN'S JUCTION,INEC_CVR_PU,91521,,inec-lga-570,,state-assembly-sc-732-og,inec-ward-6533
POLLING_UNIT,inec-pu-91522,ng-state-ogun,FRONT OF AKINSOLA'S HOUSE,INEC_CVR_PU,91522,,inec-lga-570,,state-assembly-sc-732-og,inec-ward-6533
POLLING_UNIT,inec-pu-91523,ng-state-ogun,IMOSISI WESLEY SCHOOL,INEC_CVR_PU,91523,,inec-lga-570,,state-assembly-sc-732-og,inec-ward-6533
POLLING_UNIT,inec-pu-91524,ng-state-ogun,OPEN SPACE IN FRONT OF J.M.K'S HOUSE,INEC_CVR_PU,91524,,inec-lga-570,,state-assembly-sc-732-og,inec-ward-6533
POLLING_UNIT,inec-pu-91525,ng-state-ogun,FRONT OF OGUN SOWOBO'S HOUSE,INEC_CVR_PU,91525,,inec-lga-570,,state-assembly-sc-732-og,inec-ward-6533
POLLING_UNIT,inec-pu-91526,ng-state-ogun,MUSLIM HIGH SCHOOL,INEC_CVR_PU,91526,,inec-lga-570,,state-assembly-sc-732-og,inec-ward-6533
POLLING_UNIT,inec-pu-91527,ng-state-ogun,IMERE MOSLEM SCHOOL,INEC_CVR_PU,91527,,inec-lga-570,,state-assembly-sc-732-og,inec-ward-6533
POLLING_UNIT,inec-pu-91528,ng-state-ogun,BESIDE HIGH CLASS,INEC_CVR_PU,91528,,inec-lga-570,,state-assembly-sc-732-og,inec-ward-6533
POLLING_UNIT,inec-pu-91529,ng-state-ogun,ST. PAUL'S PRY. SCHOOL IMERE,INEC_CVR_PU,91529,,inec-lga-570,,state-assembly-sc-732-og,inec-ward-6533
POLLING_UNIT,inec-pu-91530,ng-state-ogun,AGO IWOYE SECONDATY SCHOOL,INEC_CVR_PU,91530,,inec-lga-570,,state-assembly-sc-732-og,inec-ward-6533
POLLING_UNIT,inec-pu-91531,ng-state-ogun,BOOTH OPP. KUNKUSI'S HOUSE,INEC_CVR_PU,91531,,inec-lga-570,,state-assembly-sc-732-og,inec-ward-6533
POLLING_UNIT,inec-pu-91532,ng-state-ogun,BOOTH OPP. GBINDIN'S HOUSE,INEC_CVR_PU,91532,,inec-lga-570,,state-assembly-sc-732-og,inec-ward-6533
POLLING_UNIT,inec-pu-661144,ng-state-ogun,"FOWOSEJE COMPREHENSIVE HIGH SCHOOL, AGO IWOYE",INEC_CVR_PU,661144,,inec-lga-570,,state-assembly-sc-732-og,inec-ward-6533
POLLING_UNIT,inec-pu-661145,ng-state-ogun,OPEN SPACE OPP. CHIPS FILLLING STATION,INEC_CVR_PU,661145,,inec-lga-570,,state-assembly-sc-732-og,inec-ward-6533
WARD,inec-ward-6534,ng-state-ogun,AKO-ONIGBAGBO/GELETE,INEC_CVR_WARD,6534,,inec-lga-570,,state-assembly-sc-732-og,
POLLING_UNIT,inec-pu-91533,ng-state-ogun,AKO WESLEY SCHOOL,INEC_CVR_PU,91533,,inec-lga-570,,state-assembly-sc-732-og,inec-ward-6534
POLLING_UNIT,inec-pu-91534,ng-state-ogun,IPADO VILLAGE,INEC_CVR_PU,91534,,inec-lga-570,,state-assembly-sc-732-og,inec-ward-6534
POLLING_UNIT,inec-pu-91535,ng-state-ogun,ELEGBERE JUNCTION,INEC_CVR_PU,91535,,inec-lga-570,,state-assembly-sc-732-og,inec-ward-6534
POLLING_UNIT,inec-pu-91536,ng-state-ogun,IDIAKALA ANG. SCHOOL,INEC_CVR_PU,91536,,inec-lga-570,,state-assembly-sc-732-og,inec-ward-6534
POLLING_UNIT,inec-pu-91537,ng-state-ogun,L.G. SCHOOL FARM SETTLEMENT I,INEC_CVR_PU,91537,,inec-lga-570,,state-assembly-sc-732-og,inec-ward-6534
POLLING_UNIT,inec-pu-91538,ng-state-ogun,L.G. SCHOOL FARM SETTLEMENT II,INEC_CVR_PU,91538,,inec-lga-570,,state-assembly-sc-732-og,inec-ward-6534
POLLING_UNIT,inec-pu-91539,ng-state-ogun,OKE EGBE WESLEY SCHOOL,INEC_CVR_PU,91539,,inec-lga-570,,state-assembly-sc-732-og,inec-ward-6534
POLLING_UNIT,inec-pu-91540,ng-state-ogun,ODOYE MOSLEM SCHOOL I,INEC_CVR_PU,91540,,inec-lga-570,,state-assembly-sc-732-og,inec-ward-6534
POLLING_UNIT,inec-pu-91541,ng-state-ogun,ODOYE MOSLEM SCHOOL II,INEC_CVR_PU,91541,,inec-lga-570,,state-assembly-sc-732-og,inec-ward-6534
POLLING_UNIT,inec-pu-91542,ng-state-ogun,OKE BIRITIRO JUNCTION,INEC_CVR_PU,91542,,inec-lga-570,,state-assembly-sc-732-og,inec-ward-6534
POLLING_UNIT,inec-pu-91543,ng-state-ogun,IDAGOLU VILLAGE,INEC_CVR_PU,91543,,inec-lga-570,,state-assembly-sc-732-og,inec-ward-6534
POLLING_UNIT,inec-pu-91544,ng-state-ogun,IPAKODO VILLAGE,INEC_CVR_PU,91544,,inec-lga-570,,state-assembly-sc-732-og,inec-ward-6534
POLLING_UNIT,inec-pu-91545,ng-state-ogun,EREDO WESLEY SCHOOL,INEC_CVR_PU,91545,,inec-lga-570,,state-assembly-sc-732-og,inec-ward-6534
POLLING_UNIT,inec-pu-91546,ng-state-ogun,OKE MASE VILLAGE,INEC_CVR_PU,91546,,inec-lga-570,,state-assembly-sc-732-og,inec-ward-6534
POLLING_UNIT,inec-pu-91547,ng-state-ogun,ORIWU VILLAGE,INEC_CVR_PU,91547,,inec-lga-570,,state-assembly-sc-732-og,inec-ward-6534
POLLING_UNIT,inec-pu-91548,ng-state-ogun,LOCAL GOVT. SCHOOL OKO-ODO,INEC_CVR_PU,91548,,inec-lga-570,,state-assembly-sc-732-og,inec-ward-6534
POLLING_UNIT,inec-pu-91549,ng-state-ogun,ORILE IBIPE VILLAGE,INEC_CVR_PU,91549,,inec-lga-570,,state-assembly-sc-732-og,inec-ward-6534
POLLING_UNIT,inec-pu-661146,ng-state-ogun,AHMADIYYA HIGH SCH. . AGO IWOYE,INEC_CVR_PU,661146,,inec-lga-570,,state-assembly-sc-732-og,inec-ward-6534
POLLING_UNIT,inec-pu-661147,ng-state-ogun,OPEN SPACE FRONRT OF AKO -ORILE COMMUNITY HALL (GELETE),INEC_CVR_PU,661147,,inec-lga-570,,state-assembly-sc-732-og,inec-ward-6534
POLLING_UNIT,inec-pu-675505,ng-state-ogun,"OPEN SPACE AT SHALLA BUS STOP,LUGBEDU",INEC_CVR_PU,675505,,inec-lga-570,,state-assembly-sc-732-og,inec-ward-6534
WARD,inec-ward-6535,ng-state-ogun,MAMU/ETIRI,INEC_CVR_WARD,6535,,inec-lga-570,,state-assembly-sc-732-og,
POLLING_UNIT,inec-pu-91550,ng-state-ogun,ABA PANA VILLAGE,INEC_CVR_PU,91550,,inec-lga-570,,state-assembly-sc-732-og,inec-ward-6535
POLLING_UNIT,inec-pu-91551,ng-state-ogun,WESLEY SCHOOL ERIKAMO,INEC_CVR_PU,91551,,inec-lga-570,,state-assembly-sc-732-og,inec-ward-6535
POLLING_UNIT,inec-pu-91552,ng-state-ogun,OKE ERIGBA VILLAGE,INEC_CVR_PU,91552,,inec-lga-570,,state-assembly-sc-732-og,inec-ward-6535
POLLING_UNIT,inec-pu-91553,ng-state-ogun,WESLEY SCHOOL EHIM ETIRI,INEC_CVR_PU,91553,,inec-lga-570,,state-assembly-sc-732-og,inec-ward-6535
POLLING_UNIT,inec-pu-91554,ng-state-ogun,"L.G. SCHOOL, AWORI, J.J.",INEC_CVR_PU,91554,,inec-lga-570,,state-assembly-sc-732-og,inec-ward-6535
POLLING_UNIT,inec-pu-91555,ng-state-ogun,ORIGBANLA VILLAGE,INEC_CVR_PU,91555,,inec-lga-570,,state-assembly-sc-732-og,inec-ward-6535
POLLING_UNIT,inec-pu-91556,ng-state-ogun,ELEGUNESAN PRY SCH.,INEC_CVR_PU,91556,,inec-lga-570,,state-assembly-sc-732-og,inec-ward-6535
POLLING_UNIT,inec-pu-91557,ng-state-ogun,L.G. SCHOOL OKE-MOJO,INEC_CVR_PU,91557,,inec-lga-570,,state-assembly-sc-732-og,inec-ward-6535
POLLING_UNIT,inec-pu-91558,ng-state-ogun,OKE AROWA VILLAGE,INEC_CVR_PU,91558,,inec-lga-570,,state-assembly-sc-732-og,inec-ward-6535
POLLING_UNIT,inec-pu-91559,ng-state-ogun,IPAKODO VILLAGE,INEC_CVR_PU,91559,,inec-lga-570,,state-assembly-sc-732-og,inec-ward-6535
POLLING_UNIT,inec-pu-91560,ng-state-ogun,HEALTH CENTRE MAMU I,INEC_CVR_PU,91560,,inec-lga-570,,state-assembly-sc-732-og,inec-ward-6535
POLLING_UNIT,inec-pu-91561,ng-state-ogun,OBADA VILLAGE,INEC_CVR_PU,91561,,inec-lga-570,,state-assembly-sc-732-og,inec-ward-6535
POLLING_UNIT,inec-pu-91562,ng-state-ogun,EREGINRIN VILLAGE,INEC_CVR_PU,91562,,inec-lga-570,,state-assembly-sc-732-og,inec-ward-6535
POLLING_UNIT,inec-pu-91563,ng-state-ogun,IGAN ORILE,INEC_CVR_PU,91563,,inec-lga-570,,state-assembly-sc-732-og,inec-ward-6535
POLLING_UNIT,inec-pu-91564,ng-state-ogun,HEALTH CENTRE MAMU II,INEC_CVR_PU,91564,,inec-lga-570,,state-assembly-sc-732-og,inec-ward-6535
POLLING_UNIT,inec-pu-91565,ng-state-ogun,SEMORU OGUNOIKI,INEC_CVR_PU,91565,,inec-lga-570,,state-assembly-sc-732-og,inec-ward-6535
POLLING_UNIT,inec-pu-91566,ng-state-ogun,HEALTH CENTRE MAMU III,INEC_CVR_PU,91566,,inec-lga-570,,state-assembly-sc-732-og,inec-ward-6535
POLLING_UNIT,inec-pu-91567,ng-state-ogun,BOOTH AT ODO EJOGUN,INEC_CVR_PU,91567,,inec-lga-570,,state-assembly-sc-732-og,inec-ward-6535
POLLING_UNIT,inec-pu-91568,ng-state-ogun,BOOTH AT ERIAJE,INEC_CVR_PU,91568,,inec-lga-570,,state-assembly-sc-732-og,inec-ward-6535
POLLING_UNIT,inec-pu-91569,ng-state-ogun,METHODIST SCH. OKE-MOJO,INEC_CVR_PU,91569,,inec-lga-570,,state-assembly-sc-732-og,inec-ward-6535
WARD,inec-ward-6536,ng-state-ogun,ATAN/IMUKU,INEC_CVR_WARD,6536,,inec-lga-571,,state-assembly-sc-737-og,
POLLING_UNIT,inec-pu-91570,ng-state-ogun,R.C.M. PRY. SCHOOL ATAN I,INEC_CVR_PU,91570,,inec-lga-571,,state-assembly-sc-737-og,inec-ward-6536
POLLING_UNIT,inec-pu-91571,ng-state-ogun,OPEN SPACE AT OLUMUKU PALACE,INEC_CVR_PU,91571,,inec-lga-571,,state-assembly-sc-737-og,inec-ward-6536
POLLING_UNIT,inec-pu-91572,ng-state-ogun,ODOGOGO VILLAGE CENTRE,INEC_CVR_PU,91572,,inec-lga-571,,state-assembly-sc-737-og,inec-ward-6536
POLLING_UNIT,inec-pu-91573,ng-state-ogun,AFRICAN CHURCH BETHEL SCH. IDONA,INEC_CVR_PU,91573,,inec-lga-571,,state-assembly-sc-737-og,inec-ward-6536
POLLING_UNIT,inec-pu-91574,ng-state-ogun,A/C PRY. SCHOOL ODOTU,INEC_CVR_PU,91574,,inec-lga-571,,state-assembly-sc-737-og,inec-ward-6536
POLLING_UNIT,inec-pu-91575,ng-state-ogun,FRONT OF IMAFON MOSQUE,INEC_CVR_PU,91575,,inec-lga-571,,state-assembly-sc-737-og,inec-ward-6536
POLLING_UNIT,inec-pu-91576,ng-state-ogun,FRONT OF L.G.E.A. IMUROKO,INEC_CVR_PU,91576,,inec-lga-571,,state-assembly-sc-737-og,inec-ward-6536
POLLING_UNIT,inec-pu-91577,ng-state-ogun,ST. PETER'S PRY. SCHOOL IWAYE,INEC_CVR_PU,91577,,inec-lga-571,,state-assembly-sc-737-og,inec-ward-6536
POLLING_UNIT,inec-pu-91578,ng-state-ogun,L.G. PRY SCHOOL IMUKU/ISOWE,INEC_CVR_PU,91578,,inec-lga-571,,state-assembly-sc-737-og,inec-ward-6536
POLLING_UNIT,inec-pu-91579,ng-state-ogun,IGBASA VILLAGE SQUARE,INEC_CVR_PU,91579,,inec-lga-571,,state-assembly-sc-737-og,inec-ward-6536
WARD,inec-ward-6537,ng-state-ogun,ODOSIMADEGUN/ODOSEBORA,INEC_CVR_WARD,6537,,inec-lga-571,,state-assembly-sc-737-og,
POLLING_UNIT,inec-pu-91580,ng-state-ogun,ST. JOHN'S PRY. SCH. ODOSIMADEGUN,INEC_CVR_PU,91580,,inec-lga-571,,state-assembly-sc-737-og,inec-ward-6537
POLLING_UNIT,inec-pu-91581,ng-state-ogun,"COMMUNITY PLAYING GROUND, ILODU,",INEC_CVR_PU,91581,,inec-lga-571,,state-assembly-sc-737-og,inec-ward-6537
POLLING_UNIT,inec-pu-91582,ng-state-ogun,CHRIST CHURCH SCH. ODOSENBORA,INEC_CVR_PU,91582,,inec-lga-571,,state-assembly-sc-737-og,inec-ward-6537
POLLING_UNIT,inec-pu-91583,ng-state-ogun,C.A.C. PRY SCHOOL ODOSIWONADE,INEC_CVR_PU,91583,,inec-lga-571,,state-assembly-sc-737-og,inec-ward-6537
POLLING_UNIT,inec-pu-91584,ng-state-ogun,ILUGUN CENTRAL ACADEMY IBIDO,INEC_CVR_PU,91584,,inec-lga-571,,state-assembly-sc-737-og,inec-ward-6537
POLLING_UNIT,inec-pu-91585,ng-state-ogun,EBENEZER PRY. SCH. OMUTEDO,INEC_CVR_PU,91585,,inec-lga-571,,state-assembly-sc-737-og,inec-ward-6537
POLLING_UNIT,inec-pu-91586,ng-state-ogun,ST. PETER'S PRY. SCH. OKE-AYE,INEC_CVR_PU,91586,,inec-lga-571,,state-assembly-sc-737-og,inec-ward-6537
POLLING_UNIT,inec-pu-91587,ng-state-ogun,"COMMUNITY PLAYING FIELD, IWOROMOSUN",INEC_CVR_PU,91587,,inec-lga-571,,state-assembly-sc-737-og,inec-ward-6537
POLLING_UNIT,inec-pu-91588,ng-state-ogun,ST. PAUL'S PRY SCHOOL ORIWU,INEC_CVR_PU,91588,,inec-lga-571,,state-assembly-sc-737-og,inec-ward-6537
POLLING_UNIT,inec-pu-91589,ng-state-ogun,"COMMUNITY PLAYING,IDORUNWON",INEC_CVR_PU,91589,,inec-lga-571,,state-assembly-sc-737-og,inec-ward-6537
POLLING_UNIT,inec-pu-91590,ng-state-ogun,"COMMUNITY EVENT CENTRE, GBAWONJO",INEC_CVR_PU,91590,,inec-lga-571,,state-assembly-sc-737-og,inec-ward-6537
POLLING_UNIT,inec-pu-91591,ng-state-ogun,"COMMUNITY EVENT CENTRE,OKETI",INEC_CVR_PU,91591,,inec-lga-571,,state-assembly-sc-737-og,inec-ward-6537
POLLING_UNIT,inec-pu-91592,ng-state-ogun,FRONTAGE NEW CHURCH ODOSENBORA,INEC_CVR_PU,91592,,inec-lga-571,,state-assembly-sc-737-og,inec-ward-6537
POLLING_UNIT,inec-pu-91593,ng-state-ogun,ST. PAUL SCH. ODOSUGBAGBAWA VILLAGE,INEC_CVR_PU,91593,,inec-lga-571,,state-assembly-sc-737-og,inec-ward-6537
POLLING_UNIT,inec-pu-91594,ng-state-ogun,ILUMERIN VILLAGE CENTRE,INEC_CVR_PU,91594,,inec-lga-571,,state-assembly-sc-737-og,inec-ward-6537
POLLING_UNIT,inec-pu-91595,ng-state-ogun,"COMMUNITY PLAYING GROUND, IWOROMOSUN",INEC_CVR_PU,91595,,inec-lga-571,,state-assembly-sc-737-og,inec-ward-6537
WARD,inec-ward-6538,ng-state-ogun,IMEWIRO/ODODEYO/IMOMO,INEC_CVR_WARD,6538,,inec-lga-571,,state-assembly-sc-737-og,
POLLING_UNIT,inec-pu-91596,ng-state-ogun,COMM. PRY. SCH. IMEWURO,INEC_CVR_PU,91596,,inec-lga-571,,state-assembly-sc-737-og,inec-ward-6538
POLLING_UNIT,inec-pu-91597,ng-state-ogun,MARKET SQUARE IDODE,INEC_CVR_PU,91597,,inec-lga-571,,state-assembly-sc-737-og,inec-ward-6538
POLLING_UNIT,inec-pu-91598,ng-state-ogun,CATHOLIC PRY. SCHOOL IMOMO I,INEC_CVR_PU,91598,,inec-lga-571,,state-assembly-sc-737-og,inec-ward-6538
POLLING_UNIT,inec-pu-91599,ng-state-ogun,ANG. CHURCH ODODEYO,INEC_CVR_PU,91599,,inec-lga-571,,state-assembly-sc-737-og,inec-ward-6538
POLLING_UNIT,inec-pu-91600,ng-state-ogun,ST. JOHN'S PRY. SCH. IDODE I,INEC_CVR_PU,91600,,inec-lga-571,,state-assembly-sc-737-og,inec-ward-6538
POLLING_UNIT,inec-pu-91601,ng-state-ogun,"FRONTAGE BAALE'S HOUSE , UNICOM IMOMO",INEC_CVR_PU,91601,,inec-lga-571,,state-assembly-sc-737-og,inec-ward-6538
POLLING_UNIT,inec-pu-91602,ng-state-ogun,OPEN SPACE IMEDU,INEC_CVR_PU,91602,,inec-lga-571,,state-assembly-sc-737-og,inec-ward-6538
POLLING_UNIT,inec-pu-91603,ng-state-ogun,OPEN SPACE AT IMEDU/OKE EFON,INEC_CVR_PU,91603,,inec-lga-571,,state-assembly-sc-737-og,inec-ward-6538
POLLING_UNIT,inec-pu-91604,ng-state-ogun,ANG. PRY SCHOOL ORUNWA,INEC_CVR_PU,91604,,inec-lga-571,,state-assembly-sc-737-og,inec-ward-6538
POLLING_UNIT,inec-pu-91605,ng-state-ogun,ST. MICHAEL'S PRY. SCH. ODODEYO,INEC_CVR_PU,91605,,inec-lga-571,,state-assembly-sc-737-og,inec-ward-6538
POLLING_UNIT,inec-pu-91606,ng-state-ogun,"VICARAGE FRONTAGE, IMEWURO",INEC_CVR_PU,91606,,inec-lga-571,,state-assembly-sc-737-og,inec-ward-6538
POLLING_UNIT,inec-pu-91607,ng-state-ogun,"HEALTH CENTRE, ETI OBU",INEC_CVR_PU,91607,,inec-lga-571,,state-assembly-sc-737-og,inec-ward-6538
POLLING_UNIT,inec-pu-91608,ng-state-ogun,OPEN SPACE AT ALEDO ODODEYO,INEC_CVR_PU,91608,,inec-lga-571,,state-assembly-sc-737-og,inec-ward-6538
POLLING_UNIT,inec-pu-91609,ng-state-ogun,"COMMUNITY PRY SCHL, ABA YUSUFF",INEC_CVR_PU,91609,,inec-lga-571,,state-assembly-sc-737-og,inec-ward-6538
POLLING_UNIT,inec-pu-91610,ng-state-ogun,VILLAGE SQUARE OKE EKI,INEC_CVR_PU,91610,,inec-lga-571,,state-assembly-sc-737-og,inec-ward-6538
WARD,inec-ward-6539,ng-state-ogun,ODESENLU,INEC_CVR_WARD,6539,,inec-lga-571,,state-assembly-sc-737-og,
POLLING_UNIT,inec-pu-91611,ng-state-ogun,CHRIST CHURCH SCH. ODOSENLU I,INEC_CVR_PU,91611,,inec-lga-571,,state-assembly-sc-737-og,inec-ward-6539
POLLING_UNIT,inec-pu-91612,ng-state-ogun,CHRIST CHURCH SCH. ODOSENLU II,INEC_CVR_PU,91612,,inec-lga-571,,state-assembly-sc-737-og,inec-ward-6539
POLLING_UNIT,inec-pu-91613,ng-state-ogun,OJU ORE SQUARE GROUND,INEC_CVR_PU,91613,,inec-lga-571,,state-assembly-sc-737-og,inec-ward-6539
POLLING_UNIT,inec-pu-91614,ng-state-ogun,OPEN SPACE ODOREGBE,INEC_CVR_PU,91614,,inec-lga-571,,state-assembly-sc-737-og,inec-ward-6539
POLLING_UNIT,inec-pu-91615,ng-state-ogun,OPEN SPACE OKE-OLA,INEC_CVR_PU,91615,,inec-lga-571,,state-assembly-sc-737-og,inec-ward-6539
POLLING_UNIT,inec-pu-91616,ng-state-ogun,OPEN SPACE AT OKE OLOWU,INEC_CVR_PU,91616,,inec-lga-571,,state-assembly-sc-737-og,inec-ward-6539
POLLING_UNIT,inec-pu-91617,ng-state-ogun,OPEN SPACE AT EROFO,INEC_CVR_PU,91617,,inec-lga-571,,state-assembly-sc-737-og,inec-ward-6539
WARD,inec-ward-6540,ng-state-ogun,IGEDE/ITAMARUN,INEC_CVR_WARD,6540,,inec-lga-571,,state-assembly-sc-737-og,
POLLING_UNIT,inec-pu-91618,ng-state-ogun,CATHOLIC PRY. SCHOOL IGEDE,INEC_CVR_PU,91618,,inec-lga-571,,state-assembly-sc-737-og,inec-ward-6540
POLLING_UNIT,inec-pu-91619,ng-state-ogun,A.C.H.S. ITAMARUN,INEC_CVR_PU,91619,,inec-lga-571,,state-assembly-sc-737-og,inec-ward-6540
POLLING_UNIT,inec-pu-91620,ng-state-ogun,ST. PETER'S SCHOOL ODOGBONDU,INEC_CVR_PU,91620,,inec-lga-571,,state-assembly-sc-737-og,inec-ward-6540
POLLING_UNIT,inec-pu-91621,ng-state-ogun,OPEN SPACE OKEYEJO,INEC_CVR_PU,91621,,inec-lga-571,,state-assembly-sc-737-og,inec-ward-6540
POLLING_UNIT,inec-pu-91622,ng-state-ogun,OPEN SPACE AT EGBE,INEC_CVR_PU,91622,,inec-lga-571,,state-assembly-sc-737-og,inec-ward-6540
POLLING_UNIT,inec-pu-91623,ng-state-ogun,OPEN SPACE AT OKELUGBONGUN,INEC_CVR_PU,91623,,inec-lga-571,,state-assembly-sc-737-og,inec-ward-6540
WARD,inec-ward-6541,ng-state-ogun,OJU ONA,INEC_CVR_WARD,6541,,inec-lga-571,,state-assembly-sc-737-og,
POLLING_UNIT,inec-pu-91624,ng-state-ogun,ST. MICHAEL'S SCH. IPARI NLA,INEC_CVR_PU,91624,,inec-lga-571,,state-assembly-sc-737-og,inec-ward-6541
POLLING_UNIT,inec-pu-91625,ng-state-ogun,IWORO TOWN HALL,INEC_CVR_PU,91625,,inec-lga-571,,state-assembly-sc-737-og,inec-ward-6541
POLLING_UNIT,inec-pu-91626,ng-state-ogun,"TOWN HALL, OKE AGBONLE",INEC_CVR_PU,91626,,inec-lga-571,,state-assembly-sc-737-og,inec-ward-6541
POLLING_UNIT,inec-pu-91627,ng-state-ogun,OPEN SPACE IPARI OKE,INEC_CVR_PU,91627,,inec-lga-571,,state-assembly-sc-737-og,inec-ward-6541
POLLING_UNIT,inec-pu-91628,ng-state-ogun,OPEN SPACE ODOKALABA,INEC_CVR_PU,91628,,inec-lga-571,,state-assembly-sc-737-og,inec-ward-6541
POLLING_UNIT,inec-pu-91629,ng-state-ogun,"COMMUNITY SQUARE, IBADAN IJEBU",INEC_CVR_PU,91629,,inec-lga-571,,state-assembly-sc-737-og,inec-ward-6541
POLLING_UNIT,inec-pu-91630,ng-state-ogun,ODOGBE VILLAGE SQUARE,INEC_CVR_PU,91630,,inec-lga-571,,state-assembly-sc-737-og,inec-ward-6541
POLLING_UNIT,inec-pu-91631,ng-state-ogun,ONIWORO SQUARE,INEC_CVR_PU,91631,,inec-lga-571,,state-assembly-sc-737-og,inec-ward-6541
WARD,inec-ward-6542,ng-state-ogun,ISOYIN,INEC_CVR_WARD,6542,,inec-lga-571,,state-assembly-sc-737-og,
POLLING_UNIT,inec-pu-91632,ng-state-ogun,EMMANUEL PRY. SCH. ISONYIN,INEC_CVR_PU,91632,,inec-lga-571,,state-assembly-sc-737-og,inec-ward-6542
POLLING_UNIT,inec-pu-91633,ng-state-ogun,ISONYIN GRAMMAR SCHOOL,INEC_CVR_PU,91633,,inec-lga-571,,state-assembly-sc-737-og,inec-ward-6542
POLLING_UNIT,inec-pu-91634,ng-state-ogun,"OPEN SPACE COSSY JUNCTION, ISOYIN",INEC_CVR_PU,91634,,inec-lga-571,,state-assembly-sc-737-og,inec-ward-6542
POLLING_UNIT,inec-pu-91635,ng-state-ogun,ODOLE JUNCTION,INEC_CVR_PU,91635,,inec-lga-571,,state-assembly-sc-737-og,inec-ward-6542
POLLING_UNIT,inec-pu-91636,ng-state-ogun,UNITED PRY. SCH. APUREN,INEC_CVR_PU,91636,,inec-lga-571,,state-assembly-sc-737-og,inec-ward-6542
POLLING_UNIT,inec-pu-91637,ng-state-ogun,"OPEN SPACE ITUN OLUSEYE, ISOYIN",INEC_CVR_PU,91637,,inec-lga-571,,state-assembly-sc-737-og,inec-ward-6542
POLLING_UNIT,inec-pu-91638,ng-state-ogun,"OPEN SPACE ALONG APUREN ROAD,AGBOWA",INEC_CVR_PU,91638,,inec-lga-571,,state-assembly-sc-737-og,inec-ward-6542
POLLING_UNIT,inec-pu-91639,ng-state-ogun,"FRONT OF ILUPA COMMUNITY BOREHOLE,ISOYIN",INEC_CVR_PU,91639,,inec-lga-571,,state-assembly-sc-737-og,inec-ward-6542
POLLING_UNIT,inec-pu-91640,ng-state-ogun,"COMMUNITY GROUND ITUN IGBALA,ISOYIN",INEC_CVR_PU,91640,,inec-lga-571,,state-assembly-sc-737-og,inec-ward-6542
WARD,inec-ward-6543,ng-state-ogun,ILESE,INEC_CVR_WARD,6543,,inec-lga-571,,state-assembly-sc-737-og,
POLLING_UNIT,inec-pu-91641,ng-state-ogun,MOSLEM PRY. SCH. ILESE I,INEC_CVR_PU,91641,,inec-lga-571,,state-assembly-sc-737-og,inec-ward-6543
POLLING_UNIT,inec-pu-91642,ng-state-ogun,"IDOMOWO COMMUNITY PRY SCH,ILESE",INEC_CVR_PU,91642,,inec-lga-571,,state-assembly-sc-737-og,inec-ward-6543
POLLING_UNIT,inec-pu-91643,ng-state-ogun,ARMY BARRACKS I,INEC_CVR_PU,91643,,inec-lga-571,,state-assembly-sc-737-og,inec-ward-6543
POLLING_UNIT,inec-pu-91644,ng-state-ogun,IDOMILA COMPREHENSIVE HIGH SCHL.,INEC_CVR_PU,91644,,inec-lga-571,,state-assembly-sc-737-og,inec-ward-6543
POLLING_UNIT,inec-pu-91645,ng-state-ogun,OPEN SPACE AKITIPA,INEC_CVR_PU,91645,,inec-lga-571,,state-assembly-sc-737-og,inec-ward-6543
POLLING_UNIT,inec-pu-91646,ng-state-ogun,OPEN SPACE OKE LISA ILESE,INEC_CVR_PU,91646,,inec-lga-571,,state-assembly-sc-737-og,inec-ward-6543
POLLING_UNIT,inec-pu-91647,ng-state-ogun,ILONE VILLAGE SQUARE,INEC_CVR_PU,91647,,inec-lga-571,,state-assembly-sc-737-og,inec-ward-6543
POLLING_UNIT,inec-pu-91648,ng-state-ogun,ALEDO VILLAGE SQUARE,INEC_CVR_PU,91648,,inec-lga-571,,state-assembly-sc-737-og,inec-ward-6543
POLLING_UNIT,inec-pu-91649,ng-state-ogun,ODOMOLASA HEALTH CENTRE,INEC_CVR_PU,91649,,inec-lga-571,,state-assembly-sc-737-og,inec-ward-6543
POLLING_UNIT,inec-pu-91650,ng-state-ogun,ARMY BARRACKS II,INEC_CVR_PU,91650,,inec-lga-571,,state-assembly-sc-737-og,inec-ward-6543
POLLING_UNIT,inec-pu-91651,ng-state-ogun,ESEPA VILLAGE SQUARE,INEC_CVR_PU,91651,,inec-lga-571,,state-assembly-sc-737-og,inec-ward-6543
POLLING_UNIT,inec-pu-661176,ng-state-ogun,HEALTH TECH ILESE,INEC_CVR_PU,661176,,inec-lga-571,,state-assembly-sc-737-og,inec-ward-6543
POLLING_UNIT,inec-pu-661177,ng-state-ogun,ILESE COMPREHESIVE HIGH SCHOOL,INEC_CVR_PU,661177,,inec-lga-571,,state-assembly-sc-737-og,inec-ward-6543
POLLING_UNIT,inec-pu-661178,ng-state-ogun,IKEN TOWN HALL,INEC_CVR_PU,661178,,inec-lga-571,,state-assembly-sc-737-og,inec-ward-6543
POLLING_UNIT,inec-pu-661179,ng-state-ogun,OPEN SPACE ISADE,INEC_CVR_PU,661179,,inec-lga-571,,state-assembly-sc-737-og,inec-ward-6543
POLLING_UNIT,inec-pu-661180,ng-state-ogun,OPEN SPACE ESURU,INEC_CVR_PU,661180,,inec-lga-571,,state-assembly-sc-737-og,inec-ward-6543
POLLING_UNIT,inec-pu-661181,ng-state-ogun,OPEN SPACE RASONWA,INEC_CVR_PU,661181,,inec-lga-571,,state-assembly-sc-737-og,inec-ward-6543
WARD,inec-ward-6544,ng-state-ogun,OKE-ERI/OGBOGBO,INEC_CVR_WARD,6544,,inec-lga-571,,state-assembly-sc-737-og,
POLLING_UNIT,inec-pu-91652,ng-state-ogun,U.P.S. SCHOOL IMOWO,INEC_CVR_PU,91652,,inec-lga-571,,state-assembly-sc-737-og,inec-ward-6544
POLLING_UNIT,inec-pu-91653,ng-state-ogun,WESLEY PRY. SCHOOL OKE-ERI,INEC_CVR_PU,91653,,inec-lga-571,,state-assembly-sc-737-og,inec-ward-6544
POLLING_UNIT,inec-pu-91654,ng-state-ogun,IREWON HEALTH CENTRE,INEC_CVR_PU,91654,,inec-lga-571,,state-assembly-sc-737-og,inec-ward-6544
POLLING_UNIT,inec-pu-91655,ng-state-ogun,"TOWN HALL, OGBOGBO I",INEC_CVR_PU,91655,,inec-lga-571,,state-assembly-sc-737-og,inec-ward-6544
POLLING_UNIT,inec-pu-91656,ng-state-ogun,"TOWN HALL, OGBOGBO II",INEC_CVR_PU,91656,,inec-lga-571,,state-assembly-sc-737-og,inec-ward-6544
POLLING_UNIT,inec-pu-91657,ng-state-ogun,"OPEN GROUND, IJARI",INEC_CVR_PU,91657,,inec-lga-571,,state-assembly-sc-737-og,inec-ward-6544
POLLING_UNIT,inec-pu-91658,ng-state-ogun,OPEN SPACE IGOYA,INEC_CVR_PU,91658,,inec-lga-571,,state-assembly-sc-737-og,inec-ward-6544
POLLING_UNIT,inec-pu-91659,ng-state-ogun,"PRIMARY HEALTH CENTRE, IWESI",INEC_CVR_PU,91659,,inec-lga-571,,state-assembly-sc-737-og,inec-ward-6544
POLLING_UNIT,inec-pu-661182,ng-state-ogun,OPEN SPACE AT GOLDEN ESTATE,INEC_CVR_PU,661182,,inec-lga-571,,state-assembly-sc-737-og,inec-ward-6544
POLLING_UNIT,inec-pu-661183,ng-state-ogun,OPEN SPACE ALONG MOLIPA IREWON,INEC_CVR_PU,661183,,inec-lga-571,,state-assembly-sc-737-og,inec-ward-6544
POLLING_UNIT,inec-pu-661184,ng-state-ogun,OGBOGBO BAPTIST PRIMARY SCHOOL,INEC_CVR_PU,661184,,inec-lga-571,,state-assembly-sc-737-og,inec-ward-6544
POLLING_UNIT,inec-pu-661185,ng-state-ogun,OPEN SPACE OKELE OGBOGBO,INEC_CVR_PU,661185,,inec-lga-571,,state-assembly-sc-737-og,inec-ward-6544
POLLING_UNIT,inec-pu-661186,ng-state-ogun,ONIRUGBA OPEN SPACE,INEC_CVR_PU,661186,,inec-lga-571,,state-assembly-sc-737-og,inec-ward-6544
WARD,inec-ward-6545,ng-state-ogun,ERUNWON,INEC_CVR_WARD,6545,,inec-lga-571,,state-assembly-sc-737-og,
POLLING_UNIT,inec-pu-91660,ng-state-ogun,EPHIPHANY PRY. SCH. ERUNWON,INEC_CVR_PU,91660,,inec-lga-571,,state-assembly-sc-737-og,inec-ward-6545
POLLING_UNIT,inec-pu-91661,ng-state-ogun,B.A.C. ODOPOTU,INEC_CVR_PU,91661,,inec-lga-571,,state-assembly-sc-737-og,inec-ward-6545
POLLING_UNIT,inec-pu-91662,ng-state-ogun,"PRY HEALTH CENTRE, ODO AYE",INEC_CVR_PU,91662,,inec-lga-571,,state-assembly-sc-737-og,inec-ward-6545
POLLING_UNIT,inec-pu-91663,ng-state-ogun,"FRONTAGE, HEALTH CENTRE, IGBEBA",INEC_CVR_PU,91663,,inec-lga-571,,state-assembly-sc-737-og,inec-ward-6545
POLLING_UNIT,inec-pu-91664,ng-state-ogun,OPEN SPACE AT ELERUNWON'S PALACE,INEC_CVR_PU,91664,,inec-lga-571,,state-assembly-sc-737-og,inec-ward-6545
POLLING_UNIT,inec-pu-91665,ng-state-ogun,OPEN SPACE SECRETARIAT VIA OGBOGBO,INEC_CVR_PU,91665,,inec-lga-571,,state-assembly-sc-737-og,inec-ward-6545
POLLING_UNIT,inec-pu-91666,ng-state-ogun,OGIDI HEALTH CENTRE,INEC_CVR_PU,91666,,inec-lga-571,,state-assembly-sc-737-og,inec-ward-6545
POLLING_UNIT,inec-pu-91667,ng-state-ogun,OPEN SPACE ILEFON,INEC_CVR_PU,91667,,inec-lga-571,,state-assembly-sc-737-og,inec-ward-6545
POLLING_UNIT,inec-pu-661174,ng-state-ogun,OPEN SPACE ISAKI,INEC_CVR_PU,661174,,inec-lga-571,,state-assembly-sc-737-og,inec-ward-6545
POLLING_UNIT,inec-pu-661175,ng-state-ogun,"IYANIWURA OPEN SPACE, OPP BATO CENTRE",INEC_CVR_PU,661175,,inec-lga-571,,state-assembly-sc-737-og,inec-ward-6545
WARD,inec-ward-6546,ng-state-ogun,ISOKU/OSOSA,INEC_CVR_WARD,6546,,inec-lga-572,,state-assembly-sc-735-og,
POLLING_UNIT,inec-pu-91668,ng-state-ogun,BESIDE CO-OP BUILDING,INEC_CVR_PU,91668,,inec-lga-572,,state-assembly-sc-735-og,inec-ward-6546
POLLING_UNIT,inec-pu-91669,ng-state-ogun,EMMANUEL SCHOOL I ITALUPE,INEC_CVR_PU,91669,,inec-lga-572,,state-assembly-sc-735-og,inec-ward-6546
POLLING_UNIT,inec-pu-91670,ng-state-ogun,"MOSLEM SCHOOL, ISOKU",INEC_CVR_PU,91670,,inec-lga-572,,state-assembly-sc-735-og,inec-ward-6546
POLLING_UNIT,inec-pu-91671,ng-state-ogun,FRONT OF TALABI'S HOUSE OLISA STREET I,INEC_CVR_PU,91671,,inec-lga-572,,state-assembly-sc-735-og,inec-ward-6546
POLLING_UNIT,inec-pu-91672,ng-state-ogun,IMORU ROAD JUNCTION,INEC_CVR_PU,91672,,inec-lga-572,,state-assembly-sc-735-og,inec-ward-6546
POLLING_UNIT,inec-pu-91673,ng-state-ogun,OKE-OLA ILORIN,INEC_CVR_PU,91673,,inec-lga-572,,state-assembly-sc-735-og,inec-ward-6546
POLLING_UNIT,inec-pu-91674,ng-state-ogun,EMMANUEL SCHOOL II,INEC_CVR_PU,91674,,inec-lga-572,,state-assembly-sc-735-og,inec-ward-6546
POLLING_UNIT,inec-pu-91675,ng-state-ogun,FRONT OF TALABI'S HOUSE OLISA STREET II,INEC_CVR_PU,91675,,inec-lga-572,,state-assembly-sc-735-og,inec-ward-6546
POLLING_UNIT,inec-pu-661222,ng-state-ogun,"ADJACENT A. B SUNMOLA HOUSE, IJAGUN ROAD",INEC_CVR_PU,661222,,inec-lga-572,,state-assembly-sc-735-og,inec-ward-6546
POLLING_UNIT,inec-pu-661223,ng-state-ogun,"BESIDE 3A'S HOTEL, IMORU ROAD",INEC_CVR_PU,661223,,inec-lga-572,,state-assembly-sc-735-og,inec-ward-6546
POLLING_UNIT,inec-pu-661224,ng-state-ogun,MOSLEM SCHOOL II ONDO ROAD,INEC_CVR_PU,661224,,inec-lga-572,,state-assembly-sc-735-og,inec-ward-6546
WARD,inec-ward-6547,ng-state-ogun,ODO-ESA,INEC_CVR_WARD,6547,,inec-lga-572,,state-assembly-sc-735-og,
POLLING_UNIT,inec-pu-91676,ng-state-ogun,BAPTIST DAY SCHOOL EREKO,INEC_CVR_PU,91676,,inec-lga-572,,state-assembly-sc-735-og,inec-ward-6547
POLLING_UNIT,inec-pu-91677,ng-state-ogun,FRONT OF OUR LADY'S SCHOOL,INEC_CVR_PU,91677,,inec-lga-572,,state-assembly-sc-735-og,inec-ward-6547
POLLING_UNIT,inec-pu-91678,ng-state-ogun,FRONT OF ALHAJI KUKOYI'S HOUSE,INEC_CVR_PU,91678,,inec-lga-572,,state-assembly-sc-735-og,inec-ward-6547
POLLING_UNIT,inec-pu-91679,ng-state-ogun,OPPOSITE ITAJANA MOSQUE,INEC_CVR_PU,91679,,inec-lga-572,,state-assembly-sc-735-og,inec-ward-6547
POLLING_UNIT,inec-pu-91680,ng-state-ogun,STATE HOSPITAL,INEC_CVR_PU,91680,,inec-lga-572,,state-assembly-sc-735-og,inec-ward-6547
POLLING_UNIT,inec-pu-91681,ng-state-ogun,DENTAL CENTRE,INEC_CVR_PU,91681,,inec-lga-572,,state-assembly-sc-735-og,inec-ward-6547
POLLING_UNIT,inec-pu-661187,ng-state-ogun,"BY ODO ESA PREMIER MOSQUE NEAR IDIROKO, OLISA",INEC_CVR_PU,661187,,inec-lga-572,,state-assembly-sc-735-og,inec-ward-6547
POLLING_UNIT,inec-pu-661188,ng-state-ogun,SAKA ASHIRU JUNCTION VIA MAYOMAYO,INEC_CVR_PU,661188,,inec-lga-572,,state-assembly-sc-735-og,inec-ward-6547
POLLING_UNIT,inec-pu-661189,ng-state-ogun,OPEN SPACE BY OLORUNGBEBE MOSQUE MAKALEWO,INEC_CVR_PU,661189,,inec-lga-572,,state-assembly-sc-735-og,inec-ward-6547
POLLING_UNIT,inec-pu-661190,ng-state-ogun,"JIMILEYIN JUNCTION, ADJACENT IREPODUN MOSQUE",INEC_CVR_PU,661190,,inec-lga-572,,state-assembly-sc-735-og,inec-ward-6547
POLLING_UNIT,inec-pu-661191,ng-state-ogun,OPEN SPACE AT OGUNTUGA FOUR JUNCTION,INEC_CVR_PU,661191,,inec-lga-572,,state-assembly-sc-735-og,inec-ward-6547
WARD,inec-ward-6548,ng-state-ogun,ITANTEBO,INEC_CVR_WARD,6548,,inec-lga-572,,state-assembly-sc-735-og,
POLLING_UNIT,inec-pu-91682,ng-state-ogun,MOSLEM SCHOOL ETITALE I,INEC_CVR_PU,91682,,inec-lga-572,,state-assembly-sc-735-og,inec-ward-6548
POLLING_UNIT,inec-pu-91683,ng-state-ogun,OPP. OLORITUN'S HOUSE,INEC_CVR_PU,91683,,inec-lga-572,,state-assembly-sc-735-og,inec-ward-6548
POLLING_UNIT,inec-pu-91684,ng-state-ogun,FRONT OF IGBOBURO MOSQUE,INEC_CVR_PU,91684,,inec-lga-572,,state-assembly-sc-735-og,inec-ward-6548
POLLING_UNIT,inec-pu-91685,ng-state-ogun,FRONT OF BALOGUN KUKU'S HOUSE,INEC_CVR_PU,91685,,inec-lga-572,,state-assembly-sc-735-og,inec-ward-6548
POLLING_UNIT,inec-pu-91686,ng-state-ogun,ISOKUN / ITAOGBIN JUNCTION,INEC_CVR_PU,91686,,inec-lga-572,,state-assembly-sc-735-og,inec-ward-6548
POLLING_UNIT,inec-pu-91687,ng-state-ogun,MOSELM SCHOOL ETITALE II,INEC_CVR_PU,91687,,inec-lga-572,,state-assembly-sc-735-og,inec-ward-6548
POLLING_UNIT,inec-pu-661225,ng-state-ogun,"AHMMADIAH MOVEMENT B/S, ARAROMI",INEC_CVR_PU,661225,,inec-lga-572,,state-assembly-sc-735-og,inec-ward-6548
WARD,inec-ward-6549,ng-state-ogun,IJADE / IMEPE I,INEC_CVR_WARD,6549,,inec-lga-572,,state-assembly-sc-735-og,
POLLING_UNIT,inec-pu-91688,ng-state-ogun,OLD WASIMI SCHOOL HALL,INEC_CVR_PU,91688,,inec-lga-572,,state-assembly-sc-735-og,inec-ward-6549
POLLING_UNIT,inec-pu-91689,ng-state-ogun,JOKE TAIWO PRY. SCHOOL,INEC_CVR_PU,91689,,inec-lga-572,,state-assembly-sc-735-og,inec-ward-6549
POLLING_UNIT,inec-pu-91690,ng-state-ogun,BALOGUN KUKU ROAD,INEC_CVR_PU,91690,,inec-lga-572,,state-assembly-sc-735-og,inec-ward-6549
POLLING_UNIT,inec-pu-91691,ng-state-ogun,OTUBU MEMORIAL SCHOOL,INEC_CVR_PU,91691,,inec-lga-572,,state-assembly-sc-735-og,inec-ward-6549
POLLING_UNIT,inec-pu-91692,ng-state-ogun,IYANRO MOSQUE,INEC_CVR_PU,91692,,inec-lga-572,,state-assembly-sc-735-og,inec-ward-6549
POLLING_UNIT,inec-pu-91693,ng-state-ogun,"OKE AJE, BACK OF AJAYI'S HOUSE",INEC_CVR_PU,91693,,inec-lga-572,,state-assembly-sc-735-og,inec-ward-6549
POLLING_UNIT,inec-pu-661192,ng-state-ogun,OPEN SPACE AT MOBORODE / GBELEGBUWA JUNCTION,INEC_CVR_PU,661192,,inec-lga-572,,state-assembly-sc-735-og,inec-ward-6549
POLLING_UNIT,inec-pu-661193,ng-state-ogun,OPEN SPACE AT ITAPAKURA / OLODE JUNCTION,INEC_CVR_PU,661193,,inec-lga-572,,state-assembly-sc-735-og,inec-ward-6549
WARD,inec-ward-6550,ng-state-ogun,IJADE / IMEPE II,INEC_CVR_WARD,6550,,inec-lga-572,,state-assembly-sc-735-og,
POLLING_UNIT,inec-pu-91694,ng-state-ogun,FRONT OF OLISA'S PALACE,INEC_CVR_PU,91694,,inec-lga-572,,state-assembly-sc-735-og,inec-ward-6550
POLLING_UNIT,inec-pu-91695,ng-state-ogun,OLD IJADA MARKET,INEC_CVR_PU,91695,,inec-lga-572,,state-assembly-sc-735-og,inec-ward-6550
POLLING_UNIT,inec-pu-91696,ng-state-ogun,OMOLUWABI PRY. SCHOOL IMEPE,INEC_CVR_PU,91696,,inec-lga-572,,state-assembly-sc-735-og,inec-ward-6550
POLLING_UNIT,inec-pu-91697,ng-state-ogun,MOSLEM PRY. SCH. IMEPE,INEC_CVR_PU,91697,,inec-lga-572,,state-assembly-sc-735-og,inec-ward-6550
POLLING_UNIT,inec-pu-91698,ng-state-ogun,U.N.A. PRY. SCH. IMEPE,INEC_CVR_PU,91698,,inec-lga-572,,state-assembly-sc-735-og,inec-ward-6550
POLLING_UNIT,inec-pu-91699,ng-state-ogun,ORUNSE AREA,INEC_CVR_PU,91699,,inec-lga-572,,state-assembly-sc-735-og,inec-ward-6550
POLLING_UNIT,inec-pu-91700,ng-state-ogun,IDOMOWO/IMOSE,INEC_CVR_PU,91700,,inec-lga-572,,state-assembly-sc-735-og,inec-ward-6550
POLLING_UNIT,inec-pu-91701,ng-state-ogun,WASIMI PRY SCHOOL,INEC_CVR_PU,91701,,inec-lga-572,,state-assembly-sc-735-og,inec-ward-6550
POLLING_UNIT,inec-pu-91702,ng-state-ogun,IDELE,INEC_CVR_PU,91702,,inec-lga-572,,state-assembly-sc-735-og,inec-ward-6550
POLLING_UNIT,inec-pu-91703,ng-state-ogun,AYERU/AJEGUNLE,INEC_CVR_PU,91703,,inec-lga-572,,state-assembly-sc-735-og,inec-ward-6550
POLLING_UNIT,inec-pu-91704,ng-state-ogun,IPAMUREN MOSQUE,INEC_CVR_PU,91704,,inec-lga-572,,state-assembly-sc-735-og,inec-ward-6550
POLLING_UNIT,inec-pu-91705,ng-state-ogun,"BESIDE RAMDAT HOTEL, OGUNTUGA ST I-ODE",INEC_CVR_PU,91705,,inec-lga-572,,state-assembly-sc-735-og,inec-ward-6550
POLLING_UNIT,inec-pu-661194,ng-state-ogun,OPEN SPACE AT OYA JUNCTION BY ADELAJA STR.,INEC_CVR_PU,661194,,inec-lga-572,,state-assembly-sc-735-og,inec-ward-6550
POLLING_UNIT,inec-pu-661195,ng-state-ogun,AJEGUNLE / IJADA STREET BY IYA ADAM FOOD CANTEEN,INEC_CVR_PU,661195,,inec-lga-572,,state-assembly-sc-735-og,inec-ward-6550
POLLING_UNIT,inec-pu-661196,ng-state-ogun,"OPEN SPACE BY SATINA HOTEL, OFF ONDO ROAD",INEC_CVR_PU,661196,,inec-lga-572,,state-assembly-sc-735-og,inec-ward-6550
POLLING_UNIT,inec-pu-661197,ng-state-ogun,"OPEN SPACE BY OLORUNOSUN / SATINA JUNCTION, ONDO ROAD",INEC_CVR_PU,661197,,inec-lga-572,,state-assembly-sc-735-og,inec-ward-6550
POLLING_UNIT,inec-pu-661198,ng-state-ogun,OPEN SPACE AT ORUNFE - JAGINRIN JUNCTION IMEPE,INEC_CVR_PU,661198,,inec-lga-572,,state-assembly-sc-735-og,inec-ward-6550
POLLING_UNIT,inec-pu-661199,ng-state-ogun,OPEN SPACE AT ALHAJI SODIQ STREET NEAR OLATOYE HOUSE BY CELE,INEC_CVR_PU,661199,,inec-lga-572,,state-assembly-sc-735-og,inec-ward-6550
POLLING_UNIT,inec-pu-661200,ng-state-ogun,CELE T-JUNCTION BY KOWA HOSPITAL OFF EJINRIN ROAD,INEC_CVR_PU,661200,,inec-lga-572,,state-assembly-sc-735-og,inec-ward-6550
POLLING_UNIT,inec-pu-661201,ng-state-ogun,OPEN SPACE FRONT OF BISHOP COURT EJINRIN ROAD,INEC_CVR_PU,661201,,inec-lga-572,,state-assembly-sc-735-og,inec-ward-6550
POLLING_UNIT,inec-pu-661202,ng-state-ogun,"CARTERPILLAR JUNCTION ADEFISAN ROAD, OFF EJINRIN ROAD",INEC_CVR_PU,661202,,inec-lga-572,,state-assembly-sc-735-og,inec-ward-6550
POLLING_UNIT,inec-pu-661203,ng-state-ogun,AKINTONDE PLAZA BY OYINGBO JUNCTION,INEC_CVR_PU,661203,,inec-lga-572,,state-assembly-sc-735-og,inec-ward-6550
POLLING_UNIT,inec-pu-661204,ng-state-ogun,"FRONT OF HALIDU MOSQUE, IDELE JUNCTION",INEC_CVR_PU,661204,,inec-lga-572,,state-assembly-sc-735-og,inec-ward-6550
WARD,inec-ward-6551,ng-state-ogun,POROGUN I,INEC_CVR_WARD,6551,,inec-lga-572,,state-assembly-sc-735-og,
POLLING_UNIT,inec-pu-91706,ng-state-ogun,MOSLEM COLLEGE,INEC_CVR_PU,91706,,inec-lga-572,,state-assembly-sc-735-og,inec-ward-6551
POLLING_UNIT,inec-pu-91707,ng-state-ogun,OPPOSITE APELOKO,INEC_CVR_PU,91707,,inec-lga-572,,state-assembly-sc-735-og,inec-ward-6551
POLLING_UNIT,inec-pu-91708,ng-state-ogun,"OPPOSITE L.G. WORKS DEPT,",INEC_CVR_PU,91708,,inec-lga-572,,state-assembly-sc-735-og,inec-ward-6551
POLLING_UNIT,inec-pu-91709,ng-state-ogun,BESIDE ISASA MOSQUE,INEC_CVR_PU,91709,,inec-lga-572,,state-assembly-sc-735-og,inec-ward-6551
POLLING_UNIT,inec-pu-91710,ng-state-ogun,CHRIST CHURCH SCHOOL MOLODE,INEC_CVR_PU,91710,,inec-lga-572,,state-assembly-sc-735-og,inec-ward-6551
POLLING_UNIT,inec-pu-91711,ng-state-ogun,AYEGBAMI WASIMI JUNCTION,INEC_CVR_PU,91711,,inec-lga-572,,state-assembly-sc-735-og,inec-ward-6551
POLLING_UNIT,inec-pu-91712,ng-state-ogun,OJOFA/ALAPO JUNCTION,INEC_CVR_PU,91712,,inec-lga-572,,state-assembly-sc-735-og,inec-ward-6551
POLLING_UNIT,inec-pu-91713,ng-state-ogun,MOBEGELU ST. (INFRONT OLOWU'S HOUSE),INEC_CVR_PU,91713,,inec-lga-572,,state-assembly-sc-735-og,inec-ward-6551
POLLING_UNIT,inec-pu-91714,ng-state-ogun,ADEOLA ODUTOLA COLLEGE,INEC_CVR_PU,91714,,inec-lga-572,,state-assembly-sc-735-og,inec-ward-6551
POLLING_UNIT,inec-pu-91715,ng-state-ogun,LOCAL GOVT. MATERNITY CENTRE,INEC_CVR_PU,91715,,inec-lga-572,,state-assembly-sc-735-og,inec-ward-6551
POLLING_UNIT,inec-pu-661234,ng-state-ogun,FIDIPOTE ADEOLA JUNCTION,INEC_CVR_PU,661234,,inec-lga-572,,state-assembly-sc-735-og,inec-ward-6551
POLLING_UNIT,inec-pu-661235,ng-state-ogun,OPEN SPACE AT AYEGBAMI ABASS STREET JUNCTION,INEC_CVR_PU,661235,,inec-lga-572,,state-assembly-sc-735-og,inec-ward-6551
POLLING_UNIT,inec-pu-661236,ng-state-ogun,OPEN SPACE AT MUKEKE JUNCTION BY MOSLEM COLLEGE ROAD,INEC_CVR_PU,661236,,inec-lga-572,,state-assembly-sc-735-og,inec-ward-6551
POLLING_UNIT,inec-pu-661237,ng-state-ogun,"OPEN SPACE AT MIDDLE OF KAKA STREET, TANIMOLA JUNCTION",INEC_CVR_PU,661237,,inec-lga-572,,state-assembly-sc-735-og,inec-ward-6551
POLLING_UNIT,inec-pu-661238,ng-state-ogun,"MOSLEM PRIMARY SCHOOL, MOLODE",INEC_CVR_PU,661238,,inec-lga-572,,state-assembly-sc-735-og,inec-ward-6551
POLLING_UNIT,inec-pu-661239,ng-state-ogun,"OPEN SPACE AGBAJE JUNCTION, BY TRANSFORMER",INEC_CVR_PU,661239,,inec-lga-572,,state-assembly-sc-735-og,inec-ward-6551
POLLING_UNIT,inec-pu-661240,ng-state-ogun,"OPEN SPACE AT ALEBIOSU STREET, DUPMOS JUNCTION",INEC_CVR_PU,661240,,inec-lga-572,,state-assembly-sc-735-og,inec-ward-6551
WARD,inec-ward-6552,ng-state-ogun,POROGUN II,INEC_CVR_WARD,6552,,inec-lga-572,,state-assembly-sc-735-og,
POLLING_UNIT,inec-pu-91716,ng-state-ogun,FRONT OF BABOOBA HOUSE,INEC_CVR_PU,91716,,inec-lga-572,,state-assembly-sc-735-og,inec-ward-6552
POLLING_UNIT,inec-pu-91717,ng-state-ogun,IJEBU-ODE GRAMMAR SCHOOL,INEC_CVR_PU,91717,,inec-lga-572,,state-assembly-sc-735-og,inec-ward-6552
POLLING_UNIT,inec-pu-91718,ng-state-ogun,"CHRIST CHURCH SCH., POROGUN",INEC_CVR_PU,91718,,inec-lga-572,,state-assembly-sc-735-og,inec-ward-6552
POLLING_UNIT,inec-pu-91719,ng-state-ogun,A.G.G.S. OBALENDE,INEC_CVR_PU,91719,,inec-lga-572,,state-assembly-sc-735-og,inec-ward-6552
POLLING_UNIT,inec-pu-91720,ng-state-ogun,ABEOKUTA ROAD FRONT OF ALOWOLODU,INEC_CVR_PU,91720,,inec-lga-572,,state-assembly-sc-735-og,inec-ward-6552
POLLING_UNIT,inec-pu-91721,ng-state-ogun,OGBAGBA STREET (MIDDLE FRONT OF ALOWONLE),INEC_CVR_PU,91721,,inec-lga-572,,state-assembly-sc-735-og,inec-ward-6552
POLLING_UNIT,inec-pu-91722,ng-state-ogun,ITALAPO MOSQUE,INEC_CVR_PU,91722,,inec-lga-572,,state-assembly-sc-735-og,inec-ward-6552
POLLING_UNIT,inec-pu-91723,ng-state-ogun,"MIDDLE ALAPO STREET, (INFRONT OF MOSQUE)",INEC_CVR_PU,91723,,inec-lga-572,,state-assembly-sc-735-og,inec-ward-6552
POLLING_UNIT,inec-pu-91724,ng-state-ogun,ABEOKUTA RD (INFRONT OF OLUFOWOBI'S HOUSE),INEC_CVR_PU,91724,,inec-lga-572,,state-assembly-sc-735-og,inec-ward-6552
POLLING_UNIT,inec-pu-661241,ng-state-ogun,FISIGBOYE - EHINDIN JUNCTION BY IJEBU-ODE LOCAL GOVERNMENT SECRETARIAT,INEC_CVR_PU,661241,,inec-lga-572,,state-assembly-sc-735-og,inec-ward-6552
POLLING_UNIT,inec-pu-661242,ng-state-ogun,OPEN SPACE AT ALATISHE MOSQUE BY TOTAL FILLING STATION,INEC_CVR_PU,661242,,inec-lga-572,,state-assembly-sc-735-og,inec-ward-6552
POLLING_UNIT,inec-pu-661243,ng-state-ogun,"DEGUN JUNCTION, OBALENDE",INEC_CVR_PU,661243,,inec-lga-572,,state-assembly-sc-735-og,inec-ward-6552
POLLING_UNIT,inec-pu-661244,ng-state-ogun,OPEN SPACE BESIDE OBALENDE POLICE STATION,INEC_CVR_PU,661244,,inec-lga-572,,state-assembly-sc-735-og,inec-ward-6552
POLLING_UNIT,inec-pu-661245,ng-state-ogun,"OPEN SPACE BY OGUNBULE JUNCTION, OLORUNSOGO",INEC_CVR_PU,661245,,inec-lga-572,,state-assembly-sc-735-og,inec-ward-6552
POLLING_UNIT,inec-pu-661246,ng-state-ogun,OPEN SPACE LEWU JUNCTION BESIDE SEICO HOUSE,INEC_CVR_PU,661246,,inec-lga-572,,state-assembly-sc-735-og,inec-ward-6552
POLLING_UNIT,inec-pu-661247,ng-state-ogun,"OMOSANYA OLAONIPEKUN JUNCTION, OFF DEGUN",INEC_CVR_PU,661247,,inec-lga-572,,state-assembly-sc-735-og,inec-ward-6552
POLLING_UNIT,inec-pu-661248,ng-state-ogun,"FIDIPOTE JUNCTION, OFF FUSIGBOYE ROAD",INEC_CVR_PU,661248,,inec-lga-572,,state-assembly-sc-735-og,inec-ward-6552
POLLING_UNIT,inec-pu-661249,ng-state-ogun,OPEN SPACE AT ALAFIA / JAURA CHURCH JUNCTION,INEC_CVR_PU,661249,,inec-lga-572,,state-assembly-sc-735-og,inec-ward-6552
WARD,inec-ward-6553,ng-state-ogun,IJASI/ IDEPO,INEC_CVR_WARD,6553,,inec-lga-572,,state-assembly-sc-735-og,
POLLING_UNIT,inec-pu-91725,ng-state-ogun,OUR SAVIOUR'S PRY. SCHOOL,INEC_CVR_PU,91725,,inec-lga-572,,state-assembly-sc-735-og,inec-ward-6553
POLLING_UNIT,inec-pu-91726,ng-state-ogun,FRONT OF BATA SHOP,INEC_CVR_PU,91726,,inec-lga-572,,state-assembly-sc-735-og,inec-ward-6553
POLLING_UNIT,inec-pu-91727,ng-state-ogun,WESLEY SCHOOL,INEC_CVR_PU,91727,,inec-lga-572,,state-assembly-sc-735-og,inec-ward-6553
POLLING_UNIT,inec-pu-91728,ng-state-ogun,C.A.C. SCHOOL DEGUN,INEC_CVR_PU,91728,,inec-lga-572,,state-assembly-sc-735-og,inec-ward-6553
POLLING_UNIT,inec-pu-91729,ng-state-ogun,IDEPO JUNCTION,INEC_CVR_PU,91729,,inec-lga-572,,state-assembly-sc-735-og,inec-ward-6553
POLLING_UNIT,inec-pu-91730,ng-state-ogun,ARAROMI/ILORO JUNCTION,INEC_CVR_PU,91730,,inec-lga-572,,state-assembly-sc-735-og,inec-ward-6553
POLLING_UNIT,inec-pu-91731,ng-state-ogun,ODUTOLA ST. (BESIDE ODUPELE STREET),INEC_CVR_PU,91731,,inec-lga-572,,state-assembly-sc-735-og,inec-ward-6553
POLLING_UNIT,inec-pu-91732,ng-state-ogun,MOLIPA (INFRONT OGO-OLUWA BAKERY),INEC_CVR_PU,91732,,inec-lga-572,,state-assembly-sc-735-og,inec-ward-6553
POLLING_UNIT,inec-pu-91733,ng-state-ogun,MOLIPA HIGH SCHOOL,INEC_CVR_PU,91733,,inec-lga-572,,state-assembly-sc-735-og,inec-ward-6553
POLLING_UNIT,inec-pu-91734,ng-state-ogun,ODUPELE / OGUNYOKU JUNCTION,INEC_CVR_PU,91734,,inec-lga-572,,state-assembly-sc-735-og,inec-ward-6553
POLLING_UNIT,inec-pu-91735,ng-state-ogun,OSIMORE JUNCTION,INEC_CVR_PU,91735,,inec-lga-572,,state-assembly-sc-735-og,inec-ward-6553
POLLING_UNIT,inec-pu-661205,ng-state-ogun,"OPEN SPACE BY KENNY BLOCK INDUSTRY, ILAMO AREA",INEC_CVR_PU,661205,,inec-lga-572,,state-assembly-sc-735-og,inec-ward-6553
POLLING_UNIT,inec-pu-661206,ng-state-ogun,OPEN SPACE BY AJIROBA HOUSE,INEC_CVR_PU,661206,,inec-lga-572,,state-assembly-sc-735-og,inec-ward-6553
POLLING_UNIT,inec-pu-661207,ng-state-ogun,OPEN SPACE AT AWOYEMI JUNCTION,INEC_CVR_PU,661207,,inec-lga-572,,state-assembly-sc-735-og,inec-ward-6553
POLLING_UNIT,inec-pu-661208,ng-state-ogun,OPEN SPACE AT ALAIYEPE OLUGBILE JUNCTION MOLIPA,INEC_CVR_PU,661208,,inec-lga-572,,state-assembly-sc-735-og,inec-ward-6553
POLLING_UNIT,inec-pu-661209,ng-state-ogun,OLD EPIC SCHOOL / CELE CHURCH JUNCTION BEHIND PRIME HOTEL,INEC_CVR_PU,661209,,inec-lga-572,,state-assembly-sc-735-og,inec-ward-6553
POLLING_UNIT,inec-pu-661210,ng-state-ogun,OPEN SPACE BY FOUR NUMBER JUNCTION MOLIPA ROAD,INEC_CVR_PU,661210,,inec-lga-572,,state-assembly-sc-735-og,inec-ward-6553
POLLING_UNIT,inec-pu-661211,ng-state-ogun,OPEN SPACE AT DEGUN JUNCTION BY ONALAJA STREET OFF FOLAGBADE ROAD,INEC_CVR_PU,661211,,inec-lga-572,,state-assembly-sc-735-og,inec-ward-6553
POLLING_UNIT,inec-pu-661212,ng-state-ogun,"OPEN SPACE BY OGUNBA-OLASUNBO JUNCTION, OFF FOLAGBADE ROAD",INEC_CVR_PU,661212,,inec-lga-572,,state-assembly-sc-735-og,inec-ward-6553
POLLING_UNIT,inec-pu-661213,ng-state-ogun,"OPEN SPACE BY ZIPEST FILLING STATION , OPPOSITE SOYE, MOSQUE.",INEC_CVR_PU,661213,,inec-lga-572,,state-assembly-sc-735-og,inec-ward-6553
POLLING_UNIT,inec-pu-661214,ng-state-ogun,"AYESAN MARKET GATE, AYESAN AREA",INEC_CVR_PU,661214,,inec-lga-572,,state-assembly-sc-735-og,inec-ward-6553
POLLING_UNIT,inec-pu-661215,ng-state-ogun,AWOYELU-JOGBO HEALTH CENTRE,INEC_CVR_PU,661215,,inec-lga-572,,state-assembly-sc-735-og,inec-ward-6553
POLLING_UNIT,inec-pu-661216,ng-state-ogun,OPEN SPACE AT LEKUTI OKE JUNCTION,INEC_CVR_PU,661216,,inec-lga-572,,state-assembly-sc-735-og,inec-ward-6553
POLLING_UNIT,inec-pu-661217,ng-state-ogun,OPEN SPACE OPPOSITE MAHDIYAT MOSQUE IDEPO STREET,INEC_CVR_PU,661217,,inec-lga-572,,state-assembly-sc-735-og,inec-ward-6553
POLLING_UNIT,inec-pu-661218,ng-state-ogun,"OPEN SPACE FRONT OF OGUN STATE TELEVISION, IJEBU ODE",INEC_CVR_PU,661218,,inec-lga-572,,state-assembly-sc-735-og,inec-ward-6553
POLLING_UNIT,inec-pu-661219,ng-state-ogun,"OPEN SPACE AT OSIFESO/ODUTOLA STREET, IJEBU ODE",INEC_CVR_PU,661219,,inec-lga-572,,state-assembly-sc-735-og,inec-ward-6553
POLLING_UNIT,inec-pu-661220,ng-state-ogun,"C. A. C. SCHOOL, DEGUN (2)",INEC_CVR_PU,661220,,inec-lga-572,,state-assembly-sc-735-og,inec-ward-6553
POLLING_UNIT,inec-pu-661221,ng-state-ogun,C.A.C CHURCH BY POST OFFICE / C.M.S BOOKSHOP FOLAGBADE,INEC_CVR_PU,661221,,inec-lga-572,,state-assembly-sc-735-og,inec-ward-6553
WARD,inec-ward-6554,ng-state-ogun,ODO-EGBO/OLIWORO,INEC_CVR_WARD,6554,,inec-lga-572,,state-assembly-sc-735-og,
POLLING_UNIT,inec-pu-91736,ng-state-ogun,ST. AUGUSTINE CATHOLIC SCHOOL,INEC_CVR_PU,91736,,inec-lga-572,,state-assembly-sc-735-og,inec-ward-6554
POLLING_UNIT,inec-pu-91737,ng-state-ogun,"A.U.D. PRY. SCH. I, BONOJO",INEC_CVR_PU,91737,,inec-lga-572,,state-assembly-sc-735-og,inec-ward-6554
POLLING_UNIT,inec-pu-91738,ng-state-ogun,A.U.D. PRY. SCH. II ONIRUGBA,INEC_CVR_PU,91738,,inec-lga-572,,state-assembly-sc-735-og,inec-ward-6554
POLLING_UNIT,inec-pu-91739,ng-state-ogun,"GOVT., TECHNICAL COLLEGE",INEC_CVR_PU,91739,,inec-lga-572,,state-assembly-sc-735-og,inec-ward-6554
POLLING_UNIT,inec-pu-91740,ng-state-ogun,EZEKIEL AWOYELU JUNCTION,INEC_CVR_PU,91740,,inec-lga-572,,state-assembly-sc-735-og,inec-ward-6554
POLLING_UNIT,inec-pu-91741,ng-state-ogun,BESIDE IJEBU-ODE STADIUM,INEC_CVR_PU,91741,,inec-lga-572,,state-assembly-sc-735-og,inec-ward-6554
POLLING_UNIT,inec-pu-91742,ng-state-ogun,TASUED SECONDARY SCH IGBEBA,INEC_CVR_PU,91742,,inec-lga-572,,state-assembly-sc-735-og,inec-ward-6554
POLLING_UNIT,inec-pu-91743,ng-state-ogun,OLD ODO EGBO MARKET,INEC_CVR_PU,91743,,inec-lga-572,,state-assembly-sc-735-og,inec-ward-6554
POLLING_UNIT,inec-pu-91744,ng-state-ogun,AHMADIYA MOSQUE,INEC_CVR_PU,91744,,inec-lga-572,,state-assembly-sc-735-og,inec-ward-6554
POLLING_UNIT,inec-pu-91745,ng-state-ogun,K. MANSION,INEC_CVR_PU,91745,,inec-lga-572,,state-assembly-sc-735-og,inec-ward-6554
POLLING_UNIT,inec-pu-91746,ng-state-ogun,IGBEBA / ELEBUTE JUNCTION,INEC_CVR_PU,91746,,inec-lga-572,,state-assembly-sc-735-og,inec-ward-6554
POLLING_UNIT,inec-pu-91747,ng-state-ogun,BONOJO / ODUTOLA STREET,INEC_CVR_PU,91747,,inec-lga-572,,state-assembly-sc-735-og,inec-ward-6554
POLLING_UNIT,inec-pu-91748,ng-state-ogun,GRA OFF AWUJALE STREET (MIDDLE),INEC_CVR_PU,91748,,inec-lga-572,,state-assembly-sc-735-og,inec-ward-6554
POLLING_UNIT,inec-pu-661226,ng-state-ogun,END OF BONOJO ELERUKU,INEC_CVR_PU,661226,,inec-lga-572,,state-assembly-sc-735-og,inec-ward-6554
POLLING_UNIT,inec-pu-661227,ng-state-ogun,OLUFOWOBI BY BONOJO FOUR JUNCTION,INEC_CVR_PU,661227,,inec-lga-572,,state-assembly-sc-735-og,inec-ward-6554
POLLING_UNIT,inec-pu-661228,ng-state-ogun,MAHDIYAT PRIMARY SCHOOL,INEC_CVR_PU,661228,,inec-lga-572,,state-assembly-sc-735-og,inec-ward-6554
POLLING_UNIT,inec-pu-661229,ng-state-ogun,"ADEBEN PLACE HOTEL JUNCTION, IGBEBA",INEC_CVR_PU,661229,,inec-lga-572,,state-assembly-sc-735-og,inec-ward-6554
POLLING_UNIT,inec-pu-661230,ng-state-ogun,"V.I.O CENTRE, ERUNWON ROAD",INEC_CVR_PU,661230,,inec-lga-572,,state-assembly-sc-735-og,inec-ward-6554
POLLING_UNIT,inec-pu-661231,ng-state-ogun,LUBA COMPREHENSIVE SCHOOL OFF ERUNWON ROAD,INEC_CVR_PU,661231,,inec-lga-572,,state-assembly-sc-735-og,inec-ward-6554
POLLING_UNIT,inec-pu-661232,ng-state-ogun,"OPEN SPACE INFRONT OF EID PRAYING GROUND, IDOBI",INEC_CVR_PU,661232,,inec-lga-572,,state-assembly-sc-735-og,inec-ward-6554
POLLING_UNIT,inec-pu-661233,ng-state-ogun,OPEN SPACE AT NEW ROAD BY ALAFIA JUNCTION / AKINIGANYIN,INEC_CVR_PU,661233,,inec-lga-572,,state-assembly-sc-735-og,inec-ward-6554
WARD,inec-ward-6555,ng-state-ogun,ISIWO,INEC_CVR_WARD,6555,,inec-lga-572,,state-assembly-sc-735-og,
POLLING_UNIT,inec-pu-91749,ng-state-ogun,CHRIST CHURCH PRY. SCHOOL - ISIWO,INEC_CVR_PU,91749,,inec-lga-572,,state-assembly-sc-735-og,inec-ward-6555
POLLING_UNIT,inec-pu-91750,ng-state-ogun,AYETEJU MATERNITY,INEC_CVR_PU,91750,,inec-lga-572,,state-assembly-sc-735-og,inec-ward-6555
POLLING_UNIT,inec-pu-91751,ng-state-ogun,ODO/ASONYIN PRY. SCH.,INEC_CVR_PU,91751,,inec-lga-572,,state-assembly-sc-735-og,inec-ward-6555
POLLING_UNIT,inec-pu-91752,ng-state-ogun,OKELISA (OPPOSITE NEW MOSQUE),INEC_CVR_PU,91752,,inec-lga-572,,state-assembly-sc-735-og,inec-ward-6555
POLLING_UNIT,inec-pu-91753,ng-state-ogun,ODO LOFA,INEC_CVR_PU,91753,,inec-lga-572,,state-assembly-sc-735-og,inec-ward-6555
POLLING_UNIT,inec-pu-91754,ng-state-ogun,ST. PARTICK SCHOOL ISIWO,INEC_CVR_PU,91754,,inec-lga-572,,state-assembly-sc-735-og,inec-ward-6555
POLLING_UNIT,inec-pu-91755,ng-state-ogun,"ANSARUDEEN HIGH SCH, ISIWO",INEC_CVR_PU,91755,,inec-lga-572,,state-assembly-sc-735-og,inec-ward-6555
WARD,inec-ward-6556,ng-state-ogun,ITAMAPAKO,INEC_CVR_WARD,6556,,inec-lga-572,,state-assembly-sc-735-og,
POLLING_UNIT,inec-pu-91756,ng-state-ogun,ST. ALLOYSIOUS SCH. ILOTI,INEC_CVR_PU,91756,,inec-lga-572,,state-assembly-sc-735-og,inec-ward-6556
POLLING_UNIT,inec-pu-91757,ng-state-ogun,ODOSENGOLU,INEC_CVR_PU,91757,,inec-lga-572,,state-assembly-sc-735-og,inec-ward-6556
POLLING_UNIT,inec-pu-91758,ng-state-ogun,ODO-ARAWA MARKET,INEC_CVR_PU,91758,,inec-lga-572,,state-assembly-sc-735-og,inec-ward-6556
POLLING_UNIT,inec-pu-91759,ng-state-ogun,OKENLA TOMOBA PRY. SCH.,INEC_CVR_PU,91759,,inec-lga-572,,state-assembly-sc-735-og,inec-ward-6556
POLLING_UNIT,inec-pu-91760,ng-state-ogun,LOCAL GOVERNMENT SCHOOL IDALE,INEC_CVR_PU,91760,,inec-lga-572,,state-assembly-sc-735-og,inec-ward-6556
POLLING_UNIT,inec-pu-91761,ng-state-ogun,ST. JOSEPH ODONOKO,INEC_CVR_PU,91761,,inec-lga-572,,state-assembly-sc-735-og,inec-ward-6556
POLLING_UNIT,inec-pu-91762,ng-state-ogun,"ST. JOSEPH SCHOOL JUNCTION, ODOLEWU",INEC_CVR_PU,91762,,inec-lga-572,,state-assembly-sc-735-og,inec-ward-6556
POLLING_UNIT,inec-pu-91763,ng-state-ogun,OKE-AKO,INEC_CVR_PU,91763,,inec-lga-572,,state-assembly-sc-735-og,inec-ward-6556
POLLING_UNIT,inec-pu-91764,ng-state-ogun,"ST. ANNE'S SCHOOL, IRAWO",INEC_CVR_PU,91764,,inec-lga-572,,state-assembly-sc-735-og,inec-ward-6556
POLLING_UNIT,inec-pu-91765,ng-state-ogun,TOMOBA VILLAGE,INEC_CVR_PU,91765,,inec-lga-572,,state-assembly-sc-735-og,inec-ward-6556
WARD,inec-ward-6557,ng-state-ogun,IKENNE I,INEC_CVR_WARD,6557,,inec-lga-573,,state-assembly-sc-740-og,
POLLING_UNIT,inec-pu-91766,ng-state-ogun,"CUSTOMARY COURT , IKENNE",INEC_CVR_PU,91766,,inec-lga-573,,state-assembly-sc-740-og,inec-ward-6557
POLLING_UNIT,inec-pu-91767,ng-state-ogun,A.U.D. PRIMARY SCHOOL IKENNE,INEC_CVR_PU,91767,,inec-lga-573,,state-assembly-sc-740-og,inec-ward-6557
POLLING_UNIT,inec-pu-91768,ng-state-ogun,"ETI-OBU QUARTERS EGUNREGE , IKENNE",INEC_CVR_PU,91768,,inec-lga-573,,state-assembly-sc-740-og,inec-ward-6557
POLLING_UNIT,inec-pu-91769,ng-state-ogun,"ABIYI - OLOWO, IKENNE",INEC_CVR_PU,91769,,inec-lga-573,,state-assembly-sc-740-og,inec-ward-6557
POLLING_UNIT,inec-pu-91770,ng-state-ogun,"MOKO STREET, IKENNE",INEC_CVR_PU,91770,,inec-lga-573,,state-assembly-sc-740-og,inec-ward-6557
POLLING_UNIT,inec-pu-91771,ng-state-ogun,"ETI, OBU QUARTERS (AKINDOYIN)",INEC_CVR_PU,91771,,inec-lga-573,,state-assembly-sc-740-og,inec-ward-6557
POLLING_UNIT,inec-pu-91772,ng-state-ogun,IDOMOLE SQUARE,INEC_CVR_PU,91772,,inec-lga-573,,state-assembly-sc-740-og,inec-ward-6557
POLLING_UNIT,inec-pu-91773,ng-state-ogun,MORO STREET,INEC_CVR_PU,91773,,inec-lga-573,,state-assembly-sc-740-og,inec-ward-6557
POLLING_UNIT,inec-pu-91774,ng-state-ogun,OPEN SPACE AT OPATEDO YEYE ODUDUWA STREET,INEC_CVR_PU,91774,,inec-lga-573,,state-assembly-sc-740-og,inec-ward-6557
POLLING_UNIT,inec-pu-91775,ng-state-ogun,OBAFEMI AWOLOWO PRY. SCHOOL,INEC_CVR_PU,91775,,inec-lga-573,,state-assembly-sc-740-og,inec-ward-6557
POLLING_UNIT,inec-pu-91776,ng-state-ogun,"OPEN SPACE AT AYEPE JUNCTION, YAWA IKENNE",INEC_CVR_PU,91776,,inec-lga-573,,state-assembly-sc-740-og,inec-ward-6557
POLLING_UNIT,inec-pu-661250,ng-state-ogun,"OPEN SPACE AT MUSLIM MODERN COLLEGE, IKENNE",INEC_CVR_PU,661250,,inec-lga-573,,state-assembly-sc-740-og,inec-ward-6557
POLLING_UNIT,inec-pu-661251,ng-state-ogun,"OPEN SPACE KEHINDE SOFOLA STR,IKENNE",INEC_CVR_PU,661251,,inec-lga-573,,state-assembly-sc-740-og,inec-ward-6557
POLLING_UNIT,inec-pu-661252,ng-state-ogun,"OPEN SPACE UNDER COLANUT TREE,AWOLOWO ROAD, EGUNREGE, IKENNE",INEC_CVR_PU,661252,,inec-lga-573,,state-assembly-sc-740-og,inec-ward-6557
POLLING_UNIT,inec-pu-661253,ng-state-ogun,"OPEN SPACE AT ITUN-KIJA STREET, ADJACENT ITUN+MORO STREET, IKENNE",INEC_CVR_PU,661253,,inec-lga-573,,state-assembly-sc-740-og,inec-ward-6557
POLLING_UNIT,inec-pu-661254,ng-state-ogun,"OPEN SPACE BESIDE THE TRANSFORMER, MORO STREET, IKENNE",INEC_CVR_PU,661254,,inec-lga-573,,state-assembly-sc-740-og,inec-ward-6557
POLLING_UNIT,inec-pu-661255,ng-state-ogun,"OPEN SPACE AT AKINDOYIN JUNCTION,OPPOSITE IKENNE MARKET.",INEC_CVR_PU,661255,,inec-lga-573,,state-assembly-sc-740-og,inec-ward-6557
POLLING_UNIT,inec-pu-661256,ng-state-ogun,"OPEN SPACE INFRONT OF ISOLATION CENTRE, IKENNE",INEC_CVR_PU,661256,,inec-lga-573,,state-assembly-sc-740-og,inec-ward-6557
POLLING_UNIT,inec-pu-661257,ng-state-ogun,"OPEN SPACE AT THE JUNCTION OF DOWN TOWN OF OLAJIDE SODIPE/BEST WAY STREET, IKENNE",INEC_CVR_PU,661257,,inec-lga-573,,state-assembly-sc-740-og,inec-ward-6557
WARD,inec-ward-6558,ng-state-ogun,IKENNE II,INEC_CVR_WARD,6558,,inec-lga-573,,state-assembly-sc-740-og,
POLLING_UNIT,inec-pu-91777,ng-state-ogun,IKENNE TOWN HALL,INEC_CVR_PU,91777,,inec-lga-573,,state-assembly-sc-740-og,inec-ward-6558
POLLING_UNIT,inec-pu-91778,ng-state-ogun,"WESLEY PRY SCHOOL, IKENNE",INEC_CVR_PU,91778,,inec-lga-573,,state-assembly-sc-740-og,inec-ward-6558
POLLING_UNIT,inec-pu-91779,ng-state-ogun,"ETI-OBU QUARTERS, ISOKAN-OLD-ILISAN ROAD, IKENNE",INEC_CVR_PU,91779,,inec-lga-573,,state-assembly-sc-740-og,inec-ward-6558
POLLING_UNIT,inec-pu-91780,ng-state-ogun,"ABUJI-OLOWO , IKENNE",INEC_CVR_PU,91780,,inec-lga-573,,state-assembly-sc-740-og,inec-ward-6558
POLLING_UNIT,inec-pu-91781,ng-state-ogun,REMO PLANTATION,INEC_CVR_PU,91781,,inec-lga-573,,state-assembly-sc-740-og,inec-ward-6558
POLLING_UNIT,inec-pu-91782,ng-state-ogun,ETI-OBU QUARTERS MESE,INEC_CVR_PU,91782,,inec-lga-573,,state-assembly-sc-740-og,inec-ward-6558
POLLING_UNIT,inec-pu-91783,ng-state-ogun,ITUN MOKO II,INEC_CVR_PU,91783,,inec-lga-573,,state-assembly-sc-740-og,inec-ward-6558
POLLING_UNIT,inec-pu-91784,ng-state-ogun,"OPEN SPACE FRONT OF MAYFLOWER SCHL, ITA-OYILA AREA",INEC_CVR_PU,91784,,inec-lga-573,,state-assembly-sc-740-og,inec-ward-6558
POLLING_UNIT,inec-pu-91785,ng-state-ogun,COMMUNITY HIGH SCHOOL IKENNE,INEC_CVR_PU,91785,,inec-lga-573,,state-assembly-sc-740-og,inec-ward-6558
POLLING_UNIT,inec-pu-91786,ng-state-ogun,"OPEN SPACE AT CHRIST APOSTOLIC CHURCH OKE-IGBALA ROAD, IKENNE",INEC_CVR_PU,91786,,inec-lga-573,,state-assembly-sc-740-og,inec-ward-6558
POLLING_UNIT,inec-pu-91787,ng-state-ogun,OKE MAGBON JUNCTION IKENNE,INEC_CVR_PU,91787,,inec-lga-573,,state-assembly-sc-740-og,inec-ward-6558
POLLING_UNIT,inec-pu-91788,ng-state-ogun,ITUN EPE IKENNE,INEC_CVR_PU,91788,,inec-lga-573,,state-assembly-sc-740-og,inec-ward-6558
POLLING_UNIT,inec-pu-661258,ng-state-ogun,"OPEN SPACE AT AWOKOYA MEDUBULE STREET OFF FAJEBE STREET, IKENNE",INEC_CVR_PU,661258,,inec-lga-573,,state-assembly-sc-740-og,inec-ward-6558
POLLING_UNIT,inec-pu-661259,ng-state-ogun,"INFRONT OF O AND A ACADEMY SCH, IKENNE",INEC_CVR_PU,661259,,inec-lga-573,,state-assembly-sc-740-og,inec-ward-6558
POLLING_UNIT,inec-pu-661260,ng-state-ogun,OPEN SPACE AT EGAN TOWN JUNCTION ALONG ODOGBOLU/IKENNE ROAD,INEC_CVR_PU,661260,,inec-lga-573,,state-assembly-sc-740-og,inec-ward-6558
POLLING_UNIT,inec-pu-661261,ng-state-ogun,"OPEN SPACE AT AWOLESI JUNCTION, IKENNE",INEC_CVR_PU,661261,,inec-lga-573,,state-assembly-sc-740-og,inec-ward-6558
POLLING_UNIT,inec-pu-661262,ng-state-ogun,"UNITED HIGH SCHOOL,IKENNE",INEC_CVR_PU,661262,,inec-lga-573,,state-assembly-sc-740-og,inec-ward-6558
WARD,inec-ward-6559,ng-state-ogun,IPERU I,INEC_CVR_WARD,6559,,inec-lga-573,,state-assembly-sc-740-og,
POLLING_UNIT,inec-pu-91789,ng-state-ogun,AFRICAN-BETHEL PRY. SCHOOL,INEC_CVR_PU,91789,,inec-lga-573,,state-assembly-sc-740-og,inec-ward-6559
POLLING_UNIT,inec-pu-91790,ng-state-ogun,"ITA OSANYIN, IPERU",INEC_CVR_PU,91790,,inec-lga-573,,state-assembly-sc-740-og,inec-ward-6559
POLLING_UNIT,inec-pu-91791,ng-state-ogun,"IREGUN STREET, IPERU",INEC_CVR_PU,91791,,inec-lga-573,,state-assembly-sc-740-og,inec-ward-6559
POLLING_UNIT,inec-pu-91792,ng-state-ogun,"ITA OLOKU, IPERU",INEC_CVR_PU,91792,,inec-lga-573,,state-assembly-sc-740-og,inec-ward-6559
POLLING_UNIT,inec-pu-91793,ng-state-ogun,"AYEGBAMI STREET, IPERU",INEC_CVR_PU,91793,,inec-lga-573,,state-assembly-sc-740-og,inec-ward-6559
POLLING_UNIT,inec-pu-91794,ng-state-ogun,"IMOSAN STREET, IPERU",INEC_CVR_PU,91794,,inec-lga-573,,state-assembly-sc-740-og,inec-ward-6559
POLLING_UNIT,inec-pu-661275,ng-state-ogun,"OPEN SPACE AT ITA-AGAN STREET,IPERU",INEC_CVR_PU,661275,,inec-lga-573,,state-assembly-sc-740-og,inec-ward-6559
POLLING_UNIT,inec-pu-661276,ng-state-ogun,"OPEN SPACE AT OLURE STREET, IPERU",INEC_CVR_PU,661276,,inec-lga-573,,state-assembly-sc-740-og,inec-ward-6559
POLLING_UNIT,inec-pu-661277,ng-state-ogun,"OPEN SPACE AT JUNTION OF ORIGBEMIDELE/ARAROMI STREET, IPERU",INEC_CVR_PU,661277,,inec-lga-573,,state-assembly-sc-740-og,inec-ward-6559
WARD,inec-ward-6560,ng-state-ogun,IPERU II,INEC_CVR_WARD,6560,,inec-lga-573,,state-assembly-sc-740-og,
POLLING_UNIT,inec-pu-91795,ng-state-ogun,"ITA-TISA, IPERU",INEC_CVR_PU,91795,,inec-lga-573,,state-assembly-sc-740-og,inec-ward-6560
POLLING_UNIT,inec-pu-91796,ng-state-ogun,SALVATION ARMY SCHOOL IPERU,INEC_CVR_PU,91796,,inec-lga-573,,state-assembly-sc-740-og,inec-ward-6560
POLLING_UNIT,inec-pu-91797,ng-state-ogun,"JALUGBA SQUARE, IPERU",INEC_CVR_PU,91797,,inec-lga-573,,state-assembly-sc-740-og,inec-ward-6560
POLLING_UNIT,inec-pu-91798,ng-state-ogun,"IBU ROAD, IPERU",INEC_CVR_PU,91798,,inec-lga-573,,state-assembly-sc-740-og,inec-ward-6560
POLLING_UNIT,inec-pu-91799,ng-state-ogun,"KANGA STREET, OJA-ALE-IPERU",INEC_CVR_PU,91799,,inec-lga-573,,state-assembly-sc-740-og,inec-ward-6560
POLLING_UNIT,inec-pu-91800,ng-state-ogun,"AKESAN MARKET, IPERU",INEC_CVR_PU,91800,,inec-lga-573,,state-assembly-sc-740-og,inec-ward-6560
POLLING_UNIT,inec-pu-91801,ng-state-ogun,AJAGBE HIGH SCHOOL,INEC_CVR_PU,91801,,inec-lga-573,,state-assembly-sc-740-og,inec-ward-6560
POLLING_UNIT,inec-pu-91802,ng-state-ogun,"OPEN SPACE AT ITA-AGAN STREET,IPERU",INEC_CVR_PU,91802,,inec-lga-573,,state-assembly-sc-740-og,inec-ward-6560
POLLING_UNIT,inec-pu-661278,ng-state-ogun,"OPEN SPACE OPP POLICE STATION, IPERU",INEC_CVR_PU,661278,,inec-lga-573,,state-assembly-sc-740-og,inec-ward-6560
POLLING_UNIT,inec-pu-661279,ng-state-ogun,"OPEN SPACE AT BACK OF AKESAN MARKET, IPERU",INEC_CVR_PU,661279,,inec-lga-573,,state-assembly-sc-740-og,inec-ward-6560
POLLING_UNIT,inec-pu-661280,ng-state-ogun,"OPEN SPACE AT MASEJURA JUNCTION JALUGBA, IPERU",INEC_CVR_PU,661280,,inec-lga-573,,state-assembly-sc-740-og,inec-ward-6560
POLLING_UNIT,inec-pu-661281,ng-state-ogun,"OPEN SPACE AT THE JUNCTION OF OBA OGUNFOWORA/ODORU ROAD, IPERU",INEC_CVR_PU,661281,,inec-lga-573,,state-assembly-sc-740-og,inec-ward-6560
WARD,inec-ward-6561,ng-state-ogun,IPERU III,INEC_CVR_WARD,6561,,inec-lga-573,,state-assembly-sc-740-og,
POLLING_UNIT,inec-pu-91803,ng-state-ogun,"ST. JOHN'S CATH. PRY. SCH, IPERU",INEC_CVR_PU,91803,,inec-lga-573,,state-assembly-sc-740-og,inec-ward-6561
POLLING_UNIT,inec-pu-91804,ng-state-ogun,"ARAROMI/MOSALASI SOKOTO, IPERU",INEC_CVR_PU,91804,,inec-lga-573,,state-assembly-sc-740-og,inec-ward-6561
POLLING_UNIT,inec-pu-91805,ng-state-ogun,"OPEN SPACE ALONG OLD IBADAN ROAD, IPERU",INEC_CVR_PU,91805,,inec-lga-573,,state-assembly-sc-740-og,inec-ward-6561
POLLING_UNIT,inec-pu-91806,ng-state-ogun,"WESLEY PRY. SCHOOL, IPERU",INEC_CVR_PU,91806,,inec-lga-573,,state-assembly-sc-740-og,inec-ward-6561
POLLING_UNIT,inec-pu-91807,ng-state-ogun,"ST. JAMES SCHOOL, IPERU",INEC_CVR_PU,91807,,inec-lga-573,,state-assembly-sc-740-og,inec-ward-6561
POLLING_UNIT,inec-pu-91808,ng-state-ogun,"A.U.D. SCHOOL, IPERU",INEC_CVR_PU,91808,,inec-lga-573,,state-assembly-sc-740-og,inec-ward-6561
POLLING_UNIT,inec-pu-91809,ng-state-ogun,"ABULE EGBA IMAJE, IPERU",INEC_CVR_PU,91809,,inec-lga-573,,state-assembly-sc-740-og,inec-ward-6561
POLLING_UNIT,inec-pu-91810,ng-state-ogun,"OPP. OLD POLICE COLLEGE, OGERE ROAD, IPERU",INEC_CVR_PU,91810,,inec-lga-573,,state-assembly-sc-740-og,inec-ward-6561
POLLING_UNIT,inec-pu-91811,ng-state-ogun,"CHRIST APOSTOLIC COLLEGE, IPERU",INEC_CVR_PU,91811,,inec-lga-573,,state-assembly-sc-740-og,inec-ward-6561
POLLING_UNIT,inec-pu-91812,ng-state-ogun,"IDENA QUARTERS, IPERU",INEC_CVR_PU,91812,,inec-lga-573,,state-assembly-sc-740-og,inec-ward-6561
POLLING_UNIT,inec-pu-661282,ng-state-ogun,"THE SCHOOL FIELD, WESLEY PRY SCH, IPERU",INEC_CVR_PU,661282,,inec-lga-573,,state-assembly-sc-740-og,inec-ward-6561
POLLING_UNIT,inec-pu-661283,ng-state-ogun,"OPEN SPACE AT IDARIKA SQUARE,IPERU",INEC_CVR_PU,661283,,inec-lga-573,,state-assembly-sc-740-og,inec-ward-6561
POLLING_UNIT,inec-pu-661284,ng-state-ogun,"OPEN SPACE AT IMOSIMI STREET,IPERU",INEC_CVR_PU,661284,,inec-lga-573,,state-assembly-sc-740-og,inec-ward-6561
POLLING_UNIT,inec-pu-661285,ng-state-ogun,OPEN SPACE AT ERELU OLAYIWOLA STR IPERU,INEC_CVR_PU,661285,,inec-lga-573,,state-assembly-sc-740-og,inec-ward-6561
POLLING_UNIT,inec-pu-661286,ng-state-ogun,OPEN SPACE AT TIWA NEW TOWN ALONG LAGOS IBADAN EXPRESS WAY,INEC_CVR_PU,661286,,inec-lga-573,,state-assembly-sc-740-og,inec-ward-6561
POLLING_UNIT,inec-pu-661287,ng-state-ogun,"OPEN SPACE AT AGBELE STREET,IPERU",INEC_CVR_PU,661287,,inec-lga-573,,state-assembly-sc-740-og,inec-ward-6561
POLLING_UNIT,inec-pu-661288,ng-state-ogun,"AKESAN COMMUNITY GRAMMAR SCH, IPERU",INEC_CVR_PU,661288,,inec-lga-573,,state-assembly-sc-740-og,inec-ward-6561
POLLING_UNIT,inec-pu-661289,ng-state-ogun,"OPEN SPACE AT JUNCTION OF CHALLENGE STREET, AGBALA PHASE II, IPERU",INEC_CVR_PU,661289,,inec-lga-573,,state-assembly-sc-740-og,inec-ward-6561
WARD,inec-ward-6562,ng-state-ogun,OGERE I,INEC_CVR_WARD,6562,,inec-lga-573,,state-assembly-sc-740-og,
POLLING_UNIT,inec-pu-91813,ng-state-ogun,"CATH. PRY. SCHOOL, OGERE",INEC_CVR_PU,91813,,inec-lga-573,,state-assembly-sc-740-og,inec-ward-6562
POLLING_UNIT,inec-pu-91814,ng-state-ogun,"ITA JIREN STREET JUNCTION , OGERE",INEC_CVR_PU,91814,,inec-lga-573,,state-assembly-sc-740-og,inec-ward-6562
POLLING_UNIT,inec-pu-91815,ng-state-ogun,"IDOMOGUN SQUARE, OGERE",INEC_CVR_PU,91815,,inec-lga-573,,state-assembly-sc-740-og,inec-ward-6562
POLLING_UNIT,inec-pu-91816,ng-state-ogun,"ITUNLA STREET, OGERE",INEC_CVR_PU,91816,,inec-lga-573,,state-assembly-sc-740-og,inec-ward-6562
POLLING_UNIT,inec-pu-91817,ng-state-ogun,"OBADORE SQUARE, OGERE",INEC_CVR_PU,91817,,inec-lga-573,,state-assembly-sc-740-og,inec-ward-6562
POLLING_UNIT,inec-pu-91818,ng-state-ogun,"OKE-OJA, OGERE",INEC_CVR_PU,91818,,inec-lga-573,,state-assembly-sc-740-og,inec-ward-6562
POLLING_UNIT,inec-pu-661290,ng-state-ogun,"OPEN SPACE AT ODUGESAN/AKURO ESTATE ROAD, OGERE",INEC_CVR_PU,661290,,inec-lga-573,,state-assembly-sc-740-og,inec-ward-6562
POLLING_UNIT,inec-pu-661291,ng-state-ogun,"OPEN SPACE AT ITUN-IRAGBON/ANG STREET, OGERE",INEC_CVR_PU,661291,,inec-lga-573,,state-assembly-sc-740-og,inec-ward-6562
WARD,inec-ward-6563,ng-state-ogun,OGERE II,INEC_CVR_WARD,6563,,inec-lga-573,,state-assembly-sc-740-og,
POLLING_UNIT,inec-pu-91819,ng-state-ogun,"AJEGUNLE, OGERE",INEC_CVR_PU,91819,,inec-lga-573,,state-assembly-sc-740-og,inec-ward-6563
POLLING_UNIT,inec-pu-91820,ng-state-ogun,"WESLEY SCHOOL, OGERE",INEC_CVR_PU,91820,,inec-lga-573,,state-assembly-sc-740-og,inec-ward-6563
POLLING_UNIT,inec-pu-91821,ng-state-ogun,"TOWN HALL, OGERE",INEC_CVR_PU,91821,,inec-lga-573,,state-assembly-sc-740-og,inec-ward-6563
POLLING_UNIT,inec-pu-91822,ng-state-ogun,"OPEN SPACE AT LISA TABORAH STREET, OGERE",INEC_CVR_PU,91822,,inec-lga-573,,state-assembly-sc-740-og,inec-ward-6563
POLLING_UNIT,inec-pu-91823,ng-state-ogun,"COURT HALL, OGERE",INEC_CVR_PU,91823,,inec-lga-573,,state-assembly-sc-740-og,inec-ward-6563
POLLING_UNIT,inec-pu-91824,ng-state-ogun,"IDAREN SQUARE, OGERE",INEC_CVR_PU,91824,,inec-lga-573,,state-assembly-sc-740-og,inec-ward-6563
POLLING_UNIT,inec-pu-91825,ng-state-ogun,"ODE ROAD, CENTRAL MARKET AREA, OGERE",INEC_CVR_PU,91825,,inec-lga-573,,state-assembly-sc-740-og,inec-ward-6563
POLLING_UNIT,inec-pu-661292,ng-state-ogun,"OPEN SPACE AT SEGUN ADENIYI STREET OFF TABORAH ROAD, OGERE",INEC_CVR_PU,661292,,inec-lga-573,,state-assembly-sc-740-og,inec-ward-6563
POLLING_UNIT,inec-pu-661293,ng-state-ogun,OPEN SPACE ARAROMI PHASE II OGERE,INEC_CVR_PU,661293,,inec-lga-573,,state-assembly-sc-740-og,inec-ward-6563
POLLING_UNIT,inec-pu-661294,ng-state-ogun,"OPEN SPACE ODUESO STREET, OGERE",INEC_CVR_PU,661294,,inec-lga-573,,state-assembly-sc-740-og,inec-ward-6563
POLLING_UNIT,inec-pu-661295,ng-state-ogun,"OPEN SPACE AT JUNCTION OSILARU STREET, OGERE",INEC_CVR_PU,661295,,inec-lga-573,,state-assembly-sc-740-og,inec-ward-6563
WARD,inec-ward-6564,ng-state-ogun,ILISAN I,INEC_CVR_WARD,6564,,inec-lga-573,,state-assembly-sc-740-og,
POLLING_UNIT,inec-pu-91826,ng-state-ogun,"TOWN HALL, ILISAN",INEC_CVR_PU,91826,,inec-lga-573,,state-assembly-sc-740-og,inec-ward-6564
POLLING_UNIT,inec-pu-91827,ng-state-ogun,A.U.D. SCHOOL ILISAN,INEC_CVR_PU,91827,,inec-lga-573,,state-assembly-sc-740-og,inec-ward-6564
POLLING_UNIT,inec-pu-91828,ng-state-ogun,"OPPOSITE POST OFFICE, ILISAN MARKET ROAD",INEC_CVR_PU,91828,,inec-lga-573,,state-assembly-sc-740-og,inec-ward-6564
POLLING_UNIT,inec-pu-91829,ng-state-ogun,"ISANBI HIGH SCHOOL, ILISAN",INEC_CVR_PU,91829,,inec-lga-573,,state-assembly-sc-740-og,inec-ward-6564
POLLING_UNIT,inec-pu-91830,ng-state-ogun,"TOWN PLANNING, ILISAN",INEC_CVR_PU,91830,,inec-lga-573,,state-assembly-sc-740-og,inec-ward-6564
POLLING_UNIT,inec-pu-91831,ng-state-ogun,"AFRICAN BETHEL SCHOOL, ILISAN",INEC_CVR_PU,91831,,inec-lga-573,,state-assembly-sc-740-og,inec-ward-6564
POLLING_UNIT,inec-pu-91832,ng-state-ogun,"OPEN SPACE AT (OLOFIN) A.U.D, OLOGBOJO AREA, ILISAN",INEC_CVR_PU,91832,,inec-lga-573,,state-assembly-sc-740-og,inec-ward-6564
POLLING_UNIT,inec-pu-661263,ng-state-ogun,"OPEN SPACE AT IMOSAN JUNCTION BY KAJOLA STREET, ILISAN",INEC_CVR_PU,661263,,inec-lga-573,,state-assembly-sc-740-og,inec-ward-6564
POLLING_UNIT,inec-pu-661264,ng-state-ogun,"OPEN SPACE AT AJEGUNLE JUNCTION, ILISAN",INEC_CVR_PU,661264,,inec-lga-573,,state-assembly-sc-740-og,inec-ward-6564
POLLING_UNIT,inec-pu-661265,ng-state-ogun,"OPEN SPACE AT ONGBAJE SONOWO STR, ILISAN",INEC_CVR_PU,661265,,inec-lga-573,,state-assembly-sc-740-og,inec-ward-6564
POLLING_UNIT,inec-pu-661266,ng-state-ogun,"ILISAN HIGH SCHOOL,ILISAN",INEC_CVR_PU,661266,,inec-lga-573,,state-assembly-sc-740-og,inec-ward-6564
POLLING_UNIT,inec-pu-661267,ng-state-ogun,"OPEN SPACE AT OPC ROAD, ILISAN",INEC_CVR_PU,661267,,inec-lga-573,,state-assembly-sc-740-og,inec-ward-6564
POLLING_UNIT,inec-pu-661268,ng-state-ogun,"OPPOSIE ILISAN TOWN HALL UNDER THE TREE, ALONG OLOFIN ROAD, ILISAN",INEC_CVR_PU,661268,,inec-lga-573,,state-assembly-sc-740-og,inec-ward-6564
POLLING_UNIT,inec-pu-661269,ng-state-ogun,"OPEN SPACE AT IFELODUN STREET,ILISAN",INEC_CVR_PU,661269,,inec-lga-573,,state-assembly-sc-740-og,inec-ward-6564
POLLING_UNIT,inec-pu-661270,ng-state-ogun,"OPEN SPACE AT THE JUNCTION OF AWOLARU MUKAILA STREET OFF ISANBI HIGH SCH, ILISAN",INEC_CVR_PU,661270,,inec-lga-573,,state-assembly-sc-740-og,inec-ward-6564
WARD,inec-ward-6565,ng-state-ogun,ILISAN II,INEC_CVR_WARD,6565,,inec-lga-573,,state-assembly-sc-740-og,
POLLING_UNIT,inec-pu-91833,ng-state-ogun,"CUSTOMARY COURT, OLD POLICE STATION, ILISAN",INEC_CVR_PU,91833,,inec-lga-573,,state-assembly-sc-740-og,inec-ward-6565
POLLING_UNIT,inec-pu-91834,ng-state-ogun,"WESLEY PRY. SCHOOL, ILISAN",INEC_CVR_PU,91834,,inec-lga-573,,state-assembly-sc-740-og,inec-ward-6565
POLLING_UNIT,inec-pu-91835,ng-state-ogun,"OPEN SPACE AT ITUNLEMO QUARTERS, ILISAN",INEC_CVR_PU,91835,,inec-lga-573,,state-assembly-sc-740-og,inec-ward-6565
POLLING_UNIT,inec-pu-91836,ng-state-ogun,"IWAYE COMPOUND, ILISAN",INEC_CVR_PU,91836,,inec-lga-573,,state-assembly-sc-740-og,inec-ward-6565
POLLING_UNIT,inec-pu-91837,ng-state-ogun,"AGO ILARA STREET, ILISAN-IROLU ROAD, ILISAN",INEC_CVR_PU,91837,,inec-lga-573,,state-assembly-sc-740-og,inec-ward-6565
POLLING_UNIT,inec-pu-91838,ng-state-ogun,"OPEN SPACE AT ADEMO ABARA STREET, ILISAN",INEC_CVR_PU,91838,,inec-lga-573,,state-assembly-sc-740-og,inec-ward-6565
POLLING_UNIT,inec-pu-91839,ng-state-ogun,"ASWA - TEXGARD ROAD, ILISAN-IROLU ROAD, ILISAN",INEC_CVR_PU,91839,,inec-lga-573,,state-assembly-sc-740-og,inec-ward-6565
POLLING_UNIT,inec-pu-91840,ng-state-ogun,"OPP. BABCOCK GATE (MAIN CAMPUS), ILISAN",INEC_CVR_PU,91840,,inec-lga-573,,state-assembly-sc-740-og,inec-ward-6565
POLLING_UNIT,inec-pu-661271,ng-state-ogun,"OPEN SPACE AT BACK OF BABCOCK TEACHING HOSPITAL, ILISAN",INEC_CVR_PU,661271,,inec-lga-573,,state-assembly-sc-740-og,inec-ward-6565
POLLING_UNIT,inec-pu-661272,ng-state-ogun,"OPEN SPACE ITUN ALASE, ILISAN",INEC_CVR_PU,661272,,inec-lga-573,,state-assembly-sc-740-og,inec-ward-6565
POLLING_UNIT,inec-pu-661273,ng-state-ogun,"OPEN SPACE AT OREFAGBABI STREET OFF ILISAN-IROLU ROAD, ILISAN",INEC_CVR_PU,661273,,inec-lga-573,,state-assembly-sc-740-og,inec-ward-6565
WARD,inec-ward-6566,ng-state-ogun,ILISAN/IROLU,INEC_CVR_WARD,6566,,inec-lga-573,,state-assembly-sc-740-og,
POLLING_UNIT,inec-pu-91841,ng-state-ogun,A.U.D. PRY. SCHOOL IROLU,INEC_CVR_PU,91841,,inec-lga-573,,state-assembly-sc-740-og,inec-ward-6566
POLLING_UNIT,inec-pu-91842,ng-state-ogun,WESLEY PRY. SCH. - IROLU,INEC_CVR_PU,91842,,inec-lga-573,,state-assembly-sc-740-og,inec-ward-6566
POLLING_UNIT,inec-pu-91843,ng-state-ogun,ANGLICAN SCH. IROLU,INEC_CVR_PU,91843,,inec-lga-573,,state-assembly-sc-740-og,inec-ward-6566
POLLING_UNIT,inec-pu-91844,ng-state-ogun,"TOWN HALL, IROLU",INEC_CVR_PU,91844,,inec-lga-573,,state-assembly-sc-740-og,inec-ward-6566
POLLING_UNIT,inec-pu-91845,ng-state-ogun,ILISAN-IROLU ROAD,INEC_CVR_PU,91845,,inec-lga-573,,state-assembly-sc-740-og,inec-ward-6566
POLLING_UNIT,inec-pu-661274,ng-state-ogun,"OPEN SPACE AT JUNCTION OF ODEMO/ODULEYE STREET, IROLU",INEC_CVR_PU,661274,,inec-lga-573,,state-assembly-sc-740-og,inec-ward-6566
WARD,inec-ward-6567,ng-state-ogun,IMEKO,INEC_CVR_WARD,6567,,inec-lga-574,,state-assembly-sc-742-og,
POLLING_UNIT,inec-pu-91846,ng-state-ogun,OPP. BAPTIST CHURCH,INEC_CVR_PU,91846,,inec-lga-574,,state-assembly-sc-742-og,inec-ward-6567
POLLING_UNIT,inec-pu-91847,ng-state-ogun,FRONT OF ONIMEKO PALACE,INEC_CVR_PU,91847,,inec-lga-574,,state-assembly-sc-742-og,inec-ward-6567
POLLING_UNIT,inec-pu-91848,ng-state-ogun,NEAR AJEGUNLE MARKET,INEC_CVR_PU,91848,,inec-lga-574,,state-assembly-sc-742-og,inec-ward-6567
POLLING_UNIT,inec-pu-91849,ng-state-ogun,NEAR WATERGATE AGBOJE,INEC_CVR_PU,91849,,inec-lga-574,,state-assembly-sc-742-og,inec-ward-6567
POLLING_UNIT,inec-pu-91850,ng-state-ogun,NEAR GELETE MARKET,INEC_CVR_PU,91850,,inec-lga-574,,state-assembly-sc-742-og,inec-ward-6567
POLLING_UNIT,inec-pu-91851,ng-state-ogun,BAPTIST PRY. SCHOOL,INEC_CVR_PU,91851,,inec-lga-574,,state-assembly-sc-742-og,inec-ward-6567
POLLING_UNIT,inec-pu-91852,ng-state-ogun,"NEAR IGBO OLUPE, IMEKO",INEC_CVR_PU,91852,,inec-lga-574,,state-assembly-sc-742-og,inec-ward-6567
POLLING_UNIT,inec-pu-91853,ng-state-ogun,FRONT OF ISALE BODE,INEC_CVR_PU,91853,,inec-lga-574,,state-assembly-sc-742-og,inec-ward-6567
POLLING_UNIT,inec-pu-91854,ng-state-ogun,"IJUSUN AREA, IMEKO",INEC_CVR_PU,91854,,inec-lga-574,,state-assembly-sc-742-og,inec-ward-6567
POLLING_UNIT,inec-pu-91855,ng-state-ogun,BESIDE CASHIA TREE BUTUNBU,INEC_CVR_PU,91855,,inec-lga-574,,state-assembly-sc-742-og,inec-ward-6567
POLLING_UNIT,inec-pu-91856,ng-state-ogun,OPP. COCOA SHOP IGBO OLONDO,INEC_CVR_PU,91856,,inec-lga-574,,state-assembly-sc-742-og,inec-ward-6567
POLLING_UNIT,inec-pu-91857,ng-state-ogun,I.A.L.G. PRY. SCH. ONIJIN,INEC_CVR_PU,91857,,inec-lga-574,,state-assembly-sc-742-og,inec-ward-6567
POLLING_UNIT,inec-pu-91858,ng-state-ogun,IGBO IFA QUARTERS,INEC_CVR_PU,91858,,inec-lga-574,,state-assembly-sc-742-og,inec-ward-6567
POLLING_UNIT,inec-pu-91859,ng-state-ogun,"ITA LAKOSA, IMEKO",INEC_CVR_PU,91859,,inec-lga-574,,state-assembly-sc-742-og,inec-ward-6567
POLLING_UNIT,inec-pu-91860,ng-state-ogun,ITA APOGBERE (ISHIM),INEC_CVR_PU,91860,,inec-lga-574,,state-assembly-sc-742-og,inec-ward-6567
POLLING_UNIT,inec-pu-91861,ng-state-ogun,"ITA EMILANDU, IMEKO",INEC_CVR_PU,91861,,inec-lga-574,,state-assembly-sc-742-og,inec-ward-6567
POLLING_UNIT,inec-pu-91862,ng-state-ogun,BEHIND C.C.C. IMEKO,INEC_CVR_PU,91862,,inec-lga-574,,state-assembly-sc-742-og,inec-ward-6567
POLLING_UNIT,inec-pu-91863,ng-state-ogun,ITA AGBAGBA OPEN SPACE SQUARE,INEC_CVR_PU,91863,,inec-lga-574,,state-assembly-sc-742-og,inec-ward-6567
POLLING_UNIT,inec-pu-91864,ng-state-ogun,"SUNWA MARKET, IMEKO",INEC_CVR_PU,91864,,inec-lga-574,,state-assembly-sc-742-og,inec-ward-6567
POLLING_UNIT,inec-pu-91865,ng-state-ogun,NEW HEALTH CENTRE AREA,INEC_CVR_PU,91865,,inec-lga-574,,state-assembly-sc-742-og,inec-ward-6567
POLLING_UNIT,inec-pu-91866,ng-state-ogun,OJOLOKO VILLAGE,INEC_CVR_PU,91866,,inec-lga-574,,state-assembly-sc-742-og,inec-ward-6567
POLLING_UNIT,inec-pu-661305,ng-state-ogun,R.C.M SCHOOL IMEKO,INEC_CVR_PU,661305,,inec-lga-574,,state-assembly-sc-742-og,inec-ward-6567
POLLING_UNIT,inec-pu-661306,ng-state-ogun,IMEKO COMPR. HIGH SCH,INEC_CVR_PU,661306,,inec-lga-574,,state-assembly-sc-742-og,inec-ward-6567
POLLING_UNIT,inec-pu-661307,ng-state-ogun,OPEN SPACE FRONT OF OGADEP,INEC_CVR_PU,661307,,inec-lga-574,,state-assembly-sc-742-og,inec-ward-6567
POLLING_UNIT,inec-pu-661308,ng-state-ogun,OPEN SPACE AT ILUPEJU JUNCTION,INEC_CVR_PU,661308,,inec-lga-574,,state-assembly-sc-742-og,inec-ward-6567
POLLING_UNIT,inec-pu-661309,ng-state-ogun,OPEN SPACE AT EMILADU SAWMILL,INEC_CVR_PU,661309,,inec-lga-574,,state-assembly-sc-742-og,inec-ward-6567
POLLING_UNIT,inec-pu-661310,ng-state-ogun,"L.G CATTLE SHED ,OKE ELEFUN",INEC_CVR_PU,661310,,inec-lga-574,,state-assembly-sc-742-og,inec-ward-6567
POLLING_UNIT,inec-pu-661311,ng-state-ogun,BEBE/ WASIMI OJO AWO,INEC_CVR_PU,661311,,inec-lga-574,,state-assembly-sc-742-og,inec-ward-6567
POLLING_UNIT,inec-pu-661312,ng-state-ogun,OPEN SPACE AT ISIN TREE JERICHO,INEC_CVR_PU,661312,,inec-lga-574,,state-assembly-sc-742-og,inec-ward-6567
POLLING_UNIT,inec-pu-661313,ng-state-ogun,"BAPTIST NUR PRY SCHOOL, ASIO",INEC_CVR_PU,661313,,inec-lga-574,,state-assembly-sc-742-og,inec-ward-6567
POLLING_UNIT,inec-pu-661314,ng-state-ogun,"MUSLIM GRAMMER SCHOOL, EMILANDU",INEC_CVR_PU,661314,,inec-lga-574,,state-assembly-sc-742-og,inec-ward-6567
POLLING_UNIT,inec-pu-661315,ng-state-ogun,"L.G EDUCATON AUTHORITY, IMEKO",INEC_CVR_PU,661315,,inec-lga-574,,state-assembly-sc-742-og,inec-ward-6567
POLLING_UNIT,inec-pu-661316,ng-state-ogun,"OPEN SPACE AT ORITA AJE JUNCTION, ORITA AJE",INEC_CVR_PU,661316,,inec-lga-574,,state-assembly-sc-742-og,inec-ward-6567
POLLING_UNIT,inec-pu-661317,ng-state-ogun,"OPEN SPACE AT MAGISTRATE COURT, KOGO",INEC_CVR_PU,661317,,inec-lga-574,,state-assembly-sc-742-og,inec-ward-6567
POLLING_UNIT,inec-pu-661318,ng-state-ogun,"EEBEFUN , ARAROMI",INEC_CVR_PU,661318,,inec-lga-574,,state-assembly-sc-742-og,inec-ward-6567
POLLING_UNIT,inec-pu-661319,ng-state-ogun,"IGBOGBO, OSIRI",INEC_CVR_PU,661319,,inec-lga-574,,state-assembly-sc-742-og,inec-ward-6567
WARD,inec-ward-6568,ng-state-ogun,OKE AGBEDE/MORIWI/MATALE,INEC_CVR_WARD,6568,,inec-lga-574,,state-assembly-sc-742-og,
POLLING_UNIT,inec-pu-91867,ng-state-ogun,C.P.S. OKE AGBEDE,INEC_CVR_PU,91867,,inec-lga-574,,state-assembly-sc-742-og,inec-ward-6568
POLLING_UNIT,inec-pu-91868,ng-state-ogun,OPP. METHODIST CHURCH,INEC_CVR_PU,91868,,inec-lga-574,,state-assembly-sc-742-og,inec-ward-6568
POLLING_UNIT,inec-pu-91869,ng-state-ogun,NEAR MARKET SQUARE WASIMI OKUTA,INEC_CVR_PU,91869,,inec-lga-574,,state-assembly-sc-742-og,inec-ward-6568
POLLING_UNIT,inec-pu-91870,ng-state-ogun,OPP. BAALE HOUSE-MORIWI,INEC_CVR_PU,91870,,inec-lga-574,,state-assembly-sc-742-og,inec-ward-6568
POLLING_UNIT,inec-pu-91871,ng-state-ogun,C.N.F. SECRETARIAT,INEC_CVR_PU,91871,,inec-lga-574,,state-assembly-sc-742-og,inec-ward-6568
POLLING_UNIT,inec-pu-91872,ng-state-ogun,UNDER KIMI TREE ABULE ALARABAKAN,INEC_CVR_PU,91872,,inec-lga-574,,state-assembly-sc-742-og,inec-ward-6568
POLLING_UNIT,inec-pu-91873,ng-state-ogun,NEAR MARKET SQUARE OLOGEDE,INEC_CVR_PU,91873,,inec-lga-574,,state-assembly-sc-742-og,inec-ward-6568
POLLING_UNIT,inec-pu-91874,ng-state-ogun,ITA-BAALE MATALE,INEC_CVR_PU,91874,,inec-lga-574,,state-assembly-sc-742-og,inec-ward-6568
POLLING_UNIT,inec-pu-91875,ng-state-ogun,NEAR MOWODANI MARKET,INEC_CVR_PU,91875,,inec-lga-574,,state-assembly-sc-742-og,inec-ward-6568
POLLING_UNIT,inec-pu-91876,ng-state-ogun,IBOGUN VILLAGE,INEC_CVR_PU,91876,,inec-lga-574,,state-assembly-sc-742-og,inec-ward-6568
POLLING_UNIT,inec-pu-91877,ng-state-ogun,OKE-AYO VILLAGE,INEC_CVR_PU,91877,,inec-lga-574,,state-assembly-sc-742-og,inec-ward-6568
POLLING_UNIT,inec-pu-661330,ng-state-ogun,OPEN SPACE AT BOOGI,INEC_CVR_PU,661330,,inec-lga-574,,state-assembly-sc-742-og,inec-ward-6568
POLLING_UNIT,inec-pu-661331,ng-state-ogun,OPEN SPACE AT EROBEDA MARKET OKEOHA,INEC_CVR_PU,661331,,inec-lga-574,,state-assembly-sc-742-og,inec-ward-6568
POLLING_UNIT,inec-pu-661332,ng-state-ogun,OPEN SPACE AT AJELANWA VILLAGE,INEC_CVR_PU,661332,,inec-lga-574,,state-assembly-sc-742-og,inec-ward-6568
POLLING_UNIT,inec-pu-661333,ng-state-ogun,TOWN HALL AT BAKARE VILLAGE,INEC_CVR_PU,661333,,inec-lga-574,,state-assembly-sc-742-og,inec-ward-6568
WARD,inec-ward-6569,ng-state-ogun,IDOFA,INEC_CVR_WARD,6569,,inec-lga-574,,state-assembly-sc-742-og,
POLLING_UNIT,inec-pu-91878,ng-state-ogun,MANGO TREE MATERNITY CENTRE,INEC_CVR_PU,91878,,inec-lga-574,,state-assembly-sc-742-og,inec-ward-6569
POLLING_UNIT,inec-pu-91879,ng-state-ogun,OPP. ONIDOFA PALACE,INEC_CVR_PU,91879,,inec-lga-574,,state-assembly-sc-742-og,inec-ward-6569
POLLING_UNIT,inec-pu-91880,ng-state-ogun,NEAR ISHIN TREE,INEC_CVR_PU,91880,,inec-lga-574,,state-assembly-sc-742-og,inec-ward-6569
POLLING_UNIT,inec-pu-91881,ng-state-ogun,OLUWATEDO TOWN HALL,INEC_CVR_PU,91881,,inec-lga-574,,state-assembly-sc-742-og,inec-ward-6569
POLLING_UNIT,inec-pu-91882,ng-state-ogun,I.A.L.G. PRY. SCHOOL,INEC_CVR_PU,91882,,inec-lga-574,,state-assembly-sc-742-og,inec-ward-6569
POLLING_UNIT,inec-pu-91883,ng-state-ogun,NEAR MARKET SQUARE MIOFESU,INEC_CVR_PU,91883,,inec-lga-574,,state-assembly-sc-742-og,inec-ward-6569
POLLING_UNIT,inec-pu-661299,ng-state-ogun,"OPP SPACE AT MARKET SQUARE , IDOFA",INEC_CVR_PU,661299,,inec-lga-574,,state-assembly-sc-742-og,inec-ward-6569
WARD,inec-ward-6570,ng-state-ogun,IWOYE/JABATA,INEC_CVR_WARD,6570,,inec-lga-574,,state-assembly-sc-742-og,
POLLING_UNIT,inec-pu-91884,ng-state-ogun,R.C.M. IWOYE,INEC_CVR_PU,91884,,inec-lga-574,,state-assembly-sc-742-og,inec-ward-6570
POLLING_UNIT,inec-pu-91885,ng-state-ogun,BESIDE MOTOR PARK,INEC_CVR_PU,91885,,inec-lga-574,,state-assembly-sc-742-og,inec-ward-6570
POLLING_UNIT,inec-pu-91886,ng-state-ogun,ITA OBA IWOYE,INEC_CVR_PU,91886,,inec-lga-574,,state-assembly-sc-742-og,inec-ward-6570
POLLING_UNIT,inec-pu-91887,ng-state-ogun,BESIDE SABO COW MARKET IWOYE,INEC_CVR_PU,91887,,inec-lga-574,,state-assembly-sc-742-og,inec-ward-6570
POLLING_UNIT,inec-pu-91888,ng-state-ogun,NEW MARKET CENTRE JABATA,INEC_CVR_PU,91888,,inec-lga-574,,state-assembly-sc-742-og,inec-ward-6570
POLLING_UNIT,inec-pu-661320,ng-state-ogun,"OPEN SPACE OPP FIRST BAPTIST CHURCH, IWOYE",INEC_CVR_PU,661320,,inec-lga-574,,state-assembly-sc-742-og,inec-ward-6570
POLLING_UNIT,inec-pu-661321,ng-state-ogun,COMMUNITY HIGH SCHOOL.,INEC_CVR_PU,661321,,inec-lga-574,,state-assembly-sc-742-og,inec-ward-6570
POLLING_UNIT,inec-pu-661322,ng-state-ogun,"COMMUNITY PRY SCHOOL, IWOYE",INEC_CVR_PU,661322,,inec-lga-574,,state-assembly-sc-742-og,inec-ward-6570
POLLING_UNIT,inec-pu-661323,ng-state-ogun,COMMUNITY PRY SCHOOL GBAYIN,INEC_CVR_PU,661323,,inec-lga-574,,state-assembly-sc-742-og,inec-ward-6570
POLLING_UNIT,inec-pu-661324,ng-state-ogun,"OPEN SPACE INFRONT OF HEALTH CENTRE, OKEELEGO",INEC_CVR_PU,661324,,inec-lga-574,,state-assembly-sc-742-og,inec-ward-6570
POLLING_UNIT,inec-pu-661325,ng-state-ogun,OPEN SPACE OPP CATHOLIC CHURCH EKANJARE,INEC_CVR_PU,661325,,inec-lga-574,,state-assembly-sc-742-og,inec-ward-6570
POLLING_UNIT,inec-pu-661326,ng-state-ogun,"OPEN SPACE INFRONT OF INTERNATIONAL MARKET, SABO",INEC_CVR_PU,661326,,inec-lga-574,,state-assembly-sc-742-og,inec-ward-6570
POLLING_UNIT,inec-pu-661327,ng-state-ogun,"COMMUNITY PRY SCHOOL, IDUFE",INEC_CVR_PU,661327,,inec-lga-574,,state-assembly-sc-742-og,inec-ward-6570
POLLING_UNIT,inec-pu-661328,ng-state-ogun,OPEN SPACE AT ANOINNOIN,INEC_CVR_PU,661328,,inec-lga-574,,state-assembly-sc-742-og,inec-ward-6570
WARD,inec-ward-6571,ng-state-ogun,ILARA/ALAGBE,INEC_CVR_WARD,6571,,inec-lga-574,,state-assembly-sc-742-og,
POLLING_UNIT,inec-pu-91889,ng-state-ogun,"R.C.M. SCHOOL, ILARA",INEC_CVR_PU,91889,,inec-lga-574,,state-assembly-sc-742-og,inec-ward-6571
POLLING_UNIT,inec-pu-91890,ng-state-ogun,METH. PRY. SCHOOL ILARA,INEC_CVR_PU,91890,,inec-lga-574,,state-assembly-sc-742-og,inec-ward-6571
POLLING_UNIT,inec-pu-91891,ng-state-ogun,ITA OBA SQUARE,INEC_CVR_PU,91891,,inec-lga-574,,state-assembly-sc-742-og,inec-ward-6571
POLLING_UNIT,inec-pu-91892,ng-state-ogun,ITA ALE CENTRE,INEC_CVR_PU,91892,,inec-lga-574,,state-assembly-sc-742-og,inec-ward-6571
POLLING_UNIT,inec-pu-91893,ng-state-ogun,ITA SANGO,INEC_CVR_PU,91893,,inec-lga-574,,state-assembly-sc-742-og,inec-ward-6571
POLLING_UNIT,inec-pu-91894,ng-state-ogun,ITA BAALE ALAGBE,INEC_CVR_PU,91894,,inec-lga-574,,state-assembly-sc-742-og,inec-ward-6571
POLLING_UNIT,inec-pu-91895,ng-state-ogun,ITA BAALE IJUMU VILLAGE,INEC_CVR_PU,91895,,inec-lga-574,,state-assembly-sc-742-og,inec-ward-6571
POLLING_UNIT,inec-pu-91896,ng-state-ogun,OPEN SPACE OPP. SAMON'S CENTRAL MOSQ.,INEC_CVR_PU,91896,,inec-lga-574,,state-assembly-sc-742-og,inec-ward-6571
POLLING_UNIT,inec-pu-91897,ng-state-ogun,"COMM. PRIMARY SCH., ALAGBE",INEC_CVR_PU,91897,,inec-lga-574,,state-assembly-sc-742-og,inec-ward-6571
POLLING_UNIT,inec-pu-91898,ng-state-ogun,"AGBAKULA, IJUMU",INEC_CVR_PU,91898,,inec-lga-574,,state-assembly-sc-742-og,inec-ward-6571
POLLING_UNIT,inec-pu-91899,ng-state-ogun,AGBAKULA PRY. SCH. AGBAKULA,INEC_CVR_PU,91899,,inec-lga-574,,state-assembly-sc-742-og,inec-ward-6571
POLLING_UNIT,inec-pu-661300,ng-state-ogun,"OPEN SPACE AT TOWN HALL, ILARA",INEC_CVR_PU,661300,,inec-lga-574,,state-assembly-sc-742-og,inec-ward-6571
POLLING_UNIT,inec-pu-661301,ng-state-ogun,PRY.SCHOOL JESU TEDO,INEC_CVR_PU,661301,,inec-lga-574,,state-assembly-sc-742-og,inec-ward-6571
POLLING_UNIT,inec-pu-661302,ng-state-ogun,"PRIMARY HEALTH CENTRE, ILARA",INEC_CVR_PU,661302,,inec-lga-574,,state-assembly-sc-742-og,inec-ward-6571
POLLING_UNIT,inec-pu-661303,ng-state-ogun,"COMMUNITY HIGH SCHOOL, ILARA",INEC_CVR_PU,661303,,inec-lga-574,,state-assembly-sc-742-og,inec-ward-6571
POLLING_UNIT,inec-pu-661304,ng-state-ogun,"COMMUNITY PRY SCHOOL, OKE ISOKIA",INEC_CVR_PU,661304,,inec-lga-574,,state-assembly-sc-742-og,inec-ward-6571
WARD,inec-ward-6572,ng-state-ogun,AFON,INEC_CVR_WARD,6572,,inec-lga-574,,state-assembly-sc-742-og,
POLLING_UNIT,inec-pu-91900,ng-state-ogun,BAPTIST DAY SCH. AFON,INEC_CVR_PU,91900,,inec-lga-574,,state-assembly-sc-742-og,inec-ward-6572
POLLING_UNIT,inec-pu-91901,ng-state-ogun,DISPENSARY CENTRE,INEC_CVR_PU,91901,,inec-lga-574,,state-assembly-sc-742-og,inec-ward-6572
POLLING_UNIT,inec-pu-91902,ng-state-ogun,IDI-OGUN SQUARE,INEC_CVR_PU,91902,,inec-lga-574,,state-assembly-sc-742-og,inec-ward-6572
POLLING_UNIT,inec-pu-91903,ng-state-ogun,OLOKA JUNCTION,INEC_CVR_PU,91903,,inec-lga-574,,state-assembly-sc-742-og,inec-ward-6572
POLLING_UNIT,inec-pu-91904,ng-state-ogun,ITA BAALE ASEERE,INEC_CVR_PU,91904,,inec-lga-574,,state-assembly-sc-742-og,inec-ward-6572
POLLING_UNIT,inec-pu-91905,ng-state-ogun,C.P.S. MASIFA,INEC_CVR_PU,91905,,inec-lga-574,,state-assembly-sc-742-og,inec-ward-6572
POLLING_UNIT,inec-pu-91906,ng-state-ogun,ITA BAALE ASEJIRE,INEC_CVR_PU,91906,,inec-lga-574,,state-assembly-sc-742-og,inec-ward-6572
POLLING_UNIT,inec-pu-661296,ng-state-ogun,OPEN SPACE AT VILLAGE SQUARE ITA BAALE ARAROMI,INEC_CVR_PU,661296,,inec-lga-574,,state-assembly-sc-742-og,inec-ward-6572
WARD,inec-ward-6573,ng-state-ogun,OTAPELE,INEC_CVR_WARD,6573,,inec-lga-574,,state-assembly-sc-742-og,
POLLING_UNIT,inec-pu-91907,ng-state-ogun,I.A.L.G. SCHOOL ATAPELE KAJOLA ADERAN JUNCTION,INEC_CVR_PU,91907,,inec-lga-574,,state-assembly-sc-742-og,inec-ward-6573
POLLING_UNIT,inec-pu-91908,ng-state-ogun,C.P.S. IBARA,INEC_CVR_PU,91908,,inec-lga-574,,state-assembly-sc-742-og,inec-ward-6573
POLLING_UNIT,inec-pu-91909,ng-state-ogun,I.A.L.G. BAARE FARINDE,INEC_CVR_PU,91909,,inec-lga-574,,state-assembly-sc-742-og,inec-ward-6573
POLLING_UNIT,inec-pu-91910,ng-state-ogun,BAARE/KANJI JUNCTION,INEC_CVR_PU,91910,,inec-lga-574,,state-assembly-sc-742-og,inec-ward-6573
POLLING_UNIT,inec-pu-91911,ng-state-ogun,FALOLA ASIPA JUNCTION,INEC_CVR_PU,91911,,inec-lga-574,,state-assembly-sc-742-og,inec-ward-6573
POLLING_UNIT,inec-pu-661297,ng-state-ogun,"OPEN SPACE INFRONT OF CMS CHURCH, IBARA",INEC_CVR_PU,661297,,inec-lga-574,,state-assembly-sc-742-og,inec-ward-6573
POLLING_UNIT,inec-pu-661298,ng-state-ogun,"OPEN SPACE INFRONT OF JEHOVAH WITNESS, KAJOLA",INEC_CVR_PU,661298,,inec-lga-574,,state-assembly-sc-742-og,inec-ward-6573
WARD,inec-ward-6574,ng-state-ogun,KAJOLA/AGBERIODO,INEC_CVR_WARD,6574,,inec-lga-574,,state-assembly-sc-742-og,
POLLING_UNIT,inec-pu-91912,ng-state-ogun,NEAR MARKET KAJOLA APATA,INEC_CVR_PU,91912,,inec-lga-574,,state-assembly-sc-742-og,inec-ward-6574
POLLING_UNIT,inec-pu-91913,ng-state-ogun,NEAR MARKET SQUARE OBOLO,INEC_CVR_PU,91913,,inec-lga-574,,state-assembly-sc-742-og,inec-ward-6574
POLLING_UNIT,inec-pu-91914,ng-state-ogun,ITA BAALE AFAKO,INEC_CVR_PU,91914,,inec-lga-574,,state-assembly-sc-742-og,inec-ward-6574
POLLING_UNIT,inec-pu-91915,ng-state-ogun,"MANGO TREE, ABALE ALLI",INEC_CVR_PU,91915,,inec-lga-574,,state-assembly-sc-742-og,inec-ward-6574
POLLING_UNIT,inec-pu-91916,ng-state-ogun,I.A.L.G. ABULE PETER/NEAR MARKET OKE BENBE,INEC_CVR_PU,91916,,inec-lga-574,,state-assembly-sc-742-og,inec-ward-6574
POLLING_UNIT,inec-pu-91917,ng-state-ogun,AJEBO MARKET,INEC_CVR_PU,91917,,inec-lga-574,,state-assembly-sc-742-og,inec-ward-6574
POLLING_UNIT,inec-pu-91918,ng-state-ogun,A/C PRIMARY SCHOOL AGBERIODO,INEC_CVR_PU,91918,,inec-lga-574,,state-assembly-sc-742-og,inec-ward-6574
POLLING_UNIT,inec-pu-91919,ng-state-ogun,I.A.L.G. AJIBORO,INEC_CVR_PU,91919,,inec-lga-574,,state-assembly-sc-742-og,inec-ward-6574
POLLING_UNIT,inec-pu-91920,ng-state-ogun,SEGILE ITA BAALE,INEC_CVR_PU,91920,,inec-lga-574,,state-assembly-sc-742-og,inec-ward-6574
POLLING_UNIT,inec-pu-91921,ng-state-ogun,OYETEDO VILLAGE.,INEC_CVR_PU,91921,,inec-lga-574,,state-assembly-sc-742-og,inec-ward-6574
POLLING_UNIT,inec-pu-661329,ng-state-ogun,OPEN SPACE AT ONSA VILLAGE KAJOLA,INEC_CVR_PU,661329,,inec-lga-574,,state-assembly-sc-742-og,inec-ward-6574
WARD,inec-ward-6575,ng-state-ogun,OLORUNDA/GBOMO,INEC_CVR_WARD,6575,,inec-lga-574,,state-assembly-sc-742-og,
POLLING_UNIT,inec-pu-91922,ng-state-ogun,I.A.L.G. AGBORO,INEC_CVR_PU,91922,,inec-lga-574,,state-assembly-sc-742-og,inec-ward-6575
POLLING_UNIT,inec-pu-91923,ng-state-ogun,ITA BAALE OLORO AKINWALE,INEC_CVR_PU,91923,,inec-lga-574,,state-assembly-sc-742-og,inec-ward-6575
POLLING_UNIT,inec-pu-91924,ng-state-ogun,ITA BAALE BABALAWO,INEC_CVR_PU,91924,,inec-lga-574,,state-assembly-sc-742-og,inec-ward-6575
POLLING_UNIT,inec-pu-91925,ng-state-ogun,ITA BAALE OLORUNDA,INEC_CVR_PU,91925,,inec-lga-574,,state-assembly-sc-742-og,inec-ward-6575
POLLING_UNIT,inec-pu-91926,ng-state-ogun,I. A. L.G. SESAN,INEC_CVR_PU,91926,,inec-lga-574,,state-assembly-sc-742-og,inec-ward-6575
POLLING_UNIT,inec-pu-91927,ng-state-ogun,KILE JUNCTION,INEC_CVR_PU,91927,,inec-lga-574,,state-assembly-sc-742-og,inec-ward-6575
POLLING_UNIT,inec-pu-91928,ng-state-ogun,ITA BAALE INAWOLE VILLAGE,INEC_CVR_PU,91928,,inec-lga-574,,state-assembly-sc-742-og,inec-ward-6575
WARD,inec-ward-6576,ng-state-ogun,IDI AYIN,INEC_CVR_WARD,6576,,inec-lga-574,,state-assembly-sc-742-og,
POLLING_UNIT,inec-pu-91929,ng-state-ogun,I.A.L.G. IDI AYIN,INEC_CVR_PU,91929,,inec-lga-574,,state-assembly-sc-742-og,inec-ward-6576
POLLING_UNIT,inec-pu-91930,ng-state-ogun,SABO SQUARE OWODE MOSAFEJO SQUARE OWODE,INEC_CVR_PU,91930,,inec-lga-574,,state-assembly-sc-742-og,inec-ward-6576
POLLING_UNIT,inec-pu-91931,ng-state-ogun,ITA BAALE AGO-KESAN,INEC_CVR_PU,91931,,inec-lga-574,,state-assembly-sc-742-og,inec-ward-6576
POLLING_UNIT,inec-pu-91932,ng-state-ogun,I.A.L.G. OJUBU LATILEWO,INEC_CVR_PU,91932,,inec-lga-574,,state-assembly-sc-742-og,inec-ward-6576
POLLING_UNIT,inec-pu-91933,ng-state-ogun,PRY. SCHOOL AMORE,INEC_CVR_PU,91933,,inec-lga-574,,state-assembly-sc-742-og,inec-ward-6576
POLLING_UNIT,inec-pu-91934,ng-state-ogun,PRY. SCHOOL ALAGBOMEJI,INEC_CVR_PU,91934,,inec-lga-574,,state-assembly-sc-742-og,inec-ward-6576
POLLING_UNIT,inec-pu-91935,ng-state-ogun,C.P.L. OWUWU,INEC_CVR_PU,91935,,inec-lga-574,,state-assembly-sc-742-og,inec-ward-6576
POLLING_UNIT,inec-pu-91936,ng-state-ogun,NEAR MARKET OBADA,INEC_CVR_PU,91936,,inec-lga-574,,state-assembly-sc-742-og,inec-ward-6576
POLLING_UNIT,inec-pu-661334,ng-state-ogun,OPEN SPACE AT OKE OYA ADJACENT K&S,INEC_CVR_PU,661334,,inec-lga-574,,state-assembly-sc-742-og,inec-ward-6576
POLLING_UNIT,inec-pu-661335,ng-state-ogun,"OPEN SPACE INFRONT OF ANIFOWOSE MATERNITY CENTRE ,SABO",INEC_CVR_PU,661335,,inec-lga-574,,state-assembly-sc-742-og,inec-ward-6576
POLLING_UNIT,inec-pu-661336,ng-state-ogun,"OPEN SPACE AT FIRST BAPTIST CHURCH , ISALE AFON",INEC_CVR_PU,661336,,inec-lga-574,,state-assembly-sc-742-og,inec-ward-6576
WARD,inec-ward-6577,ng-state-ogun,IPOKIA I,INEC_CVR_WARD,6577,,inec-lga-575,,state-assembly-sc-745-og,
POLLING_UNIT,inec-pu-91937,ng-state-ogun,"IPOKIA L.G. SCHOOL, ALAGA, IPOKIA",INEC_CVR_PU,91937,,inec-lga-575,,state-assembly-sc-745-og,inec-ward-6577
POLLING_UNIT,inec-pu-91938,ng-state-ogun,C.M.S. SCHOOL IPOKIA,INEC_CVR_PU,91938,,inec-lga-575,,state-assembly-sc-745-og,inec-ward-6577
POLLING_UNIT,inec-pu-91939,ng-state-ogun,U.A.M.C. SCH. IPOKIA,INEC_CVR_PU,91939,,inec-lga-575,,state-assembly-sc-745-og,inec-ward-6577
POLLING_UNIT,inec-pu-91940,ng-state-ogun,"NEAR PALACE SQUARE, IPOKIA",INEC_CVR_PU,91940,,inec-lga-575,,state-assembly-sc-745-og,inec-ward-6577
POLLING_UNIT,inec-pu-91941,ng-state-ogun,"ALAFIA TAYO STREET, IPOKIA",INEC_CVR_PU,91941,,inec-lga-575,,state-assembly-sc-745-og,inec-ward-6577
POLLING_UNIT,inec-pu-91942,ng-state-ogun,BAPTIST DAY SCHOOL IWUKU YASI,INEC_CVR_PU,91942,,inec-lga-575,,state-assembly-sc-745-og,inec-ward-6577
POLLING_UNIT,inec-pu-91943,ng-state-ogun,OPEN SPACE AT IWUKU IGBODO,INEC_CVR_PU,91943,,inec-lga-575,,state-assembly-sc-745-og,inec-ward-6577
POLLING_UNIT,inec-pu-91944,ng-state-ogun,"APOSTOLIC SCHOOL, OBANIGBE",INEC_CVR_PU,91944,,inec-lga-575,,state-assembly-sc-745-og,inec-ward-6577
POLLING_UNIT,inec-pu-91945,ng-state-ogun,TOWN HALL OBANIGBE OKE,INEC_CVR_PU,91945,,inec-lga-575,,state-assembly-sc-745-og,inec-ward-6577
POLLING_UNIT,inec-pu-661399,ng-state-ogun,"INFRONT OF OLD POST OFFICE,IPOKIA",INEC_CVR_PU,661399,,inec-lga-575,,state-assembly-sc-745-og,inec-ward-6577
POLLING_UNIT,inec-pu-661400,ng-state-ogun,IPOKIA TOWN HALL,INEC_CVR_PU,661400,,inec-lga-575,,state-assembly-sc-745-og,inec-ward-6577
POLLING_UNIT,inec-pu-661401,ng-state-ogun,"INFRONT OF CUSTOMARY COURT, IPOKIA",INEC_CVR_PU,661401,,inec-lga-575,,state-assembly-sc-745-og,inec-ward-6577
POLLING_UNIT,inec-pu-661402,ng-state-ogun,"BASE AT IREPODUN JUNCTION, IPOKIA",INEC_CVR_PU,661402,,inec-lga-575,,state-assembly-sc-745-og,inec-ward-6577
POLLING_UNIT,inec-pu-661403,ng-state-ogun,OPEN SPACE INFRONT OF IPOKIA STAFF QUARTERS,INEC_CVR_PU,661403,,inec-lga-575,,state-assembly-sc-745-og,inec-ward-6577
POLLING_UNIT,inec-pu-661404,ng-state-ogun,"OPEN SPACE AT IDOSUO STREET, IPOKIA",INEC_CVR_PU,661404,,inec-lga-575,,state-assembly-sc-745-og,inec-ward-6577
POLLING_UNIT,inec-pu-661405,ng-state-ogun,"OPEN SPACE AT OKE YARA, IPOKIA",INEC_CVR_PU,661405,,inec-lga-575,,state-assembly-sc-745-og,inec-ward-6577
POLLING_UNIT,inec-pu-661406,ng-state-ogun,SURULERE JUNCTION IPOKIA,INEC_CVR_PU,661406,,inec-lga-575,,state-assembly-sc-745-og,inec-ward-6577
WARD,inec-ward-6578,ng-state-ogun,IPOKIA II,INEC_CVR_WARD,6578,,inec-lga-575,,state-assembly-sc-745-og,
POLLING_UNIT,inec-pu-91946,ng-state-ogun,"R.C.M. PRIMARY SCH, ONFO",INEC_CVR_PU,91946,,inec-lga-575,,state-assembly-sc-745-og,inec-ward-6578
POLLING_UNIT,inec-pu-91947,ng-state-ogun,I.P.L.G. SCHOOL ONRO,INEC_CVR_PU,91947,,inec-lga-575,,state-assembly-sc-745-og,inec-ward-6578
POLLING_UNIT,inec-pu-91948,ng-state-ogun,I.P.L.G SCH. GBODOROJU,INEC_CVR_PU,91948,,inec-lga-575,,state-assembly-sc-745-og,inec-ward-6578
POLLING_UNIT,inec-pu-91949,ng-state-ogun,A.U.D. PRY.SCH. IDIMARUN,INEC_CVR_PU,91949,,inec-lga-575,,state-assembly-sc-745-og,inec-ward-6578
POLLING_UNIT,inec-pu-91950,ng-state-ogun,I.P.L.G SCH.IPONRAN,INEC_CVR_PU,91950,,inec-lga-575,,state-assembly-sc-745-og,inec-ward-6578
POLLING_UNIT,inec-pu-91951,ng-state-ogun,I.P.L.G SCH. ONIMOWO,INEC_CVR_PU,91951,,inec-lga-575,,state-assembly-sc-745-og,inec-ward-6578
POLLING_UNIT,inec-pu-91952,ng-state-ogun,OPEN SPACE AT ODANPOPO,INEC_CVR_PU,91952,,inec-lga-575,,state-assembly-sc-745-og,inec-ward-6578
POLLING_UNIT,inec-pu-91953,ng-state-ogun,OPEN SPACE AT ODANJAYE,INEC_CVR_PU,91953,,inec-lga-575,,state-assembly-sc-745-og,inec-ward-6578
POLLING_UNIT,inec-pu-661407,ng-state-ogun,TOWN HALL MOTOKE IPONRAN,INEC_CVR_PU,661407,,inec-lga-575,,state-assembly-sc-745-og,inec-ward-6578
POLLING_UNIT,inec-pu-661408,ng-state-ogun,OPEN SPACE AT PAKOJI JUNCTION,INEC_CVR_PU,661408,,inec-lga-575,,state-assembly-sc-745-og,inec-ward-6578
POLLING_UNIT,inec-pu-661409,ng-state-ogun,SEJE ONIMOWO TOWN HALL,INEC_CVR_PU,661409,,inec-lga-575,,state-assembly-sc-745-og,inec-ward-6578
POLLING_UNIT,inec-pu-661410,ng-state-ogun,INFRONT OF ONIRO HEALTH CENTER,INEC_CVR_PU,661410,,inec-lga-575,,state-assembly-sc-745-og,inec-ward-6578
POLLING_UNIT,inec-pu-661411,ng-state-ogun,ITADO BASE ODANPOPO,INEC_CVR_PU,661411,,inec-lga-575,,state-assembly-sc-745-og,inec-ward-6578
WARD,inec-ward-6579,ng-state-ogun,AGOSASA,INEC_CVR_WARD,6579,,inec-lga-575,,state-assembly-sc-745-og,
POLLING_UNIT,inec-pu-91954,ng-state-ogun,IN FRONT OF MATERNITY CENTRE AGOSASA,INEC_CVR_PU,91954,,inec-lga-575,,state-assembly-sc-745-og,inec-ward-6579
POLLING_UNIT,inec-pu-91955,ng-state-ogun,"R.C.M. SCHOOL, AGOSASA",INEC_CVR_PU,91955,,inec-lga-575,,state-assembly-sc-745-og,inec-ward-6579
POLLING_UNIT,inec-pu-91956,ng-state-ogun,OPEN SPACE AT COURT HALL IDOMAFE,INEC_CVR_PU,91956,,inec-lga-575,,state-assembly-sc-745-og,inec-ward-6579
POLLING_UNIT,inec-pu-91957,ng-state-ogun,N.U.D. SCHOOL AGOSASA,INEC_CVR_PU,91957,,inec-lga-575,,state-assembly-sc-745-og,inec-ward-6579
POLLING_UNIT,inec-pu-91958,ng-state-ogun,COMMUNITY HIGH SCHOOL AGOSASA,INEC_CVR_PU,91958,,inec-lga-575,,state-assembly-sc-745-og,inec-ward-6579
POLLING_UNIT,inec-pu-91959,ng-state-ogun,ODESAN - WEST SQUARE,INEC_CVR_PU,91959,,inec-lga-575,,state-assembly-sc-745-og,inec-ward-6579
POLLING_UNIT,inec-pu-91960,ng-state-ogun,OPEN SPACE AT CENTRAL MOSQUE AGOSASA,INEC_CVR_PU,91960,,inec-lga-575,,state-assembly-sc-745-og,inec-ward-6579
POLLING_UNIT,inec-pu-91961,ng-state-ogun,OPEN SPACE AT IDATA - IDOTUN,INEC_CVR_PU,91961,,inec-lga-575,,state-assembly-sc-745-og,inec-ward-6579
POLLING_UNIT,inec-pu-91962,ng-state-ogun,OPEN SPACE IDOLORISA,INEC_CVR_PU,91962,,inec-lga-575,,state-assembly-sc-745-og,inec-ward-6579
POLLING_UNIT,inec-pu-91963,ng-state-ogun,IPOKIA LOCAL GOVERNMENT SCHOOL AGO - EGUN,INEC_CVR_PU,91963,,inec-lga-575,,state-assembly-sc-745-og,inec-ward-6579
POLLING_UNIT,inec-pu-91964,ng-state-ogun,U.P.S. SCHOOL IBATEFIN,INEC_CVR_PU,91964,,inec-lga-575,,state-assembly-sc-745-og,inec-ward-6579
POLLING_UNIT,inec-pu-91965,ng-state-ogun,OPEN SPACE AT IBATEFIN CLINIC,INEC_CVR_PU,91965,,inec-lga-575,,state-assembly-sc-745-og,inec-ward-6579
POLLING_UNIT,inec-pu-91966,ng-state-ogun,IN FRONT OF IBATEFIN TOWN HALL,INEC_CVR_PU,91966,,inec-lga-575,,state-assembly-sc-745-og,inec-ward-6579
POLLING_UNIT,inec-pu-91967,ng-state-ogun,"OPEN SPACE AT ATHANMAYE, AGOSASA",INEC_CVR_PU,91967,,inec-lga-575,,state-assembly-sc-745-og,inec-ward-6579
POLLING_UNIT,inec-pu-91968,ng-state-ogun,OPEN SPACE AT ASEKO VILLAGE,INEC_CVR_PU,91968,,inec-lga-575,,state-assembly-sc-745-og,inec-ward-6579
POLLING_UNIT,inec-pu-91969,ng-state-ogun,"OPEN SPACE AT IDOTUN, AGOSASA",INEC_CVR_PU,91969,,inec-lga-575,,state-assembly-sc-745-og,inec-ward-6579
POLLING_UNIT,inec-pu-91970,ng-state-ogun,OPEN SPACE AT IDAMA VILLAGE,INEC_CVR_PU,91970,,inec-lga-575,,state-assembly-sc-745-og,inec-ward-6579
POLLING_UNIT,inec-pu-91971,ng-state-ogun,"OPEN SPACE AT AGOSASA CUSTOMARY COURT,ITA-IGBOKU",INEC_CVR_PU,91971,,inec-lga-575,,state-assembly-sc-745-og,inec-ward-6579
POLLING_UNIT,inec-pu-91972,ng-state-ogun,OPEN SPACE AT ASUNARA,INEC_CVR_PU,91972,,inec-lga-575,,state-assembly-sc-745-og,inec-ward-6579
POLLING_UNIT,inec-pu-91973,ng-state-ogun,OPEN SPACE AT FAKEJO,INEC_CVR_PU,91973,,inec-lga-575,,state-assembly-sc-745-og,inec-ward-6579
POLLING_UNIT,inec-pu-91974,ng-state-ogun,"OPEN SPACE AT KAJOLA, AGOSASA",INEC_CVR_PU,91974,,inec-lga-575,,state-assembly-sc-745-og,inec-ward-6579
POLLING_UNIT,inec-pu-91975,ng-state-ogun,MOTOR PARK AGOSASA,INEC_CVR_PU,91975,,inec-lga-575,,state-assembly-sc-745-og,inec-ward-6579
POLLING_UNIT,inec-pu-91976,ng-state-ogun,INFRONT OF ONIMALU,INEC_CVR_PU,91976,,inec-lga-575,,state-assembly-sc-745-og,inec-ward-6579
POLLING_UNIT,inec-pu-91977,ng-state-ogun,OPEN SPACE AT IDABATA,INEC_CVR_PU,91977,,inec-lga-575,,state-assembly-sc-745-og,inec-ward-6579
POLLING_UNIT,inec-pu-661338,ng-state-ogun,"OPEN SPACE AT ALBARKA ESTATE, AGOSASA",INEC_CVR_PU,661338,,inec-lga-575,,state-assembly-sc-745-og,inec-ward-6579
POLLING_UNIT,inec-pu-661339,ng-state-ogun,OPEN SPACE AT OLORUNDA COMMUNITY,INEC_CVR_PU,661339,,inec-lga-575,,state-assembly-sc-745-og,inec-ward-6579
POLLING_UNIT,inec-pu-661340,ng-state-ogun,TOWN HALL AYEDUN,INEC_CVR_PU,661340,,inec-lga-575,,state-assembly-sc-745-og,inec-ward-6579
POLLING_UNIT,inec-pu-661341,ng-state-ogun,OPEN SPACE NEAR NAWARUDEEN MOSQUE,INEC_CVR_PU,661341,,inec-lga-575,,state-assembly-sc-745-og,inec-ward-6579
POLLING_UNIT,inec-pu-661342,ng-state-ogun,OPEN SPACE AT OGUNTEDO COMMUNITY,INEC_CVR_PU,661342,,inec-lga-575,,state-assembly-sc-745-og,inec-ward-6579
POLLING_UNIT,inec-pu-661343,ng-state-ogun,"COMMUNITY PRY SCHOOL,IDOJORI TOWN, AGOSASA",INEC_CVR_PU,661343,,inec-lga-575,,state-assembly-sc-745-og,inec-ward-6579
POLLING_UNIT,inec-pu-661344,ng-state-ogun,"OPEN SPACE AT AYETORO ILE JUNCTION, IBATEFIN",INEC_CVR_PU,661344,,inec-lga-575,,state-assembly-sc-745-og,inec-ward-6579
POLLING_UNIT,inec-pu-661345,ng-state-ogun,"OPEN SPACE AT ITAMOSA JUNCTION, IBATEFIN",INEC_CVR_PU,661345,,inec-lga-575,,state-assembly-sc-745-og,inec-ward-6579
POLLING_UNIT,inec-pu-661346,ng-state-ogun,"OPEN SPACE AT OKORO BASE, IBATEFIN",INEC_CVR_PU,661346,,inec-lga-575,,state-assembly-sc-745-og,inec-ward-6579
POLLING_UNIT,inec-pu-661347,ng-state-ogun,TOWN SQUARE OLORUNSOGO,INEC_CVR_PU,661347,,inec-lga-575,,state-assembly-sc-745-og,inec-ward-6579
POLLING_UNIT,inec-pu-661348,ng-state-ogun,"OPEN SPACE AT IGBOGBOLODI, AGOSASA",INEC_CVR_PU,661348,,inec-lga-575,,state-assembly-sc-745-og,inec-ward-6579
POLLING_UNIT,inec-pu-661349,ng-state-ogun,"TOWN HALL IDOGUN ORILE, AGOSASA",INEC_CVR_PU,661349,,inec-lga-575,,state-assembly-sc-745-og,inec-ward-6579
POLLING_UNIT,inec-pu-661350,ng-state-ogun,OPEN SPACE AT AANU OLUWAPO COMMUNITY,INEC_CVR_PU,661350,,inec-lga-575,,state-assembly-sc-745-og,inec-ward-6579
POLLING_UNIT,inec-pu-661351,ng-state-ogun,OPEN SPACE NEAR MOSQUE IDOBAMO,INEC_CVR_PU,661351,,inec-lga-575,,state-assembly-sc-745-og,inec-ward-6579
POLLING_UNIT,inec-pu-661352,ng-state-ogun,"OPEN SPACE AT IFESOWAPO COMMUNITY, BESIDE MECHANIC WORKSHOP",INEC_CVR_PU,661352,,inec-lga-575,,state-assembly-sc-745-og,inec-ward-6579
POLLING_UNIT,inec-pu-661353,ng-state-ogun,"OPEN SPACE AT ILUPEJU COMMUNITY, AGOSASA",INEC_CVR_PU,661353,,inec-lga-575,,state-assembly-sc-745-og,inec-ward-6579
POLLING_UNIT,inec-pu-661354,ng-state-ogun,"OPEN SPACE AT BRIGHTER JUNCTION, AGOSASA",INEC_CVR_PU,661354,,inec-lga-575,,state-assembly-sc-745-og,inec-ward-6579
WARD,inec-ward-6580,ng-state-ogun,IJOFIN/IDOSA,INEC_CVR_WARD,6580,,inec-lga-575,,state-assembly-sc-745-og,
POLLING_UNIT,inec-pu-91978,ng-state-ogun,I.P.L.G. SCHOOL - IJOFIN,INEC_CVR_PU,91978,,inec-lga-575,,state-assembly-sc-745-og,inec-ward-6580
POLLING_UNIT,inec-pu-91979,ng-state-ogun,METHODIST SCHOOL IJOFIN,INEC_CVR_PU,91979,,inec-lga-575,,state-assembly-sc-745-og,inec-ward-6580
POLLING_UNIT,inec-pu-91980,ng-state-ogun,I.P.L.G. SCHOOL TONGEJI ISLAND,INEC_CVR_PU,91980,,inec-lga-575,,state-assembly-sc-745-og,inec-ward-6580
POLLING_UNIT,inec-pu-91981,ng-state-ogun,IDOWE TOWN HALL,INEC_CVR_PU,91981,,inec-lga-575,,state-assembly-sc-745-og,inec-ward-6580
POLLING_UNIT,inec-pu-91982,ng-state-ogun,BAPT. SCHOOL ITA - ONIMASA,INEC_CVR_PU,91982,,inec-lga-575,,state-assembly-sc-745-og,inec-ward-6580
POLLING_UNIT,inec-pu-91983,ng-state-ogun,"OKE ASA SQUARE, IJOFIN",INEC_CVR_PU,91983,,inec-lga-575,,state-assembly-sc-745-og,inec-ward-6580
POLLING_UNIT,inec-pu-91984,ng-state-ogun,I.P.L.G. SCHOOL - ILEPA,INEC_CVR_PU,91984,,inec-lga-575,,state-assembly-sc-745-og,inec-ward-6580
POLLING_UNIT,inec-pu-91985,ng-state-ogun,KOSOMI SQUARE,INEC_CVR_PU,91985,,inec-lga-575,,state-assembly-sc-745-og,inec-ward-6580
POLLING_UNIT,inec-pu-91986,ng-state-ogun,ARIGO SQUARE,INEC_CVR_PU,91986,,inec-lga-575,,state-assembly-sc-745-og,inec-ward-6580
POLLING_UNIT,inec-pu-91987,ng-state-ogun,I.P;L.G. SCHOOL IDOSEMO,INEC_CVR_PU,91987,,inec-lga-575,,state-assembly-sc-745-og,inec-ward-6580
POLLING_UNIT,inec-pu-91988,ng-state-ogun,I.P.L.G. SCHOOL IDOSA,INEC_CVR_PU,91988,,inec-lga-575,,state-assembly-sc-745-og,inec-ward-6580
POLLING_UNIT,inec-pu-91989,ng-state-ogun,GBAO TOWN HALL,INEC_CVR_PU,91989,,inec-lga-575,,state-assembly-sc-745-og,inec-ward-6580
POLLING_UNIT,inec-pu-91990,ng-state-ogun,KATE SQUARE,INEC_CVR_PU,91990,,inec-lga-575,,state-assembly-sc-745-og,inec-ward-6580
POLLING_UNIT,inec-pu-91991,ng-state-ogun,I.P.L.G. SCHOOL BODE ASE,INEC_CVR_PU,91991,,inec-lga-575,,state-assembly-sc-745-og,inec-ward-6580
POLLING_UNIT,inec-pu-91992,ng-state-ogun,VATIPA SQUARE,INEC_CVR_PU,91992,,inec-lga-575,,state-assembly-sc-745-og,inec-ward-6580
POLLING_UNIT,inec-pu-91993,ng-state-ogun,I.P.L.G. SCHOOL IDOPETU,INEC_CVR_PU,91993,,inec-lga-575,,state-assembly-sc-745-og,inec-ward-6580
POLLING_UNIT,inec-pu-91994,ng-state-ogun,ISHIN SQUARE,INEC_CVR_PU,91994,,inec-lga-575,,state-assembly-sc-745-og,inec-ward-6580
POLLING_UNIT,inec-pu-91995,ng-state-ogun,ITA ODOJIGAN,INEC_CVR_PU,91995,,inec-lga-575,,state-assembly-sc-745-og,inec-ward-6580
POLLING_UNIT,inec-pu-91996,ng-state-ogun,ILUFE,INEC_CVR_PU,91996,,inec-lga-575,,state-assembly-sc-745-og,inec-ward-6580
POLLING_UNIT,inec-pu-91997,ng-state-ogun,OPEN SPACE OPP. ONIJOFIN PALACE,INEC_CVR_PU,91997,,inec-lga-575,,state-assembly-sc-745-og,inec-ward-6580
POLLING_UNIT,inec-pu-91998,ng-state-ogun,OPEN SPACE AT IKEFIN TOWN HALL,INEC_CVR_PU,91998,,inec-lga-575,,state-assembly-sc-745-og,inec-ward-6580
POLLING_UNIT,inec-pu-661395,ng-state-ogun,BASE AT ITA WHANSE SQUARE,INEC_CVR_PU,661395,,inec-lga-575,,state-assembly-sc-745-og,inec-ward-6580
POLLING_UNIT,inec-pu-661396,ng-state-ogun,TOWN HALL SENKAME/SETOKO,INEC_CVR_PU,661396,,inec-lga-575,,state-assembly-sc-745-og,inec-ward-6580
POLLING_UNIT,inec-pu-661397,ng-state-ogun,OPEN SPACE AT TONGEJI WATER WORKS,INEC_CVR_PU,661397,,inec-lga-575,,state-assembly-sc-745-og,inec-ward-6580
POLLING_UNIT,inec-pu-661398,ng-state-ogun,"ZEBE SQUARE VATIPA, IKEFIN",INEC_CVR_PU,661398,,inec-lga-575,,state-assembly-sc-745-og,inec-ward-6580
WARD,inec-ward-6581,ng-state-ogun,TUBE,INEC_CVR_WARD,6581,,inec-lga-575,,state-assembly-sc-745-og,
POLLING_UNIT,inec-pu-91999,ng-state-ogun,I.P.L.G. SCHOOL TUBE,INEC_CVR_PU,91999,,inec-lga-575,,state-assembly-sc-745-og,inec-ward-6581
POLLING_UNIT,inec-pu-92000,ng-state-ogun,MATERNITY CENTRE TUBE,INEC_CVR_PU,92000,,inec-lga-575,,state-assembly-sc-745-og,inec-ward-6581
POLLING_UNIT,inec-pu-92001,ng-state-ogun,POE SQUARE,INEC_CVR_PU,92001,,inec-lga-575,,state-assembly-sc-745-og,inec-ward-6581
POLLING_UNIT,inec-pu-92002,ng-state-ogun,OBALAJA SQUARE,INEC_CVR_PU,92002,,inec-lga-575,,state-assembly-sc-745-og,inec-ward-6581
POLLING_UNIT,inec-pu-92003,ng-state-ogun,C.P.S. SCH. IBADAN,INEC_CVR_PU,92003,,inec-lga-575,,state-assembly-sc-745-og,inec-ward-6581
POLLING_UNIT,inec-pu-92004,ng-state-ogun,METHODIST SCHOOL ILESI,INEC_CVR_PU,92004,,inec-lga-575,,state-assembly-sc-745-og,inec-ward-6581
POLLING_UNIT,inec-pu-92005,ng-state-ogun,AFONJI SQUARE,INEC_CVR_PU,92005,,inec-lga-575,,state-assembly-sc-745-og,inec-ward-6581
POLLING_UNIT,inec-pu-92006,ng-state-ogun,OVUU SQUARE,INEC_CVR_PU,92006,,inec-lga-575,,state-assembly-sc-745-og,inec-ward-6581
POLLING_UNIT,inec-pu-92007,ng-state-ogun,GBOJE SQUARE,INEC_CVR_PU,92007,,inec-lga-575,,state-assembly-sc-745-og,inec-ward-6581
POLLING_UNIT,inec-pu-92008,ng-state-ogun,I.P.L.G. MODOBULAFON,INEC_CVR_PU,92008,,inec-lga-575,,state-assembly-sc-745-og,inec-ward-6581
POLLING_UNIT,inec-pu-92009,ng-state-ogun,OPEN SPACE AT ODEPATA,INEC_CVR_PU,92009,,inec-lga-575,,state-assembly-sc-745-og,inec-ward-6581
POLLING_UNIT,inec-pu-92010,ng-state-ogun,IGBO ASA SQUARE,INEC_CVR_PU,92010,,inec-lga-575,,state-assembly-sc-745-og,inec-ward-6581
POLLING_UNIT,inec-pu-92011,ng-state-ogun,OPEN SPACE AT AHOHO-ISA,INEC_CVR_PU,92011,,inec-lga-575,,state-assembly-sc-745-og,inec-ward-6581
POLLING_UNIT,inec-pu-661417,ng-state-ogun,COMMUNITY SECONDARY SCHOOL TUBE,INEC_CVR_PU,661417,,inec-lga-575,,state-assembly-sc-745-og,inec-ward-6581
POLLING_UNIT,inec-pu-661418,ng-state-ogun,"OPEN SPACE AT NEW GARAGE,JATTU",INEC_CVR_PU,661418,,inec-lga-575,,state-assembly-sc-745-og,inec-ward-6581
POLLING_UNIT,inec-pu-661419,ng-state-ogun,OPEN SPACE AT IDOMEFE SQUARE,INEC_CVR_PU,661419,,inec-lga-575,,state-assembly-sc-745-og,inec-ward-6581
POLLING_UNIT,inec-pu-661420,ng-state-ogun,OPEN SPACE AT AFONJI SQUARE,INEC_CVR_PU,661420,,inec-lga-575,,state-assembly-sc-745-og,inec-ward-6581
POLLING_UNIT,inec-pu-661421,ng-state-ogun,TOWN HALL BILAFON,INEC_CVR_PU,661421,,inec-lga-575,,state-assembly-sc-745-og,inec-ward-6581
POLLING_UNIT,inec-pu-661422,ng-state-ogun,OPEN SPACE BESIDE CENTRAL MOSQUE JIROME,INEC_CVR_PU,661422,,inec-lga-575,,state-assembly-sc-745-og,inec-ward-6581
WARD,inec-ward-6582,ng-state-ogun,AGADA,INEC_CVR_WARD,6582,,inec-lga-575,,state-assembly-sc-745-og,
POLLING_UNIT,inec-pu-92012,ng-state-ogun,METHODIST SCHOOL AGADA,INEC_CVR_PU,92012,,inec-lga-575,,state-assembly-sc-745-og,inec-ward-6582
POLLING_UNIT,inec-pu-92013,ng-state-ogun,OJA AGADA SQUARE,INEC_CVR_PU,92013,,inec-lga-575,,state-assembly-sc-745-og,inec-ward-6582
POLLING_UNIT,inec-pu-92014,ng-state-ogun,ITA MAGUTA SQUARE,INEC_CVR_PU,92014,,inec-lga-575,,state-assembly-sc-745-og,inec-ward-6582
POLLING_UNIT,inec-pu-92015,ng-state-ogun,COMMUNITY PRY. SCHOOL IGUU,INEC_CVR_PU,92015,,inec-lga-575,,state-assembly-sc-745-og,inec-ward-6582
POLLING_UNIT,inec-pu-92016,ng-state-ogun,I.P.L.G. SCHOOL IGADE,INEC_CVR_PU,92016,,inec-lga-575,,state-assembly-sc-745-og,inec-ward-6582
POLLING_UNIT,inec-pu-92017,ng-state-ogun,OPEN SPACE AT JIHOME,INEC_CVR_PU,92017,,inec-lga-575,,state-assembly-sc-745-og,inec-ward-6582
POLLING_UNIT,inec-pu-92018,ng-state-ogun,I.P.L.G. SCHOOL WHEKAN,INEC_CVR_PU,92018,,inec-lga-575,,state-assembly-sc-745-og,inec-ward-6582
POLLING_UNIT,inec-pu-92019,ng-state-ogun,OPEN SPACE AT AWUSA,INEC_CVR_PU,92019,,inec-lga-575,,state-assembly-sc-745-og,inec-ward-6582
POLLING_UNIT,inec-pu-92020,ng-state-ogun,WHEKAN TOWN HALL,INEC_CVR_PU,92020,,inec-lga-575,,state-assembly-sc-745-og,inec-ward-6582
POLLING_UNIT,inec-pu-661337,ng-state-ogun,OPEN SPACE AT ODAN AGADA VILLAGE,INEC_CVR_PU,661337,,inec-lga-575,,state-assembly-sc-745-og,inec-ward-6582
WARD,inec-ward-6583,ng-state-ogun,MAUNI I,INEC_CVR_WARD,6583,,inec-lga-575,,state-assembly-sc-745-og,
POLLING_UNIT,inec-pu-92021,ng-state-ogun,ANAGUNJI SQUARE,INEC_CVR_PU,92021,,inec-lga-575,,state-assembly-sc-745-og,inec-ward-6583
POLLING_UNIT,inec-pu-92022,ng-state-ogun,C.P.S. SCHOOL ILERO,INEC_CVR_PU,92022,,inec-lga-575,,state-assembly-sc-745-og,inec-ward-6583
POLLING_UNIT,inec-pu-92023,ng-state-ogun,SEJE TOWN HALL,INEC_CVR_PU,92023,,inec-lga-575,,state-assembly-sc-745-og,inec-ward-6583
POLLING_UNIT,inec-pu-92024,ng-state-ogun,OPEN SPACE AT HAHAME,INEC_CVR_PU,92024,,inec-lga-575,,state-assembly-sc-745-og,inec-ward-6583
POLLING_UNIT,inec-pu-92025,ng-state-ogun,I.P.L.G. SCHOOL MAUN,INEC_CVR_PU,92025,,inec-lga-575,,state-assembly-sc-745-og,inec-ward-6583
POLLING_UNIT,inec-pu-92026,ng-state-ogun,AHOLOME SQUARE,INEC_CVR_PU,92026,,inec-lga-575,,state-assembly-sc-745-og,inec-ward-6583
POLLING_UNIT,inec-pu-92027,ng-state-ogun,OPEN SPACE AT OSIBADAN,INEC_CVR_PU,92027,,inec-lga-575,,state-assembly-sc-745-og,inec-ward-6583
POLLING_UNIT,inec-pu-92028,ng-state-ogun,MAUN MATERNITY CENTRE,INEC_CVR_PU,92028,,inec-lga-575,,state-assembly-sc-745-og,inec-ward-6583
POLLING_UNIT,inec-pu-92029,ng-state-ogun,OPEN SPACE AT AKERE,INEC_CVR_PU,92029,,inec-lga-575,,state-assembly-sc-745-og,inec-ward-6583
POLLING_UNIT,inec-pu-92030,ng-state-ogun,WHEKE TOWN HALL,INEC_CVR_PU,92030,,inec-lga-575,,state-assembly-sc-745-og,inec-ward-6583
POLLING_UNIT,inec-pu-92031,ng-state-ogun,"C.P.S. SCH, AHOVO",INEC_CVR_PU,92031,,inec-lga-575,,state-assembly-sc-745-og,inec-ward-6583
POLLING_UNIT,inec-pu-92032,ng-state-ogun,GBEGOTHO SQUARE,INEC_CVR_PU,92032,,inec-lga-575,,state-assembly-sc-745-og,inec-ward-6583
POLLING_UNIT,inec-pu-92033,ng-state-ogun,IGO/ONADILOGUN SQAURE,INEC_CVR_PU,92033,,inec-lga-575,,state-assembly-sc-745-og,inec-ward-6583
WARD,inec-ward-6584,ng-state-ogun,MAUNI II,INEC_CVR_WARD,6584,,inec-lga-575,,state-assembly-sc-745-og,
POLLING_UNIT,inec-pu-92034,ng-state-ogun,I.P.L.G. SCHOOL IPINLE,INEC_CVR_PU,92034,,inec-lga-575,,state-assembly-sc-745-og,inec-ward-6584
POLLING_UNIT,inec-pu-92035,ng-state-ogun,OPEN SPACE AT AGBOJETHO,INEC_CVR_PU,92035,,inec-lga-575,,state-assembly-sc-745-og,inec-ward-6584
POLLING_UNIT,inec-pu-92036,ng-state-ogun,OPEN SPACE AT FANJI,INEC_CVR_PU,92036,,inec-lga-575,,state-assembly-sc-745-og,inec-ward-6584
POLLING_UNIT,inec-pu-92037,ng-state-ogun,OPEN SPACE AT OKERE,INEC_CVR_PU,92037,,inec-lga-575,,state-assembly-sc-745-og,inec-ward-6584
POLLING_UNIT,inec-pu-92038,ng-state-ogun,OPEN SPACE AT NIGHT MARKET AGBOGBE,INEC_CVR_PU,92038,,inec-lga-575,,state-assembly-sc-745-og,inec-ward-6584
POLLING_UNIT,inec-pu-92039,ng-state-ogun,AJANKOME TOWN HALL,INEC_CVR_PU,92039,,inec-lga-575,,state-assembly-sc-745-og,inec-ward-6584
POLLING_UNIT,inec-pu-92040,ng-state-ogun,I.P.L.G. SCHOOL VAWHE TUKURU,INEC_CVR_PU,92040,,inec-lga-575,,state-assembly-sc-745-og,inec-ward-6584
POLLING_UNIT,inec-pu-92041,ng-state-ogun,METHODIST SCH. HUNDO,INEC_CVR_PU,92041,,inec-lga-575,,state-assembly-sc-745-og,inec-ward-6584
POLLING_UNIT,inec-pu-92042,ng-state-ogun,VAWHE PEVI SQUARE,INEC_CVR_PU,92042,,inec-lga-575,,state-assembly-sc-745-og,inec-ward-6584
POLLING_UNIT,inec-pu-92043,ng-state-ogun,ARAROMI SQUARE,INEC_CVR_PU,92043,,inec-lga-575,,state-assembly-sc-745-og,inec-ward-6584
POLLING_UNIT,inec-pu-661412,ng-state-ogun,NIGHT MARKET JUNCTION IPINLE OKE,INEC_CVR_PU,661412,,inec-lga-575,,state-assembly-sc-745-og,inec-ward-6584
POLLING_UNIT,inec-pu-661413,ng-state-ogun,"BAPTIST DAY PRY SCHOOL, VAWHE-TAFA",INEC_CVR_PU,661413,,inec-lga-575,,state-assembly-sc-745-og,inec-ward-6584
POLLING_UNIT,inec-pu-661414,ng-state-ogun,"TOWN HALL, AGBOGBE",INEC_CVR_PU,661414,,inec-lga-575,,state-assembly-sc-745-og,inec-ward-6584
POLLING_UNIT,inec-pu-661415,ng-state-ogun,OPEN SPACE AT VETHO VAWHE HUNDO,INEC_CVR_PU,661415,,inec-lga-575,,state-assembly-sc-745-og,inec-ward-6584
POLLING_UNIT,inec-pu-661416,ng-state-ogun,OPEN SPACE AT SEJE OKE,INEC_CVR_PU,661416,,inec-lga-575,,state-assembly-sc-745-og,inec-ward-6584
WARD,inec-ward-6585,ng-state-ogun,AJEGUNLE,INEC_CVR_WARD,6585,,inec-lga-575,,state-assembly-sc-745-og,
POLLING_UNIT,inec-pu-92044,ng-state-ogun,OPEN SPACE NEAR AJEGUNLE MOSQUE,INEC_CVR_PU,92044,,inec-lga-575,,state-assembly-sc-745-og,inec-ward-6585
POLLING_UNIT,inec-pu-92045,ng-state-ogun,AJEGUNLE BUS STOP,INEC_CVR_PU,92045,,inec-lga-575,,state-assembly-sc-745-og,inec-ward-6585
POLLING_UNIT,inec-pu-92046,ng-state-ogun,OPEN SPACE NEAR BAALES HOUSE ILUPEJU,INEC_CVR_PU,92046,,inec-lga-575,,state-assembly-sc-745-og,inec-ward-6585
POLLING_UNIT,inec-pu-92047,ng-state-ogun,OPEN SPACE AT ILUPEJU JUNCTION,INEC_CVR_PU,92047,,inec-lga-575,,state-assembly-sc-745-og,inec-ward-6585
POLLING_UNIT,inec-pu-92048,ng-state-ogun,A/C SCHOOL OWOTEDO,INEC_CVR_PU,92048,,inec-lga-575,,state-assembly-sc-745-og,inec-ward-6585
POLLING_UNIT,inec-pu-92049,ng-state-ogun,PRY. SCHOOL OGOSA,INEC_CVR_PU,92049,,inec-lga-575,,state-assembly-sc-745-og,inec-ward-6585
POLLING_UNIT,inec-pu-92050,ng-state-ogun,I.P.L.G. SCHOOL MEDEOGOSA,INEC_CVR_PU,92050,,inec-lga-575,,state-assembly-sc-745-og,inec-ward-6585
POLLING_UNIT,inec-pu-92051,ng-state-ogun,OPEN SPACE AT AGBOKU JUNCTION,INEC_CVR_PU,92051,,inec-lga-575,,state-assembly-sc-745-og,inec-ward-6585
POLLING_UNIT,inec-pu-92052,ng-state-ogun,OPEN SPACE AT MOSAFEJO JUNCTION,INEC_CVR_PU,92052,,inec-lga-575,,state-assembly-sc-745-og,inec-ward-6585
POLLING_UNIT,inec-pu-92053,ng-state-ogun,IDOLOGUN SQUARE,INEC_CVR_PU,92053,,inec-lga-575,,state-assembly-sc-745-og,inec-ward-6585
POLLING_UNIT,inec-pu-92054,ng-state-ogun,OPEN SPACE BEHIND JOLACO FILLING STATION,INEC_CVR_PU,92054,,inec-lga-575,,state-assembly-sc-745-og,inec-ward-6585
POLLING_UNIT,inec-pu-661355,ng-state-ogun,"AGO EGUN TOWN HALL, AJEGUNLE",INEC_CVR_PU,661355,,inec-lga-575,,state-assembly-sc-745-og,inec-ward-6585
POLLING_UNIT,inec-pu-661356,ng-state-ogun,OPEN SPACE AT BABAJIDE AJIBOLA QUARTERS,INEC_CVR_PU,661356,,inec-lga-575,,state-assembly-sc-745-og,inec-ward-6585
POLLING_UNIT,inec-pu-661357,ng-state-ogun,OPEN SPACE AT TAIWO STREET NEAR EDUCARE SCHOOL.,INEC_CVR_PU,661357,,inec-lga-575,,state-assembly-sc-745-og,inec-ward-6585
POLLING_UNIT,inec-pu-661358,ng-state-ogun,OPEN SPACE AT ILE EJA JUNCTION,INEC_CVR_PU,661358,,inec-lga-575,,state-assembly-sc-745-og,inec-ward-6585
POLLING_UNIT,inec-pu-661359,ng-state-ogun,OPEN SPACE AT OLALOWO ESTATE,INEC_CVR_PU,661359,,inec-lga-575,,state-assembly-sc-745-og,inec-ward-6585
POLLING_UNIT,inec-pu-661360,ng-state-ogun,OPEN SPACE NEAR BAALE'S HOUSE OGOSA,INEC_CVR_PU,661360,,inec-lga-575,,state-assembly-sc-745-og,inec-ward-6585
POLLING_UNIT,inec-pu-661361,ng-state-ogun,OPEN SPACE AT OLORUNDA JUNCTION,INEC_CVR_PU,661361,,inec-lga-575,,state-assembly-sc-745-og,inec-ward-6585
POLLING_UNIT,inec-pu-661362,ng-state-ogun,OPEN SPACE AT OROGBO JUNCTION,INEC_CVR_PU,661362,,inec-lga-575,,state-assembly-sc-745-og,inec-ward-6585
POLLING_UNIT,inec-pu-661363,ng-state-ogun,OPEN SPACE IN FRONT OF MECHANIC VILLAGE,INEC_CVR_PU,661363,,inec-lga-575,,state-assembly-sc-745-og,inec-ward-6585
POLLING_UNIT,inec-pu-661364,ng-state-ogun,OPEN SPACE AT FOUR CORNER,INEC_CVR_PU,661364,,inec-lga-575,,state-assembly-sc-745-og,inec-ward-6585
WARD,inec-ward-6586,ng-state-ogun,IFONYINTEDO,INEC_CVR_WARD,6586,,inec-lga-575,,state-assembly-sc-745-og,
POLLING_UNIT,inec-pu-92055,ng-state-ogun,OPEN SPACE AT MATERNITY CENTRE ATAN-OTA,INEC_CVR_PU,92055,,inec-lga-575,,state-assembly-sc-745-og,inec-ward-6586
POLLING_UNIT,inec-pu-92056,ng-state-ogun,OPEN SPACE NEAR EGA COMPOUND,INEC_CVR_PU,92056,,inec-lga-575,,state-assembly-sc-745-og,inec-ward-6586
POLLING_UNIT,inec-pu-92057,ng-state-ogun,BAPTIST DAY SCHOOL IFONYINTEDO,INEC_CVR_PU,92057,,inec-lga-575,,state-assembly-sc-745-og,inec-ward-6586
POLLING_UNIT,inec-pu-92058,ng-state-ogun,I.P.L.G. SCHOOL IFONYINTEDO,INEC_CVR_PU,92058,,inec-lga-575,,state-assembly-sc-745-og,inec-ward-6586
POLLING_UNIT,inec-pu-92059,ng-state-ogun,OPEN SPACE NEAR BAPT. CHURCH ISALE-ODO,INEC_CVR_PU,92059,,inec-lga-575,,state-assembly-sc-745-og,inec-ward-6586
POLLING_UNIT,inec-pu-92060,ng-state-ogun,C.M.S. SCHOOL SAASA,INEC_CVR_PU,92060,,inec-lga-575,,state-assembly-sc-745-og,inec-ward-6586
POLLING_UNIT,inec-pu-92061,ng-state-ogun,OPEN SPACE NEAR C&S IBOLA,INEC_CVR_PU,92061,,inec-lga-575,,state-assembly-sc-745-og,inec-ward-6586
POLLING_UNIT,inec-pu-92062,ng-state-ogun,OPEN SPACE NEAR METHODIST CHURCH - ITA EGE,INEC_CVR_PU,92062,,inec-lga-575,,state-assembly-sc-745-og,inec-ward-6586
POLLING_UNIT,inec-pu-92063,ng-state-ogun,OPEN SPACE NEAR CENTRAL MOSQUE - MADOGA,INEC_CVR_PU,92063,,inec-lga-575,,state-assembly-sc-745-og,inec-ward-6586
POLLING_UNIT,inec-pu-92064,ng-state-ogun,BAPT. DAY SCHOOL MADOGA,INEC_CVR_PU,92064,,inec-lga-575,,state-assembly-sc-745-og,inec-ward-6586
POLLING_UNIT,inec-pu-92065,ng-state-ogun,OPEN SPACE NEAR BAPT. CHURCH ILAGBE,INEC_CVR_PU,92065,,inec-lga-575,,state-assembly-sc-745-og,inec-ward-6586
POLLING_UNIT,inec-pu-92066,ng-state-ogun,I.P.L.G. IROPO,INEC_CVR_PU,92066,,inec-lga-575,,state-assembly-sc-745-og,inec-ward-6586
POLLING_UNIT,inec-pu-92067,ng-state-ogun,COMM. SCHOOL - IMULE,INEC_CVR_PU,92067,,inec-lga-575,,state-assembly-sc-745-og,inec-ward-6586
POLLING_UNIT,inec-pu-92068,ng-state-ogun,BAPTIST DAY SCHOOL- ALAARI,INEC_CVR_PU,92068,,inec-lga-575,,state-assembly-sc-745-og,inec-ward-6586
POLLING_UNIT,inec-pu-92069,ng-state-ogun,OPEN SPACE NEAR C.A.C. CHURCH - ALAARI,INEC_CVR_PU,92069,,inec-lga-575,,state-assembly-sc-745-og,inec-ward-6586
POLLING_UNIT,inec-pu-92070,ng-state-ogun,COMMUNITY PRY. SCHOOL - KOKO,INEC_CVR_PU,92070,,inec-lga-575,,state-assembly-sc-745-og,inec-ward-6586
POLLING_UNIT,inec-pu-92071,ng-state-ogun,U.A.M.C. WASIMI IKORODU,INEC_CVR_PU,92071,,inec-lga-575,,state-assembly-sc-745-og,inec-ward-6586
POLLING_UNIT,inec-pu-92072,ng-state-ogun,COMMUNITY PRY. SCH. ASIPA,INEC_CVR_PU,92072,,inec-lga-575,,state-assembly-sc-745-og,inec-ward-6586
POLLING_UNIT,inec-pu-92073,ng-state-ogun,OPEN SPACE NEAR BAPTIST CHURCH AFUYE,INEC_CVR_PU,92073,,inec-lga-575,,state-assembly-sc-745-og,inec-ward-6586
POLLING_UNIT,inec-pu-92074,ng-state-ogun,OPEN SPACE NEAR C.M.S. CHURCH IDOMOGUN,INEC_CVR_PU,92074,,inec-lga-575,,state-assembly-sc-745-og,inec-ward-6586
POLLING_UNIT,inec-pu-92075,ng-state-ogun,OPEN SPACE NEAR BAPTIST CHURCH - ILEDU,INEC_CVR_PU,92075,,inec-lga-575,,state-assembly-sc-745-og,inec-ward-6586
POLLING_UNIT,inec-pu-92076,ng-state-ogun,ONIREKE JUNCTION - KOKO,INEC_CVR_PU,92076,,inec-lga-575,,state-assembly-sc-745-og,inec-ward-6586
POLLING_UNIT,inec-pu-92077,ng-state-ogun,OPEN SPACE NEAR C.C.C. ISALE KOKO,INEC_CVR_PU,92077,,inec-lga-575,,state-assembly-sc-745-og,inec-ward-6586
POLLING_UNIT,inec-pu-92078,ng-state-ogun,"NEAR CENTRAL MOSQUE ITA YARO,IFOYINTEDO",INEC_CVR_PU,92078,,inec-lga-575,,state-assembly-sc-745-og,inec-ward-6586
POLLING_UNIT,inec-pu-92079,ng-state-ogun,"IN FRONT OF MAT. CENTRE, ISADAN IGBO-AGAN",INEC_CVR_PU,92079,,inec-lga-575,,state-assembly-sc-745-og,inec-ward-6586
POLLING_UNIT,inec-pu-92080,ng-state-ogun,OPEN SPACE BESIDE C.A.C. CHURCH IDI-OMO QUARTERS,INEC_CVR_PU,92080,,inec-lga-575,,state-assembly-sc-745-og,inec-ward-6586
POLLING_UNIT,inec-pu-92081,ng-state-ogun,I.P.L.G SCHOOL KAJOLA,INEC_CVR_PU,92081,,inec-lga-575,,state-assembly-sc-745-og,inec-ward-6586
POLLING_UNIT,inec-pu-661387,ng-state-ogun,OPEN SPACE AT ILEKESE ALAARI,INEC_CVR_PU,661387,,inec-lga-575,,state-assembly-sc-745-og,inec-ward-6586
POLLING_UNIT,inec-pu-661388,ng-state-ogun,"OPEN SPACE AT OKEJERE, MADOGA",INEC_CVR_PU,661388,,inec-lga-575,,state-assembly-sc-745-og,inec-ward-6586
POLLING_UNIT,inec-pu-661389,ng-state-ogun,OPEN SPACE AT ISALE MEDU-MADOGA,INEC_CVR_PU,661389,,inec-lga-575,,state-assembly-sc-745-og,inec-ward-6586
WARD,inec-ward-6587,ng-state-ogun,IDIROKO,INEC_CVR_WARD,6587,,inec-lga-575,,state-assembly-sc-745-og,
POLLING_UNIT,inec-pu-92082,ng-state-ogun,OPEN SPACE AT BABALOKE,INEC_CVR_PU,92082,,inec-lga-575,,state-assembly-sc-745-og,inec-ward-6587
POLLING_UNIT,inec-pu-92083,ng-state-ogun,IN FRONT OF MECHANIC WORKSHOP,INEC_CVR_PU,92083,,inec-lga-575,,state-assembly-sc-745-og,inec-ward-6587
POLLING_UNIT,inec-pu-92084,ng-state-ogun,OPEN SPACE NEAR BALOGUN IBIRINDE,INEC_CVR_PU,92084,,inec-lga-575,,state-assembly-sc-745-og,inec-ward-6587
POLLING_UNIT,inec-pu-92085,ng-state-ogun,OPEN SPACE NEAR POLICE STATION,INEC_CVR_PU,92085,,inec-lga-575,,state-assembly-sc-745-og,inec-ward-6587
POLLING_UNIT,inec-pu-92086,ng-state-ogun,I.P.L.G SCHOOL IDIROKO,INEC_CVR_PU,92086,,inec-lga-575,,state-assembly-sc-745-og,inec-ward-6587
POLLING_UNIT,inec-pu-92087,ng-state-ogun,AFERIKU SQUARE,INEC_CVR_PU,92087,,inec-lga-575,,state-assembly-sc-745-og,inec-ward-6587
POLLING_UNIT,inec-pu-92088,ng-state-ogun,OPEN SPACE IN FRONT OF ONIKO PALACE I,INEC_CVR_PU,92088,,inec-lga-575,,state-assembly-sc-745-og,inec-ward-6587
POLLING_UNIT,inec-pu-92089,ng-state-ogun,OPEN SPACE IN FRONT OF CUSTOMARY COURT HALL,INEC_CVR_PU,92089,,inec-lga-575,,state-assembly-sc-745-og,inec-ward-6587
POLLING_UNIT,inec-pu-92090,ng-state-ogun,I.P.L.G SCHOOL IKOLAJE,INEC_CVR_PU,92090,,inec-lga-575,,state-assembly-sc-745-og,inec-ward-6587
POLLING_UNIT,inec-pu-92091,ng-state-ogun,ETIKOTO SQUARE,INEC_CVR_PU,92091,,inec-lga-575,,state-assembly-sc-745-og,inec-ward-6587
POLLING_UNIT,inec-pu-92092,ng-state-ogun,OPEN SPACE NEAR A.U.D AGBABO,INEC_CVR_PU,92092,,inec-lga-575,,state-assembly-sc-745-og,inec-ward-6587
POLLING_UNIT,inec-pu-92093,ng-state-ogun,OPEN SPACE AT ESELU/DEEPER LIFE,INEC_CVR_PU,92093,,inec-lga-575,,state-assembly-sc-745-og,inec-ward-6587
POLLING_UNIT,inec-pu-92094,ng-state-ogun,"MAYOWA AREA, IDIROKO",INEC_CVR_PU,92094,,inec-lga-575,,state-assembly-sc-745-og,inec-ward-6587
POLLING_UNIT,inec-pu-92095,ng-state-ogun,OPEN SPACE IN FRONT OF ONIKO PALACE II,INEC_CVR_PU,92095,,inec-lga-575,,state-assembly-sc-745-og,inec-ward-6587
POLLING_UNIT,inec-pu-661365,ng-state-ogun,OPEN SPACE AT IGBO OSA ARAROMI,INEC_CVR_PU,661365,,inec-lga-575,,state-assembly-sc-745-og,inec-ward-6587
POLLING_UNIT,inec-pu-661366,ng-state-ogun,OPEN SPACE AT OJA ALE,INEC_CVR_PU,661366,,inec-lga-575,,state-assembly-sc-745-og,inec-ward-6587
POLLING_UNIT,inec-pu-661367,ng-state-ogun,OLORUNSOGO HEALTH CENTER,INEC_CVR_PU,661367,,inec-lga-575,,state-assembly-sc-745-og,inec-ward-6587
POLLING_UNIT,inec-pu-661368,ng-state-ogun,OPEN SPACE AT TEMIDIRE,INEC_CVR_PU,661368,,inec-lga-575,,state-assembly-sc-745-og,inec-ward-6587
POLLING_UNIT,inec-pu-661369,ng-state-ogun,OPEN SPACE NEAR ANSARUDEEN PRAYER GROUND,INEC_CVR_PU,661369,,inec-lga-575,,state-assembly-sc-745-og,inec-ward-6587
POLLING_UNIT,inec-pu-661370,ng-state-ogun,OPEN SPACE AT OLORUNGBEBE,INEC_CVR_PU,661370,,inec-lga-575,,state-assembly-sc-745-og,inec-ward-6587
POLLING_UNIT,inec-pu-661371,ng-state-ogun,ODAN AJE COMMUNITY PRY SCHOOL,INEC_CVR_PU,661371,,inec-lga-575,,state-assembly-sc-745-og,inec-ward-6587
POLLING_UNIT,inec-pu-661372,ng-state-ogun,OPEN SPACE BESIDE FRSC OFFICE,INEC_CVR_PU,661372,,inec-lga-575,,state-assembly-sc-745-og,inec-ward-6587
POLLING_UNIT,inec-pu-661373,ng-state-ogun,OPEN SPACE AT ONIKO MARKET,INEC_CVR_PU,661373,,inec-lga-575,,state-assembly-sc-745-og,inec-ward-6587
POLLING_UNIT,inec-pu-661374,ng-state-ogun,OPEN SPACE AT AJANLEKOKO ESTATE,INEC_CVR_PU,661374,,inec-lga-575,,state-assembly-sc-745-og,inec-ward-6587
POLLING_UNIT,inec-pu-661375,ng-state-ogun,OJUROKO PRY SCHOOL II,INEC_CVR_PU,661375,,inec-lga-575,,state-assembly-sc-745-og,inec-ward-6587
POLLING_UNIT,inec-pu-661376,ng-state-ogun,OPEN SPACE AT ASILOYE QUARTERS,INEC_CVR_PU,661376,,inec-lga-575,,state-assembly-sc-745-og,inec-ward-6587
POLLING_UNIT,inec-pu-661377,ng-state-ogun,IKO GATEWAY GRAMMAR SCHOOL,INEC_CVR_PU,661377,,inec-lga-575,,state-assembly-sc-745-og,inec-ward-6587
POLLING_UNIT,inec-pu-661378,ng-state-ogun,AYEDUN VILLAGE SQUARE,INEC_CVR_PU,661378,,inec-lga-575,,state-assembly-sc-745-og,inec-ward-6587
POLLING_UNIT,inec-pu-661379,ng-state-ogun,OPEN SPACE AT OSEHUNOLU,INEC_CVR_PU,661379,,inec-lga-575,,state-assembly-sc-745-og,inec-ward-6587
POLLING_UNIT,inec-pu-661380,ng-state-ogun,OPEN SPACE AT AFERIKU JUNCTION,INEC_CVR_PU,661380,,inec-lga-575,,state-assembly-sc-745-og,inec-ward-6587
POLLING_UNIT,inec-pu-661381,ng-state-ogun,TOWN HALL AYEDOLA QUARTERS,INEC_CVR_PU,661381,,inec-lga-575,,state-assembly-sc-745-og,inec-ward-6587
POLLING_UNIT,inec-pu-661382,ng-state-ogun,"TOWN HALL,OLORUNKUSE",INEC_CVR_PU,661382,,inec-lga-575,,state-assembly-sc-745-og,inec-ward-6587
POLLING_UNIT,inec-pu-661383,ng-state-ogun,TOWN HALL ODAN,INEC_CVR_PU,661383,,inec-lga-575,,state-assembly-sc-745-og,inec-ward-6587
POLLING_UNIT,inec-pu-661384,ng-state-ogun,"TOWN HALL ,ODO ERAN",INEC_CVR_PU,661384,,inec-lga-575,,state-assembly-sc-745-og,inec-ward-6587
POLLING_UNIT,inec-pu-661385,ng-state-ogun,"TOWN HALL, OLUWAGBEMI",INEC_CVR_PU,661385,,inec-lga-575,,state-assembly-sc-745-og,inec-ward-6587
POLLING_UNIT,inec-pu-661386,ng-state-ogun,TOWN HALL AGO EGUN,INEC_CVR_PU,661386,,inec-lga-575,,state-assembly-sc-745-og,inec-ward-6587
WARD,inec-ward-6588,ng-state-ogun,IHUNBO/ ILASE,INEC_CVR_WARD,6588,,inec-lga-575,,state-assembly-sc-745-og,
POLLING_UNIT,inec-pu-92096,ng-state-ogun,"ST JOHN'S SCH, IHUNBO",INEC_CVR_PU,92096,,inec-lga-575,,state-assembly-sc-745-og,inec-ward-6588
POLLING_UNIT,inec-pu-92097,ng-state-ogun,"COURT HALL, IHUNBO",INEC_CVR_PU,92097,,inec-lga-575,,state-assembly-sc-745-og,inec-ward-6588
POLLING_UNIT,inec-pu-92098,ng-state-ogun,R.C.M ITA EGBE,INEC_CVR_PU,92098,,inec-lga-575,,state-assembly-sc-745-og,inec-ward-6588
POLLING_UNIT,inec-pu-92099,ng-state-ogun,"I.P.L.G SCH, AYETORO",INEC_CVR_PU,92099,,inec-lga-575,,state-assembly-sc-745-og,inec-ward-6588
POLLING_UNIT,inec-pu-92100,ng-state-ogun,OPEN SPACE NEAR PALACE ILASE,INEC_CVR_PU,92100,,inec-lga-575,,state-assembly-sc-745-og,inec-ward-6588
POLLING_UNIT,inec-pu-92101,ng-state-ogun,BOOTH AT OKERE,INEC_CVR_PU,92101,,inec-lga-575,,state-assembly-sc-745-og,inec-ward-6588
POLLING_UNIT,inec-pu-92102,ng-state-ogun,"I.P.L.G SCH, ILASE",INEC_CVR_PU,92102,,inec-lga-575,,state-assembly-sc-745-og,inec-ward-6588
POLLING_UNIT,inec-pu-92103,ng-state-ogun,OPEN SPACE NEAR IDOFORO CHURCH,INEC_CVR_PU,92103,,inec-lga-575,,state-assembly-sc-745-og,inec-ward-6588
POLLING_UNIT,inec-pu-92104,ng-state-ogun,"PRY SCH, IGANMI",INEC_CVR_PU,92104,,inec-lga-575,,state-assembly-sc-745-og,inec-ward-6588
POLLING_UNIT,inec-pu-92105,ng-state-ogun,OPEN SPACE NEAR BAPTIST CHURCH ONIGBEDU,INEC_CVR_PU,92105,,inec-lga-575,,state-assembly-sc-745-og,inec-ward-6588
POLLING_UNIT,inec-pu-92106,ng-state-ogun,"BAPTIST DAY SCH, IGBOREDO",INEC_CVR_PU,92106,,inec-lga-575,,state-assembly-sc-745-og,inec-ward-6588
POLLING_UNIT,inec-pu-92107,ng-state-ogun,OPEN SPACE NEAR C.A.C OKO EYE,INEC_CVR_PU,92107,,inec-lga-575,,state-assembly-sc-745-og,inec-ward-6588
POLLING_UNIT,inec-pu-92108,ng-state-ogun,OKE OJUMO COMM. PRY SCH ADODO,INEC_CVR_PU,92108,,inec-lga-575,,state-assembly-sc-745-og,inec-ward-6588
POLLING_UNIT,inec-pu-92109,ng-state-ogun,OPEN SPACE AT IGBOSO VILLAGE IHUNBO,INEC_CVR_PU,92109,,inec-lga-575,,state-assembly-sc-745-og,inec-ward-6588
POLLING_UNIT,inec-pu-92110,ng-state-ogun,OPEN SPACE NEAR C.A.C OJOLOWO IHUNBO,INEC_CVR_PU,92110,,inec-lga-575,,state-assembly-sc-745-og,inec-ward-6588
POLLING_UNIT,inec-pu-92111,ng-state-ogun,BETTER LIFE MARKET - IDI-OPARUN,INEC_CVR_PU,92111,,inec-lga-575,,state-assembly-sc-745-og,inec-ward-6588
POLLING_UNIT,inec-pu-92112,ng-state-ogun,OPEN SPACE AT AKINSOLA FAGBOHUN,INEC_CVR_PU,92112,,inec-lga-575,,state-assembly-sc-745-og,inec-ward-6588
POLLING_UNIT,inec-pu-661390,ng-state-ogun,"FRONT OF HEALTH CENTER , ILASE",INEC_CVR_PU,661390,,inec-lga-575,,state-assembly-sc-745-og,inec-ward-6588
POLLING_UNIT,inec-pu-661391,ng-state-ogun,OPEN SPACE AT TAFAPEC ISALE ABOGUNRIN,INEC_CVR_PU,661391,,inec-lga-575,,state-assembly-sc-745-og,inec-ward-6588
POLLING_UNIT,inec-pu-661392,ng-state-ogun,"OPEN SPACE AT OKE OLA JUNCTION, IHUNBO",INEC_CVR_PU,661392,,inec-lga-575,,state-assembly-sc-745-og,inec-ward-6588
POLLING_UNIT,inec-pu-661393,ng-state-ogun,"OPEN SPACE INFRONT OF IMMIGRATION OFFICE, ILASE",INEC_CVR_PU,661393,,inec-lga-575,,state-assembly-sc-745-og,inec-ward-6588
POLLING_UNIT,inec-pu-661394,ng-state-ogun,"OPEN SPACE AT AGBEDE NEAR OLD WATER TANK, ILASE",INEC_CVR_PU,661394,,inec-lga-575,,state-assembly-sc-745-og,inec-ward-6588
WARD,inec-ward-6589,ng-state-ogun,MOKOLOKI,INEC_CVR_WARD,6589,,inec-lga-576,,state-assembly-sc-727-og,
POLLING_UNIT,inec-pu-92113,ng-state-ogun,A/C SCHOOL - MOKOLOKI,INEC_CVR_PU,92113,,inec-lga-576,,state-assembly-sc-727-og,inec-ward-6589
POLLING_UNIT,inec-pu-92114,ng-state-ogun,VILLAGE SQUARE ELEWORO,INEC_CVR_PU,92114,,inec-lga-576,,state-assembly-sc-727-og,inec-ward-6589
POLLING_UNIT,inec-pu-92115,ng-state-ogun,"O.O.L.G SCHOOL, IMO-IJIWO",INEC_CVR_PU,92115,,inec-lga-576,,state-assembly-sc-727-og,inec-ward-6589
POLLING_UNIT,inec-pu-92116,ng-state-ogun,"O.O.L.G SCHOOL, IRO",INEC_CVR_PU,92116,,inec-lga-576,,state-assembly-sc-727-og,inec-ward-6589
POLLING_UNIT,inec-pu-92117,ng-state-ogun,"O.O.L.G SCHOOL, IYEDI BALOGUN",INEC_CVR_PU,92117,,inec-lga-576,,state-assembly-sc-727-og,inec-ward-6589
POLLING_UNIT,inec-pu-92118,ng-state-ogun,FRONT OF MATERNITY CENTRE,INEC_CVR_PU,92118,,inec-lga-576,,state-assembly-sc-727-og,inec-ward-6589
POLLING_UNIT,inec-pu-92119,ng-state-ogun,"O.O.L.G. SCHOOL, AJAMBATA",INEC_CVR_PU,92119,,inec-lga-576,,state-assembly-sc-727-og,inec-ward-6589
POLLING_UNIT,inec-pu-92120,ng-state-ogun,"A/C SCHOOL, OBANLADO",INEC_CVR_PU,92120,,inec-lga-576,,state-assembly-sc-727-og,inec-ward-6589
POLLING_UNIT,inec-pu-661431,ng-state-ogun,IREPODUN UNITED COMM. SCH MOKOLOKI,INEC_CVR_PU,661431,,inec-lga-576,,state-assembly-sc-727-og,inec-ward-6589
POLLING_UNIT,inec-pu-661432,ng-state-ogun,"OPEN SPACE AT IDI-IROKO JUNCTION, ELEWERO",INEC_CVR_PU,661432,,inec-lga-576,,state-assembly-sc-727-og,inec-ward-6589
POLLING_UNIT,inec-pu-661433,ng-state-ogun,"OPEN SPACE AT OJA, OBA IRO, MOKOLOKI",INEC_CVR_PU,661433,,inec-lga-576,,state-assembly-sc-727-og,inec-ward-6589
WARD,inec-ward-6590,ng-state-ogun,OFADA,INEC_CVR_WARD,6590,,inec-lga-576,,state-assembly-sc-727-og,
POLLING_UNIT,inec-pu-92121,ng-state-ogun,"O.O.L.G. SCHOOL, MAGBON ETIDO",INEC_CVR_PU,92121,,inec-lga-576,,state-assembly-sc-727-og,inec-ward-6590
POLLING_UNIT,inec-pu-92122,ng-state-ogun,"O.O.L.G. SCHOOL, ABAREN",INEC_CVR_PU,92122,,inec-lga-576,,state-assembly-sc-727-og,inec-ward-6590
POLLING_UNIT,inec-pu-92123,ng-state-ogun,"ST. DAVID SCHOOL, OFADA I",INEC_CVR_PU,92123,,inec-lga-576,,state-assembly-sc-727-og,inec-ward-6590
POLLING_UNIT,inec-pu-92124,ng-state-ogun,"ST. DAVID SCHOOL, OFADA II",INEC_CVR_PU,92124,,inec-lga-576,,state-assembly-sc-727-og,inec-ward-6590
POLLING_UNIT,inec-pu-92125,ng-state-ogun,"ST. DAVID SCHOOL, OFADA III",INEC_CVR_PU,92125,,inec-lga-576,,state-assembly-sc-727-og,inec-ward-6590
POLLING_UNIT,inec-pu-92126,ng-state-ogun,"A/C SCHOOL, OKO ARAFERIN",INEC_CVR_PU,92126,,inec-lga-576,,state-assembly-sc-727-og,inec-ward-6590
POLLING_UNIT,inec-pu-92127,ng-state-ogun,"O.O.L.G. SCHOOL, IBAFO I",INEC_CVR_PU,92127,,inec-lga-576,,state-assembly-sc-727-og,inec-ward-6590
POLLING_UNIT,inec-pu-92128,ng-state-ogun,"O.O.L.G. SCHOOL, IBAFO II",INEC_CVR_PU,92128,,inec-lga-576,,state-assembly-sc-727-og,inec-ward-6590
POLLING_UNIT,inec-pu-92129,ng-state-ogun,"O.O.L.G. SCHOOL, IBAFO III",INEC_CVR_PU,92129,,inec-lga-576,,state-assembly-sc-727-og,inec-ward-6590
POLLING_UNIT,inec-pu-92130,ng-state-ogun,"O.O.L.G. SCHOOL, MAGBORO",INEC_CVR_PU,92130,,inec-lga-576,,state-assembly-sc-727-og,inec-ward-6590
POLLING_UNIT,inec-pu-92131,ng-state-ogun,"O.O.L.G. SCHOOL, AREPO",INEC_CVR_PU,92131,,inec-lga-576,,state-assembly-sc-727-og,inec-ward-6590
POLLING_UNIT,inec-pu-92132,ng-state-ogun,"O.O.L.G. SCHOOL, ORIMERUNMU I",INEC_CVR_PU,92132,,inec-lga-576,,state-assembly-sc-727-og,inec-ward-6590
POLLING_UNIT,inec-pu-92133,ng-state-ogun,"O.O.L.G. SCHOOL, ORIMERUNMU II",INEC_CVR_PU,92133,,inec-lga-576,,state-assembly-sc-727-og,inec-ward-6590
POLLING_UNIT,inec-pu-92134,ng-state-ogun,"O.O.L.G. SCHOOL, MOWE I",INEC_CVR_PU,92134,,inec-lga-576,,state-assembly-sc-727-og,inec-ward-6590
POLLING_UNIT,inec-pu-92135,ng-state-ogun,"O.O.L.G. SCHOOL, MOWE II",INEC_CVR_PU,92135,,inec-lga-576,,state-assembly-sc-727-og,inec-ward-6590
POLLING_UNIT,inec-pu-92136,ng-state-ogun,"O.O.L.G. SCHOOL, PAKURO",INEC_CVR_PU,92136,,inec-lga-576,,state-assembly-sc-727-og,inec-ward-6590
POLLING_UNIT,inec-pu-92137,ng-state-ogun,"OPP. REDEMPTION CAMP, LOBURO",INEC_CVR_PU,92137,,inec-lga-576,,state-assembly-sc-727-og,inec-ward-6590
POLLING_UNIT,inec-pu-92138,ng-state-ogun,"O.O.L.G. SCHOOL, ARIGBAWONWO",INEC_CVR_PU,92138,,inec-lga-576,,state-assembly-sc-727-og,inec-ward-6590
POLLING_UNIT,inec-pu-92139,ng-state-ogun,"O.O.L.G. SCHOOL, ASESE",INEC_CVR_PU,92139,,inec-lga-576,,state-assembly-sc-727-og,inec-ward-6590
POLLING_UNIT,inec-pu-92140,ng-state-ogun,BOOTH AT AKINOLA'S SQUARE PAKURO,INEC_CVR_PU,92140,,inec-lga-576,,state-assembly-sc-727-og,inec-ward-6590
POLLING_UNIT,inec-pu-661452,ng-state-ogun,"OPEN SPACE OPP. ITA-BAALE ILATE, MAGBON, OFADA",INEC_CVR_PU,661452,,inec-lga-576,,state-assembly-sc-727-og,inec-ward-6590
POLLING_UNIT,inec-pu-661453,ng-state-ogun,"OPEN SPACE AT OKE-IRAN JUNCTION, ABAREN,OFADA",INEC_CVR_PU,661453,,inec-lga-576,,state-assembly-sc-727-og,inec-ward-6590
POLLING_UNIT,inec-pu-661454,ng-state-ogun,"OFADA COMM. COMPREHENSIVE SCH., OFADA",INEC_CVR_PU,661454,,inec-lga-576,,state-assembly-sc-727-og,inec-ward-6590
POLLING_UNIT,inec-pu-661455,ng-state-ogun,"OPEN SPACE AT BETTER DAY B/STOP, OFADA",INEC_CVR_PU,661455,,inec-lga-576,,state-assembly-sc-727-og,inec-ward-6590
POLLING_UNIT,inec-pu-661456,ng-state-ogun,OPEN SPACE AT IYANA BISODUN OFADA,INEC_CVR_PU,661456,,inec-lga-576,,state-assembly-sc-727-og,inec-ward-6590
POLLING_UNIT,inec-pu-661457,ng-state-ogun,"OPEN SPACE AT YOTOMI GATE, OFADA",INEC_CVR_PU,661457,,inec-lga-576,,state-assembly-sc-727-og,inec-ward-6590
POLLING_UNIT,inec-pu-661458,ng-state-ogun,"OPEN SPACE AT ADEBIMPE JUNCTION., TEMIDIRE ROAD, IBAFO",INEC_CVR_PU,661458,,inec-lga-576,,state-assembly-sc-727-og,inec-ward-6590
POLLING_UNIT,inec-pu-661459,ng-state-ogun,"OPEN SPACE AT MR BIGGS JUNCTION, IBAFO",INEC_CVR_PU,661459,,inec-lga-576,,state-assembly-sc-727-og,inec-ward-6590
POLLING_UNIT,inec-pu-661460,ng-state-ogun,"OPEN SPACE AT MAGADA ONIGBAGBO, IBAFO",INEC_CVR_PU,661460,,inec-lga-576,,state-assembly-sc-727-og,inec-ward-6590
POLLING_UNIT,inec-pu-661461,ng-state-ogun,"OPEN SPACE AT OLADUNJOYE STR., POWERLINE, MAGADA, IBAFO",INEC_CVR_PU,661461,,inec-lga-576,,state-assembly-sc-727-og,inec-ward-6590
POLLING_UNIT,inec-pu-661462,ng-state-ogun,"OPEN SPACE AT CELESTIAL STR IRETI OGO, MAGADA",INEC_CVR_PU,661462,,inec-lga-576,,state-assembly-sc-727-og,inec-ward-6590
POLLING_UNIT,inec-pu-661463,ng-state-ogun,"MARKET SQUARE, IBAFO B/STOP",INEC_CVR_PU,661463,,inec-lga-576,,state-assembly-sc-727-og,inec-ward-6590
POLLING_UNIT,inec-pu-661464,ng-state-ogun,"OPEN SPACE AT LIBERTY ESTATE GATE, IBAFO",INEC_CVR_PU,661464,,inec-lga-576,,state-assembly-sc-727-og,inec-ward-6590
POLLING_UNIT,inec-pu-661465,ng-state-ogun,"OPEN SPACE AT EXCELLENT LIBERTY ESTATE, ZONE 7, IBAFO",INEC_CVR_PU,661465,,inec-lga-576,,state-assembly-sc-727-og,inec-ward-6590
POLLING_UNIT,inec-pu-661466,ng-state-ogun,"OPEN SPACE AT LAU JUNCTION,IBAFO",INEC_CVR_PU,661466,,inec-lga-576,,state-assembly-sc-727-og,inec-ward-6590
POLLING_UNIT,inec-pu-661467,ng-state-ogun,"UNITY ESTATE UNITY HALL, GBARAGUNRIN, IBAFO",INEC_CVR_PU,661467,,inec-lga-576,,state-assembly-sc-727-og,inec-ward-6590
POLLING_UNIT,inec-pu-661468,ng-state-ogun,"OPEN SPACE AT SPARKLIGHT/AM WEMABOARD JUNCTION, MAGBORO",INEC_CVR_PU,661468,,inec-lga-576,,state-assembly-sc-727-og,inec-ward-6590
POLLING_UNIT,inec-pu-661469,ng-state-ogun,"FRONT OF HEALTH CENTRE SANNI, OMOTEDO, MAGBORO",INEC_CVR_PU,661469,,inec-lga-576,,state-assembly-sc-727-og,inec-ward-6590
POLLING_UNIT,inec-pu-661470,ng-state-ogun,"OPEN SPACE AT BRENTFEED JUNCTION, OKE AFA, MAGBORO",INEC_CVR_PU,661470,,inec-lga-576,,state-assembly-sc-727-og,inec-ward-6590
POLLING_UNIT,inec-pu-661471,ng-state-ogun,"OPEN SPACE AT DHL JUNCTION,OKE AFA, MAGBORO",INEC_CVR_PU,661471,,inec-lga-576,,state-assembly-sc-727-og,inec-ward-6590
POLLING_UNIT,inec-pu-661472,ng-state-ogun,"OPEN SPACE AT LIBERTY ESTATE GATE, MAGBORO",INEC_CVR_PU,661472,,inec-lga-576,,state-assembly-sc-727-og,inec-ward-6590
POLLING_UNIT,inec-pu-661473,ng-state-ogun,"OOLG SCH., MAKOGI",INEC_CVR_PU,661473,,inec-lga-576,,state-assembly-sc-727-og,inec-ward-6590
POLLING_UNIT,inec-pu-661474,ng-state-ogun,"OPEN SPACE AT OLOWOJOBA JUNCTION, IGODO,MAGBORO",INEC_CVR_PU,661474,,inec-lga-576,,state-assembly-sc-727-og,inec-ward-6590
POLLING_UNIT,inec-pu-661475,ng-state-ogun,"OPEN SPACE AT VOERA JUNCTION, AREPO",INEC_CVR_PU,661475,,inec-lga-576,,state-assembly-sc-727-og,inec-ward-6590
POLLING_UNIT,inec-pu-661476,ng-state-ogun,JOURNALIST ESTATE MAIN GATE AREPO,INEC_CVR_PU,661476,,inec-lga-576,,state-assembly-sc-727-og,inec-ward-6590
POLLING_UNIT,inec-pu-661477,ng-state-ogun,"OPEN SPACE IN FRONT OF PRAISE HILL, ESTATE GATE, AREPO",INEC_CVR_PU,661477,,inec-lga-576,,state-assembly-sc-727-og,inec-ward-6590
POLLING_UNIT,inec-pu-661478,ng-state-ogun,"OPEN SPACE BESIDE TRANSFORMER AT AKINFOLARIN JUNCTION, ORIMERUNMU",INEC_CVR_PU,661478,,inec-lga-576,,state-assembly-sc-727-og,inec-ward-6590
POLLING_UNIT,inec-pu-661479,ng-state-ogun,"OPEN SPACE AT ALIMI OJO JUNCTION, ORIMERUNMU",INEC_CVR_PU,661479,,inec-lga-576,,state-assembly-sc-727-og,inec-ward-6590
POLLING_UNIT,inec-pu-661480,ng-state-ogun,"COMMUNITY HIGH SCH, ABULE ADESAN, MOWE",INEC_CVR_PU,661480,,inec-lga-576,,state-assembly-sc-727-og,inec-ward-6590
POLLING_UNIT,inec-pu-661481,ng-state-ogun,"OPEN SPACE AT BAALE JUNCTION ADESAN, MOWE",INEC_CVR_PU,661481,,inec-lga-576,,state-assembly-sc-727-og,inec-ward-6590
POLLING_UNIT,inec-pu-661482,ng-state-ogun,HEALTH CENTRE DALEKO OGUNRUN,INEC_CVR_PU,661482,,inec-lga-576,,state-assembly-sc-727-og,inec-ward-6590
POLLING_UNIT,inec-pu-661483,ng-state-ogun,OPEN SPACE AT ABULE OGUNRUN,INEC_CVR_PU,661483,,inec-lga-576,,state-assembly-sc-727-og,inec-ward-6590
POLLING_UNIT,inec-pu-661484,ng-state-ogun,"OPEN SPACE AT ABULE EGUN, MOWE",INEC_CVR_PU,661484,,inec-lga-576,,state-assembly-sc-727-og,inec-ward-6590
POLLING_UNIT,inec-pu-661485,ng-state-ogun,"OPEN SPACE BEHIND TRANSFORMER JUNCTION, LOTTO, MOWE",INEC_CVR_PU,661485,,inec-lga-576,,state-assembly-sc-727-og,inec-ward-6590
POLLING_UNIT,inec-pu-661486,ng-state-ogun,"HEALTH CENTRE OLOWOTEDO HARMONY ESTATE, MOWE",INEC_CVR_PU,661486,,inec-lga-576,,state-assembly-sc-727-og,inec-ward-6590
POLLING_UNIT,inec-pu-661487,ng-state-ogun,"OPEN SPACE AT OKE ALAFIA JUNCTION IMEDU, MOWE",INEC_CVR_PU,661487,,inec-lga-576,,state-assembly-sc-727-og,inec-ward-6590
POLLING_UNIT,inec-pu-661488,ng-state-ogun,"OPEN SPACE AT CL SCHOOL JUNCTION, GBEGIRA,",INEC_CVR_PU,661488,,inec-lga-576,,state-assembly-sc-727-og,inec-ward-6590
POLLING_UNIT,inec-pu-661489,ng-state-ogun,"OPEN SPACE AT MOSAFUNETO AVENUE, BESIDE TRANSFORMER PAKURO",INEC_CVR_PU,661489,,inec-lga-576,,state-assembly-sc-727-og,inec-ward-6590
POLLING_UNIT,inec-pu-661490,ng-state-ogun,IJERE ELELEDE WORUGUDU TOWNHALL PAKURO,INEC_CVR_PU,661490,,inec-lga-576,,state-assembly-sc-727-og,inec-ward-6590
POLLING_UNIT,inec-pu-661491,ng-state-ogun,"OPEN SPACE AT MECHANIC VILLAGE, BESIDE REDEMPTION CAMP MAIN GATE",INEC_CVR_PU,661491,,inec-lga-576,,state-assembly-sc-727-og,inec-ward-6590
POLLING_UNIT,inec-pu-661492,ng-state-ogun,"OPEN SPACE AT ABDULLAHI JUNCTION BESIDE NNPC CAR PARK C, MOWE",INEC_CVR_PU,661492,,inec-lga-576,,state-assembly-sc-727-og,inec-ward-6590
POLLING_UNIT,inec-pu-661493,ng-state-ogun,"OPEN SPACE AT HAOLA JUNCTION, ABULE EGUN MOWE",INEC_CVR_PU,661493,,inec-lga-576,,state-assembly-sc-727-og,inec-ward-6590
POLLING_UNIT,inec-pu-661494,ng-state-ogun,"OPEN SPACE AT MIYER JUNCTION, LOBURO",INEC_CVR_PU,661494,,inec-lga-576,,state-assembly-sc-727-og,inec-ward-6590
POLLING_UNIT,inec-pu-661495,ng-state-ogun,OPEN SPACE AT HOLINESS JUNCTION ORUNKOLE PHASE 1,INEC_CVR_PU,661495,,inec-lga-576,,state-assembly-sc-727-og,inec-ward-6590
POLLING_UNIT,inec-pu-661496,ng-state-ogun,"OPEN SPACE AT MAYEGUN BLOCK,ORUNKOLE, PHASE 2, LOBURO",INEC_CVR_PU,661496,,inec-lga-576,,state-assembly-sc-727-og,inec-ward-6590
POLLING_UNIT,inec-pu-661497,ng-state-ogun,"OPEN SPACE AT OLORORO JUNCTION, LOBURO",INEC_CVR_PU,661497,,inec-lga-576,,state-assembly-sc-727-og,inec-ward-6590
POLLING_UNIT,inec-pu-661498,ng-state-ogun,"OPEN SPACE AT IKUGBONMIRE JUNCTION, LOBURO",INEC_CVR_PU,661498,,inec-lga-576,,state-assembly-sc-727-og,inec-ward-6590
POLLING_UNIT,inec-pu-661499,ng-state-ogun,OPEN SPACE AT ASHIMOLOWO JUNCTION,INEC_CVR_PU,661499,,inec-lga-576,,state-assembly-sc-727-og,inec-ward-6590
POLLING_UNIT,inec-pu-661500,ng-state-ogun,OPEN SPACE AT OMU ISOKUN BUS STOP ARIGBAWONWO,INEC_CVR_PU,661500,,inec-lga-576,,state-assembly-sc-727-og,inec-ward-6590
POLLING_UNIT,inec-pu-661501,ng-state-ogun,OPEN SPACE AT ALEKUN MARKET ARIGBAWONWO,INEC_CVR_PU,661501,,inec-lga-576,,state-assembly-sc-727-og,inec-ward-6590
POLLING_UNIT,inec-pu-661502,ng-state-ogun,"OPEN SPACE AT MASIYA JUNCTION,MABA ASESE",INEC_CVR_PU,661502,,inec-lga-576,,state-assembly-sc-727-og,inec-ward-6590
POLLING_UNIT,inec-pu-661503,ng-state-ogun,"OPEN SPACE AT CELE II JUNCTION, ASESE",INEC_CVR_PU,661503,,inec-lga-576,,state-assembly-sc-727-og,inec-ward-6590
POLLING_UNIT,inec-pu-661504,ng-state-ogun,"OPEN SPACE AT OGUNRUN ORI TRANSFORMER JUNCTION,PAKURO",INEC_CVR_PU,661504,,inec-lga-576,,state-assembly-sc-727-og,inec-ward-6590
POLLING_UNIT,inec-pu-661505,ng-state-ogun,"OPEN SPACE AT ILUPEJU MARKET SQUARE,OKE AFA",INEC_CVR_PU,661505,,inec-lga-576,,state-assembly-sc-727-og,inec-ward-6590
POLLING_UNIT,inec-pu-661506,ng-state-ogun,"OPEN SPACE AT IYANA CELE JUNCTION, OGUNROMBI OFADA",INEC_CVR_PU,661506,,inec-lga-576,,state-assembly-sc-727-og,inec-ward-6590
POLLING_UNIT,inec-pu-661507,ng-state-ogun,OPEN SPACE AT OMU-LISOGBE JUNCTION OFADA,INEC_CVR_PU,661507,,inec-lga-576,,state-assembly-sc-727-og,inec-ward-6590
POLLING_UNIT,inec-pu-661508,ng-state-ogun,"OPEN SPACE OPP. TRINITY FOUNDATION, OFADA ROAD",INEC_CVR_PU,661508,,inec-lga-576,,state-assembly-sc-727-og,inec-ward-6590
POLLING_UNIT,inec-pu-661509,ng-state-ogun,"OPEN SPACE AT T-JUNCTION, BACK OF GOOD SHEPHERD STR.,OFADA",INEC_CVR_PU,661509,,inec-lga-576,,state-assembly-sc-727-og,inec-ward-6590
POLLING_UNIT,inec-pu-661510,ng-state-ogun,"OPEN SPACE BEHIND ADB PETROL STATION, GREEN CANADA HOTEL JUNCTION, OFADA",INEC_CVR_PU,661510,,inec-lga-576,,state-assembly-sc-727-og,inec-ward-6590
POLLING_UNIT,inec-pu-661511,ng-state-ogun,"OPEN SPACE OPP. EST BANK ACADEMY ALAMUYO B/STOP, OFADA",INEC_CVR_PU,661511,,inec-lga-576,,state-assembly-sc-727-og,inec-ward-6590
POLLING_UNIT,inec-pu-661512,ng-state-ogun,OPEN SPACE AT OMU AROGUN JUNCTION OFADA,INEC_CVR_PU,661512,,inec-lga-576,,state-assembly-sc-727-og,inec-ward-6590
POLLING_UNIT,inec-pu-661513,ng-state-ogun,OPEN SPACE OPPOSITE EDEN ESTATE ARIGBAWONWO,INEC_CVR_PU,661513,,inec-lga-576,,state-assembly-sc-727-og,inec-ward-6590
POLLING_UNIT,inec-pu-661514,ng-state-ogun,"OPEN SPACE BESIDE TRANSFORMER AYANMO, LOBURO",INEC_CVR_PU,661514,,inec-lga-576,,state-assembly-sc-727-og,inec-ward-6590
POLLING_UNIT,inec-pu-661515,ng-state-ogun,"OPEN SAPCE AT KAJOLA VILLAGE JUNCTION, LOBURO",INEC_CVR_PU,661515,,inec-lga-576,,state-assembly-sc-727-og,inec-ward-6590
POLLING_UNIT,inec-pu-661516,ng-state-ogun,"OPEN SPACE AT T-JUNCTION OPP. TRANSFORMER, ORUNKOLE PHASE II",INEC_CVR_PU,661516,,inec-lga-576,,state-assembly-sc-727-og,inec-ward-6590
POLLING_UNIT,inec-pu-661517,ng-state-ogun,"OPEN SPACE AT IGUMAH JUNCTION, ORUNKOLE PHASE II, LOBURO",INEC_CVR_PU,661517,,inec-lga-576,,state-assembly-sc-727-og,inec-ward-6590
POLLING_UNIT,inec-pu-661518,ng-state-ogun,"OPEN SPACE AT TURAYA JUNCTION, INSIDE LOBURO",INEC_CVR_PU,661518,,inec-lga-576,,state-assembly-sc-727-og,inec-ward-6590
POLLING_UNIT,inec-pu-661519,ng-state-ogun,"OPEN SPACE AT BARAKA JUNCTION, LOBURO PHASE II",INEC_CVR_PU,661519,,inec-lga-576,,state-assembly-sc-727-og,inec-ward-6590
POLLING_UNIT,inec-pu-661520,ng-state-ogun,OPEN SPACE AT HIGHER GROUND LOBURO,INEC_CVR_PU,661520,,inec-lga-576,,state-assembly-sc-727-og,inec-ward-6590
POLLING_UNIT,inec-pu-661521,ng-state-ogun,"OPEN SPACE AT OBA BI OLORUN KOSI JUNCTION, ORIMERUNMU",INEC_CVR_PU,661521,,inec-lga-576,,state-assembly-sc-727-og,inec-ward-6590
POLLING_UNIT,inec-pu-661522,ng-state-ogun,"OPEN SPACE AT GOSHEN JUNCTION, ORITA FEDERAL, ORIMERUNMU",INEC_CVR_PU,661522,,inec-lga-576,,state-assembly-sc-727-og,inec-ward-6590
POLLING_UNIT,inec-pu-661523,ng-state-ogun,"OPEN SPACE AT JABUTU JUNCTION, ORIMERUNMU",INEC_CVR_PU,661523,,inec-lga-576,,state-assembly-sc-727-og,inec-ward-6590
POLLING_UNIT,inec-pu-661524,ng-state-ogun,"OPEN SPACE AT OLUNLOYO STR., IBAFO",INEC_CVR_PU,661524,,inec-lga-576,,state-assembly-sc-727-og,inec-ward-6590
POLLING_UNIT,inec-pu-661525,ng-state-ogun,"OPEN SPACE AT WISDOM ESTATE GATE, SEFU ROAD,IBAFO",INEC_CVR_PU,661525,,inec-lga-576,,state-assembly-sc-727-og,inec-ward-6590
POLLING_UNIT,inec-pu-661526,ng-state-ogun,"OPEN SPACE AT OKE SEFU, ELELEDE JUNCTION, IBAFO",INEC_CVR_PU,661526,,inec-lga-576,,state-assembly-sc-727-og,inec-ward-6590
POLLING_UNIT,inec-pu-661527,ng-state-ogun,"OPEN SPACE AT ORITA SEFU ELELEDE,TRANSFORMER JUNCTION,IBAFO",INEC_CVR_PU,661527,,inec-lga-576,,state-assembly-sc-727-og,inec-ward-6590
POLLING_UNIT,inec-pu-661528,ng-state-ogun,"OPEN SPACE AT SANMONA AKINSANYA STR., IBAFO",INEC_CVR_PU,661528,,inec-lga-576,,state-assembly-sc-727-og,inec-ward-6590
POLLING_UNIT,inec-pu-661529,ng-state-ogun,"OPEN SPACE AT SOTE TOWN BEHIND TRANSFORMER, IBAFO",INEC_CVR_PU,661529,,inec-lga-576,,state-assembly-sc-727-og,inec-ward-6590
POLLING_UNIT,inec-pu-661530,ng-state-ogun,"OPEN SPACE AT MAGADA GATE, IBAFO",INEC_CVR_PU,661530,,inec-lga-576,,state-assembly-sc-727-og,inec-ward-6590
POLLING_UNIT,inec-pu-661531,ng-state-ogun,"OPEN SPACE AT CATHOLIC JUNCTION, IBAFO",INEC_CVR_PU,661531,,inec-lga-576,,state-assembly-sc-727-og,inec-ward-6590
POLLING_UNIT,inec-pu-661532,ng-state-ogun,"OPEN SPACE AT KWARA MOGEDE JUNCTION, TRANSFORMER, IBAFO",INEC_CVR_PU,661532,,inec-lga-576,,state-assembly-sc-727-og,inec-ward-6590
POLLING_UNIT,inec-pu-661533,ng-state-ogun,"OPEN SPACE AT EREKO JUNCTION,IBAFO",INEC_CVR_PU,661533,,inec-lga-576,,state-assembly-sc-727-og,inec-ward-6590
POLLING_UNIT,inec-pu-661534,ng-state-ogun,"OPEN SPACE AT ONDO STR., IJESHA ISU, MOWE",INEC_CVR_PU,661534,,inec-lga-576,,state-assembly-sc-727-og,inec-ward-6590
POLLING_UNIT,inec-pu-661535,ng-state-ogun,"COMMUNITY HALL IMEDU,MOWE",INEC_CVR_PU,661535,,inec-lga-576,,state-assembly-sc-727-og,inec-ward-6590
POLLING_UNIT,inec-pu-661536,ng-state-ogun,"OPEN SPACE AT IRE AKARI STR., MOWE",INEC_CVR_PU,661536,,inec-lga-576,,state-assembly-sc-727-og,inec-ward-6590
POLLING_UNIT,inec-pu-661537,ng-state-ogun,OPEN SPACE AT ALASCO AVENUE MOWE,INEC_CVR_PU,661537,,inec-lga-576,,state-assembly-sc-727-og,inec-ward-6590
POLLING_UNIT,inec-pu-661538,ng-state-ogun,"T-JUNCTION OTITO-LERE QTRS, OGUNRUN, ELETU, MOWE",INEC_CVR_PU,661538,,inec-lga-576,,state-assembly-sc-727-og,inec-ward-6590
POLLING_UNIT,inec-pu-661539,ng-state-ogun,"OPEN SPACE AT GREATER ZION ESTATE, OGUNRUN ROAD, MOWE",INEC_CVR_PU,661539,,inec-lga-576,,state-assembly-sc-727-og,inec-ward-6590
POLLING_UNIT,inec-pu-661540,ng-state-ogun,"OPEN SPACE AT SOKEYE ESTATE, OGUNRUN, MOWE",INEC_CVR_PU,661540,,inec-lga-576,,state-assembly-sc-727-og,inec-ward-6590
POLLING_UNIT,inec-pu-661541,ng-state-ogun,"OPEN SPACE AT IYA IJEBU BUS STOP,ORIMERUNMU",INEC_CVR_PU,661541,,inec-lga-576,,state-assembly-sc-727-og,inec-ward-6590
POLLING_UNIT,inec-pu-661542,ng-state-ogun,"OPEN SPACE AT T-JUNCTION, SEINDE ALAKIJA, ORIMERUNMU",INEC_CVR_PU,661542,,inec-lga-576,,state-assembly-sc-727-og,inec-ward-6590
POLLING_UNIT,inec-pu-661543,ng-state-ogun,"OPEN SPACE AT IDI-OBI PAKURO ROAD, ORIMERUNMU",INEC_CVR_PU,661543,,inec-lga-576,,state-assembly-sc-727-og,inec-ward-6590
POLLING_UNIT,inec-pu-661544,ng-state-ogun,"OPEN SPACE AT SOBOWALE JUNCTION,OKE AFA MAGBORO",INEC_CVR_PU,661544,,inec-lga-576,,state-assembly-sc-727-og,inec-ward-6590
POLLING_UNIT,inec-pu-661545,ng-state-ogun,"OPEN SPACE AT T-JUNCTION REDSTAR ESTATE JUNCTION, OLOWOFELA,OKE AFA",INEC_CVR_PU,661545,,inec-lga-576,,state-assembly-sc-727-og,inec-ward-6590
POLLING_UNIT,inec-pu-661546,ng-state-ogun,"OPEN SPACE AT DIAMOND ESTATE, OLOWOFELA,OKE AFA MAGBORO",INEC_CVR_PU,661546,,inec-lga-576,,state-assembly-sc-727-og,inec-ward-6590
POLLING_UNIT,inec-pu-661547,ng-state-ogun,"OPEN SPACE AT POWERLINE KAJOLA,OKEAFA, MAGBORO",INEC_CVR_PU,661547,,inec-lga-576,,state-assembly-sc-727-og,inec-ward-6590
POLLING_UNIT,inec-pu-661548,ng-state-ogun,MARKET SQUARE ABULE OKO MAGBORO,INEC_CVR_PU,661548,,inec-lga-576,,state-assembly-sc-727-og,inec-ward-6590
POLLING_UNIT,inec-pu-661549,ng-state-ogun,"OPEN SPACE AT ABULE OKO POWERLINE OKE AYO GATE, MAGBORO",INEC_CVR_PU,661549,,inec-lga-576,,state-assembly-sc-727-og,inec-ward-6590
POLLING_UNIT,inec-pu-661550,ng-state-ogun,"OPEN SPACE AT GASLINE ROAD, BACK OF AKINTADE GATE,MAGBORO",INEC_CVR_PU,661550,,inec-lga-576,,state-assembly-sc-727-og,inec-ward-6590
POLLING_UNIT,inec-pu-661551,ng-state-ogun,"OPEN SPACE AT VICTORY ARENA ESTATE GATE, MAGBORO",INEC_CVR_PU,661551,,inec-lga-576,,state-assembly-sc-727-og,inec-ward-6590
POLLING_UNIT,inec-pu-661552,ng-state-ogun,"OPEN SPACE OPP. TRANSFORMER, TOSHO JUNCTION, MAPARA ,MAKOGI,MAGBORO",INEC_CVR_PU,661552,,inec-lga-576,,state-assembly-sc-727-og,inec-ward-6590
POLLING_UNIT,inec-pu-661553,ng-state-ogun,"OPEN SPACE BEHIND PEACELAND ESTATE, AREPO",INEC_CVR_PU,661553,,inec-lga-576,,state-assembly-sc-727-og,inec-ward-6590
POLLING_UNIT,inec-pu-661554,ng-state-ogun,"OPEN SPACE AT BEACHLAND ROUNDABOUT AREPO,",INEC_CVR_PU,661554,,inec-lga-576,,state-assembly-sc-727-og,inec-ward-6590
POLLING_UNIT,inec-pu-661555,ng-state-ogun,"OPEN SPACE AT EMBASSY JUNCTION, AREPO",INEC_CVR_PU,661555,,inec-lga-576,,state-assembly-sc-727-og,inec-ward-6590
POLLING_UNIT,inec-pu-661556,ng-state-ogun,"OPEN SPACE BEHIND TRANSFORMER PAPA ALFA,ASESE",INEC_CVR_PU,661556,,inec-lga-576,,state-assembly-sc-727-og,inec-ward-6590
POLLING_UNIT,inec-pu-661557,ng-state-ogun,OPEN SPACE AT POWERLINE JUNCTION ASESE,INEC_CVR_PU,661557,,inec-lga-576,,state-assembly-sc-727-og,inec-ward-6590
WARD,inec-ward-6591,ng-state-ogun,OWODE,INEC_CVR_WARD,6591,,inec-lga-576,,state-assembly-sc-727-og,
POLLING_UNIT,inec-pu-92141,ng-state-ogun,ALL SAINTS SCHOOL I -OWODE I,INEC_CVR_PU,92141,,inec-lga-576,,state-assembly-sc-727-og,inec-ward-6591
POLLING_UNIT,inec-pu-92142,ng-state-ogun,"ALL SAINTS SCHOOL I, OWODE II",INEC_CVR_PU,92142,,inec-lga-576,,state-assembly-sc-727-og,inec-ward-6591
POLLING_UNIT,inec-pu-92143,ng-state-ogun,"ALL SAINTS SCHOOL I, OWODE III",INEC_CVR_PU,92143,,inec-lga-576,,state-assembly-sc-727-og,inec-ward-6591
POLLING_UNIT,inec-pu-92144,ng-state-ogun,"ALL SAINTS SCHOOL II, OWODE I",INEC_CVR_PU,92144,,inec-lga-576,,state-assembly-sc-727-og,inec-ward-6591
POLLING_UNIT,inec-pu-92145,ng-state-ogun,"ALL SAINTS SCHOOL II, OWODE II",INEC_CVR_PU,92145,,inec-lga-576,,state-assembly-sc-727-og,inec-ward-6591
POLLING_UNIT,inec-pu-92146,ng-state-ogun,"MARKET STALL, GELEODUN",INEC_CVR_PU,92146,,inec-lga-576,,state-assembly-sc-727-og,inec-ward-6591
POLLING_UNIT,inec-pu-92147,ng-state-ogun,A/C SCHOOL AKINBO,INEC_CVR_PU,92147,,inec-lga-576,,state-assembly-sc-727-og,inec-ward-6591
POLLING_UNIT,inec-pu-92148,ng-state-ogun,A.U.D. SCHOOL SOMEKE,INEC_CVR_PU,92148,,inec-lga-576,,state-assembly-sc-727-og,inec-ward-6591
POLLING_UNIT,inec-pu-92149,ng-state-ogun,"O.O.L.G. SCHOOL, OLOWOKOJEBI",INEC_CVR_PU,92149,,inec-lga-576,,state-assembly-sc-727-og,inec-ward-6591
POLLING_UNIT,inec-pu-92150,ng-state-ogun,"A/C SCHOOL, ORILE-IGBEIN I",INEC_CVR_PU,92150,,inec-lga-576,,state-assembly-sc-727-og,inec-ward-6591
POLLING_UNIT,inec-pu-92151,ng-state-ogun,"A/C SCHOOL, ORILE-IGBEIN II",INEC_CVR_PU,92151,,inec-lga-576,,state-assembly-sc-727-og,inec-ward-6591
POLLING_UNIT,inec-pu-92152,ng-state-ogun,"A/C SCHOOL, IBOKU ARO",INEC_CVR_PU,92152,,inec-lga-576,,state-assembly-sc-727-og,inec-ward-6591
POLLING_UNIT,inec-pu-92153,ng-state-ogun,"O.O.L.G. SCHOOL, KORISA",INEC_CVR_PU,92153,,inec-lga-576,,state-assembly-sc-727-og,inec-ward-6591
POLLING_UNIT,inec-pu-92154,ng-state-ogun,FRONT OF DISP. ISALE OWODE I,INEC_CVR_PU,92154,,inec-lga-576,,state-assembly-sc-727-og,inec-ward-6591
POLLING_UNIT,inec-pu-92155,ng-state-ogun,FRONT OF DISP. ISALE OWODE II,INEC_CVR_PU,92155,,inec-lga-576,,state-assembly-sc-727-og,inec-ward-6591
POLLING_UNIT,inec-pu-92156,ng-state-ogun,SOGOYE SQUARE OWODE,INEC_CVR_PU,92156,,inec-lga-576,,state-assembly-sc-727-og,inec-ward-6591
POLLING_UNIT,inec-pu-92157,ng-state-ogun,"ST. MICH. ANG. SCHOOL, LUFUWAPE I",INEC_CVR_PU,92157,,inec-lga-576,,state-assembly-sc-727-og,inec-ward-6591
POLLING_UNIT,inec-pu-92158,ng-state-ogun,"ST. MICH. ANG. SCHOOL, LUFUWAPE II",INEC_CVR_PU,92158,,inec-lga-576,,state-assembly-sc-727-og,inec-ward-6591
POLLING_UNIT,inec-pu-92159,ng-state-ogun,FORNT OF ELESHIN'S HOUSE EGURU,INEC_CVR_PU,92159,,inec-lga-576,,state-assembly-sc-727-og,inec-ward-6591
POLLING_UNIT,inec-pu-92160,ng-state-ogun,N.U.D SCHOOL OWODE,INEC_CVR_PU,92160,,inec-lga-576,,state-assembly-sc-727-og,inec-ward-6591
POLLING_UNIT,inec-pu-92161,ng-state-ogun,AFRICAN CHURCH OGIDAN,INEC_CVR_PU,92161,,inec-lga-576,,state-assembly-sc-727-og,inec-ward-6591
POLLING_UNIT,inec-pu-92162,ng-state-ogun,"OWODE HIGH SCH., OWODE",INEC_CVR_PU,92162,,inec-lga-576,,state-assembly-sc-727-og,inec-ward-6591
POLLING_UNIT,inec-pu-661558,ng-state-ogun,OPEN SPACE BESIDE GENERAL HOSIPTAL ARAROMI,INEC_CVR_PU,661558,,inec-lga-576,,state-assembly-sc-727-og,inec-ward-6591
POLLING_UNIT,inec-pu-661559,ng-state-ogun,OPEN SPACE AT AGBAAKIN ROAD JUNCTION ILEKE,INEC_CVR_PU,661559,,inec-lga-576,,state-assembly-sc-727-og,inec-ward-6591
POLLING_UNIT,inec-pu-661560,ng-state-ogun,OPEN SPACE AT LOCAL GOVT CO-OPERATIVE ZONAL OFFICE OWODE,INEC_CVR_PU,661560,,inec-lga-576,,state-assembly-sc-727-og,inec-ward-6591
POLLING_UNIT,inec-pu-661562,ng-state-ogun,"OPEN SPACE AT ALAHA OKE JUNCTION RING ROAD,OWODE",INEC_CVR_PU,661562,,inec-lga-576,,state-assembly-sc-727-og,inec-ward-6591
POLLING_UNIT,inec-pu-661563,ng-state-ogun,OPEN SPACE AT OLABITAN HOSPITAL JUNCTION OWODE SCHOOL ROAD,INEC_CVR_PU,661563,,inec-lga-576,,state-assembly-sc-727-og,inec-ward-6591
POLLING_UNIT,inec-pu-661564,ng-state-ogun,OPEN SPACE AT ORITA-AJE SCH ROAD JUNCTION OWODE,INEC_CVR_PU,661564,,inec-lga-576,,state-assembly-sc-727-og,inec-ward-6591
POLLING_UNIT,inec-pu-661565,ng-state-ogun,"OPEN SPACE BESIDE WATER CO-OPERATION,WASIMI ATABA",INEC_CVR_PU,661565,,inec-lga-576,,state-assembly-sc-727-og,inec-ward-6591
POLLING_UNIT,inec-pu-661566,ng-state-ogun,OPEN SPACE AT ORILE ITORI ODO JUNCTION,INEC_CVR_PU,661566,,inec-lga-576,,state-assembly-sc-727-og,inec-ward-6591
POLLING_UNIT,inec-pu-661567,ng-state-ogun,"OPEN SPACE AT BALOGUN NEAR SO-SAVE CO-OPERATION,SOGOYE",INEC_CVR_PU,661567,,inec-lga-576,,state-assembly-sc-727-og,inec-ward-6591
POLLING_UNIT,inec-pu-661568,ng-state-ogun,OPEN SPACE AT ARIWO JUNCTION OWODE,INEC_CVR_PU,661568,,inec-lga-576,,state-assembly-sc-727-og,inec-ward-6591
POLLING_UNIT,inec-pu-661569,ng-state-ogun,"OPEN SPACE AT BALUFE T-JUNCTION,OGIDAN",INEC_CVR_PU,661569,,inec-lga-576,,state-assembly-sc-727-og,inec-ward-6591
POLLING_UNIT,inec-pu-661570,ng-state-ogun,"OPEN SPACE AT SOMIDE ESTATE, OWODE",INEC_CVR_PU,661570,,inec-lga-576,,state-assembly-sc-727-og,inec-ward-6591
POLLING_UNIT,inec-pu-661571,ng-state-ogun,"OPEN SPACE AT T-JUNCTION, LUGBOKO VILLAGE",INEC_CVR_PU,661571,,inec-lga-576,,state-assembly-sc-727-og,inec-ward-6591
POLLING_UNIT,inec-pu-661572,ng-state-ogun,"OPEN SPACE AT SOLID ROCK FOUNDATION JUNCTION, ELERE",INEC_CVR_PU,661572,,inec-lga-576,,state-assembly-sc-727-og,inec-ward-6591
POLLING_UNIT,inec-pu-661573,ng-state-ogun,"FRONT OF LOCAL GOVERNMENT STAFF QUARTERS,OWODE",INEC_CVR_PU,661573,,inec-lga-576,,state-assembly-sc-727-og,inec-ward-6591
POLLING_UNIT,inec-pu-661574,ng-state-ogun,"OPEN SPACE AT T-JUNCTION OKE ODO KOSELU, SOMEKE",INEC_CVR_PU,661574,,inec-lga-576,,state-assembly-sc-727-og,inec-ward-6591
POLLING_UNIT,inec-pu-675500,ng-state-ogun,"OPEN SPACE AT TRANSFORMER JUNCTION,ELERE",INEC_CVR_PU,675500,,inec-lga-576,,state-assembly-sc-727-og,inec-ward-6591
WARD,inec-ward-6592,ng-state-ogun,AJURA,INEC_CVR_WARD,6592,,inec-lga-576,,state-assembly-sc-727-og,
POLLING_UNIT,inec-pu-92163,ng-state-ogun,"ST. PETERS SCHOOL, SIUN I",INEC_CVR_PU,92163,,inec-lga-576,,state-assembly-sc-727-og,inec-ward-6592
POLLING_UNIT,inec-pu-92164,ng-state-ogun,"ST. PETERS SCHOOL, SIUN II",INEC_CVR_PU,92164,,inec-lga-576,,state-assembly-sc-727-og,inec-ward-6592
POLLING_UNIT,inec-pu-92165,ng-state-ogun,"ST. JOHN SCHOOL, AJURA I",INEC_CVR_PU,92165,,inec-lga-576,,state-assembly-sc-727-og,inec-ward-6592
POLLING_UNIT,inec-pu-92166,ng-state-ogun,"ST. JOHN SCHOOL, AJURA II",INEC_CVR_PU,92166,,inec-lga-576,,state-assembly-sc-727-og,inec-ward-6592
POLLING_UNIT,inec-pu-92167,ng-state-ogun,"A/C SCHOOL, OTUNBA",INEC_CVR_PU,92167,,inec-lga-576,,state-assembly-sc-727-og,inec-ward-6592
POLLING_UNIT,inec-pu-92168,ng-state-ogun,"COMM. SCH, ORITA IJAYE I",INEC_CVR_PU,92168,,inec-lga-576,,state-assembly-sc-727-og,inec-ward-6592
POLLING_UNIT,inec-pu-92169,ng-state-ogun,"COMM. SCH, ORITA IJAYE II",INEC_CVR_PU,92169,,inec-lga-576,,state-assembly-sc-727-og,inec-ward-6592
POLLING_UNIT,inec-pu-92170,ng-state-ogun,ST. PETER ANG. SCH. IKANNA BALOGUN I,INEC_CVR_PU,92170,,inec-lga-576,,state-assembly-sc-727-og,inec-ward-6592
POLLING_UNIT,inec-pu-92171,ng-state-ogun,"ST. PETER ANG. SCH, IKANNA BALOGUN II",INEC_CVR_PU,92171,,inec-lga-576,,state-assembly-sc-727-og,inec-ward-6592
POLLING_UNIT,inec-pu-92172,ng-state-ogun,"ST.PETERS SCH.,AWO APENA",INEC_CVR_PU,92172,,inec-lga-576,,state-assembly-sc-727-og,inec-ward-6592
POLLING_UNIT,inec-pu-92173,ng-state-ogun,"N.U.D. SCHOOL, ORILE - IMO I",INEC_CVR_PU,92173,,inec-lga-576,,state-assembly-sc-727-og,inec-ward-6592
POLLING_UNIT,inec-pu-92174,ng-state-ogun,"N.U.D. SCHOOL, ORILE - IMO II",INEC_CVR_PU,92174,,inec-lga-576,,state-assembly-sc-727-og,inec-ward-6592
POLLING_UNIT,inec-pu-92175,ng-state-ogun,EREDO ALASE VILLAGE SQUARE,INEC_CVR_PU,92175,,inec-lga-576,,state-assembly-sc-727-og,inec-ward-6592
POLLING_UNIT,inec-pu-92176,ng-state-ogun,"O.O.L.G. SCHOOL, POTOKI",INEC_CVR_PU,92176,,inec-lga-576,,state-assembly-sc-727-og,inec-ward-6592
POLLING_UNIT,inec-pu-92177,ng-state-ogun,"ANG. SCHOOL, SEMORE I",INEC_CVR_PU,92177,,inec-lga-576,,state-assembly-sc-727-og,inec-ward-6592
POLLING_UNIT,inec-pu-92178,ng-state-ogun,"ANG. SCHOOL, SEMORE II",INEC_CVR_PU,92178,,inec-lga-576,,state-assembly-sc-727-og,inec-ward-6592
POLLING_UNIT,inec-pu-92179,ng-state-ogun,OPEN SPACE AT SERIKI VILLAGE,INEC_CVR_PU,92179,,inec-lga-576,,state-assembly-sc-727-og,inec-ward-6592
POLLING_UNIT,inec-pu-92180,ng-state-ogun,IKANNA OLUWO,INEC_CVR_PU,92180,,inec-lga-576,,state-assembly-sc-727-og,inec-ward-6592
POLLING_UNIT,inec-pu-661424,ng-state-ogun,MARKET SQUARE SIUN,INEC_CVR_PU,661424,,inec-lga-576,,state-assembly-sc-727-og,inec-ward-6592
POLLING_UNIT,inec-pu-661425,ng-state-ogun,OPEN SPACE AT BARA TOWN JUNCTION,INEC_CVR_PU,661425,,inec-lga-576,,state-assembly-sc-727-og,inec-ward-6592
WARD,inec-ward-6593,ng-state-ogun,MOLOKO-ASIPA,INEC_CVR_WARD,6593,,inec-lga-576,,state-assembly-sc-727-og,
POLLING_UNIT,inec-pu-92181,ng-state-ogun,"UNITED ANG. SCHOOL, MOLOKO - ASIPA I",INEC_CVR_PU,92181,,inec-lga-576,,state-assembly-sc-727-og,inec-ward-6593
POLLING_UNIT,inec-pu-92182,ng-state-ogun,"UNITED ANG. SCHOOL, MOLOKO - ASIPA II",INEC_CVR_PU,92182,,inec-lga-576,,state-assembly-sc-727-og,inec-ward-6593
POLLING_UNIT,inec-pu-92183,ng-state-ogun,"O.O.L.G. SCHOOL, OBA SERIKI",INEC_CVR_PU,92183,,inec-lga-576,,state-assembly-sc-727-og,inec-ward-6593
POLLING_UNIT,inec-pu-92184,ng-state-ogun,"ARAROMI MARKET, ASU",INEC_CVR_PU,92184,,inec-lga-576,,state-assembly-sc-727-og,inec-ward-6593
POLLING_UNIT,inec-pu-92185,ng-state-ogun,"COMMUNITY HALL, KOBAPE",INEC_CVR_PU,92185,,inec-lga-576,,state-assembly-sc-727-og,inec-ward-6593
POLLING_UNIT,inec-pu-92186,ng-state-ogun,"O.O.L.G. SCHOOL, MOGBAFOFO",INEC_CVR_PU,92186,,inec-lga-576,,state-assembly-sc-727-og,inec-ward-6593
POLLING_UNIT,inec-pu-92187,ng-state-ogun,"A/C SCHOOL, OSIKI",INEC_CVR_PU,92187,,inec-lga-576,,state-assembly-sc-727-og,inec-ward-6593
POLLING_UNIT,inec-pu-92188,ng-state-ogun,"R.C.M. SCHOOL, IDOWU OFONRAN",INEC_CVR_PU,92188,,inec-lga-576,,state-assembly-sc-727-og,inec-ward-6593
POLLING_UNIT,inec-pu-92189,ng-state-ogun,"O.O.L.G. SCHOOL, ARO-ERE",INEC_CVR_PU,92189,,inec-lga-576,,state-assembly-sc-727-og,inec-ward-6593
POLLING_UNIT,inec-pu-92190,ng-state-ogun,"ANG. PRY. SCHOOL, ONIPEPEYE",INEC_CVR_PU,92190,,inec-lga-576,,state-assembly-sc-727-og,inec-ward-6593
POLLING_UNIT,inec-pu-92191,ng-state-ogun,N.U.D. PRY. SCH. MAGBAGBODUN,INEC_CVR_PU,92191,,inec-lga-576,,state-assembly-sc-727-og,inec-ward-6593
POLLING_UNIT,inec-pu-92192,ng-state-ogun,OPEN SPACE A IMO EMULU,INEC_CVR_PU,92192,,inec-lga-576,,state-assembly-sc-727-og,inec-ward-6593
POLLING_UNIT,inec-pu-92193,ng-state-ogun,OPEN SPACE AT OKUSAN VILLAGE,INEC_CVR_PU,92193,,inec-lga-576,,state-assembly-sc-727-og,inec-ward-6593
POLLING_UNIT,inec-pu-92194,ng-state-ogun,OPEN SPACE AT LIBEGUN VILLAGE,INEC_CVR_PU,92194,,inec-lga-576,,state-assembly-sc-727-og,inec-ward-6593
POLLING_UNIT,inec-pu-661434,ng-state-ogun,"AFRICAN CHURCH PRY SCH., KEREWU KOBAPE",INEC_CVR_PU,661434,,inec-lga-576,,state-assembly-sc-727-og,inec-ward-6593
POLLING_UNIT,inec-pu-661435,ng-state-ogun,OPEN SPACE AT IGA-IJEMO VILLAGE MOLOKO-ASIPA,INEC_CVR_PU,661435,,inec-lga-576,,state-assembly-sc-727-og,inec-ward-6593
WARD,inec-ward-6594,ng-state-ogun,ONIDUNDU,INEC_CVR_WARD,6594,,inec-lga-576,,state-assembly-sc-727-og,
POLLING_UNIT,inec-pu-92195,ng-state-ogun,"CHRIST ANG. SCH., AFOJUPANLA",INEC_CVR_PU,92195,,inec-lga-576,,state-assembly-sc-727-og,inec-ward-6594
POLLING_UNIT,inec-pu-92196,ng-state-ogun,"A/C SCHOOL, SOSERI",INEC_CVR_PU,92196,,inec-lga-576,,state-assembly-sc-727-og,inec-ward-6594
POLLING_UNIT,inec-pu-92197,ng-state-ogun,"FRONT OF MATERNITY CENTRE, ONIDUNDU",INEC_CVR_PU,92197,,inec-lga-576,,state-assembly-sc-727-og,inec-ward-6594
POLLING_UNIT,inec-pu-92198,ng-state-ogun,"VILLAGE SQUARE, SOWUNMI",INEC_CVR_PU,92198,,inec-lga-576,,state-assembly-sc-727-og,inec-ward-6594
POLLING_UNIT,inec-pu-92199,ng-state-ogun,"A/C SCHOOL, OROGBO - LAMODI",INEC_CVR_PU,92199,,inec-lga-576,,state-assembly-sc-727-og,inec-ward-6594
POLLING_UNIT,inec-pu-92200,ng-state-ogun,"A/C SCHOOL, LALOKO",INEC_CVR_PU,92200,,inec-lga-576,,state-assembly-sc-727-og,inec-ward-6594
POLLING_UNIT,inec-pu-92201,ng-state-ogun,"O.O.L.G. SCHOOL, OGBE, ODUJOKO",INEC_CVR_PU,92201,,inec-lga-576,,state-assembly-sc-727-og,inec-ward-6594
POLLING_UNIT,inec-pu-92202,ng-state-ogun,"A/C SCHOOL, MUSIN ORE",INEC_CVR_PU,92202,,inec-lga-576,,state-assembly-sc-727-og,inec-ward-6594
POLLING_UNIT,inec-pu-92203,ng-state-ogun,"O.O.L.G. SCHOOL, AJANA - LIYEBI",INEC_CVR_PU,92203,,inec-lga-576,,state-assembly-sc-727-og,inec-ward-6594
POLLING_UNIT,inec-pu-92204,ng-state-ogun,IJEMO LUSI (SCHOOL),INEC_CVR_PU,92204,,inec-lga-576,,state-assembly-sc-727-og,inec-ward-6594
POLLING_UNIT,inec-pu-92205,ng-state-ogun,OPEN SPACE AT AKISAN,INEC_CVR_PU,92205,,inec-lga-576,,state-assembly-sc-727-og,inec-ward-6594
POLLING_UNIT,inec-pu-92206,ng-state-ogun,OPEN SPACE AT OMUN,INEC_CVR_PU,92206,,inec-lga-576,,state-assembly-sc-727-og,inec-ward-6594
POLLING_UNIT,inec-pu-92207,ng-state-ogun,OPEN SPACE AT ERINFUNOKE,INEC_CVR_PU,92207,,inec-lga-576,,state-assembly-sc-727-og,inec-ward-6594
WARD,inec-ward-6595,ng-state-ogun,OBA,INEC_CVR_WARD,6595,,inec-lga-576,,state-assembly-sc-727-og,
POLLING_UNIT,inec-pu-92208,ng-state-ogun,"CHRIST ANG. SCHOOL, OBA I",INEC_CVR_PU,92208,,inec-lga-576,,state-assembly-sc-727-og,inec-ward-6595
POLLING_UNIT,inec-pu-92209,ng-state-ogun,"CHRIST ANG. SCHOOL, OBA II",INEC_CVR_PU,92209,,inec-lga-576,,state-assembly-sc-727-og,inec-ward-6595
POLLING_UNIT,inec-pu-92210,ng-state-ogun,O.O.L.G SCH SODUBI,INEC_CVR_PU,92210,,inec-lga-576,,state-assembly-sc-727-og,inec-ward-6595
POLLING_UNIT,inec-pu-92211,ng-state-ogun,"ST. MATT. ANG. SCH., LADEMO I",INEC_CVR_PU,92211,,inec-lga-576,,state-assembly-sc-727-og,inec-ward-6595
POLLING_UNIT,inec-pu-92212,ng-state-ogun,"ST. MATT. ANG. SCH., LADEMO II",INEC_CVR_PU,92212,,inec-lga-576,,state-assembly-sc-727-og,inec-ward-6595
POLLING_UNIT,inec-pu-92213,ng-state-ogun,"ST, PETER ANG. SCHOOL SAARE",INEC_CVR_PU,92213,,inec-lga-576,,state-assembly-sc-727-og,inec-ward-6595
POLLING_UNIT,inec-pu-92214,ng-state-ogun,"O.O.L.G. SCHOOL AJADE, OGUNDIPE",INEC_CVR_PU,92214,,inec-lga-576,,state-assembly-sc-727-og,inec-ward-6595
POLLING_UNIT,inec-pu-92215,ng-state-ogun,"A/C SCH. ODANA, ASAPONDE",INEC_CVR_PU,92215,,inec-lga-576,,state-assembly-sc-727-og,inec-ward-6595
POLLING_UNIT,inec-pu-92216,ng-state-ogun,"O.O.L.G. SCHOOL, ADIGBE I",INEC_CVR_PU,92216,,inec-lga-576,,state-assembly-sc-727-og,inec-ward-6595
POLLING_UNIT,inec-pu-92217,ng-state-ogun,"O.O.L.G. SCHOOL, ADIGBE II",INEC_CVR_PU,92217,,inec-lga-576,,state-assembly-sc-727-og,inec-ward-6595
POLLING_UNIT,inec-pu-92218,ng-state-ogun,OLUWO VILLAGE VIA ONIKOLOBO,INEC_CVR_PU,92218,,inec-lga-576,,state-assembly-sc-727-og,inec-ward-6595
POLLING_UNIT,inec-pu-92219,ng-state-ogun,OPEN SPACE AT ERITI VILLAGE,INEC_CVR_PU,92219,,inec-lga-576,,state-assembly-sc-727-og,inec-ward-6595
POLLING_UNIT,inec-pu-92220,ng-state-ogun,"R.C.M. SCHOOL, OLUWO-OKE I",INEC_CVR_PU,92220,,inec-lga-576,,state-assembly-sc-727-og,inec-ward-6595
POLLING_UNIT,inec-pu-92221,ng-state-ogun,"R.C.M. SCHOOL, OLUWO-OKE II",INEC_CVR_PU,92221,,inec-lga-576,,state-assembly-sc-727-og,inec-ward-6595
POLLING_UNIT,inec-pu-92222,ng-state-ogun,"VILLAGE SQUARE, IGBOMEKU",INEC_CVR_PU,92222,,inec-lga-576,,state-assembly-sc-727-og,inec-ward-6595
POLLING_UNIT,inec-pu-92223,ng-state-ogun,ST. PAUL PRY. SCH. OKE-OGBUN,INEC_CVR_PU,92223,,inec-lga-576,,state-assembly-sc-727-og,inec-ward-6595
POLLING_UNIT,inec-pu-92224,ng-state-ogun,VILLAGE SQUARE SOGBAMU,INEC_CVR_PU,92224,,inec-lga-576,,state-assembly-sc-727-og,inec-ward-6595
POLLING_UNIT,inec-pu-92225,ng-state-ogun,PRY. SCH. AGODO,INEC_CVR_PU,92225,,inec-lga-576,,state-assembly-sc-727-og,inec-ward-6595
POLLING_UNIT,inec-pu-92226,ng-state-ogun,"OPEN SPACE NEAR ALH. ADEGBERO'S HOUSE, MANGO B/STOP, ADIGBE",INEC_CVR_PU,92226,,inec-lga-576,,state-assembly-sc-727-og,inec-ward-6595
POLLING_UNIT,inec-pu-92227,ng-state-ogun,"OPEN SPACE ALH. AJIA'S HOUSE(OPP.) , ALOWONLE B/STOP ADIGBE",INEC_CVR_PU,92227,,inec-lga-576,,state-assembly-sc-727-og,inec-ward-6595
POLLING_UNIT,inec-pu-92228,ng-state-ogun,OPEN SPACE AT ADEDOTUN VILLAGE,INEC_CVR_PU,92228,,inec-lga-576,,state-assembly-sc-727-og,inec-ward-6595
POLLING_UNIT,inec-pu-92229,ng-state-ogun,"POLY GATE, OJERE",INEC_CVR_PU,92229,,inec-lga-576,,state-assembly-sc-727-og,inec-ward-6595
POLLING_UNIT,inec-pu-92230,ng-state-ogun,O.O.L.G.SCHOOL ADIGBE III,INEC_CVR_PU,92230,,inec-lga-576,,state-assembly-sc-727-og,inec-ward-6595
POLLING_UNIT,inec-pu-92231,ng-state-ogun,O.O.L.G.SCHOOL ADIGBE IV,INEC_CVR_PU,92231,,inec-lga-576,,state-assembly-sc-727-og,inec-ward-6595
POLLING_UNIT,inec-pu-661436,ng-state-ogun,"OOLG SCHOOL,MEGI ALAGADA, OBA",INEC_CVR_PU,661436,,inec-lga-576,,state-assembly-sc-727-og,inec-ward-6595
POLLING_UNIT,inec-pu-661437,ng-state-ogun,OPEN SPACE AT ERIN MARKET OBA,INEC_CVR_PU,661437,,inec-lga-576,,state-assembly-sc-727-og,inec-ward-6595
POLLING_UNIT,inec-pu-661438,ng-state-ogun,OPEN SPACE OPP. GREENLAND ACADEMY SODUBI (NEAR EID GROUND),INEC_CVR_PU,661438,,inec-lga-576,,state-assembly-sc-727-og,inec-ward-6595
POLLING_UNIT,inec-pu-661439,ng-state-ogun,"OPEN SPACE AT PLATINUM HOTEL INUKONU STR, ADIGBE",INEC_CVR_PU,661439,,inec-lga-576,,state-assembly-sc-727-og,inec-ward-6595
POLLING_UNIT,inec-pu-661440,ng-state-ogun,OPEN SPACE AT ASIRIBO JUNCTION ADIGBE,INEC_CVR_PU,661440,,inec-lga-576,,state-assembly-sc-727-og,inec-ward-6595
POLLING_UNIT,inec-pu-661441,ng-state-ogun,"OPEN SPACE AT KEHINDE MARTINS THOMAS ESTATE, OLOKE EXTENSION , OJERE",INEC_CVR_PU,661441,,inec-lga-576,,state-assembly-sc-727-og,inec-ward-6595
POLLING_UNIT,inec-pu-661442,ng-state-ogun,"OPEN SPACE AT BIG MASTER JUNCTION,JAPO, ADIGBE",INEC_CVR_PU,661442,,inec-lga-576,,state-assembly-sc-727-og,inec-ward-6595
POLLING_UNIT,inec-pu-661443,ng-state-ogun,"OPEN SPACE BESIDE OLD RAILWAY JUNCTION, AGBAMAYA",INEC_CVR_PU,661443,,inec-lga-576,,state-assembly-sc-727-og,inec-ward-6595
POLLING_UNIT,inec-pu-661444,ng-state-ogun,OPEN SPACE AT TEMITOPE OPAKO,INEC_CVR_PU,661444,,inec-lga-576,,state-assembly-sc-727-og,inec-ward-6595
POLLING_UNIT,inec-pu-661445,ng-state-ogun,"OPEN SPACE OPP. BAALE AKINTIBUBO CRESCENT OKE-ODO JAPO, ADIGBE",INEC_CVR_PU,661445,,inec-lga-576,,state-assembly-sc-727-og,inec-ward-6595
POLLING_UNIT,inec-pu-661446,ng-state-ogun,OPEN SPACE AT ASIPA JUNCTION BESIDE TRANSFORMER SHOGBAMU ROAD,INEC_CVR_PU,661446,,inec-lga-576,,state-assembly-sc-727-og,inec-ward-6595
POLLING_UNIT,inec-pu-661447,ng-state-ogun,"OPEN SPACE AT T-JUNCTION,ODEMO (ASIRIBO)",INEC_CVR_PU,661447,,inec-lga-576,,state-assembly-sc-727-og,inec-ward-6595
POLLING_UNIT,inec-pu-661448,ng-state-ogun,OPEN SPACE AT T-JUNCTION STREET ABULE OBA ADIGBE,INEC_CVR_PU,661448,,inec-lga-576,,state-assembly-sc-727-og,inec-ward-6595
POLLING_UNIT,inec-pu-661449,ng-state-ogun,OPEN SPACE UNDER R-POWERLINE OLOPE ABULE OJERE,INEC_CVR_PU,661449,,inec-lga-576,,state-assembly-sc-727-og,inec-ward-6595
WARD,inec-ward-6596,ng-state-ogun,EGBEDA,INEC_CVR_WARD,6596,,inec-lga-576,,state-assembly-sc-727-og,
POLLING_UNIT,inec-pu-92232,ng-state-ogun,"O.O.L.G. SCHOOL, AYEROSE",INEC_CVR_PU,92232,,inec-lga-576,,state-assembly-sc-727-og,inec-ward-6596
POLLING_UNIT,inec-pu-92233,ng-state-ogun,"O.O.L.G. SCHOOL, EGBEDA",INEC_CVR_PU,92233,,inec-lga-576,,state-assembly-sc-727-og,inec-ward-6596
POLLING_UNIT,inec-pu-92234,ng-state-ogun,"O.O.L.G. SCHOOL, MASA",INEC_CVR_PU,92234,,inec-lga-576,,state-assembly-sc-727-og,inec-ward-6596
POLLING_UNIT,inec-pu-92235,ng-state-ogun,"ST. JAMES ANG. SCH, OTOTO I",INEC_CVR_PU,92235,,inec-lga-576,,state-assembly-sc-727-og,inec-ward-6596
POLLING_UNIT,inec-pu-92236,ng-state-ogun,"ST. JAMES ANG. SCH, OTOTO II",INEC_CVR_PU,92236,,inec-lga-576,,state-assembly-sc-727-og,inec-ward-6596
POLLING_UNIT,inec-pu-92237,ng-state-ogun,VILLAGE SQUARE ELEFUN,INEC_CVR_PU,92237,,inec-lga-576,,state-assembly-sc-727-og,inec-ward-6596
POLLING_UNIT,inec-pu-92238,ng-state-ogun,"ST. PETER ANG. SCH., IGBO-ITOKU",INEC_CVR_PU,92238,,inec-lga-576,,state-assembly-sc-727-og,inec-ward-6596
POLLING_UNIT,inec-pu-92239,ng-state-ogun,"ST. PETERS ANG. SCH, AGBANGBA",INEC_CVR_PU,92239,,inec-lga-576,,state-assembly-sc-727-og,inec-ward-6596
POLLING_UNIT,inec-pu-92240,ng-state-ogun,ADEDERO MARKET AREA,INEC_CVR_PU,92240,,inec-lga-576,,state-assembly-sc-727-og,inec-ward-6596
POLLING_UNIT,inec-pu-92241,ng-state-ogun,"O.O.L.G. SCH., AGBOKE-LUKARI",INEC_CVR_PU,92241,,inec-lga-576,,state-assembly-sc-727-og,inec-ward-6596
POLLING_UNIT,inec-pu-92242,ng-state-ogun,OPEN SPACE AT NLEMO VILLAGE,INEC_CVR_PU,92242,,inec-lga-576,,state-assembly-sc-727-og,inec-ward-6596
POLLING_UNIT,inec-pu-92243,ng-state-ogun,JAGUNA ITOKU VILLAGE (JAGAN ILOKO VILLAGE),INEC_CVR_PU,92243,,inec-lga-576,,state-assembly-sc-727-og,inec-ward-6596
POLLING_UNIT,inec-pu-661427,ng-state-ogun,"OPEN SPACE AT OPP TRANSFORMER AT ABULE-OKO JUNCTION, LADERIN EXT.",INEC_CVR_PU,661427,,inec-lga-576,,state-assembly-sc-727-og,inec-ward-6596
POLLING_UNIT,inec-pu-661428,ng-state-ogun,OPEN SPACE AT WATER CORPORATION LADERIN JUNCTION,INEC_CVR_PU,661428,,inec-lga-576,,state-assembly-sc-727-og,inec-ward-6596
POLLING_UNIT,inec-pu-661429,ng-state-ogun,"COMMUNITY TOWN HALL, WASIMI ARAROMI AJEBO ROAD",INEC_CVR_PU,661429,,inec-lga-576,,state-assembly-sc-727-og,inec-ward-6596
WARD,inec-ward-6597,ng-state-ogun,KAJOLA,INEC_CVR_WARD,6597,,inec-lga-576,,state-assembly-sc-727-og,
POLLING_UNIT,inec-pu-92244,ng-state-ogun,"ST. PETER A/C SCHOOL, AJIBAYO",INEC_CVR_PU,92244,,inec-lga-576,,state-assembly-sc-727-og,inec-ward-6597
POLLING_UNIT,inec-pu-92245,ng-state-ogun,"METHODIST SCHOOL OYERO, IKOSOFE",INEC_CVR_PU,92245,,inec-lga-576,,state-assembly-sc-727-og,inec-ward-6597
POLLING_UNIT,inec-pu-92246,ng-state-ogun,"ST. JAMES SCHOOL, KAJOLA",INEC_CVR_PU,92246,,inec-lga-576,,state-assembly-sc-727-og,inec-ward-6597
POLLING_UNIT,inec-pu-92247,ng-state-ogun,"O.O.L.G. SCHOOL, IDI OSAN",INEC_CVR_PU,92247,,inec-lga-576,,state-assembly-sc-727-og,inec-ward-6597
POLLING_UNIT,inec-pu-92248,ng-state-ogun,"ANG. SCHOOL, KUTI",INEC_CVR_PU,92248,,inec-lga-576,,state-assembly-sc-727-og,inec-ward-6597
POLLING_UNIT,inec-pu-92249,ng-state-ogun,"ANG. SCHOOL, ODO-IJESA",INEC_CVR_PU,92249,,inec-lga-576,,state-assembly-sc-727-og,inec-ward-6597
POLLING_UNIT,inec-pu-92250,ng-state-ogun,"ANG. SCHOOL, ABERU AGBA I",INEC_CVR_PU,92250,,inec-lga-576,,state-assembly-sc-727-og,inec-ward-6597
POLLING_UNIT,inec-pu-92251,ng-state-ogun,"ANG. SCHOOL, ABERU AGBA II",INEC_CVR_PU,92251,,inec-lga-576,,state-assembly-sc-727-og,inec-ward-6597
POLLING_UNIT,inec-pu-92252,ng-state-ogun,"PRY. SCHOOL, ISAN-ONIGBAGBO",INEC_CVR_PU,92252,,inec-lga-576,,state-assembly-sc-727-og,inec-ward-6597
POLLING_UNIT,inec-pu-92253,ng-state-ogun,OPEN SPACE AT ALAPAKO VILLAGE,INEC_CVR_PU,92253,,inec-lga-576,,state-assembly-sc-727-og,inec-ward-6597
POLLING_UNIT,inec-pu-92254,ng-state-ogun,OPEN SPACE AT SOONU VILLAGE,INEC_CVR_PU,92254,,inec-lga-576,,state-assembly-sc-727-og,inec-ward-6597
POLLING_UNIT,inec-pu-661430,ng-state-ogun,OPEN SPACE AT KAJOLA MARKET BESIDE TRANSFORMER,INEC_CVR_PU,661430,,inec-lga-576,,state-assembly-sc-727-og,inec-ward-6597
WARD,inec-ward-6598,ng-state-ogun,OBAFEMI,INEC_CVR_WARD,6598,,inec-lga-576,,state-assembly-sc-727-og,
POLLING_UNIT,inec-pu-92255,ng-state-ogun,"CENTRAL SCHOOL, OBAFEMI I",INEC_CVR_PU,92255,,inec-lga-576,,state-assembly-sc-727-og,inec-ward-6598
POLLING_UNIT,inec-pu-92256,ng-state-ogun,"CENTRAL SCHOOL, OBAFEMI II",INEC_CVR_PU,92256,,inec-lga-576,,state-assembly-sc-727-og,inec-ward-6598
POLLING_UNIT,inec-pu-92257,ng-state-ogun,"FRONT OF DISPENSARY, IGBARI - AKE",INEC_CVR_PU,92257,,inec-lga-576,,state-assembly-sc-727-og,inec-ward-6598
POLLING_UNIT,inec-pu-92258,ng-state-ogun,ANG. SCH. ALAHA I,INEC_CVR_PU,92258,,inec-lga-576,,state-assembly-sc-727-og,inec-ward-6598
POLLING_UNIT,inec-pu-92259,ng-state-ogun,ANG. SCH. ALAHA II,INEC_CVR_PU,92259,,inec-lga-576,,state-assembly-sc-727-og,inec-ward-6598
POLLING_UNIT,inec-pu-92260,ng-state-ogun,"ST. PETERS ANG. SCH.,ILOGBO-OLOFIN",INEC_CVR_PU,92260,,inec-lga-576,,state-assembly-sc-727-og,inec-ward-6598
POLLING_UNIT,inec-pu-92261,ng-state-ogun,"O.O.L.G. SCHOOL, APENA ERUNBE",INEC_CVR_PU,92261,,inec-lga-576,,state-assembly-sc-727-og,inec-ward-6598
POLLING_UNIT,inec-pu-92262,ng-state-ogun,"ST. THERESA R.C.M. SCHOOL, GBURE",INEC_CVR_PU,92262,,inec-lga-576,,state-assembly-sc-727-og,inec-ward-6598
POLLING_UNIT,inec-pu-92263,ng-state-ogun,"VILLAGE SQUARE, AGBORUN",INEC_CVR_PU,92263,,inec-lga-576,,state-assembly-sc-727-og,inec-ward-6598
POLLING_UNIT,inec-pu-92264,ng-state-ogun,"O.O.L.G. SCHOOL, BAASE IPORO",INEC_CVR_PU,92264,,inec-lga-576,,state-assembly-sc-727-og,inec-ward-6598
POLLING_UNIT,inec-pu-92265,ng-state-ogun,"FRONT OF MATERNITY CENTRE, APENA- AKE",INEC_CVR_PU,92265,,inec-lga-576,,state-assembly-sc-727-og,inec-ward-6598
POLLING_UNIT,inec-pu-92266,ng-state-ogun,"N.U.D. SCHOOL, IGBEDU",INEC_CVR_PU,92266,,inec-lga-576,,state-assembly-sc-727-og,inec-ward-6598
POLLING_UNIT,inec-pu-661450,ng-state-ogun,MARKET SQUARE OBAFEMI,INEC_CVR_PU,661450,,inec-lga-576,,state-assembly-sc-727-og,inec-ward-6598
POLLING_UNIT,inec-pu-661451,ng-state-ogun,"ST. STEPHEN ANG. PRY SCH., OLOPARUN, OBAFEMI",INEC_CVR_PU,661451,,inec-lga-576,,state-assembly-sc-727-og,inec-ward-6598
WARD,inec-ward-6599,ng-state-ogun,AJEBO,INEC_CVR_WARD,6599,,inec-lga-576,,state-assembly-sc-727-og,
POLLING_UNIT,inec-pu-92267,ng-state-ogun,"AJEBO HIGH SCHOOL, AJEBO I",INEC_CVR_PU,92267,,inec-lga-576,,state-assembly-sc-727-og,inec-ward-6599
POLLING_UNIT,inec-pu-92268,ng-state-ogun,"AJEBO HIGH SCHOO, AJEBO II",INEC_CVR_PU,92268,,inec-lga-576,,state-assembly-sc-727-og,inec-ward-6599
POLLING_UNIT,inec-pu-92269,ng-state-ogun,ST. JOHN SCH. OWOJO I,INEC_CVR_PU,92269,,inec-lga-576,,state-assembly-sc-727-og,inec-ward-6599
POLLING_UNIT,inec-pu-92270,ng-state-ogun,ST. JOHN SCH. OWOJO II,INEC_CVR_PU,92270,,inec-lga-576,,state-assembly-sc-727-og,inec-ward-6599
POLLING_UNIT,inec-pu-92271,ng-state-ogun,"MARKET SQUARE, FIDIWO",INEC_CVR_PU,92271,,inec-lga-576,,state-assembly-sc-727-og,inec-ward-6599
POLLING_UNIT,inec-pu-92272,ng-state-ogun,"N.U.D. SCHOOL, OLUWO-IFOTE",INEC_CVR_PU,92272,,inec-lga-576,,state-assembly-sc-727-og,inec-ward-6599
POLLING_UNIT,inec-pu-92273,ng-state-ogun,"ST. PETER SCH, ABATAN",INEC_CVR_PU,92273,,inec-lga-576,,state-assembly-sc-727-og,inec-ward-6599
POLLING_UNIT,inec-pu-92274,ng-state-ogun,"O.O.L.G. SCHOOL, OYEBOLA",INEC_CVR_PU,92274,,inec-lga-576,,state-assembly-sc-727-og,inec-ward-6599
POLLING_UNIT,inec-pu-92275,ng-state-ogun,"ST. JAMES SCHOOL, AKINOLA",INEC_CVR_PU,92275,,inec-lga-576,,state-assembly-sc-727-og,inec-ward-6599
POLLING_UNIT,inec-pu-92276,ng-state-ogun,"BAPT SCHOOL, ERINLE",INEC_CVR_PU,92276,,inec-lga-576,,state-assembly-sc-727-og,inec-ward-6599
POLLING_UNIT,inec-pu-92277,ng-state-ogun,"C & C SCHOOL, OLUGBO ODEYEMI",INEC_CVR_PU,92277,,inec-lga-576,,state-assembly-sc-727-og,inec-ward-6599
POLLING_UNIT,inec-pu-92278,ng-state-ogun,"ANG. SCH, ITOKO-APATA",INEC_CVR_PU,92278,,inec-lga-576,,state-assembly-sc-727-og,inec-ward-6599
POLLING_UNIT,inec-pu-661423,ng-state-ogun,OPEN SPACE AT AJEBO GARAGE,INEC_CVR_PU,661423,,inec-lga-576,,state-assembly-sc-727-og,inec-ward-6599
WARD,inec-ward-6600,ng-state-ogun,ALAPAKO-ONI,INEC_CVR_WARD,6600,,inec-lga-576,,state-assembly-sc-727-og,
POLLING_UNIT,inec-pu-92279,ng-state-ogun,"ST. PETER'S ANG. SCHOOL, ALAPAKO-ONI",INEC_CVR_PU,92279,,inec-lga-576,,state-assembly-sc-727-og,inec-ward-6600
POLLING_UNIT,inec-pu-92280,ng-state-ogun,"ST. PAUL ANG. SCHOOL, ABUJANA",INEC_CVR_PU,92280,,inec-lga-576,,state-assembly-sc-727-og,inec-ward-6600
POLLING_UNIT,inec-pu-92281,ng-state-ogun,"ANG. SCHOOL,SERIKI-SOTAYO",INEC_CVR_PU,92281,,inec-lga-576,,state-assembly-sc-727-og,inec-ward-6600
POLLING_UNIT,inec-pu-92282,ng-state-ogun,"O.O.L.G. SCHOOL, OGUNMAKIN I",INEC_CVR_PU,92282,,inec-lga-576,,state-assembly-sc-727-og,inec-ward-6600
POLLING_UNIT,inec-pu-92283,ng-state-ogun,"O.O.L.G. SCHOOL, OGUNMAKIN II",INEC_CVR_PU,92283,,inec-lga-576,,state-assembly-sc-727-og,inec-ward-6600
POLLING_UNIT,inec-pu-92284,ng-state-ogun,"O.O.L.G. SCHOOL, IMOLISA",INEC_CVR_PU,92284,,inec-lga-576,,state-assembly-sc-727-og,inec-ward-6600
POLLING_UNIT,inec-pu-92285,ng-state-ogun,UNITED PRY. SCHOOL BOODO I,INEC_CVR_PU,92285,,inec-lga-576,,state-assembly-sc-727-og,inec-ward-6600
POLLING_UNIT,inec-pu-92286,ng-state-ogun,UNITED PRY. SCHOOL BOODO II,INEC_CVR_PU,92286,,inec-lga-576,,state-assembly-sc-727-og,inec-ward-6600
POLLING_UNIT,inec-pu-92287,ng-state-ogun,"O.O.L.G. SCHOOL, AKINDELE",INEC_CVR_PU,92287,,inec-lga-576,,state-assembly-sc-727-og,inec-ward-6600
POLLING_UNIT,inec-pu-92288,ng-state-ogun,ABULE OGUNMAKIN ( SOWUNMI),INEC_CVR_PU,92288,,inec-lga-576,,state-assembly-sc-727-og,inec-ward-6600
POLLING_UNIT,inec-pu-92289,ng-state-ogun,LADIJO - PRY SCH,INEC_CVR_PU,92289,,inec-lga-576,,state-assembly-sc-727-og,inec-ward-6600
POLLING_UNIT,inec-pu-661426,ng-state-ogun,"OPEN SPACE AT IGA IKEREKU, ALAPAKO-ONI",INEC_CVR_PU,661426,,inec-lga-576,,state-assembly-sc-727-og,inec-ward-6600
WARD,inec-ward-6601,ng-state-ogun,ODEDA,INEC_CVR_WARD,6601,,inec-lga-577,,state-assembly-sc-725-og,
POLLING_UNIT,inec-pu-92290,ng-state-ogun,ODEDA MARKET I,INEC_CVR_PU,92290,,inec-lga-577,,state-assembly-sc-725-og,inec-ward-6601
POLLING_UNIT,inec-pu-92291,ng-state-ogun,ODEDA MARKET II,INEC_CVR_PU,92291,,inec-lga-577,,state-assembly-sc-725-og,inec-ward-6601
POLLING_UNIT,inec-pu-92292,ng-state-ogun,IKA AINA TITUN VILLAGE,INEC_CVR_PU,92292,,inec-lga-577,,state-assembly-sc-725-og,inec-ward-6601
POLLING_UNIT,inec-pu-92293,ng-state-ogun,ROGUN PRY. SCHOOL,INEC_CVR_PU,92293,,inec-lga-577,,state-assembly-sc-725-og,inec-ward-6601
POLLING_UNIT,inec-pu-92294,ng-state-ogun,OGIJAN VILLAGE,INEC_CVR_PU,92294,,inec-lga-577,,state-assembly-sc-725-og,inec-ward-6601
POLLING_UNIT,inec-pu-92295,ng-state-ogun,OGBOYE PRY. SCHOOL,INEC_CVR_PU,92295,,inec-lga-577,,state-assembly-sc-725-og,inec-ward-6601
POLLING_UNIT,inec-pu-92296,ng-state-ogun,ARALAMO VILLAGE,INEC_CVR_PU,92296,,inec-lga-577,,state-assembly-sc-725-og,inec-ward-6601
POLLING_UNIT,inec-pu-92297,ng-state-ogun,OLUGBO MARKET,INEC_CVR_PU,92297,,inec-lga-577,,state-assembly-sc-725-og,inec-ward-6601
POLLING_UNIT,inec-pu-92298,ng-state-ogun,"ILE-OLU, PRY. SCHOOL",INEC_CVR_PU,92298,,inec-lga-577,,state-assembly-sc-725-og,inec-ward-6601
POLLING_UNIT,inec-pu-92299,ng-state-ogun,BAALE OGUNBAYO,INEC_CVR_PU,92299,,inec-lga-577,,state-assembly-sc-725-og,inec-ward-6601
POLLING_UNIT,inec-pu-92300,ng-state-ogun,OLUGA PRY. SCHOOL,INEC_CVR_PU,92300,,inec-lga-577,,state-assembly-sc-725-og,inec-ward-6601
POLLING_UNIT,inec-pu-92301,ng-state-ogun,AREGE PRY. SCHOOL,INEC_CVR_PU,92301,,inec-lga-577,,state-assembly-sc-725-og,inec-ward-6601
POLLING_UNIT,inec-pu-92302,ng-state-ogun,SANYAOLU OLOBE,INEC_CVR_PU,92302,,inec-lga-577,,state-assembly-sc-725-og,inec-ward-6601
POLLING_UNIT,inec-pu-92303,ng-state-ogun,ILAGBE VILLAGE,INEC_CVR_PU,92303,,inec-lga-577,,state-assembly-sc-725-og,inec-ward-6601
POLLING_UNIT,inec-pu-92304,ng-state-ogun,OGBOYE PRY. SCHOOL II,INEC_CVR_PU,92304,,inec-lga-577,,state-assembly-sc-725-og,inec-ward-6601
POLLING_UNIT,inec-pu-661607,ng-state-ogun,OPEN SPACE BESIDE OLU ODEDA PALACE,INEC_CVR_PU,661607,,inec-lga-577,,state-assembly-sc-725-og,inec-ward-6601
POLLING_UNIT,inec-pu-661608,ng-state-ogun,INFRONT OF MINISTRY OF YOUTH AND AGRO SERVICE,INEC_CVR_PU,661608,,inec-lga-577,,state-assembly-sc-725-og,inec-ward-6601
POLLING_UNIT,inec-pu-661609,ng-state-ogun,"ST PAUL ANG SCHOOL SOKAN, ODEDA",INEC_CVR_PU,661609,,inec-lga-577,,state-assembly-sc-725-og,inec-ward-6601
POLLING_UNIT,inec-pu-661610,ng-state-ogun,ST SAVIOURS ANGLICAN PRY SCHOOL OLUGBO,INEC_CVR_PU,661610,,inec-lga-577,,state-assembly-sc-725-og,inec-ward-6601
POLLING_UNIT,inec-pu-661611,ng-state-ogun,OPEN SPACE AT APATA VILLAGE VIA OLUGA,INEC_CVR_PU,661611,,inec-lga-577,,state-assembly-sc-725-og,inec-ward-6601
POLLING_UNIT,inec-pu-661612,ng-state-ogun,"ST PETERS ANGLICAN PRY SCHOOL, ILE OLU",INEC_CVR_PU,661612,,inec-lga-577,,state-assembly-sc-725-og,inec-ward-6601
POLLING_UNIT,inec-pu-661613,ng-state-ogun,OPEN SPACE AT OGELEJE VILAGE,INEC_CVR_PU,661613,,inec-lga-577,,state-assembly-sc-725-og,inec-ward-6601
POLLING_UNIT,inec-pu-661614,ng-state-ogun,OPEN SPACE AT THE BACK OF POLICE BARRACK ODEDA,INEC_CVR_PU,661614,,inec-lga-577,,state-assembly-sc-725-og,inec-ward-6601
POLLING_UNIT,inec-pu-661615,ng-state-ogun,OPEN SPACE AT IWAYE ODEDA,INEC_CVR_PU,661615,,inec-lga-577,,state-assembly-sc-725-og,inec-ward-6601
POLLING_UNIT,inec-pu-661616,ng-state-ogun,OPEN SPACE OPPOSITE MINISTRY OF AGRIC EWEJE,INEC_CVR_PU,661616,,inec-lga-577,,state-assembly-sc-725-og,inec-ward-6601
WARD,inec-ward-6602,ng-state-ogun,BALOGUN ITESI,INEC_CVR_WARD,6602,,inec-lga-577,,state-assembly-sc-725-og,
POLLING_UNIT,inec-pu-92305,ng-state-ogun,TOBA PRY. SCHOOL,INEC_CVR_PU,92305,,inec-lga-577,,state-assembly-sc-725-og,inec-ward-6602
POLLING_UNIT,inec-pu-92306,ng-state-ogun,OBELU VILLAGE,INEC_CVR_PU,92306,,inec-lga-577,,state-assembly-sc-725-og,inec-ward-6602
POLLING_UNIT,inec-pu-92307,ng-state-ogun,SEGILE VILLAGE,INEC_CVR_PU,92307,,inec-lga-577,,state-assembly-sc-725-og,inec-ward-6602
POLLING_UNIT,inec-pu-92308,ng-state-ogun,"ADERU PRY, SCHOOL",INEC_CVR_PU,92308,,inec-lga-577,,state-assembly-sc-725-og,inec-ward-6602
POLLING_UNIT,inec-pu-92309,ng-state-ogun,APENA KEMTA,INEC_CVR_PU,92309,,inec-lga-577,,state-assembly-sc-725-og,inec-ward-6602
POLLING_UNIT,inec-pu-92310,ng-state-ogun,EMULU,INEC_CVR_PU,92310,,inec-lga-577,,state-assembly-sc-725-og,inec-ward-6602
POLLING_UNIT,inec-pu-92311,ng-state-ogun,PAPA OJA,INEC_CVR_PU,92311,,inec-lga-577,,state-assembly-sc-725-og,inec-ward-6602
POLLING_UNIT,inec-pu-92312,ng-state-ogun,ODE LAITAN PRY. SCHOOL,INEC_CVR_PU,92312,,inec-lga-577,,state-assembly-sc-725-og,inec-ward-6602
WARD,inec-ward-6603,ng-state-ogun,OLODO,INEC_CVR_WARD,6603,,inec-lga-577,,state-assembly-sc-725-og,
POLLING_UNIT,inec-pu-92313,ng-state-ogun,ORILE KEESI GRAMMAR SCHOOL I,INEC_CVR_PU,92313,,inec-lga-577,,state-assembly-sc-725-og,inec-ward-6603
POLLING_UNIT,inec-pu-92314,ng-state-ogun,"ALL SAINTS PRY. SCHOOL, OTERE, IKEREKU",INEC_CVR_PU,92314,,inec-lga-577,,state-assembly-sc-725-og,inec-ward-6603
POLLING_UNIT,inec-pu-92315,ng-state-ogun,OBO OGUNSOLA VILLAGE,INEC_CVR_PU,92315,,inec-lga-577,,state-assembly-sc-725-og,inec-ward-6603
POLLING_UNIT,inec-pu-92316,ng-state-ogun,OTERE OGUNKOLA VILLAGE,INEC_CVR_PU,92316,,inec-lga-577,,state-assembly-sc-725-og,inec-ward-6603
POLLING_UNIT,inec-pu-92317,ng-state-ogun,OJU OGUN PRY.SCHOOL,INEC_CVR_PU,92317,,inec-lga-577,,state-assembly-sc-725-og,inec-ward-6603
POLLING_UNIT,inec-pu-92318,ng-state-ogun,IKIJA VILLAGE,INEC_CVR_PU,92318,,inec-lga-577,,state-assembly-sc-725-og,inec-ward-6603
POLLING_UNIT,inec-pu-92319,ng-state-ogun,BAAGBON PRY. SCHOOL,INEC_CVR_PU,92319,,inec-lga-577,,state-assembly-sc-725-og,inec-ward-6603
POLLING_UNIT,inec-pu-92320,ng-state-ogun,AFOJUOWO VILLAGE,INEC_CVR_PU,92320,,inec-lga-577,,state-assembly-sc-725-og,inec-ward-6603
POLLING_UNIT,inec-pu-92321,ng-state-ogun,ADEPEGBA VILLAGE,INEC_CVR_PU,92321,,inec-lga-577,,state-assembly-sc-725-og,inec-ward-6603
POLLING_UNIT,inec-pu-92322,ng-state-ogun,AGBE PRY. SCHOOL,INEC_CVR_PU,92322,,inec-lga-577,,state-assembly-sc-725-og,inec-ward-6603
POLLING_UNIT,inec-pu-92323,ng-state-ogun,MOGAN PRY. SCHOOL,INEC_CVR_PU,92323,,inec-lga-577,,state-assembly-sc-725-og,inec-ward-6603
POLLING_UNIT,inec-pu-92324,ng-state-ogun,BAMGBOSE VILLAGE,INEC_CVR_PU,92324,,inec-lga-577,,state-assembly-sc-725-og,inec-ward-6603
POLLING_UNIT,inec-pu-661617,ng-state-ogun,ORILE KEESI GRAMMAR SCH II,INEC_CVR_PU,661617,,inec-lga-577,,state-assembly-sc-725-og,inec-ward-6603
POLLING_UNIT,inec-pu-661618,ng-state-ogun,OPEN FIELD AT ISO ISU OLODO,INEC_CVR_PU,661618,,inec-lga-577,,state-assembly-sc-725-og,inec-ward-6603
WARD,inec-ward-6604,ng-state-ogun,ALAGBAGBA,INEC_CVR_WARD,6604,,inec-lga-577,,state-assembly-sc-725-og,
POLLING_UNIT,inec-pu-92325,ng-state-ogun,"C.A.C. PRY. SCHOOL, ALAGBAGBA",INEC_CVR_PU,92325,,inec-lga-577,,state-assembly-sc-725-og,inec-ward-6604
POLLING_UNIT,inec-pu-92326,ng-state-ogun,"ABULE, OLA PRY. SCHOOL",INEC_CVR_PU,92326,,inec-lga-577,,state-assembly-sc-725-og,inec-ward-6604
POLLING_UNIT,inec-pu-92327,ng-state-ogun,BABAPUPA. PRY. SCHOOL,INEC_CVR_PU,92327,,inec-lga-577,,state-assembly-sc-725-og,inec-ward-6604
POLLING_UNIT,inec-pu-92328,ng-state-ogun,OGUNDIPE VILLAGE,INEC_CVR_PU,92328,,inec-lga-577,,state-assembly-sc-725-og,inec-ward-6604
POLLING_UNIT,inec-pu-92329,ng-state-ogun,OWU VILLAGE,INEC_CVR_PU,92329,,inec-lga-577,,state-assembly-sc-725-og,inec-ward-6604
POLLING_UNIT,inec-pu-92330,ng-state-ogun,"IJEMO FADIPE, PRY. SCHOOL I",INEC_CVR_PU,92330,,inec-lga-577,,state-assembly-sc-725-og,inec-ward-6604
POLLING_UNIT,inec-pu-92331,ng-state-ogun,LERIN OLORODE,INEC_CVR_PU,92331,,inec-lga-577,,state-assembly-sc-725-og,inec-ward-6604
POLLING_UNIT,inec-pu-92332,ng-state-ogun,AMIMIAWO VILLAGE,INEC_CVR_PU,92332,,inec-lga-577,,state-assembly-sc-725-og,inec-ward-6604
POLLING_UNIT,inec-pu-92333,ng-state-ogun,ABAKUYAMO VILLAGE,INEC_CVR_PU,92333,,inec-lga-577,,state-assembly-sc-725-og,inec-ward-6604
POLLING_UNIT,inec-pu-92334,ng-state-ogun,BALOGUN LANLOKO VILLAGE,INEC_CVR_PU,92334,,inec-lga-577,,state-assembly-sc-725-og,inec-ward-6604
POLLING_UNIT,inec-pu-92335,ng-state-ogun,OJEBIYI VILLAGE,INEC_CVR_PU,92335,,inec-lga-577,,state-assembly-sc-725-og,inec-ward-6604
POLLING_UNIT,inec-pu-92336,ng-state-ogun,ELEGUNMEFA VILLAGE,INEC_CVR_PU,92336,,inec-lga-577,,state-assembly-sc-725-og,inec-ward-6604
POLLING_UNIT,inec-pu-661576,ng-state-ogun,"AFRICAN CHURCH PRY SCHOOL , BABA PUPA II",INEC_CVR_PU,661576,,inec-lga-577,,state-assembly-sc-725-og,inec-ward-6604
WARD,inec-ward-6605,ng-state-ogun,ILUGUN,INEC_CVR_WARD,6605,,inec-lga-577,,state-assembly-sc-725-og,
POLLING_UNIT,inec-pu-92337,ng-state-ogun,"ST. JAMES PRY. SCH. I, ILUGUN",INEC_CVR_PU,92337,,inec-lga-577,,state-assembly-sc-725-og,inec-ward-6605
POLLING_UNIT,inec-pu-92338,ng-state-ogun,OLOFIN PRY SCHOOL,INEC_CVR_PU,92338,,inec-lga-577,,state-assembly-sc-725-og,inec-ward-6605
POLLING_UNIT,inec-pu-92339,ng-state-ogun,"ST. ANDREWS PRY SCH. I, KILA",INEC_CVR_PU,92339,,inec-lga-577,,state-assembly-sc-725-og,inec-ward-6605
POLLING_UNIT,inec-pu-92340,ng-state-ogun,OKIRI OJULE PRY. SCHOOL,INEC_CVR_PU,92340,,inec-lga-577,,state-assembly-sc-725-og,inec-ward-6605
POLLING_UNIT,inec-pu-92341,ng-state-ogun,KUGBA AJAGBE PRY. SCHOOL,INEC_CVR_PU,92341,,inec-lga-577,,state-assembly-sc-725-og,inec-ward-6605
POLLING_UNIT,inec-pu-92342,ng-state-ogun,AKONKO PRY SCHOOL,INEC_CVR_PU,92342,,inec-lga-577,,state-assembly-sc-725-og,inec-ward-6605
POLLING_UNIT,inec-pu-92343,ng-state-ogun,AKINTOYE PRY. SCHOOL,INEC_CVR_PU,92343,,inec-lga-577,,state-assembly-sc-725-og,inec-ward-6605
POLLING_UNIT,inec-pu-92344,ng-state-ogun,ONIREKE VILLAGE,INEC_CVR_PU,92344,,inec-lga-577,,state-assembly-sc-725-og,inec-ward-6605
POLLING_UNIT,inec-pu-92345,ng-state-ogun,OLOWO VILLAGE,INEC_CVR_PU,92345,,inec-lga-577,,state-assembly-sc-725-og,inec-ward-6605
POLLING_UNIT,inec-pu-92346,ng-state-ogun,ALAGBA VILLAGE,INEC_CVR_PU,92346,,inec-lga-577,,state-assembly-sc-725-og,inec-ward-6605
POLLING_UNIT,inec-pu-92347,ng-state-ogun,OLOKEMEJI PRY. SCHOOL I,INEC_CVR_PU,92347,,inec-lga-577,,state-assembly-sc-725-og,inec-ward-6605
POLLING_UNIT,inec-pu-92348,ng-state-ogun,ADEWUSI PRY. SCHOOL,INEC_CVR_PU,92348,,inec-lga-577,,state-assembly-sc-725-og,inec-ward-6605
POLLING_UNIT,inec-pu-92349,ng-state-ogun,"O.L.G. PRY. SCHOOL, EFON ADANRI",INEC_CVR_PU,92349,,inec-lga-577,,state-assembly-sc-725-og,inec-ward-6605
POLLING_UNIT,inec-pu-92350,ng-state-ogun,DAODU VILLAGE,INEC_CVR_PU,92350,,inec-lga-577,,state-assembly-sc-725-og,inec-ward-6605
POLLING_UNIT,inec-pu-92351,ng-state-ogun,OLOSAN VILLAGE,INEC_CVR_PU,92351,,inec-lga-577,,state-assembly-sc-725-og,inec-ward-6605
POLLING_UNIT,inec-pu-92352,ng-state-ogun,"OGUNTOLU PRY SCHOOL, ITOKO FADIPE",INEC_CVR_PU,92352,,inec-lga-577,,state-assembly-sc-725-og,inec-ward-6605
POLLING_UNIT,inec-pu-661577,ng-state-ogun,"ILUGUN ILUWA BAKATARI, MODEL HEALTH CARE",INEC_CVR_PU,661577,,inec-lga-577,,state-assembly-sc-725-og,inec-ward-6605
POLLING_UNIT,inec-pu-661578,ng-state-ogun,"IYANA EFON , KILA",INEC_CVR_PU,661578,,inec-lga-577,,state-assembly-sc-725-og,inec-ward-6605
POLLING_UNIT,inec-pu-661579,ng-state-ogun,OPEN SPACE IN FRONT OF ILUGUN LCDA,INEC_CVR_PU,661579,,inec-lga-577,,state-assembly-sc-725-og,inec-ward-6605
POLLING_UNIT,inec-pu-661580,ng-state-ogun,ST JAMES PRY SCH II ILUGUN,INEC_CVR_PU,661580,,inec-lga-577,,state-assembly-sc-725-og,inec-ward-6605
POLLING_UNIT,inec-pu-661581,ng-state-ogun,KILA MARKET I,INEC_CVR_PU,661581,,inec-lga-577,,state-assembly-sc-725-og,inec-ward-6605
POLLING_UNIT,inec-pu-661582,ng-state-ogun,KILA MARKET II,INEC_CVR_PU,661582,,inec-lga-577,,state-assembly-sc-725-og,inec-ward-6605
WARD,inec-ward-6606,ng-state-ogun,OSIELE,INEC_CVR_WARD,6606,,inec-lga-577,,state-assembly-sc-725-og,
POLLING_UNIT,inec-pu-92353,ng-state-ogun,"ST. MARY'S PRY. SCH., I, OSIELE",INEC_CVR_PU,92353,,inec-lga-577,,state-assembly-sc-725-og,inec-ward-6606
POLLING_UNIT,inec-pu-92354,ng-state-ogun,"ST. MARY'S PRY. SCH.,II, OSIELE",INEC_CVR_PU,92354,,inec-lga-577,,state-assembly-sc-725-og,inec-ward-6606
POLLING_UNIT,inec-pu-92355,ng-state-ogun,CAMP VILLAGE,INEC_CVR_PU,92355,,inec-lga-577,,state-assembly-sc-725-og,inec-ward-6606
POLLING_UNIT,inec-pu-92356,ng-state-ogun,APAKILA VILLAGE,INEC_CVR_PU,92356,,inec-lga-577,,state-assembly-sc-725-og,inec-ward-6606
POLLING_UNIT,inec-pu-92357,ng-state-ogun,IDI-AKA VILLAGE,INEC_CVR_PU,92357,,inec-lga-577,,state-assembly-sc-725-og,inec-ward-6606
POLLING_UNIT,inec-pu-92358,ng-state-ogun,C.P.S. IWO ALLI,INEC_CVR_PU,92358,,inec-lga-577,,state-assembly-sc-725-og,inec-ward-6606
POLLING_UNIT,inec-pu-92359,ng-state-ogun,OGBOJA PRY. SCHOOL,INEC_CVR_PU,92359,,inec-lga-577,,state-assembly-sc-725-og,inec-ward-6606
POLLING_UNIT,inec-pu-92360,ng-state-ogun,O.L.G. ITESI AJEGUNLE I,INEC_CVR_PU,92360,,inec-lga-577,,state-assembly-sc-725-og,inec-ward-6606
POLLING_UNIT,inec-pu-92361,ng-state-ogun,JAGUN AKINFENWA,INEC_CVR_PU,92361,,inec-lga-577,,state-assembly-sc-725-og,inec-ward-6606
POLLING_UNIT,inec-pu-661626,ng-state-ogun,OPEN SPACE IN FRONT OF FCE GATE OSIELE,INEC_CVR_PU,661626,,inec-lga-577,,state-assembly-sc-725-og,inec-ward-6606
POLLING_UNIT,inec-pu-661627,ng-state-ogun,OPEN SPACE FRONT OF OSIELE PRIMARY HEALTH CENTRE,INEC_CVR_PU,661627,,inec-lga-577,,state-assembly-sc-725-og,inec-ward-6606
POLLING_UNIT,inec-pu-661628,ng-state-ogun,OPEN FIELD AT IFESOWAPO ABATA COMMUNITY,INEC_CVR_PU,661628,,inec-lga-577,,state-assembly-sc-725-og,inec-ward-6606
POLLING_UNIT,inec-pu-661629,ng-state-ogun,OPEN FIELD AT AGBETU VILLAGE,INEC_CVR_PU,661629,,inec-lga-577,,state-assembly-sc-725-og,inec-ward-6606
POLLING_UNIT,inec-pu-661630,ng-state-ogun,"OPEN FIELD OPP SURULERE, SAWMILL",INEC_CVR_PU,661630,,inec-lga-577,,state-assembly-sc-725-og,inec-ward-6606
POLLING_UNIT,inec-pu-661631,ng-state-ogun,OPEN FIELD AT FATOLA ESTATE,INEC_CVR_PU,661631,,inec-lga-577,,state-assembly-sc-725-og,inec-ward-6606
POLLING_UNIT,inec-pu-661632,ng-state-ogun,SURULERE COMMUNITY TOWN HALL,INEC_CVR_PU,661632,,inec-lga-577,,state-assembly-sc-725-og,inec-ward-6606
POLLING_UNIT,inec-pu-661633,ng-state-ogun,OLD NITEL BUILDING I,INEC_CVR_PU,661633,,inec-lga-577,,state-assembly-sc-725-og,inec-ward-6606
POLLING_UNIT,inec-pu-661634,ng-state-ogun,OLD NITEL BUILDING II,INEC_CVR_PU,661634,,inec-lga-577,,state-assembly-sc-725-og,inec-ward-6606
POLLING_UNIT,inec-pu-661635,ng-state-ogun,OPEN SPACE AT WONDERLAND ESTATE,INEC_CVR_PU,661635,,inec-lga-577,,state-assembly-sc-725-og,inec-ward-6606
POLLING_UNIT,inec-pu-661636,ng-state-ogun,FCE SCHOOL GATE II,INEC_CVR_PU,661636,,inec-lga-577,,state-assembly-sc-725-og,inec-ward-6606
POLLING_UNIT,inec-pu-661637,ng-state-ogun,OPEN SPACE AT ARAROMI IDERA COMMUNITY I,INEC_CVR_PU,661637,,inec-lga-577,,state-assembly-sc-725-og,inec-ward-6606
POLLING_UNIT,inec-pu-661638,ng-state-ogun,OPEN SPACE AT ARAROMI IDERA COMMUNITY II,INEC_CVR_PU,661638,,inec-lga-577,,state-assembly-sc-725-og,inec-ward-6606
POLLING_UNIT,inec-pu-661639,ng-state-ogun,JUNCTION BESIDE ALADO BLOCK INDUSTRY VIA HARMONY ESTATE POLICE,INEC_CVR_PU,661639,,inec-lga-577,,state-assembly-sc-725-og,inec-ward-6606
POLLING_UNIT,inec-pu-661640,ng-state-ogun,OLUJA JUNCTION ALANCO OSIELE,INEC_CVR_PU,661640,,inec-lga-577,,state-assembly-sc-725-og,inec-ward-6606
POLLING_UNIT,inec-pu-661641,ng-state-ogun,OPEN FIELD OPPOSITE MIN OF AGRIC LESHO,INEC_CVR_PU,661641,,inec-lga-577,,state-assembly-sc-725-og,inec-ward-6606
WARD,inec-ward-6607,ng-state-ogun,OBANTOKO,INEC_CVR_WARD,6607,,inec-lga-577,,state-assembly-sc-725-og,
POLLING_UNIT,inec-pu-92362,ng-state-ogun,"O.L.G. SCHOOL I, OBANTOKO",INEC_CVR_PU,92362,,inec-lga-577,,state-assembly-sc-725-og,inec-ward-6607
POLLING_UNIT,inec-pu-92363,ng-state-ogun,"O.L.G. SCHOOL II, OBANTOKO",INEC_CVR_PU,92363,,inec-lga-577,,state-assembly-sc-725-og,inec-ward-6607
POLLING_UNIT,inec-pu-92364,ng-state-ogun,"N.U.D. GRAM SCHOOL, OBANTOKO",INEC_CVR_PU,92364,,inec-lga-577,,state-assembly-sc-725-og,inec-ward-6607
POLLING_UNIT,inec-pu-92365,ng-state-ogun,AKINGBADE VILLAGE,INEC_CVR_PU,92365,,inec-lga-577,,state-assembly-sc-725-og,inec-ward-6607
POLLING_UNIT,inec-pu-92366,ng-state-ogun,ANIGILAJE VILLAGE,INEC_CVR_PU,92366,,inec-lga-577,,state-assembly-sc-725-og,inec-ward-6607
POLLING_UNIT,inec-pu-92367,ng-state-ogun,AAYA PRY. SCHOOL,INEC_CVR_PU,92367,,inec-lga-577,,state-assembly-sc-725-og,inec-ward-6607
POLLING_UNIT,inec-pu-92368,ng-state-ogun,AYETORO BUDO,INEC_CVR_PU,92368,,inec-lga-577,,state-assembly-sc-725-og,inec-ward-6607
POLLING_UNIT,inec-pu-92369,ng-state-ogun,ISOLU VILLAGE,INEC_CVR_PU,92369,,inec-lga-577,,state-assembly-sc-725-og,inec-ward-6607
POLLING_UNIT,inec-pu-92370,ng-state-ogun,AJEGUNLE FARM SETTLEMENT,INEC_CVR_PU,92370,,inec-lga-577,,state-assembly-sc-725-og,inec-ward-6607
POLLING_UNIT,inec-pu-92371,ng-state-ogun,ILUGUN ITOKO,INEC_CVR_PU,92371,,inec-lga-577,,state-assembly-sc-725-og,inec-ward-6607
POLLING_UNIT,inec-pu-92372,ng-state-ogun,ILUPEJU ALAGBEDE,INEC_CVR_PU,92372,,inec-lga-577,,state-assembly-sc-725-og,inec-ward-6607
POLLING_UNIT,inec-pu-92373,ng-state-ogun,O.L.G. OBANTOKO SCHOOL II(MOREKETE),INEC_CVR_PU,92373,,inec-lga-577,,state-assembly-sc-725-og,inec-ward-6607
POLLING_UNIT,inec-pu-92374,ng-state-ogun,AHMADIYYA EGBATEDO SCHOOL,INEC_CVR_PU,92374,,inec-lga-577,,state-assembly-sc-725-og,inec-ward-6607
POLLING_UNIT,inec-pu-92375,ng-state-ogun,BOOTH AT ALOGI BUS STOP,INEC_CVR_PU,92375,,inec-lga-577,,state-assembly-sc-725-og,inec-ward-6607
POLLING_UNIT,inec-pu-661583,ng-state-ogun,OPEN SPACE AT IYANBU COMMUNITY OBANTOKO,INEC_CVR_PU,661583,,inec-lga-577,,state-assembly-sc-725-og,inec-ward-6607
POLLING_UNIT,inec-pu-661584,ng-state-ogun,OGO OLUWA AGBALA ITURA IYANBU,INEC_CVR_PU,661584,,inec-lga-577,,state-assembly-sc-725-og,inec-ward-6607
POLLING_UNIT,inec-pu-661585,ng-state-ogun,AJANGBOHUN TOWN HALL,INEC_CVR_PU,661585,,inec-lga-577,,state-assembly-sc-725-og,inec-ward-6607
POLLING_UNIT,inec-pu-661586,ng-state-ogun,COMMUNITY PRY SCH APENA SOJOBI ELEWERAN,INEC_CVR_PU,661586,,inec-lga-577,,state-assembly-sc-725-og,inec-ward-6607
POLLING_UNIT,inec-pu-661587,ng-state-ogun,OPEN SPACE AT MAAMI MARKET ELEWERAN,INEC_CVR_PU,661587,,inec-lga-577,,state-assembly-sc-725-og,inec-ward-6607
POLLING_UNIT,inec-pu-661588,ng-state-ogun,AREGBE CENTRAL COMMUNITY HALL,INEC_CVR_PU,661588,,inec-lga-577,,state-assembly-sc-725-og,inec-ward-6607
POLLING_UNIT,inec-pu-661589,ng-state-ogun,OPEN FIELD BESIDE NUT ESTATE IFELODUN COMMUNITY GBONAGUN,INEC_CVR_PU,661589,,inec-lga-577,,state-assembly-sc-725-og,inec-ward-6607
POLLING_UNIT,inec-pu-661590,ng-state-ogun,ILERI AYO COMMUNITY TOWN HALL OSARA,INEC_CVR_PU,661590,,inec-lga-577,,state-assembly-sc-725-og,inec-ward-6607
POLLING_UNIT,inec-pu-661591,ng-state-ogun,"ST MICHEAL ANGLICAN SCH, KANGUDU",INEC_CVR_PU,661591,,inec-lga-577,,state-assembly-sc-725-og,inec-ward-6607
POLLING_UNIT,inec-pu-661592,ng-state-ogun,OLORUNGBEMI COMMUNITY HALL APETE OBANTOKO,INEC_CVR_PU,661592,,inec-lga-577,,state-assembly-sc-725-og,inec-ward-6607
POLLING_UNIT,inec-pu-661593,ng-state-ogun,OPEN FIELD BESIDE SHALOM BUS STOP OLORUN SOGO,INEC_CVR_PU,661593,,inec-lga-577,,state-assembly-sc-725-og,inec-ward-6607
POLLING_UNIT,inec-pu-661594,ng-state-ogun,ST MICHEAL ANGLICAN SCH ANNEX ASALU OYETOLA,INEC_CVR_PU,661594,,inec-lga-577,,state-assembly-sc-725-og,inec-ward-6607
POLLING_UNIT,inec-pu-661595,ng-state-ogun,COMMUNITY TOWN HALL TIRINMI,INEC_CVR_PU,661595,,inec-lga-577,,state-assembly-sc-725-og,inec-ward-6607
POLLING_UNIT,inec-pu-661596,ng-state-ogun,TOWN HALL AKEPE OLUWA ESTATE,INEC_CVR_PU,661596,,inec-lga-577,,state-assembly-sc-725-og,inec-ward-6607
POLLING_UNIT,inec-pu-661597,ng-state-ogun,PRIMARY HEALTH CENTRE ILUGUN ITOKO,INEC_CVR_PU,661597,,inec-lga-577,,state-assembly-sc-725-og,inec-ward-6607
POLLING_UNIT,inec-pu-661598,ng-state-ogun,OPEN SPACE AT LITTI ITOKO,INEC_CVR_PU,661598,,inec-lga-577,,state-assembly-sc-725-og,inec-ward-6607
POLLING_UNIT,inec-pu-661599,ng-state-ogun,OPEN FIELD AT HILL TOP ABULE ARO,INEC_CVR_PU,661599,,inec-lga-577,,state-assembly-sc-725-og,inec-ward-6607
POLLING_UNIT,inec-pu-661600,ng-state-ogun,PRIMARY HEALTH CENTRE MILE 7 ALAKIRI,INEC_CVR_PU,661600,,inec-lga-577,,state-assembly-sc-725-og,inec-ward-6607
POLLING_UNIT,inec-pu-661601,ng-state-ogun,AAYA PRY SCHOOL ANNEX OSARA,INEC_CVR_PU,661601,,inec-lga-577,,state-assembly-sc-725-og,inec-ward-6607
POLLING_UNIT,inec-pu-661602,ng-state-ogun,JUNCTION IN FRONT OF TUBNIK CLINIC AGBENUOYE,INEC_CVR_PU,661602,,inec-lga-577,,state-assembly-sc-725-og,inec-ward-6607
POLLING_UNIT,inec-pu-661603,ng-state-ogun,OPEN SPACE PAKURO OBANTOKO,INEC_CVR_PU,661603,,inec-lga-577,,state-assembly-sc-725-og,inec-ward-6607
POLLING_UNIT,inec-pu-661604,ng-state-ogun,AMERICAN JUNCTION VIA ALOGI,INEC_CVR_PU,661604,,inec-lga-577,,state-assembly-sc-725-og,inec-ward-6607
POLLING_UNIT,inec-pu-661605,ng-state-ogun,OPEN SPACE IN FRONT OF OBANTOKO POLICE STATION,INEC_CVR_PU,661605,,inec-lga-577,,state-assembly-sc-725-og,inec-ward-6607
POLLING_UNIT,inec-pu-675489,ng-state-ogun,AFRICAN CHURCH NUR & PRY SCH. ABULE ODO ATOKUN,INEC_CVR_PU,675489,,inec-lga-577,,state-assembly-sc-725-og,inec-ward-6607
WARD,inec-ward-6608,ng-state-ogun,ALABATA,INEC_CVR_WARD,6608,,inec-lga-577,,state-assembly-sc-725-og,
POLLING_UNIT,inec-pu-92376,ng-state-ogun,"O.L.G. PRY. SCHOOL, ALABATA",INEC_CVR_PU,92376,,inec-lga-577,,state-assembly-sc-725-og,inec-ward-6608
POLLING_UNIT,inec-pu-92377,ng-state-ogun,OKIJI/MALAKA,INEC_CVR_PU,92377,,inec-lga-577,,state-assembly-sc-725-og,inec-ward-6608
POLLING_UNIT,inec-pu-92378,ng-state-ogun,BALOGUN AGURODO,INEC_CVR_PU,92378,,inec-lga-577,,state-assembly-sc-725-og,inec-ward-6608
POLLING_UNIT,inec-pu-92379,ng-state-ogun,ADAO VILLAGE,INEC_CVR_PU,92379,,inec-lga-577,,state-assembly-sc-725-og,inec-ward-6608
POLLING_UNIT,inec-pu-92380,ng-state-ogun,TEJEOUN VILLAGE,INEC_CVR_PU,92380,,inec-lga-577,,state-assembly-sc-725-og,inec-ward-6608
POLLING_UNIT,inec-pu-92381,ng-state-ogun,FAAMI VILLAGE,INEC_CVR_PU,92381,,inec-lga-577,,state-assembly-sc-725-og,inec-ward-6608
POLLING_UNIT,inec-pu-92382,ng-state-ogun,ONSEMO,INEC_CVR_PU,92382,,inec-lga-577,,state-assembly-sc-725-og,inec-ward-6608
POLLING_UNIT,inec-pu-661575,ng-state-ogun,O.L.G. PRY SCH ALABATA II,INEC_CVR_PU,661575,,inec-lga-577,,state-assembly-sc-725-og,inec-ward-6608
WARD,inec-ward-6609,ng-state-ogun,OBETE,INEC_CVR_WARD,6609,,inec-lga-577,,state-assembly-sc-725-og,
POLLING_UNIT,inec-pu-92383,ng-state-ogun,OBETE AKANBI PRY. SCHOOL I,INEC_CVR_PU,92383,,inec-lga-577,,state-assembly-sc-725-og,inec-ward-6609
POLLING_UNIT,inec-pu-92384,ng-state-ogun,APOJOLA PRY. SCHOOL,INEC_CVR_PU,92384,,inec-lga-577,,state-assembly-sc-725-og,inec-ward-6609
POLLING_UNIT,inec-pu-92385,ng-state-ogun,MOLOGEDE VILLAGE,INEC_CVR_PU,92385,,inec-lga-577,,state-assembly-sc-725-og,inec-ward-6609
POLLING_UNIT,inec-pu-92386,ng-state-ogun,ABULE SET PRY. SCHOOL,INEC_CVR_PU,92386,,inec-lga-577,,state-assembly-sc-725-og,inec-ward-6609
POLLING_UNIT,inec-pu-92387,ng-state-ogun,SANUSI VILLAGE,INEC_CVR_PU,92387,,inec-lga-577,,state-assembly-sc-725-og,inec-ward-6609
POLLING_UNIT,inec-pu-92388,ng-state-ogun,LUHANI VILLAGE,INEC_CVR_PU,92388,,inec-lga-577,,state-assembly-sc-725-og,inec-ward-6609
POLLING_UNIT,inec-pu-92389,ng-state-ogun,OKEDI VILLAGE,INEC_CVR_PU,92389,,inec-lga-577,,state-assembly-sc-725-og,inec-ward-6609
POLLING_UNIT,inec-pu-92390,ng-state-ogun,AYOYO VILLAGE,INEC_CVR_PU,92390,,inec-lga-577,,state-assembly-sc-725-og,inec-ward-6609
POLLING_UNIT,inec-pu-92391,ng-state-ogun,ALAMUTU,INEC_CVR_PU,92391,,inec-lga-577,,state-assembly-sc-725-og,inec-ward-6609
POLLING_UNIT,inec-pu-92392,ng-state-ogun,ITESI LIJIGUN [APOJOLA PRY. SCH. II],INEC_CVR_PU,92392,,inec-lga-577,,state-assembly-sc-725-og,inec-ward-6609
WARD,inec-ward-6610,ng-state-ogun,OPEJI,INEC_CVR_WARD,6610,,inec-lga-577,,state-assembly-sc-725-og,
POLLING_UNIT,inec-pu-92393,ng-state-ogun,"O.L.G. SCHOOL I, OPEJI",INEC_CVR_PU,92393,,inec-lga-577,,state-assembly-sc-725-og,inec-ward-6610
POLLING_UNIT,inec-pu-92394,ng-state-ogun,"O.L.G. SCHOOL I, MAWUKO",INEC_CVR_PU,92394,,inec-lga-577,,state-assembly-sc-725-og,inec-ward-6610
POLLING_UNIT,inec-pu-92395,ng-state-ogun,"BAALE OYA / O.L.G PRIMARY SCHOOL, ARAROMI OBE",INEC_CVR_PU,92395,,inec-lga-577,,state-assembly-sc-725-og,inec-ward-6610
POLLING_UNIT,inec-pu-92396,ng-state-ogun,"O.L.G. SCHOOL, ADAKO",INEC_CVR_PU,92396,,inec-lga-577,,state-assembly-sc-725-og,inec-ward-6610
POLLING_UNIT,inec-pu-92397,ng-state-ogun,NAWARUDEEN PRY SCH. BODE OLUDE I,INEC_CVR_PU,92397,,inec-lga-577,,state-assembly-sc-725-og,inec-ward-6610
POLLING_UNIT,inec-pu-92398,ng-state-ogun,FADAGE,INEC_CVR_PU,92398,,inec-lga-577,,state-assembly-sc-725-og,inec-ward-6610
POLLING_UNIT,inec-pu-92399,ng-state-ogun,IJO-AGBE VILLAGE,INEC_CVR_PU,92399,,inec-lga-577,,state-assembly-sc-725-og,inec-ward-6610
POLLING_UNIT,inec-pu-92400,ng-state-ogun,"O.L.G. PRY SCHOOL, ONIGBOGBO",INEC_CVR_PU,92400,,inec-lga-577,,state-assembly-sc-725-og,inec-ward-6610
POLLING_UNIT,inec-pu-92401,ng-state-ogun,IGBO - OLORIN,INEC_CVR_PU,92401,,inec-lga-577,,state-assembly-sc-725-og,inec-ward-6610
POLLING_UNIT,inec-pu-92402,ng-state-ogun,ELEGBAADA VILLAGE,INEC_CVR_PU,92402,,inec-lga-577,,state-assembly-sc-725-og,inec-ward-6610
POLLING_UNIT,inec-pu-92403,ng-state-ogun,"BOOTH OPP. ALHAJI FASIU'S HOUSE, BODE - OLUDE",INEC_CVR_PU,92403,,inec-lga-577,,state-assembly-sc-725-og,inec-ward-6610
POLLING_UNIT,inec-pu-92404,ng-state-ogun,BODE OLUDE II,INEC_CVR_PU,92404,,inec-lga-577,,state-assembly-sc-725-og,inec-ward-6610
POLLING_UNIT,inec-pu-661619,ng-state-ogun,OPEN SPACE AT IFETEDO BUSSTOP OKUDUN VILLAGE,INEC_CVR_PU,661619,,inec-lga-577,,state-assembly-sc-725-og,inec-ward-6610
POLLING_UNIT,inec-pu-661620,ng-state-ogun,OLG SCH ILUPEJU AGBAKIN ANNEX,INEC_CVR_PU,661620,,inec-lga-577,,state-assembly-sc-725-og,inec-ward-6610
POLLING_UNIT,inec-pu-661621,ng-state-ogun,OPEN SPACE AT OKE OLA COMMUNITY,INEC_CVR_PU,661621,,inec-lga-577,,state-assembly-sc-725-og,inec-ward-6610
POLLING_UNIT,inec-pu-661622,ng-state-ogun,O.L.G. PRY SCHOOL AGBA AKIN EMERE BODE OLUDE,INEC_CVR_PU,661622,,inec-lga-577,,state-assembly-sc-725-og,inec-ward-6610
POLLING_UNIT,inec-pu-661623,ng-state-ogun,PRIMARY HEALTH CENTRE BALESHI TOWN,INEC_CVR_PU,661623,,inec-lga-577,,state-assembly-sc-725-og,inec-ward-6610
POLLING_UNIT,inec-pu-661624,ng-state-ogun,METHODIST PRY SCH FIJABI VIA BODEOLUDE,INEC_CVR_PU,661624,,inec-lga-577,,state-assembly-sc-725-og,inec-ward-6610
POLLING_UNIT,inec-pu-661625,ng-state-ogun,O.L.G SCH OPEJI II,INEC_CVR_PU,661625,,inec-lga-577,,state-assembly-sc-725-og,inec-ward-6610
WARD,inec-ward-6611,ng-state-ogun,IMOSAN,INEC_CVR_WARD,6611,,inec-lga-578,,state-assembly-sc-736-og,
POLLING_UNIT,inec-pu-92405,ng-state-ogun,"MOSLEM PRIMARY SCHOOL, IMOSAN",INEC_CVR_PU,92405,,inec-lga-578,,state-assembly-sc-736-og,inec-ward-6611
POLLING_UNIT,inec-pu-92406,ng-state-ogun,ST. PETER PRY SCHOOL IMOSAN,INEC_CVR_PU,92406,,inec-lga-578,,state-assembly-sc-736-og,inec-ward-6611
POLLING_UNIT,inec-pu-92407,ng-state-ogun,"AJEREGUN ROAD, FRONT EBA TUTU HOUSE, IPERIN",INEC_CVR_PU,92407,,inec-lga-578,,state-assembly-sc-736-og,inec-ward-6611
POLLING_UNIT,inec-pu-92408,ng-state-ogun,"ST PETER ANGLICAN CHURCH, ODOYANTA",INEC_CVR_PU,92408,,inec-lga-578,,state-assembly-sc-736-og,inec-ward-6611
POLLING_UNIT,inec-pu-661664,ng-state-ogun,"IFESOWAPO COMPREHENSIVE HIGH SCHOOL, IMOSAN",INEC_CVR_PU,661664,,inec-lga-578,,state-assembly-sc-736-og,inec-ward-6611
POLLING_UNIT,inec-pu-661665,ng-state-ogun,"ODOGBOLU L.G ORPHANAGE SCHOOL, IMOSAN",INEC_CVR_PU,661665,,inec-lga-578,,state-assembly-sc-736-og,inec-ward-6611
POLLING_UNIT,inec-pu-661666,ng-state-ogun,"OPEN SPACE ODOLEWU SQUARE, IMOSAN",INEC_CVR_PU,661666,,inec-lga-578,,state-assembly-sc-736-og,inec-ward-6611
POLLING_UNIT,inec-pu-661667,ng-state-ogun,"COMMUNITY PRIMARY SCHOOL, IPERIN",INEC_CVR_PU,661667,,inec-lga-578,,state-assembly-sc-736-og,inec-ward-6611
POLLING_UNIT,inec-pu-661668,ng-state-ogun,"OPEN SPACE PARAMOUNT ESTATE, ODOYANTA",INEC_CVR_PU,661668,,inec-lga-578,,state-assembly-sc-736-og,inec-ward-6611
WARD,inec-ward-6612,ng-state-ogun,IMODI,INEC_CVR_WARD,6612,,inec-lga-578,,state-assembly-sc-736-og,
POLLING_UNIT,inec-pu-92409,ng-state-ogun,"RECRETATION CENTER,IMODI",INEC_CVR_PU,92409,,inec-lga-578,,state-assembly-sc-736-og,inec-ward-6612
POLLING_UNIT,inec-pu-92410,ng-state-ogun,ST. MATTEW PRY.SCH. IMODI,INEC_CVR_PU,92410,,inec-lga-578,,state-assembly-sc-736-og,inec-ward-6612
POLLING_UNIT,inec-pu-92411,ng-state-ogun,"OPP.IKANGBA CHURCH, IKANGBA",INEC_CVR_PU,92411,,inec-lga-578,,state-assembly-sc-736-og,inec-ward-6612
POLLING_UNIT,inec-pu-92412,ng-state-ogun,CHRIST ANG PRY.SCH.AGORO,INEC_CVR_PU,92412,,inec-lga-578,,state-assembly-sc-736-og,inec-ward-6612
POLLING_UNIT,inec-pu-92413,ng-state-ogun,"OPP.ST.JOHN CHURCH, ERINLU I",INEC_CVR_PU,92413,,inec-lga-578,,state-assembly-sc-736-og,inec-ward-6612
POLLING_UNIT,inec-pu-92414,ng-state-ogun,"MARKET SQUARE,IMODI",INEC_CVR_PU,92414,,inec-lga-578,,state-assembly-sc-736-og,inec-ward-6612
POLLING_UNIT,inec-pu-92415,ng-state-ogun,MOSLEM PRY.SCH.IMODI,INEC_CVR_PU,92415,,inec-lga-578,,state-assembly-sc-736-og,inec-ward-6612
POLLING_UNIT,inec-pu-92416,ng-state-ogun,"BLACK AND WHITE HOTEL, HOUSING ESTATE IKANGBA",INEC_CVR_PU,92416,,inec-lga-578,,state-assembly-sc-736-og,inec-ward-6612
POLLING_UNIT,inec-pu-92417,ng-state-ogun,"RECRETATION CENTER II, IMODI",INEC_CVR_PU,92417,,inec-lga-578,,state-assembly-sc-736-og,inec-ward-6612
POLLING_UNIT,inec-pu-92418,ng-state-ogun,"OPP.IKANGBA CHURCH II, IKANGBA",INEC_CVR_PU,92418,,inec-lga-578,,state-assembly-sc-736-og,inec-ward-6612
POLLING_UNIT,inec-pu-92419,ng-state-ogun,"OPP.ST.JOHN CHURCH, ERINLU II",INEC_CVR_PU,92419,,inec-lga-578,,state-assembly-sc-736-og,inec-ward-6612
POLLING_UNIT,inec-pu-661657,ng-state-ogun,OPEN SPACE ROYAL ESTATE IMODI,INEC_CVR_PU,661657,,inec-lga-578,,state-assembly-sc-736-og,inec-ward-6612
POLLING_UNIT,inec-pu-661658,ng-state-ogun,"IKANGBA COMPREHENSIVE HIGH SCHOOL, IKANGBA",INEC_CVR_PU,661658,,inec-lga-578,,state-assembly-sc-736-og,inec-ward-6612
POLLING_UNIT,inec-pu-661659,ng-state-ogun,HEALTH POST AGORO,INEC_CVR_PU,661659,,inec-lga-578,,state-assembly-sc-736-og,inec-ward-6612
POLLING_UNIT,inec-pu-661660,ng-state-ogun,"OPEN SPACE, HOUSING ESTATE JUNCTION, IDOTUN",INEC_CVR_PU,661660,,inec-lga-578,,state-assembly-sc-736-og,inec-ward-6612
POLLING_UNIT,inec-pu-661661,ng-state-ogun,"OPEN SPACE AYEGBAMI SQUARE, IMODI",INEC_CVR_PU,661661,,inec-lga-578,,state-assembly-sc-736-og,inec-ward-6612
POLLING_UNIT,inec-pu-661662,ng-state-ogun,"OPEN SPACE IDI IROKO COMMUNITY ROAD & IKANGBA ESTATE, IKANGBA",INEC_CVR_PU,661662,,inec-lga-578,,state-assembly-sc-736-og,inec-ward-6612
POLLING_UNIT,inec-pu-661663,ng-state-ogun,OPEN SPACE AJAGBANLA UNITY ESTATE ERINLU,INEC_CVR_PU,661663,,inec-lga-578,,state-assembly-sc-736-og,inec-ward-6612
WARD,inec-ward-6613,ng-state-ogun,OKUN-OWA,INEC_CVR_WARD,6613,,inec-lga-578,,state-assembly-sc-736-og,
POLLING_UNIT,inec-pu-92420,ng-state-ogun,"ST PHILIP'S PRY SCH, OKUN OWA",INEC_CVR_PU,92420,,inec-lga-578,,state-assembly-sc-736-og,inec-ward-6613
POLLING_UNIT,inec-pu-92421,ng-state-ogun,"MOSLEM PRY. SCHOOL, OKUN OWA",INEC_CVR_PU,92421,,inec-lga-578,,state-assembly-sc-736-og,inec-ward-6613
POLLING_UNIT,inec-pu-92422,ng-state-ogun,"OKUN OWA TOWN HALL, OKUN OWA",INEC_CVR_PU,92422,,inec-lga-578,,state-assembly-sc-736-og,inec-ward-6613
POLLING_UNIT,inec-pu-92423,ng-state-ogun,"ST. JUDES PRY. SCHOOL, IJESHA IJEBU",INEC_CVR_PU,92423,,inec-lga-578,,state-assembly-sc-736-og,inec-ward-6613
POLLING_UNIT,inec-pu-92424,ng-state-ogun,"ST. PETER'S PRY SCHOOL, ARAROMI AKE",INEC_CVR_PU,92424,,inec-lga-578,,state-assembly-sc-736-og,inec-ward-6613
POLLING_UNIT,inec-pu-92425,ng-state-ogun,"VIEWING CENTRE IJESHA, IJEBU",INEC_CVR_PU,92425,,inec-lga-578,,state-assembly-sc-736-og,inec-ward-6613
POLLING_UNIT,inec-pu-92426,ng-state-ogun,"ST. BANABAS PRY SCHL, OKUN OWA",INEC_CVR_PU,92426,,inec-lga-578,,state-assembly-sc-736-og,inec-ward-6613
POLLING_UNIT,inec-pu-92427,ng-state-ogun,"OPP OTUNBA OLUKOYA'S COMP, OKUN OWA",INEC_CVR_PU,92427,,inec-lga-578,,state-assembly-sc-736-og,inec-ward-6613
POLLING_UNIT,inec-pu-92428,ng-state-ogun,COMP. HIGH SCH OKUN OWA (GATE),INEC_CVR_PU,92428,,inec-lga-578,,state-assembly-sc-736-og,inec-ward-6613
POLLING_UNIT,inec-pu-661697,ng-state-ogun,"OPEN SPACE IDI AGBON JUNCTION, OKUN OWA",INEC_CVR_PU,661697,,inec-lga-578,,state-assembly-sc-736-og,inec-ward-6613
POLLING_UNIT,inec-pu-661698,ng-state-ogun,"PRY HEALTH CENTRE, ODOLOWU",INEC_CVR_PU,661698,,inec-lga-578,,state-assembly-sc-736-og,inec-ward-6613
WARD,inec-ward-6614,ng-state-ogun,ODOGBOLU I,INEC_CVR_WARD,6614,,inec-lga-578,,state-assembly-sc-736-og,
POLLING_UNIT,inec-pu-92429,ng-state-ogun,"ODO MARKET, ODOGBOLU",INEC_CVR_PU,92429,,inec-lga-578,,state-assembly-sc-736-og,inec-ward-6614
POLLING_UNIT,inec-pu-92430,ng-state-ogun,"OPEN SPACE, ITUN ORIWU ODOGBOLU",INEC_CVR_PU,92430,,inec-lga-578,,state-assembly-sc-736-og,inec-ward-6614
POLLING_UNIT,inec-pu-92431,ng-state-ogun,"IKOSA ROAD, FRONTAGE ADEYEMI HOUSE, ODOGBOLU",INEC_CVR_PU,92431,,inec-lga-578,,state-assembly-sc-736-og,inec-ward-6614
POLLING_UNIT,inec-pu-92432,ng-state-ogun,"ITUN AGBON STREET, ODOGBOLU",INEC_CVR_PU,92432,,inec-lga-578,,state-assembly-sc-736-og,inec-ward-6614
POLLING_UNIT,inec-pu-92433,ng-state-ogun,"OPPOSITE, ST. PAUL CHURCH, IGBEPA ODOGBOLU",INEC_CVR_PU,92433,,inec-lga-578,,state-assembly-sc-736-og,inec-ward-6614
POLLING_UNIT,inec-pu-92434,ng-state-ogun,"OPEN SPACE, ODI TAMI, ODOGBOLU",INEC_CVR_PU,92434,,inec-lga-578,,state-assembly-sc-736-og,inec-ward-6614
POLLING_UNIT,inec-pu-92435,ng-state-ogun,"SABO MARKET, ODOGBOLU",INEC_CVR_PU,92435,,inec-lga-578,,state-assembly-sc-736-og,inec-ward-6614
POLLING_UNIT,inec-pu-92436,ng-state-ogun,"ODO ALORO QUARTERS, ODOGBOLU",INEC_CVR_PU,92436,,inec-lga-578,,state-assembly-sc-736-og,inec-ward-6614
POLLING_UNIT,inec-pu-92437,ng-state-ogun,ST. MARY PRY. SCH. OGOJI,INEC_CVR_PU,92437,,inec-lga-578,,state-assembly-sc-736-og,inec-ward-6614
POLLING_UNIT,inec-pu-661670,ng-state-ogun,"MOSLEM PRIMARY SCHOOL, ODOGBOLU",INEC_CVR_PU,661670,,inec-lga-578,,state-assembly-sc-736-og,inec-ward-6614
POLLING_UNIT,inec-pu-661671,ng-state-ogun,"IGBODILE SQUARE, ODOGBOLU",INEC_CVR_PU,661671,,inec-lga-578,,state-assembly-sc-736-og,inec-ward-6614
POLLING_UNIT,inec-pu-661672,ng-state-ogun,"ITUNWADE SQUARE, IKOSA, ODOGBOLU",INEC_CVR_PU,661672,,inec-lga-578,,state-assembly-sc-736-og,inec-ward-6614
WARD,inec-ward-6615,ng-state-ogun,ODOGBOLU II,INEC_CVR_WARD,6615,,inec-lga-578,,state-assembly-sc-736-og,
POLLING_UNIT,inec-pu-92438,ng-state-ogun,"ITUN OKE QUARTERS, ODOGBOLU",INEC_CVR_PU,92438,,inec-lga-578,,state-assembly-sc-736-og,inec-ward-6615
POLLING_UNIT,inec-pu-92439,ng-state-ogun,"FEDERAL GOVT. COLLEGE,ODOGBOLU",INEC_CVR_PU,92439,,inec-lga-578,,state-assembly-sc-736-og,inec-ward-6615
POLLING_UNIT,inec-pu-92440,ng-state-ogun,ITUN ISOKU (BESIDE OLORUNFUNMI HOUSE) ODOGBOLU,INEC_CVR_PU,92440,,inec-lga-578,,state-assembly-sc-736-og,inec-ward-6615
POLLING_UNIT,inec-pu-92441,ng-state-ogun,"UBU QUARTERS, ODOGBOLU",INEC_CVR_PU,92441,,inec-lga-578,,state-assembly-sc-736-og,inec-ward-6615
POLLING_UNIT,inec-pu-92442,ng-state-ogun,"ODOGBON QUARTERS, ODOGBOLU",INEC_CVR_PU,92442,,inec-lga-578,,state-assembly-sc-736-og,inec-ward-6615
POLLING_UNIT,inec-pu-92443,ng-state-ogun,"ILODA QUARTERS, ODOGBOLU",INEC_CVR_PU,92443,,inec-lga-578,,state-assembly-sc-736-og,inec-ward-6615
POLLING_UNIT,inec-pu-92444,ng-state-ogun,"EFIYAN , (FRONTAGE 1ST CHOICE PHOTO), ODOGBOLU",INEC_CVR_PU,92444,,inec-lga-578,,state-assembly-sc-736-og,inec-ward-6615
POLLING_UNIT,inec-pu-92445,ng-state-ogun,"IDENA QUARTERS ,ODOGBOLU",INEC_CVR_PU,92445,,inec-lga-578,,state-assembly-sc-736-og,inec-ward-6615
POLLING_UNIT,inec-pu-661673,ng-state-ogun,"LOCAL GOVERNMENT MODEL PRIMARY SCHOOL, ODOGBOLU",INEC_CVR_PU,661673,,inec-lga-578,,state-assembly-sc-736-og,inec-ward-6615
POLLING_UNIT,inec-pu-661674,ng-state-ogun,"OPEN SPACE ERI ODO SQUARE, ODOGBOLU",INEC_CVR_PU,661674,,inec-lga-578,,state-assembly-sc-736-og,inec-ward-6615
POLLING_UNIT,inec-pu-661675,ng-state-ogun,"OPEN SPACE ODOYANGAN QTRS, ODOGBOLU",INEC_CVR_PU,661675,,inec-lga-578,,state-assembly-sc-736-og,inec-ward-6615
POLLING_UNIT,inec-pu-661676,ng-state-ogun,"OPEN SPACE EFIYAN, ODOGBOLU",INEC_CVR_PU,661676,,inec-lga-578,,state-assembly-sc-736-og,inec-ward-6615
WARD,inec-ward-6616,ng-state-ogun,AIYEPE,INEC_CVR_WARD,6616,,inec-lga-578,,state-assembly-sc-736-og,
POLLING_UNIT,inec-pu-92446,ng-state-ogun,"OPPOSITE ABA CENTRAL, MOSQUE AIYEPE",INEC_CVR_PU,92446,,inec-lga-578,,state-assembly-sc-736-og,inec-ward-6616
POLLING_UNIT,inec-pu-92447,ng-state-ogun,IDOBIRI MARKET AIYEPE,INEC_CVR_PU,92447,,inec-lga-578,,state-assembly-sc-736-og,inec-ward-6616
POLLING_UNIT,inec-pu-92448,ng-state-ogun,HOLY TRINITY PRY SCH.AIYEPE,INEC_CVR_PU,92448,,inec-lga-578,,state-assembly-sc-736-og,inec-ward-6616
POLLING_UNIT,inec-pu-92449,ng-state-ogun,"OPPOSITE MARKET ODOLOWU, MOSQUE AIYEPE",INEC_CVR_PU,92449,,inec-lga-578,,state-assembly-sc-736-og,inec-ward-6616
POLLING_UNIT,inec-pu-92450,ng-state-ogun,"OPPOSITE ILAKAN MOSQUE, AIYEPE",INEC_CVR_PU,92450,,inec-lga-578,,state-assembly-sc-736-og,inec-ward-6616
POLLING_UNIT,inec-pu-92451,ng-state-ogun,"ST. PAUL PRY SCHOOL, EYINWA",INEC_CVR_PU,92451,,inec-lga-578,,state-assembly-sc-736-og,inec-ward-6616
POLLING_UNIT,inec-pu-92452,ng-state-ogun,"MARKET SQUARE, ABA AIYEPE",INEC_CVR_PU,92452,,inec-lga-578,,state-assembly-sc-736-og,inec-ward-6616
POLLING_UNIT,inec-pu-92453,ng-state-ogun,"FRONTAGE BADA HOUSE AGBOWA ROAD, AIYEPE",INEC_CVR_PU,92453,,inec-lga-578,,state-assembly-sc-736-og,inec-ward-6616
POLLING_UNIT,inec-pu-661642,ng-state-ogun,"OPEN SPACE, ODO AYELUJA, ABA, AIYEPE",INEC_CVR_PU,661642,,inec-lga-578,,state-assembly-sc-736-og,inec-ward-6616
POLLING_UNIT,inec-pu-661643,ng-state-ogun,"AIYEPE COMMUNITY GRAMMAR SCHOOL, AIYEPE",INEC_CVR_PU,661643,,inec-lga-578,,state-assembly-sc-736-og,inec-ward-6616
POLLING_UNIT,inec-pu-661644,ng-state-ogun,"OPEN SPACE T-JUNCTION OLD SAGAMU / AGBOWA ROAD, AIYEPE",INEC_CVR_PU,661644,,inec-lga-578,,state-assembly-sc-736-og,inec-ward-6616
POLLING_UNIT,inec-pu-661645,ng-state-ogun,"OPEN SPACE BACK OF SAWMILL, AIYEPE",INEC_CVR_PU,661645,,inec-lga-578,,state-assembly-sc-736-og,inec-ward-6616
POLLING_UNIT,inec-pu-661646,ng-state-ogun,"AIYEPE COMPREHENSIVE HIGH SCHOOL, AIYEPE",INEC_CVR_PU,661646,,inec-lga-578,,state-assembly-sc-736-og,inec-ward-6616
POLLING_UNIT,inec-pu-661647,ng-state-ogun,"OPEN SPACE BARUMI JUNCTION OLOWOPOROKU STREET, ABA , AIYEPE",INEC_CVR_PU,661647,,inec-lga-578,,state-assembly-sc-736-og,inec-ward-6616
WARD,inec-ward-6617,ng-state-ogun,OSOSA,INEC_CVR_WARD,6617,,inec-lga-578,,state-assembly-sc-736-og,
POLLING_UNIT,inec-pu-92454,ng-state-ogun,"OBALUFON IDOMOWO SQUARE, OSOSA",INEC_CVR_PU,92454,,inec-lga-578,,state-assembly-sc-736-og,inec-ward-6617
POLLING_UNIT,inec-pu-92455,ng-state-ogun,CATHOLIC PRY SCH. OSOSA,INEC_CVR_PU,92455,,inec-lga-578,,state-assembly-sc-736-og,inec-ward-6617
POLLING_UNIT,inec-pu-92456,ng-state-ogun,OSOSA TOWN HALL,INEC_CVR_PU,92456,,inec-lga-578,,state-assembly-sc-736-og,inec-ward-6617
POLLING_UNIT,inec-pu-92457,ng-state-ogun,"OSOSA DISPENSARY, OSOSA",INEC_CVR_PU,92457,,inec-lga-578,,state-assembly-sc-736-og,inec-ward-6617
POLLING_UNIT,inec-pu-92458,ng-state-ogun,OPPOSITE IJOKU MOSQUE OSOSA,INEC_CVR_PU,92458,,inec-lga-578,,state-assembly-sc-736-og,inec-ward-6617
POLLING_UNIT,inec-pu-92459,ng-state-ogun,ST. JOHN PRY SCHOOL OSOSA,INEC_CVR_PU,92459,,inec-lga-578,,state-assembly-sc-736-og,inec-ward-6617
POLLING_UNIT,inec-pu-92460,ng-state-ogun,"SABO MARKET, OSOSA",INEC_CVR_PU,92460,,inec-lga-578,,state-assembly-sc-736-og,inec-ward-6617
POLLING_UNIT,inec-pu-661701,ng-state-ogun,OBU OBASA SQUARE OSOSA,INEC_CVR_PU,661701,,inec-lga-578,,state-assembly-sc-736-og,inec-ward-6617
POLLING_UNIT,inec-pu-661702,ng-state-ogun,"MOSLEM PRIMARY SCHOOL, OSOSA",INEC_CVR_PU,661702,,inec-lga-578,,state-assembly-sc-736-og,inec-ward-6617
POLLING_UNIT,inec-pu-661703,ng-state-ogun,"OPEN SPACE OKE ESIN SQUARE, OSOSA",INEC_CVR_PU,661703,,inec-lga-578,,state-assembly-sc-736-og,inec-ward-6617
POLLING_UNIT,inec-pu-661704,ng-state-ogun,"OSALAKOYE SQUARE, OSOSA",INEC_CVR_PU,661704,,inec-lga-578,,state-assembly-sc-736-og,inec-ward-6617
POLLING_UNIT,inec-pu-661705,ng-state-ogun,"POLICE STATION, OSOSA",INEC_CVR_PU,661705,,inec-lga-578,,state-assembly-sc-736-og,inec-ward-6617
POLLING_UNIT,inec-pu-661706,ng-state-ogun,"OPEN SPACE ODOOWA SQUARE, OSOSA",INEC_CVR_PU,661706,,inec-lga-578,,state-assembly-sc-736-og,inec-ward-6617
POLLING_UNIT,inec-pu-661707,ng-state-ogun,"OPEN SPACE OREMEJI CLOSE, OSOSA",INEC_CVR_PU,661707,,inec-lga-578,,state-assembly-sc-736-og,inec-ward-6617
WARD,inec-ward-6618,ng-state-ogun,IDOWA,INEC_CVR_WARD,6618,,inec-lga-578,,state-assembly-sc-736-og,
POLLING_UNIT,inec-pu-92461,ng-state-ogun,"FRONT OF IDOWA TOWN HALL, IDOWA",INEC_CVR_PU,92461,,inec-lga-578,,state-assembly-sc-736-og,inec-ward-6618
POLLING_UNIT,inec-pu-92462,ng-state-ogun,"ILOYE MATERNITY, IDOWA",INEC_CVR_PU,92462,,inec-lga-578,,state-assembly-sc-736-og,inec-ward-6618
POLLING_UNIT,inec-pu-92463,ng-state-ogun,"BACK OF IDOWA TOWN HALL, IDOWA",INEC_CVR_PU,92463,,inec-lga-578,,state-assembly-sc-736-og,inec-ward-6618
POLLING_UNIT,inec-pu-92464,ng-state-ogun,"OPP. CHIEF OLU ADEBANJO'S HOUSE, IDOWA",INEC_CVR_PU,92464,,inec-lga-578,,state-assembly-sc-736-og,inec-ward-6618
POLLING_UNIT,inec-pu-661651,ng-state-ogun,"OPEN SPACE ADEBAYO MARKET, IDOWA",INEC_CVR_PU,661651,,inec-lga-578,,state-assembly-sc-736-og,inec-ward-6618
POLLING_UNIT,inec-pu-661652,ng-state-ogun,COMPREHENSIVE HIGH SCH. IDOWA,INEC_CVR_PU,661652,,inec-lga-578,,state-assembly-sc-736-og,inec-ward-6618
POLLING_UNIT,inec-pu-661653,ng-state-ogun,"GENERAL HOSPITAL, IDOWA",INEC_CVR_PU,661653,,inec-lga-578,,state-assembly-sc-736-og,inec-ward-6618
POLLING_UNIT,inec-pu-661654,ng-state-ogun,"OPEN SPACE POLICE BARRACK ILOYE, IDOWA",INEC_CVR_PU,661654,,inec-lga-578,,state-assembly-sc-736-og,inec-ward-6618
WARD,inec-ward-6619,ng-state-ogun,IBEFUN,INEC_CVR_WARD,6619,,inec-lga-578,,state-assembly-sc-736-og,
POLLING_UNIT,inec-pu-92465,ng-state-ogun,"ARAROMI IBEFUN WATER WORKS, IBEFUN",INEC_CVR_PU,92465,,inec-lga-578,,state-assembly-sc-736-og,inec-ward-6619
POLLING_UNIT,inec-pu-92466,ng-state-ogun,"OWODE QUARTERS, (FRONTAGE OSIPITAN'S HOUSE) IBEFUN",INEC_CVR_PU,92466,,inec-lga-578,,state-assembly-sc-736-og,inec-ward-6619
POLLING_UNIT,inec-pu-92467,ng-state-ogun,CATHOLIC PRY. SCH. IBEFUN,INEC_CVR_PU,92467,,inec-lga-578,,state-assembly-sc-736-og,inec-ward-6619
POLLING_UNIT,inec-pu-92468,ng-state-ogun,OKETUN IBEFUN,INEC_CVR_PU,92468,,inec-lga-578,,state-assembly-sc-736-og,inec-ward-6619
POLLING_UNIT,inec-pu-92469,ng-state-ogun,"FRONTAGE OF MATERNITY CENTRE, (ISALE IBEFUN)",INEC_CVR_PU,92469,,inec-lga-578,,state-assembly-sc-736-og,inec-ward-6619
POLLING_UNIT,inec-pu-92470,ng-state-ogun,MARKET SQUARE IBEFUN,INEC_CVR_PU,92470,,inec-lga-578,,state-assembly-sc-736-og,inec-ward-6619
POLLING_UNIT,inec-pu-661648,ng-state-ogun,ANSAR-UD-DEEN PRY. SCH. IBEFUN,INEC_CVR_PU,661648,,inec-lga-578,,state-assembly-sc-736-og,inec-ward-6619
POLLING_UNIT,inec-pu-661649,ng-state-ogun,POLICE POST ORETA,INEC_CVR_PU,661649,,inec-lga-578,,state-assembly-sc-736-og,inec-ward-6619
POLLING_UNIT,inec-pu-661650,ng-state-ogun,"MORNING MARKET SQUARE, ISALE IBEFUN",INEC_CVR_PU,661650,,inec-lga-578,,state-assembly-sc-736-og,inec-ward-6619
WARD,inec-ward-6620,ng-state-ogun,ILADO,INEC_CVR_WARD,6620,,inec-lga-578,,state-assembly-sc-736-og,
POLLING_UNIT,inec-pu-92471,ng-state-ogun,INFORNT OF ILADO SOCIAL CLUB SIBADEWA ILADO,INEC_CVR_PU,92471,,inec-lga-578,,state-assembly-sc-736-og,inec-ward-6620
POLLING_UNIT,inec-pu-92472,ng-state-ogun,"ST. LUKE PRY. SCHOOL IMODI, IJASI",INEC_CVR_PU,92472,,inec-lga-578,,state-assembly-sc-736-og,inec-ward-6620
POLLING_UNIT,inec-pu-92473,ng-state-ogun,"ODOSENLU MARKET, ODOSENLU",INEC_CVR_PU,92473,,inec-lga-578,,state-assembly-sc-736-og,inec-ward-6620
POLLING_UNIT,inec-pu-92474,ng-state-ogun,OPEN SPACE AT ABA TIWA/ABA SOOBO,INEC_CVR_PU,92474,,inec-lga-578,,state-assembly-sc-736-og,inec-ward-6620
POLLING_UNIT,inec-pu-92475,ng-state-ogun,"OPEN SPACE, AKIO",INEC_CVR_PU,92475,,inec-lga-578,,state-assembly-sc-736-og,inec-ward-6620
POLLING_UNIT,inec-pu-661655,ng-state-ogun,"ST JOHN ANGLICAN PRY SCH, ILADO",INEC_CVR_PU,661655,,inec-lga-578,,state-assembly-sc-736-og,inec-ward-6620
POLLING_UNIT,inec-pu-661656,ng-state-ogun,TOWN HALL IMODI-IJASI,INEC_CVR_PU,661656,,inec-lga-578,,state-assembly-sc-736-og,inec-ward-6620
WARD,inec-ward-6621,ng-state-ogun,OGBO/MORAIKA/ITA-EPO I,INEC_CVR_WARD,6621,,inec-lga-578,,state-assembly-sc-736-og,
POLLING_UNIT,inec-pu-92476,ng-state-ogun,"OPPOSITE IMORU CHURCH, IMORU",INEC_CVR_PU,92476,,inec-lga-578,,state-assembly-sc-736-og,inec-ward-6621
POLLING_UNIT,inec-pu-92477,ng-state-ogun,MOBALUFON TOWN HALL,INEC_CVR_PU,92477,,inec-lga-578,,state-assembly-sc-736-og,inec-ward-6621
POLLING_UNIT,inec-pu-92478,ng-state-ogun,OPEN SPACE AT ADEFISAN,INEC_CVR_PU,92478,,inec-lga-578,,state-assembly-sc-736-og,inec-ward-6621
POLLING_UNIT,inec-pu-92479,ng-state-ogun,ST. JAMES PRY. SCH. ATIBA,INEC_CVR_PU,92479,,inec-lga-578,,state-assembly-sc-736-og,inec-ward-6621
POLLING_UNIT,inec-pu-92480,ng-state-ogun,"TOWN HALL, EGBE",INEC_CVR_PU,92480,,inec-lga-578,,state-assembly-sc-736-og,inec-ward-6621
POLLING_UNIT,inec-pu-92481,ng-state-ogun,UNITED PRY. SCH. OKE OWA,INEC_CVR_PU,92481,,inec-lga-578,,state-assembly-sc-736-og,inec-ward-6621
POLLING_UNIT,inec-pu-92482,ng-state-ogun,"OPPOSITE ODO EPO CHURCH, ODO EPO",INEC_CVR_PU,92482,,inec-lga-578,,state-assembly-sc-736-og,inec-ward-6621
POLLING_UNIT,inec-pu-92483,ng-state-ogun,OPEN SPACE AT IMAGBON STATION,INEC_CVR_PU,92483,,inec-lga-578,,state-assembly-sc-736-og,inec-ward-6621
POLLING_UNIT,inec-pu-92484,ng-state-ogun,FEDERAL HOUSING ESTATE IKOTO,INEC_CVR_PU,92484,,inec-lga-578,,state-assembly-sc-736-og,inec-ward-6621
POLLING_UNIT,inec-pu-92485,ng-state-ogun,"INFRONT OF BALE HOUSE, LATOGUN",INEC_CVR_PU,92485,,inec-lga-578,,state-assembly-sc-736-og,inec-ward-6621
POLLING_UNIT,inec-pu-92486,ng-state-ogun,INFRONT OF OLU OF OREGU'S HOUSE ARAROMI OREGUN,INEC_CVR_PU,92486,,inec-lga-578,,state-assembly-sc-736-og,inec-ward-6621
POLLING_UNIT,inec-pu-92487,ng-state-ogun,"MARKET SQUARE, IMAKA",INEC_CVR_PU,92487,,inec-lga-578,,state-assembly-sc-736-og,inec-ward-6621
POLLING_UNIT,inec-pu-92488,ng-state-ogun,"OPPOSITE CHURCH, EMUREN",INEC_CVR_PU,92488,,inec-lga-578,,state-assembly-sc-736-og,inec-ward-6621
POLLING_UNIT,inec-pu-92489,ng-state-ogun,"LUMODAN MARKET, IMAGBON",INEC_CVR_PU,92489,,inec-lga-578,,state-assembly-sc-736-og,inec-ward-6621
POLLING_UNIT,inec-pu-661677,ng-state-ogun,"O'DUA COMP. HIGH SCHOOL, IMORU",INEC_CVR_PU,661677,,inec-lga-578,,state-assembly-sc-736-og,inec-ward-6621
POLLING_UNIT,inec-pu-661678,ng-state-ogun,OPEN SPACE ISOPE SQUARE MOBALUFON,INEC_CVR_PU,661678,,inec-lga-578,,state-assembly-sc-736-og,inec-ward-6621
POLLING_UNIT,inec-pu-661679,ng-state-ogun,OPEN SPACE MOBALUFON WEST MORAIKA,INEC_CVR_PU,661679,,inec-lga-578,,state-assembly-sc-736-og,inec-ward-6621
POLLING_UNIT,inec-pu-661680,ng-state-ogun,ADEFISAN MARKET,INEC_CVR_PU,661680,,inec-lga-578,,state-assembly-sc-736-og,inec-ward-6621
POLLING_UNIT,inec-pu-661681,ng-state-ogun,MOSLEM PRY SCH. ITANRIN,INEC_CVR_PU,661681,,inec-lga-578,,state-assembly-sc-736-og,inec-ward-6621
POLLING_UNIT,inec-pu-661682,ng-state-ogun,"ATIBA TOWN HALL SQUARE, ATIBA",INEC_CVR_PU,661682,,inec-lga-578,,state-assembly-sc-736-og,inec-ward-6621
POLLING_UNIT,inec-pu-661683,ng-state-ogun,"OPEN SPACE POWER LINE, ATIBA",INEC_CVR_PU,661683,,inec-lga-578,,state-assembly-sc-736-og,inec-ward-6621
POLLING_UNIT,inec-pu-661684,ng-state-ogun,"OPEN SPACE IBAGBA SQUARE, EGBE",INEC_CVR_PU,661684,,inec-lga-578,,state-assembly-sc-736-og,inec-ward-6621
POLLING_UNIT,inec-pu-661685,ng-state-ogun,"OPEN SPACE EYINFUN SQUARE, EGBE",INEC_CVR_PU,661685,,inec-lga-578,,state-assembly-sc-736-og,inec-ward-6621
POLLING_UNIT,inec-pu-661686,ng-state-ogun,"HOLY TRINITY HEALTH CENTRE ,IKOTO",INEC_CVR_PU,661686,,inec-lga-578,,state-assembly-sc-736-og,inec-ward-6621
POLLING_UNIT,inec-pu-661687,ng-state-ogun,"OPEN SPACE OGUNLADE ESTATE JUNCTION, OKE OWA",INEC_CVR_PU,661687,,inec-lga-578,,state-assembly-sc-736-og,inec-ward-6621
POLLING_UNIT,inec-pu-661688,ng-state-ogun,"ST JOSEPH CATHOLIC PRY SCH. F.H. ESTATE, IKOTO",INEC_CVR_PU,661688,,inec-lga-578,,state-assembly-sc-736-og,inec-ward-6621
POLLING_UNIT,inec-pu-661689,ng-state-ogun,"ST JAMES PRY. SCHOOL, LATOGUN",INEC_CVR_PU,661689,,inec-lga-578,,state-assembly-sc-736-og,inec-ward-6621
POLLING_UNIT,inec-pu-661690,ng-state-ogun,"OPEN SPACE T-JUNCTION OGUNYEMI STREET, OREGUN",INEC_CVR_PU,661690,,inec-lga-578,,state-assembly-sc-736-og,inec-ward-6621
WARD,inec-ward-6622,ng-state-ogun,ALA/IGBILE,INEC_CVR_WARD,6622,,inec-lga-578,,state-assembly-sc-736-og,
POLLING_UNIT,inec-pu-92490,ng-state-ogun,"OPPOSITE ALUKO MOSQUE, ALA",INEC_CVR_PU,92490,,inec-lga-578,,state-assembly-sc-736-og,inec-ward-6622
POLLING_UNIT,inec-pu-92491,ng-state-ogun,"FRONT OF TOWN HALL , ALA",INEC_CVR_PU,92491,,inec-lga-578,,state-assembly-sc-736-og,inec-ward-6622
POLLING_UNIT,inec-pu-92492,ng-state-ogun,"FRONTAGE MATERNITY, ILOFA/IWAYE IGBILE",INEC_CVR_PU,92492,,inec-lga-578,,state-assembly-sc-736-og,inec-ward-6622
POLLING_UNIT,inec-pu-92493,ng-state-ogun,"SIFOLU/OWODE MARKET, IGBILE",INEC_CVR_PU,92493,,inec-lga-578,,state-assembly-sc-736-og,inec-ward-6622
POLLING_UNIT,inec-pu-92494,ng-state-ogun,INFRONT OF OLORILU'S HOUSE OKE-ORUNDUN,INEC_CVR_PU,92494,,inec-lga-578,,state-assembly-sc-736-og,inec-ward-6622
POLLING_UNIT,inec-pu-92495,ng-state-ogun,ARAROMI SQUARE ALA,INEC_CVR_PU,92495,,inec-lga-578,,state-assembly-sc-736-og,inec-ward-6622
POLLING_UNIT,inec-pu-92496,ng-state-ogun,"BACK OF TOWN HALL, ALA",INEC_CVR_PU,92496,,inec-lga-578,,state-assembly-sc-736-og,inec-ward-6622
WARD,inec-ward-6623,ng-state-ogun,JOBORE/IBIDO/IKISE,INEC_CVR_WARD,6623,,inec-lga-578,,state-assembly-sc-736-og,
POLLING_UNIT,inec-pu-92497,ng-state-ogun,"ST. MICHAEL PRY. SCHOOL, JOBORE",INEC_CVR_PU,92497,,inec-lga-578,,state-assembly-sc-736-og,inec-ward-6623
POLLING_UNIT,inec-pu-92498,ng-state-ogun,"OLORUNSOGO TOWN HALL, IBIDO",INEC_CVR_PU,92498,,inec-lga-578,,state-assembly-sc-736-og,inec-ward-6623
POLLING_UNIT,inec-pu-92499,ng-state-ogun,"FRONTAGE JAMES HOUSE, IKISE",INEC_CVR_PU,92499,,inec-lga-578,,state-assembly-sc-736-og,inec-ward-6623
POLLING_UNIT,inec-pu-661669,ng-state-ogun,"TOWN HALL, JOBORE",INEC_CVR_PU,661669,,inec-lga-578,,state-assembly-sc-736-og,inec-ward-6623
WARD,inec-ward-6624,ng-state-ogun,OMU,INEC_CVR_WARD,6624,,inec-lga-578,,state-assembly-sc-736-og,
POLLING_UNIT,inec-pu-92500,ng-state-ogun,"Z.I. PRY. SCHOOL OKE-OYINBO, OMU",INEC_CVR_PU,92500,,inec-lga-578,,state-assembly-sc-736-og,inec-ward-6624
POLLING_UNIT,inec-pu-92501,ng-state-ogun,"U.N.A. PRY. SCHOOL, OMU",INEC_CVR_PU,92501,,inec-lga-578,,state-assembly-sc-736-og,inec-ward-6624
POLLING_UNIT,inec-pu-92502,ng-state-ogun,"SAINT PAUL'S PRY SCHOOL, OMU",INEC_CVR_PU,92502,,inec-lga-578,,state-assembly-sc-736-og,inec-ward-6624
POLLING_UNIT,inec-pu-92503,ng-state-ogun,"OPPOSITE MOTA MOSQUE, OMU",INEC_CVR_PU,92503,,inec-lga-578,,state-assembly-sc-736-og,inec-ward-6624
POLLING_UNIT,inec-pu-92504,ng-state-ogun,"FRONTAGE OLISA HOUSE, OMU",INEC_CVR_PU,92504,,inec-lga-578,,state-assembly-sc-736-og,inec-ward-6624
POLLING_UNIT,inec-pu-92505,ng-state-ogun,"OPPOSITE IRETE MOSQUE, IRETE",INEC_CVR_PU,92505,,inec-lga-578,,state-assembly-sc-736-og,inec-ward-6624
POLLING_UNIT,inec-pu-92506,ng-state-ogun,"BESIDE ITA ALE MARKET, OMU",INEC_CVR_PU,92506,,inec-lga-578,,state-assembly-sc-736-og,inec-ward-6624
POLLING_UNIT,inec-pu-92507,ng-state-ogun,"FRONTAGE OGUNLANA HOUSE, DEGORUNSE",INEC_CVR_PU,92507,,inec-lga-578,,state-assembly-sc-736-og,inec-ward-6624
POLLING_UNIT,inec-pu-92508,ng-state-ogun,"OPEN SPACE, IGBODILE/AYEGBAMI, OMU",INEC_CVR_PU,92508,,inec-lga-578,,state-assembly-sc-736-og,inec-ward-6624
POLLING_UNIT,inec-pu-92509,ng-state-ogun,"FRONTAGE ONANIYI'S HOUSE, OMU",INEC_CVR_PU,92509,,inec-lga-578,,state-assembly-sc-736-og,inec-ward-6624
POLLING_UNIT,inec-pu-661699,ng-state-ogun,"Z.I PRIMARY SCHOOL, OMU",INEC_CVR_PU,661699,,inec-lga-578,,state-assembly-sc-736-og,inec-ward-6624
POLLING_UNIT,inec-pu-661700,ng-state-ogun,"IFESOWAPO DAILY RETAIL MARKET, EREBE",INEC_CVR_PU,661700,,inec-lga-578,,state-assembly-sc-736-og,inec-ward-6624
WARD,inec-ward-6625,ng-state-ogun,OGBO/MORAIKA/ITA EPO II,INEC_CVR_WARD,6625,,inec-lga-578,,state-assembly-sc-736-og,
POLLING_UNIT,inec-pu-92510,ng-state-ogun,"IMAWEJE TOWN HALL, IMAWEJE",INEC_CVR_PU,92510,,inec-lga-578,,state-assembly-sc-736-og,inec-ward-6625
POLLING_UNIT,inec-pu-92511,ng-state-ogun,"OPPOSITE CHURCH, IDAGBO",INEC_CVR_PU,92511,,inec-lga-578,,state-assembly-sc-736-og,inec-ward-6625
POLLING_UNIT,inec-pu-92512,ng-state-ogun,"OPPOSITE ST PAUL'S ANG CHURCH, IBIDO OGBO",INEC_CVR_PU,92512,,inec-lga-578,,state-assembly-sc-736-og,inec-ward-6625
POLLING_UNIT,inec-pu-92513,ng-state-ogun,TASCE IJAGUN BUS-STOP,INEC_CVR_PU,92513,,inec-lga-578,,state-assembly-sc-736-og,inec-ward-6625
POLLING_UNIT,inec-pu-92514,ng-state-ogun,ISANYA OGBO MATERNITY,INEC_CVR_PU,92514,,inec-lga-578,,state-assembly-sc-736-og,inec-ward-6625
POLLING_UNIT,inec-pu-92515,ng-state-ogun,MARKET SQUARE OKELAMUREN,INEC_CVR_PU,92515,,inec-lga-578,,state-assembly-sc-736-og,inec-ward-6625
POLLING_UNIT,inec-pu-92516,ng-state-ogun,"OPEN SPACE ,ABAPAWA",INEC_CVR_PU,92516,,inec-lga-578,,state-assembly-sc-736-og,inec-ward-6625
POLLING_UNIT,inec-pu-661691,ng-state-ogun,"ARAROMI UNITED PRY. SCHOOL, IMAWEJE",INEC_CVR_PU,661691,,inec-lga-578,,state-assembly-sc-736-og,inec-ward-6625
POLLING_UNIT,inec-pu-661692,ng-state-ogun,"OPEN SPACE OPP. TRANSFORMER, IMAWEJE",INEC_CVR_PU,661692,,inec-lga-578,,state-assembly-sc-736-og,inec-ward-6625
POLLING_UNIT,inec-pu-661693,ng-state-ogun,"TOWN HALL, IJELE",INEC_CVR_PU,661693,,inec-lga-578,,state-assembly-sc-736-og,inec-ward-6625
POLLING_UNIT,inec-pu-661694,ng-state-ogun,"TOWN HALL ,ILUPEJU",INEC_CVR_PU,661694,,inec-lga-578,,state-assembly-sc-736-og,inec-ward-6625
POLLING_UNIT,inec-pu-661695,ng-state-ogun,OPEN SPACE ODO AGAMEGI,INEC_CVR_PU,661695,,inec-lga-578,,state-assembly-sc-736-og,inec-ward-6625
POLLING_UNIT,inec-pu-661696,ng-state-ogun,TOWN HALL IKOFA,INEC_CVR_PU,661696,,inec-lga-578,,state-assembly-sc-736-og,inec-ward-6625
WARD,inec-ward-6626,ng-state-ogun,IWOPIN,INEC_CVR_WARD,6626,,inec-lga-579,,state-assembly-sc-734-og,
POLLING_UNIT,inec-pu-92517,ng-state-ogun,"L.G. SCHOOL, IWOPIN",INEC_CVR_PU,92517,,inec-lga-579,,state-assembly-sc-734-og,inec-ward-6626
POLLING_UNIT,inec-pu-92518,ng-state-ogun,"ST. MARY'S PRY. SCHOOL, OLOJU META",INEC_CVR_PU,92518,,inec-lga-579,,state-assembly-sc-734-og,inec-ward-6626
POLLING_UNIT,inec-pu-92519,ng-state-ogun,"FISHERIES OFFICE, EHINDI",INEC_CVR_PU,92519,,inec-lga-579,,state-assembly-sc-734-og,inec-ward-6626
POLLING_UNIT,inec-pu-92520,ng-state-ogun,"L.G. SCHOOL, IMOSIRI",INEC_CVR_PU,92520,,inec-lga-579,,state-assembly-sc-734-og,inec-ward-6626
POLLING_UNIT,inec-pu-92521,ng-state-ogun,EBUTE ILAMO SQUARE,INEC_CVR_PU,92521,,inec-lga-579,,state-assembly-sc-734-og,inec-ward-6626
POLLING_UNIT,inec-pu-92522,ng-state-ogun,"I.P.R.C. PRY. SCHOOL, IWOPIN",INEC_CVR_PU,92522,,inec-lga-579,,state-assembly-sc-734-og,inec-ward-6626
POLLING_UNIT,inec-pu-92523,ng-state-ogun,"L.G. SCHOOL, IMEKI",INEC_CVR_PU,92523,,inec-lga-579,,state-assembly-sc-734-og,inec-ward-6626
POLLING_UNIT,inec-pu-92524,ng-state-ogun,"TOWN HALL, IWOPIN",INEC_CVR_PU,92524,,inec-lga-579,,state-assembly-sc-734-og,inec-ward-6626
POLLING_UNIT,inec-pu-661713,ng-state-ogun,"ST PETER'S ANGLICAN PRY SCHOOL, IWOPIN",INEC_CVR_PU,661713,,inec-lga-579,,state-assembly-sc-734-og,inec-ward-6626
POLLING_UNIT,inec-pu-661714,ng-state-ogun,"OPEN SPACE AT KOREDE MARKET, IWOPIN",INEC_CVR_PU,661714,,inec-lga-579,,state-assembly-sc-734-og,inec-ward-6626
POLLING_UNIT,inec-pu-661715,ng-state-ogun,COMMUNITY PRIMARY SCHOOL AIYEGBAMI,INEC_CVR_PU,661715,,inec-lga-579,,state-assembly-sc-734-og,inec-ward-6626
POLLING_UNIT,inec-pu-661716,ng-state-ogun,"ST. KIZITO HIGH SCHOOL, IWOPIN",INEC_CVR_PU,661716,,inec-lga-579,,state-assembly-sc-734-og,inec-ward-6626
POLLING_UNIT,inec-pu-661717,ng-state-ogun,OLD L.G DISPENSARY HEALTH CENTRE,INEC_CVR_PU,661717,,inec-lga-579,,state-assembly-sc-734-og,inec-ward-6626
WARD,inec-ward-6627,ng-state-ogun,ONI,INEC_CVR_WARD,6627,,inec-lga-579,,state-assembly-sc-734-og,
POLLING_UNIT,inec-pu-92525,ng-state-ogun,"L.G SCH, ONI I",INEC_CVR_PU,92525,,inec-lga-579,,state-assembly-sc-734-og,inec-ward-6627
POLLING_UNIT,inec-pu-92526,ng-state-ogun,L.G SCH. ONI II,INEC_CVR_PU,92526,,inec-lga-579,,state-assembly-sc-734-og,inec-ward-6627
POLLING_UNIT,inec-pu-92527,ng-state-ogun,"ST PETER'S PRY SCH, OLOGBUN",INEC_CVR_PU,92527,,inec-lga-579,,state-assembly-sc-734-og,inec-ward-6627
POLLING_UNIT,inec-pu-92528,ng-state-ogun,"L.G SCH, AKILA",INEC_CVR_PU,92528,,inec-lga-579,,state-assembly-sc-734-og,inec-ward-6627
POLLING_UNIT,inec-pu-92529,ng-state-ogun,ORITA OMO SQUARE,INEC_CVR_PU,92529,,inec-lga-579,,state-assembly-sc-734-og,inec-ward-6627
POLLING_UNIT,inec-pu-92530,ng-state-ogun,"L.G SCH, ALO",INEC_CVR_PU,92530,,inec-lga-579,,state-assembly-sc-734-og,inec-ward-6627
POLLING_UNIT,inec-pu-92531,ng-state-ogun,"ST PETERS PRY SCH, ORIYANRIN",INEC_CVR_PU,92531,,inec-lga-579,,state-assembly-sc-734-og,inec-ward-6627
POLLING_UNIT,inec-pu-92532,ng-state-ogun,"DEMOLU QUARTERS, ONI",INEC_CVR_PU,92532,,inec-lga-579,,state-assembly-sc-734-og,inec-ward-6627
POLLING_UNIT,inec-pu-92533,ng-state-ogun,"MATERNITY CENTRE, ONI",INEC_CVR_PU,92533,,inec-lga-579,,state-assembly-sc-734-og,inec-ward-6627
POLLING_UNIT,inec-pu-92534,ng-state-ogun,"OPEN SPACE OPP, BALOGUN BELLO'S HOUSE",INEC_CVR_PU,92534,,inec-lga-579,,state-assembly-sc-734-og,inec-ward-6627
POLLING_UNIT,inec-pu-92535,ng-state-ogun,OPEN SPACE OPP. AWONUGA'S HOUSE,INEC_CVR_PU,92535,,inec-lga-579,,state-assembly-sc-734-og,inec-ward-6627
POLLING_UNIT,inec-pu-661708,ng-state-ogun,"L.G SCHOOL MALOFE, ONI",INEC_CVR_PU,661708,,inec-lga-579,,state-assembly-sc-734-og,inec-ward-6627
WARD,inec-ward-6628,ng-state-ogun,IBIADE,INEC_CVR_WARD,6628,,inec-lga-579,,state-assembly-sc-734-og,
POLLING_UNIT,inec-pu-92536,ng-state-ogun,TEBUWO SQUARE,INEC_CVR_PU,92536,,inec-lga-579,,state-assembly-sc-734-og,inec-ward-6628
POLLING_UNIT,inec-pu-92537,ng-state-ogun,"ST. MICH. PRY SCHOOL, IBIADE",INEC_CVR_PU,92537,,inec-lga-579,,state-assembly-sc-734-og,inec-ward-6628
POLLING_UNIT,inec-pu-92538,ng-state-ogun,TOSO SQUARE,INEC_CVR_PU,92538,,inec-lga-579,,state-assembly-sc-734-og,inec-ward-6628
POLLING_UNIT,inec-pu-92539,ng-state-ogun,TOGBUNRI SQUARE,INEC_CVR_PU,92539,,inec-lga-579,,state-assembly-sc-734-og,inec-ward-6628
POLLING_UNIT,inec-pu-92540,ng-state-ogun,TAYOKU SQUARE,INEC_CVR_PU,92540,,inec-lga-579,,state-assembly-sc-734-og,inec-ward-6628
POLLING_UNIT,inec-pu-92541,ng-state-ogun,TIPETU SQUARE,INEC_CVR_PU,92541,,inec-lga-579,,state-assembly-sc-734-og,inec-ward-6628
POLLING_UNIT,inec-pu-92542,ng-state-ogun,"L.G. SCHOOL, IBIADE I",INEC_CVR_PU,92542,,inec-lga-579,,state-assembly-sc-734-og,inec-ward-6628
POLLING_UNIT,inec-pu-92543,ng-state-ogun,"L.G. SCHOOL, IBIADE II",INEC_CVR_PU,92543,,inec-lga-579,,state-assembly-sc-734-og,inec-ward-6628
POLLING_UNIT,inec-pu-92544,ng-state-ogun,ARAROMI QUARTERS,INEC_CVR_PU,92544,,inec-lga-579,,state-assembly-sc-734-og,inec-ward-6628
POLLING_UNIT,inec-pu-92545,ng-state-ogun,L.G. SCHOOL FARM SETTLEMENT,INEC_CVR_PU,92545,,inec-lga-579,,state-assembly-sc-734-og,inec-ward-6628
POLLING_UNIT,inec-pu-92546,ng-state-ogun,(OPEN SPACE) ZION IBIADE,INEC_CVR_PU,92546,,inec-lga-579,,state-assembly-sc-734-og,inec-ward-6628
POLLING_UNIT,inec-pu-92547,ng-state-ogun,OPEN SPACE OPP. ODULAJA'S HOUSE,INEC_CVR_PU,92547,,inec-lga-579,,state-assembly-sc-734-og,inec-ward-6628
POLLING_UNIT,inec-pu-92548,ng-state-ogun,"HEALTH CENTRE, IBIADE (GEN. HOSPITAL ROAD)",INEC_CVR_PU,92548,,inec-lga-579,,state-assembly-sc-734-og,inec-ward-6628
WARD,inec-ward-6629,ng-state-ogun,LUKOGBE/ILUSIN,INEC_CVR_WARD,6629,,inec-lga-579,,state-assembly-sc-734-og,
POLLING_UNIT,inec-pu-92549,ng-state-ogun,L.G. SCHOOL LUKOGBE I,INEC_CVR_PU,92549,,inec-lga-579,,state-assembly-sc-734-og,inec-ward-6629
POLLING_UNIT,inec-pu-92550,ng-state-ogun,L.G. SCHOOL LUKOGBE II,INEC_CVR_PU,92550,,inec-lga-579,,state-assembly-sc-734-og,inec-ward-6629
POLLING_UNIT,inec-pu-92551,ng-state-ogun,ITUN MELEKUN LOKULA,INEC_CVR_PU,92551,,inec-lga-579,,state-assembly-sc-734-og,inec-ward-6629
POLLING_UNIT,inec-pu-92552,ng-state-ogun,L.G. SCHOOL ILUSIN I,INEC_CVR_PU,92552,,inec-lga-579,,state-assembly-sc-734-og,inec-ward-6629
POLLING_UNIT,inec-pu-92553,ng-state-ogun,L.G. SCHOOL ILUSIN II,INEC_CVR_PU,92553,,inec-lga-579,,state-assembly-sc-734-og,inec-ward-6629
POLLING_UNIT,inec-pu-92554,ng-state-ogun,ILUSIN ZION,INEC_CVR_PU,92554,,inec-lga-579,,state-assembly-sc-734-og,inec-ward-6629
POLLING_UNIT,inec-pu-92555,ng-state-ogun,F.S.P. MARKET AGBURE,INEC_CVR_PU,92555,,inec-lga-579,,state-assembly-sc-734-og,inec-ward-6629
POLLING_UNIT,inec-pu-92556,ng-state-ogun,L.G. SCHOOL ARAFIN,INEC_CVR_PU,92556,,inec-lga-579,,state-assembly-sc-734-og,inec-ward-6629
POLLING_UNIT,inec-pu-92557,ng-state-ogun,LABOUR CAMP,INEC_CVR_PU,92557,,inec-lga-579,,state-assembly-sc-734-og,inec-ward-6629
POLLING_UNIT,inec-pu-92558,ng-state-ogun,ST. JOHN'S PRY. SCH. AGODO,INEC_CVR_PU,92558,,inec-lga-579,,state-assembly-sc-734-og,inec-ward-6629
POLLING_UNIT,inec-pu-92559,ng-state-ogun,LABOUR CAMP I,INEC_CVR_PU,92559,,inec-lga-579,,state-assembly-sc-734-og,inec-ward-6629
POLLING_UNIT,inec-pu-92560,ng-state-ogun,LABOUR CAMP II,INEC_CVR_PU,92560,,inec-lga-579,,state-assembly-sc-734-og,inec-ward-6629
POLLING_UNIT,inec-pu-92561,ng-state-ogun,LABOUR CAMP III,INEC_CVR_PU,92561,,inec-lga-579,,state-assembly-sc-734-og,inec-ward-6629
POLLING_UNIT,inec-pu-92562,ng-state-ogun,APATAL ODUNI JUNCTION,INEC_CVR_PU,92562,,inec-lga-579,,state-assembly-sc-734-og,inec-ward-6629
POLLING_UNIT,inec-pu-92563,ng-state-ogun,BAGBE CAMP,INEC_CVR_PU,92563,,inec-lga-579,,state-assembly-sc-734-og,inec-ward-6629
POLLING_UNIT,inec-pu-661718,ng-state-ogun,"HEALTH CENTRE, AGBURE",INEC_CVR_PU,661718,,inec-lga-579,,state-assembly-sc-734-og,inec-ward-6629
WARD,inec-ward-6630,ng-state-ogun,ABIGI,INEC_CVR_WARD,6630,,inec-lga-579,,state-assembly-sc-734-og,
POLLING_UNIT,inec-pu-92564,ng-state-ogun,MOSLEM PRY SCHOOL ABIGI I,INEC_CVR_PU,92564,,inec-lga-579,,state-assembly-sc-734-og,inec-ward-6630
POLLING_UNIT,inec-pu-92565,ng-state-ogun,MOSLEM PRY SCHOOL ABIGI II,INEC_CVR_PU,92565,,inec-lga-579,,state-assembly-sc-734-og,inec-ward-6630
POLLING_UNIT,inec-pu-92566,ng-state-ogun,ST. THOMAS PRY. SCHOOL I ABIGI,INEC_CVR_PU,92566,,inec-lga-579,,state-assembly-sc-734-og,inec-ward-6630
POLLING_UNIT,inec-pu-92567,ng-state-ogun,ST. THOMAS PRY. SCHOOL II ABIGI,INEC_CVR_PU,92567,,inec-lga-579,,state-assembly-sc-734-og,inec-ward-6630
POLLING_UNIT,inec-pu-92568,ng-state-ogun,"MARKET SQUARE, ABIGI I",INEC_CVR_PU,92568,,inec-lga-579,,state-assembly-sc-734-og,inec-ward-6630
POLLING_UNIT,inec-pu-92569,ng-state-ogun,MARKET SQUARE ABIGI II,INEC_CVR_PU,92569,,inec-lga-579,,state-assembly-sc-734-og,inec-ward-6630
POLLING_UNIT,inec-pu-92570,ng-state-ogun,L.G. SCHOOL ITA-OGUN I,INEC_CVR_PU,92570,,inec-lga-579,,state-assembly-sc-734-og,inec-ward-6630
POLLING_UNIT,inec-pu-92571,ng-state-ogun,ITATIKELI JUNCTION,INEC_CVR_PU,92571,,inec-lga-579,,state-assembly-sc-734-og,inec-ward-6630
POLLING_UNIT,inec-pu-92572,ng-state-ogun,"L.G. SCHOOL, ITA-OTU",INEC_CVR_PU,92572,,inec-lga-579,,state-assembly-sc-734-og,inec-ward-6630
POLLING_UNIT,inec-pu-92573,ng-state-ogun,IGBAFO I,INEC_CVR_PU,92573,,inec-lga-579,,state-assembly-sc-734-og,inec-ward-6630
POLLING_UNIT,inec-pu-92574,ng-state-ogun,IGBAFO II,INEC_CVR_PU,92574,,inec-lga-579,,state-assembly-sc-734-og,inec-ward-6630
POLLING_UNIT,inec-pu-92575,ng-state-ogun,NPC OFFICE ABIGI,INEC_CVR_PU,92575,,inec-lga-579,,state-assembly-sc-734-og,inec-ward-6630
POLLING_UNIT,inec-pu-92576,ng-state-ogun,AYEGBAMI QUARTERS,INEC_CVR_PU,92576,,inec-lga-579,,state-assembly-sc-734-og,inec-ward-6630
POLLING_UNIT,inec-pu-92577,ng-state-ogun,PELEBE AT OKO-IGBO,INEC_CVR_PU,92577,,inec-lga-579,,state-assembly-sc-734-og,inec-ward-6630
POLLING_UNIT,inec-pu-661709,ng-state-ogun,"L.G SCHOOL ,ITA OGUN II",INEC_CVR_PU,661709,,inec-lga-579,,state-assembly-sc-734-og,inec-ward-6630
WARD,inec-ward-6631,ng-state-ogun,EFIRE,INEC_CVR_WARD,6631,,inec-lga-579,,state-assembly-sc-734-og,
POLLING_UNIT,inec-pu-92578,ng-state-ogun,"ILE-ONA, NEAR OLD CENTRAL MOSQUE",INEC_CVR_PU,92578,,inec-lga-579,,state-assembly-sc-734-og,inec-ward-6631
POLLING_UNIT,inec-pu-92579,ng-state-ogun,IFELO DUN UNITED PRY. SCHOOL,INEC_CVR_PU,92579,,inec-lga-579,,state-assembly-sc-734-og,inec-ward-6631
POLLING_UNIT,inec-pu-92580,ng-state-ogun,ONA ERI QUARTER'S,INEC_CVR_PU,92580,,inec-lga-579,,state-assembly-sc-734-og,inec-ward-6631
POLLING_UNIT,inec-pu-92581,ng-state-ogun,UBIKU CAMP,INEC_CVR_PU,92581,,inec-lga-579,,state-assembly-sc-734-og,inec-ward-6631
POLLING_UNIT,inec-pu-92582,ng-state-ogun,L.G. SCHOOL BOLOUNDURO,INEC_CVR_PU,92582,,inec-lga-579,,state-assembly-sc-734-og,inec-ward-6631
POLLING_UNIT,inec-pu-92583,ng-state-ogun,CALABAR CAMP I,INEC_CVR_PU,92583,,inec-lga-579,,state-assembly-sc-734-og,inec-ward-6631
POLLING_UNIT,inec-pu-92584,ng-state-ogun,CALABAR CAMP II,INEC_CVR_PU,92584,,inec-lga-579,,state-assembly-sc-734-og,inec-ward-6631
POLLING_UNIT,inec-pu-92585,ng-state-ogun,AJE BAMIDELE,INEC_CVR_PU,92585,,inec-lga-579,,state-assembly-sc-734-og,inec-ward-6631
POLLING_UNIT,inec-pu-92586,ng-state-ogun,ONADA SQUARE(ITUN ONA-OBA),INEC_CVR_PU,92586,,inec-lga-579,,state-assembly-sc-734-og,inec-ward-6631
POLLING_UNIT,inec-pu-92587,ng-state-ogun,LEREN CAMP,INEC_CVR_PU,92587,,inec-lga-579,,state-assembly-sc-734-og,inec-ward-6631
POLLING_UNIT,inec-pu-92588,ng-state-ogun,SUNBARE'S CAMP [JEREMIAH],INEC_CVR_PU,92588,,inec-lga-579,,state-assembly-sc-734-og,inec-ward-6631
WARD,inec-ward-6632,ng-state-ogun,AYEDE/LOMIRO,INEC_CVR_WARD,6632,,inec-lga-579,,state-assembly-sc-734-og,
POLLING_UNIT,inec-pu-92589,ng-state-ogun,"R.C.M. SCHOOL, AYEDE",INEC_CVR_PU,92589,,inec-lga-579,,state-assembly-sc-734-og,inec-ward-6632
POLLING_UNIT,inec-pu-92590,ng-state-ogun,"ST. LUKE'S SCHOOL, LUWODO",INEC_CVR_PU,92590,,inec-lga-579,,state-assembly-sc-734-og,inec-ward-6632
POLLING_UNIT,inec-pu-92591,ng-state-ogun,"ST. PAUL'S SCHOOL, IGODAN",INEC_CVR_PU,92591,,inec-lga-579,,state-assembly-sc-734-og,inec-ward-6632
POLLING_UNIT,inec-pu-92592,ng-state-ogun,"ST. JOHN'S SCHOOL, AJEGUNLE",INEC_CVR_PU,92592,,inec-lga-579,,state-assembly-sc-734-og,inec-ward-6632
POLLING_UNIT,inec-pu-92593,ng-state-ogun,"C.M.S SCHOOL, LOMIRO",INEC_CVR_PU,92593,,inec-lga-579,,state-assembly-sc-734-og,inec-ward-6632
POLLING_UNIT,inec-pu-92594,ng-state-ogun,"HEALTH CENTRE, LOFOLUWA",INEC_CVR_PU,92594,,inec-lga-579,,state-assembly-sc-734-og,inec-ward-6632
POLLING_UNIT,inec-pu-92595,ng-state-ogun,"L.G. SCHOOL, IDOBILAYO",INEC_CVR_PU,92595,,inec-lga-579,,state-assembly-sc-734-og,inec-ward-6632
POLLING_UNIT,inec-pu-92596,ng-state-ogun,"L.G. SCHOOL, IPAI KEMORE",INEC_CVR_PU,92596,,inec-lga-579,,state-assembly-sc-734-og,inec-ward-6632
POLLING_UNIT,inec-pu-92597,ng-state-ogun,OLOLA CAMP,INEC_CVR_PU,92597,,inec-lga-579,,state-assembly-sc-734-og,inec-ward-6632
POLLING_UNIT,inec-pu-92598,ng-state-ogun,"ST. MICH. PRY SCHOOL, LIGUN",INEC_CVR_PU,92598,,inec-lga-579,,state-assembly-sc-734-og,inec-ward-6632
POLLING_UNIT,inec-pu-92599,ng-state-ogun,LAPETI BAALE'S QUARTERS,INEC_CVR_PU,92599,,inec-lga-579,,state-assembly-sc-734-og,inec-ward-6632
POLLING_UNIT,inec-pu-661710,ng-state-ogun,"ST. ANDREW'S ANGLICAN PRIMARY SCHOOL, AYEDE",INEC_CVR_PU,661710,,inec-lga-579,,state-assembly-sc-734-og,inec-ward-6632
POLLING_UNIT,inec-pu-661711,ng-state-ogun,"LOMIRO TOWN HALL, LOMIRO",INEC_CVR_PU,661711,,inec-lga-579,,state-assembly-sc-734-og,inec-ward-6632
POLLING_UNIT,inec-pu-661712,ng-state-ogun,"C.M.S SCHOOL (II), LOMIRO",INEC_CVR_PU,661712,,inec-lga-579,,state-assembly-sc-734-og,inec-ward-6632
WARD,inec-ward-6633,ng-state-ogun,AYILA/ITEBU,INEC_CVR_WARD,6633,,inec-lga-579,,state-assembly-sc-734-og,
POLLING_UNIT,inec-pu-92600,ng-state-ogun,ST. PHILLIP'S PRY. SCHOOL,INEC_CVR_PU,92600,,inec-lga-579,,state-assembly-sc-734-og,inec-ward-6633
POLLING_UNIT,inec-pu-92601,ng-state-ogun,"ST. JOHN'S PRY. SCHOOL, AYILA I",INEC_CVR_PU,92601,,inec-lga-579,,state-assembly-sc-734-og,inec-ward-6633
POLLING_UNIT,inec-pu-92602,ng-state-ogun,"ST. JOHN'S PRY SCH, AYILA II",INEC_CVR_PU,92602,,inec-lga-579,,state-assembly-sc-734-og,inec-ward-6633
POLLING_UNIT,inec-pu-92603,ng-state-ogun,"ST. JOSEPH R.C.M. SCHOOL, AYILA",INEC_CVR_PU,92603,,inec-lga-579,,state-assembly-sc-734-og,inec-ward-6633
POLLING_UNIT,inec-pu-92604,ng-state-ogun,"ST. JOSEPH R.C.M. SCHOOL, AYILA (92604)",INEC_CVR_PU,92604,,inec-lga-579,,state-assembly-sc-734-og,inec-ward-6633
POLLING_UNIT,inec-pu-92605,ng-state-ogun,"ST. DAVID PRY. SCHOOL, AYE TUMARE",INEC_CVR_PU,92605,,inec-lga-579,,state-assembly-sc-734-og,inec-ward-6633
POLLING_UNIT,inec-pu-92606,ng-state-ogun,"ST. MARKS SCHOOL, ITEBU",INEC_CVR_PU,92606,,inec-lga-579,,state-assembly-sc-734-og,inec-ward-6633
POLLING_UNIT,inec-pu-92607,ng-state-ogun,DOLUKE QUARTERS,INEC_CVR_PU,92607,,inec-lga-579,,state-assembly-sc-734-og,inec-ward-6633
POLLING_UNIT,inec-pu-92608,ng-state-ogun,AGO-AJAYE QUARTERS,INEC_CVR_PU,92608,,inec-lga-579,,state-assembly-sc-734-og,inec-ward-6633
WARD,inec-ward-6634,ng-state-ogun,MAKUN/IROKUN,INEC_CVR_WARD,6634,,inec-lga-579,,state-assembly-sc-734-og,
POLLING_UNIT,inec-pu-92609,ng-state-ogun,"L.G. SCHOOL, MAKUN OMI",INEC_CVR_PU,92609,,inec-lga-579,,state-assembly-sc-734-og,inec-ward-6634
POLLING_UNIT,inec-pu-92610,ng-state-ogun,MOHA VILLAGE SQUARE,INEC_CVR_PU,92610,,inec-lga-579,,state-assembly-sc-734-og,inec-ward-6634
POLLING_UNIT,inec-pu-92611,ng-state-ogun,"L.G. SCHOOL, EBA",INEC_CVR_PU,92611,,inec-lga-579,,state-assembly-sc-734-og,inec-ward-6634
POLLING_UNIT,inec-pu-92612,ng-state-ogun,"L.G. SCHOOL, IROKUN",INEC_CVR_PU,92612,,inec-lga-579,,state-assembly-sc-734-og,inec-ward-6634
POLLING_UNIT,inec-pu-92613,ng-state-ogun,"L.G. SCHOOL, IGBO-EDU",INEC_CVR_PU,92613,,inec-lga-579,,state-assembly-sc-734-og,inec-ward-6634
POLLING_UNIT,inec-pu-92614,ng-state-ogun,"L.G. SCHOOL, IROKUN II",INEC_CVR_PU,92614,,inec-lga-579,,state-assembly-sc-734-og,inec-ward-6634
POLLING_UNIT,inec-pu-92615,ng-state-ogun,"MATERNITY CENTRE, MAKUN-OMI",INEC_CVR_PU,92615,,inec-lga-579,,state-assembly-sc-734-og,inec-ward-6634
POLLING_UNIT,inec-pu-92616,ng-state-ogun,ARIYAN VILLAGE SQUARE,INEC_CVR_PU,92616,,inec-lga-579,,state-assembly-sc-734-og,inec-ward-6634
POLLING_UNIT,inec-pu-92617,ng-state-ogun,ASEPH CAMP IGBO-EDU I,INEC_CVR_PU,92617,,inec-lga-579,,state-assembly-sc-734-og,inec-ward-6634
POLLING_UNIT,inec-pu-92618,ng-state-ogun,ASEPH CAMP IGBO-EDU II,INEC_CVR_PU,92618,,inec-lga-579,,state-assembly-sc-734-og,inec-ward-6634
POLLING_UNIT,inec-pu-92619,ng-state-ogun,"NEAR CHIEF TAYO AJAYI'S HOUSE, MAKUN",INEC_CVR_PU,92619,,inec-lga-579,,state-assembly-sc-734-og,inec-ward-6634
POLLING_UNIT,inec-pu-661719,ng-state-ogun,"TOWN HALL, IMAKUN",INEC_CVR_PU,661719,,inec-lga-579,,state-assembly-sc-734-og,inec-ward-6634
WARD,inec-ward-6635,ng-state-ogun,ODE-OMI,INEC_CVR_WARD,6635,,inec-lga-579,,state-assembly-sc-734-og,
POLLING_UNIT,inec-pu-92620,ng-state-ogun,"L.G. SCHOOL, ODE-OMI I",INEC_CVR_PU,92620,,inec-lga-579,,state-assembly-sc-734-og,inec-ward-6635
POLLING_UNIT,inec-pu-92621,ng-state-ogun,"L.G. SCHOOL, IGBOSERE",INEC_CVR_PU,92621,,inec-lga-579,,state-assembly-sc-734-og,inec-ward-6635
POLLING_UNIT,inec-pu-92622,ng-state-ogun,"L.G. SCHOOL, AWODIKORA",INEC_CVR_PU,92622,,inec-lga-579,,state-assembly-sc-734-og,inec-ward-6635
POLLING_UNIT,inec-pu-92623,ng-state-ogun,"L.G. SCHOOL, OKUN ILETE",INEC_CVR_PU,92623,,inec-lga-579,,state-assembly-sc-734-og,inec-ward-6635
POLLING_UNIT,inec-pu-92624,ng-state-ogun,L.G. SCHOOL OKUN ELEFON,INEC_CVR_PU,92624,,inec-lga-579,,state-assembly-sc-734-og,inec-ward-6635
POLLING_UNIT,inec-pu-92625,ng-state-ogun,"RICE MILL, BARIKEN",INEC_CVR_PU,92625,,inec-lga-579,,state-assembly-sc-734-og,inec-ward-6635
POLLING_UNIT,inec-pu-92626,ng-state-ogun,OKUN ISEKUN,INEC_CVR_PU,92626,,inec-lga-579,,state-assembly-sc-734-og,inec-ward-6635
POLLING_UNIT,inec-pu-92627,ng-state-ogun,"OWA OBA SQUARE,ITUN OLOJA,ODE-OMI",INEC_CVR_PU,92627,,inec-lga-579,,state-assembly-sc-734-og,inec-ward-6635
POLLING_UNIT,inec-pu-92628,ng-state-ogun,OPEN SPACE AT IGBESERE,INEC_CVR_PU,92628,,inec-lga-579,,state-assembly-sc-734-og,inec-ward-6635
POLLING_UNIT,inec-pu-661720,ng-state-ogun,"HEALTH CENTRE, ODE-OMI",INEC_CVR_PU,661720,,inec-lga-579,,state-assembly-sc-734-og,inec-ward-6635
POLLING_UNIT,inec-pu-661721,ng-state-ogun,"TOWN HALL, ODE - OMI",INEC_CVR_PU,661721,,inec-lga-579,,state-assembly-sc-734-og,inec-ward-6635
WARD,inec-ward-6636,ng-state-ogun,AYEGBAMI,INEC_CVR_WARD,6636,,inec-lga-580,,state-assembly-sc-941-og,
POLLING_UNIT,inec-pu-92629,ng-state-ogun,OPEN SPACE AT AGO ARO JUNCTION I,INEC_CVR_PU,92629,,inec-lga-580,,state-assembly-sc-941-og,inec-ward-6636
POLLING_UNIT,inec-pu-92630,ng-state-ogun,OPEN SPACE AT AGO ARO JUNCTION II,INEC_CVR_PU,92630,,inec-lga-580,,state-assembly-sc-941-og,inec-ward-6636
POLLING_UNIT,inec-pu-92631,ng-state-ogun,OPEN SPACE AT IDI-ABA,INEC_CVR_PU,92631,,inec-lga-580,,state-assembly-sc-941-og,inec-ward-6636
POLLING_UNIT,inec-pu-92632,ng-state-ogun,"ST. PETERS SCHOOL,AYEGBAMI ISARA",INEC_CVR_PU,92632,,inec-lga-580,,state-assembly-sc-941-og,inec-ward-6636
POLLING_UNIT,inec-pu-92633,ng-state-ogun,OPEN SPACE AT ALL WELL (AT OMO OLOWO) I,INEC_CVR_PU,92633,,inec-lga-580,,state-assembly-sc-941-og,inec-ward-6636
POLLING_UNIT,inec-pu-92634,ng-state-ogun,OPEN SPACE AT ALL WELL (AT OMO OLOWO) II,INEC_CVR_PU,92634,,inec-lga-580,,state-assembly-sc-941-og,inec-ward-6636
POLLING_UNIT,inec-pu-92635,ng-state-ogun,OPEN SPACE AT ARAROMI MIDWAY I,INEC_CVR_PU,92635,,inec-lga-580,,state-assembly-sc-941-og,inec-ward-6636
POLLING_UNIT,inec-pu-92636,ng-state-ogun,OPEN SPACE AT ARAROMI MIDWAY II,INEC_CVR_PU,92636,,inec-lga-580,,state-assembly-sc-941-og,inec-ward-6636
POLLING_UNIT,inec-pu-92637,ng-state-ogun,OPEN SPACE AT LEMO ( ITALE),INEC_CVR_PU,92637,,inec-lga-580,,state-assembly-sc-941-og,inec-ward-6636
POLLING_UNIT,inec-pu-92638,ng-state-ogun,OPEN SPACE AT ALAGOMEJI,INEC_CVR_PU,92638,,inec-lga-580,,state-assembly-sc-941-og,inec-ward-6636
POLLING_UNIT,inec-pu-92639,ng-state-ogun,OPEN SPACE AT IFEPE MID-WAY,INEC_CVR_PU,92639,,inec-lga-580,,state-assembly-sc-941-og,inec-ward-6636
POLLING_UNIT,inec-pu-92640,ng-state-ogun,OPEN SPACE AT AYEGBAMI (TOKOTAYA) ISARA,INEC_CVR_PU,92640,,inec-lga-580,,state-assembly-sc-941-og,inec-ward-6636
POLLING_UNIT,inec-pu-92641,ng-state-ogun,"OPEN SPACE AT OLOPOMEWA, ISARA",INEC_CVR_PU,92641,,inec-lga-580,,state-assembly-sc-941-og,inec-ward-6636
POLLING_UNIT,inec-pu-92642,ng-state-ogun,"OPEN SPACE AT MOTOYE,ISARA",INEC_CVR_PU,92642,,inec-lga-580,,state-assembly-sc-941-og,inec-ward-6636
POLLING_UNIT,inec-pu-92643,ng-state-ogun,OPEN SPACE AT EREDO,INEC_CVR_PU,92643,,inec-lga-580,,state-assembly-sc-941-og,inec-ward-6636
POLLING_UNIT,inec-pu-92644,ng-state-ogun,OPEN SPACE AT SAREPAWO,INEC_CVR_PU,92644,,inec-lga-580,,state-assembly-sc-941-og,inec-ward-6636
POLLING_UNIT,inec-pu-661722,ng-state-ogun,"OPEN SPACE FRONT OF MATERNITY CENTRE, MADA",INEC_CVR_PU,661722,,inec-lga-580,,state-assembly-sc-941-og,inec-ward-6636
WARD,inec-ward-6637,ng-state-ogun,IGAN/AJINA,INEC_CVR_WARD,6637,,inec-lga-580,,state-assembly-sc-941-og,
POLLING_UNIT,inec-pu-92645,ng-state-ogun,OPEN SPACE AT OLIWO JUNCTION I,INEC_CVR_PU,92645,,inec-lga-580,,state-assembly-sc-941-og,inec-ward-6637
POLLING_UNIT,inec-pu-92646,ng-state-ogun,OPEN SPACE AT OLIWO JUNCTION II,INEC_CVR_PU,92646,,inec-lga-580,,state-assembly-sc-941-og,inec-ward-6637
POLLING_UNIT,inec-pu-92647,ng-state-ogun,"AJINA SQUARE I, ISARA",INEC_CVR_PU,92647,,inec-lga-580,,state-assembly-sc-941-og,inec-ward-6637
POLLING_UNIT,inec-pu-92648,ng-state-ogun,"AJINA SQUARE II, ISARA",INEC_CVR_PU,92648,,inec-lga-580,,state-assembly-sc-941-og,inec-ward-6637
POLLING_UNIT,inec-pu-92649,ng-state-ogun,OPEN SPACE AT JABATA I,INEC_CVR_PU,92649,,inec-lga-580,,state-assembly-sc-941-og,inec-ward-6637
POLLING_UNIT,inec-pu-92650,ng-state-ogun,OPEN SPACE AT JABATA II,INEC_CVR_PU,92650,,inec-lga-580,,state-assembly-sc-941-og,inec-ward-6637
POLLING_UNIT,inec-pu-92651,ng-state-ogun,OPEN SPACE AT JABATA III,INEC_CVR_PU,92651,,inec-lga-580,,state-assembly-sc-941-og,inec-ward-6637
POLLING_UNIT,inec-pu-92652,ng-state-ogun,OPEN SPACE AT ITA POKE,INEC_CVR_PU,92652,,inec-lga-580,,state-assembly-sc-941-og,inec-ward-6637
POLLING_UNIT,inec-pu-92653,ng-state-ogun,OPEN SPACE AT AGO ARO,INEC_CVR_PU,92653,,inec-lga-580,,state-assembly-sc-941-og,inec-ward-6637
POLLING_UNIT,inec-pu-92654,ng-state-ogun,OPEN SPACE AT MAJAAGO,INEC_CVR_PU,92654,,inec-lga-580,,state-assembly-sc-941-og,inec-ward-6637
POLLING_UNIT,inec-pu-92655,ng-state-ogun,OPEN SPACE AT MAJAAGO'S PALACE,INEC_CVR_PU,92655,,inec-lga-580,,state-assembly-sc-941-og,inec-ward-6637
POLLING_UNIT,inec-pu-92656,ng-state-ogun,"OPEN SPACE AT ILE AWO,OPP. GEN. HOSPITAL",INEC_CVR_PU,92656,,inec-lga-580,,state-assembly-sc-941-og,inec-ward-6637
POLLING_UNIT,inec-pu-92657,ng-state-ogun,OPEN SPACE AT ITA OLIMO,INEC_CVR_PU,92657,,inec-lga-580,,state-assembly-sc-941-og,inec-ward-6637
POLLING_UNIT,inec-pu-92658,ng-state-ogun,OPEN SPACE AT ERINLA MIDWAY,INEC_CVR_PU,92658,,inec-lga-580,,state-assembly-sc-941-og,inec-ward-6637
POLLING_UNIT,inec-pu-92659,ng-state-ogun,OPEN SPACE AT POKE,INEC_CVR_PU,92659,,inec-lga-580,,state-assembly-sc-941-og,inec-ward-6637
POLLING_UNIT,inec-pu-92660,ng-state-ogun,OPEN SPACE AT MADOGA STREET,INEC_CVR_PU,92660,,inec-lga-580,,state-assembly-sc-941-og,inec-ward-6637
WARD,inec-ward-6638,ng-state-ogun,MOBORODE/OKE-OLA,INEC_CVR_WARD,6638,,inec-lga-580,,state-assembly-sc-941-og,
POLLING_UNIT,inec-pu-92661,ng-state-ogun,"OPEN SPACE AT OKE OLA, MID WAY I",INEC_CVR_PU,92661,,inec-lga-580,,state-assembly-sc-941-og,inec-ward-6638
POLLING_UNIT,inec-pu-92662,ng-state-ogun,"OPEN SPACE AT OKE OLA, MID WAY II",INEC_CVR_PU,92662,,inec-lga-580,,state-assembly-sc-941-og,inec-ward-6638
POLLING_UNIT,inec-pu-92663,ng-state-ogun,"A.U.D. SCHOOL, ISARA I",INEC_CVR_PU,92663,,inec-lga-580,,state-assembly-sc-941-og,inec-ward-6638
POLLING_UNIT,inec-pu-92664,ng-state-ogun,"A.U.D. SCHOOL, ISARA II",INEC_CVR_PU,92664,,inec-lga-580,,state-assembly-sc-941-og,inec-ward-6638
POLLING_UNIT,inec-pu-92665,ng-state-ogun,"WESLEY SCHOOL, ISARA I",INEC_CVR_PU,92665,,inec-lga-580,,state-assembly-sc-941-og,inec-ward-6638
POLLING_UNIT,inec-pu-92666,ng-state-ogun,"WESLEY SCHOOL, ISARA II",INEC_CVR_PU,92666,,inec-lga-580,,state-assembly-sc-941-og,inec-ward-6638
POLLING_UNIT,inec-pu-92667,ng-state-ogun,OPEN SPACE AT OBALENDE JUNCTION,INEC_CVR_PU,92667,,inec-lga-580,,state-assembly-sc-941-og,inec-ward-6638
POLLING_UNIT,inec-pu-92668,ng-state-ogun,"OPEN SPACE AT IDI-OBI, OBALENDE",INEC_CVR_PU,92668,,inec-lga-580,,state-assembly-sc-941-og,inec-ward-6638
POLLING_UNIT,inec-pu-92669,ng-state-ogun,OPEN SPACE AT IMORISA MID-WAY,INEC_CVR_PU,92669,,inec-lga-580,,state-assembly-sc-941-og,inec-ward-6638
POLLING_UNIT,inec-pu-661727,ng-state-ogun,L.G SCHOOL AGETA,INEC_CVR_PU,661727,,inec-lga-580,,state-assembly-sc-941-og,inec-ward-6638
WARD,inec-ward-6639,ng-state-ogun,ODOFIN/IMAGBO/PETEKUN/DAWARA,INEC_CVR_WARD,6639,,inec-lga-580,,state-assembly-sc-941-og,
POLLING_UNIT,inec-pu-92670,ng-state-ogun,L.G. SCHOOL ODO I,INEC_CVR_PU,92670,,inec-lga-580,,state-assembly-sc-941-og,inec-ward-6639
POLLING_UNIT,inec-pu-92671,ng-state-ogun,L.G. SCHOOL ODO II,INEC_CVR_PU,92671,,inec-lga-580,,state-assembly-sc-941-og,inec-ward-6639
POLLING_UNIT,inec-pu-92672,ng-state-ogun,L.G. SCHOOL JOWOJE,INEC_CVR_PU,92672,,inec-lga-580,,state-assembly-sc-941-og,inec-ward-6639
POLLING_UNIT,inec-pu-92673,ng-state-ogun,L.G. SCHOOL GBASEMO,INEC_CVR_PU,92673,,inec-lga-580,,state-assembly-sc-941-og,inec-ward-6639
POLLING_UNIT,inec-pu-92674,ng-state-ogun,L.G. SCHOOL IMAGBON,INEC_CVR_PU,92674,,inec-lga-580,,state-assembly-sc-941-og,inec-ward-6639
POLLING_UNIT,inec-pu-92675,ng-state-ogun,"L.G. SCHOOL, ELUJU",INEC_CVR_PU,92675,,inec-lga-580,,state-assembly-sc-941-og,inec-ward-6639
POLLING_UNIT,inec-pu-92676,ng-state-ogun,OLOPARUN VILLAGE SQUARE,INEC_CVR_PU,92676,,inec-lga-580,,state-assembly-sc-941-og,inec-ward-6639
POLLING_UNIT,inec-pu-92677,ng-state-ogun,EGUNFOYE VILLAGE SQUARE I,INEC_CVR_PU,92677,,inec-lga-580,,state-assembly-sc-941-og,inec-ward-6639
POLLING_UNIT,inec-pu-92678,ng-state-ogun,EGUNFOYE VILLAGE SQUARE II,INEC_CVR_PU,92678,,inec-lga-580,,state-assembly-sc-941-og,inec-ward-6639
POLLING_UNIT,inec-pu-92679,ng-state-ogun,LAGBANA PRY. SCHOOL,INEC_CVR_PU,92679,,inec-lga-580,,state-assembly-sc-941-og,inec-ward-6639
POLLING_UNIT,inec-pu-92680,ng-state-ogun,OPEN SPACE AT IRESI VILLAGE,INEC_CVR_PU,92680,,inec-lga-580,,state-assembly-sc-941-og,inec-ward-6639
POLLING_UNIT,inec-pu-92681,ng-state-ogun,OPEN SPACE AT PETEKU LISA VILLAGE I,INEC_CVR_PU,92681,,inec-lga-580,,state-assembly-sc-941-og,inec-ward-6639
POLLING_UNIT,inec-pu-92682,ng-state-ogun,OPE SPACE AT PETEKU LISA VILLAGE II,INEC_CVR_PU,92682,,inec-lga-580,,state-assembly-sc-941-og,inec-ward-6639
POLLING_UNIT,inec-pu-92683,ng-state-ogun,OPEN SPACE AT DEYORUWA,INEC_CVR_PU,92683,,inec-lga-580,,state-assembly-sc-941-og,inec-ward-6639
POLLING_UNIT,inec-pu-92684,ng-state-ogun,OPEN SPACE AT DAWARA,INEC_CVR_PU,92684,,inec-lga-580,,state-assembly-sc-941-og,inec-ward-6639
POLLING_UNIT,inec-pu-92685,ng-state-ogun,OPEN SPACE AT OPEKERE,INEC_CVR_PU,92685,,inec-lga-580,,state-assembly-sc-941-og,inec-ward-6639
POLLING_UNIT,inec-pu-92686,ng-state-ogun,OPEN SPACE AT ALAGBE,INEC_CVR_PU,92686,,inec-lga-580,,state-assembly-sc-941-og,inec-ward-6639
POLLING_UNIT,inec-pu-92687,ng-state-ogun,OPEN SPACE AT OLIWO,INEC_CVR_PU,92687,,inec-lga-580,,state-assembly-sc-941-og,inec-ward-6639
WARD,inec-ward-6640,ng-state-ogun,ILARA,INEC_CVR_WARD,6640,,inec-lga-580,,state-assembly-sc-941-og,
POLLING_UNIT,inec-pu-92688,ng-state-ogun,"UNITED SCHOOL, ILARA I",INEC_CVR_PU,92688,,inec-lga-580,,state-assembly-sc-941-og,inec-ward-6640
POLLING_UNIT,inec-pu-92689,ng-state-ogun,"UNITED SCHOOL, ILARA II",INEC_CVR_PU,92689,,inec-lga-580,,state-assembly-sc-941-og,inec-ward-6640
POLLING_UNIT,inec-pu-92690,ng-state-ogun,"OPEN SPACE AT AYEGBAMI ST.MIDDLE I, ILARA",INEC_CVR_PU,92690,,inec-lga-580,,state-assembly-sc-941-og,inec-ward-6640
POLLING_UNIT,inec-pu-92691,ng-state-ogun,"OPEN SPACE AT AYEGBAMI ST. MIDDLE II, ILARA",INEC_CVR_PU,92691,,inec-lga-580,,state-assembly-sc-941-og,inec-ward-6640
POLLING_UNIT,inec-pu-92692,ng-state-ogun,OPEN SPACE AT J. JUNCTION ILARA I,INEC_CVR_PU,92692,,inec-lga-580,,state-assembly-sc-941-og,inec-ward-6640
POLLING_UNIT,inec-pu-92693,ng-state-ogun,OPEN SPACE AT J. JUNCTION ILARA II,INEC_CVR_PU,92693,,inec-lga-580,,state-assembly-sc-941-og,inec-ward-6640
POLLING_UNIT,inec-pu-661723,ng-state-ogun,"OPEN SPACE FRONT OF MTN MAST, ILARA",INEC_CVR_PU,661723,,inec-lga-580,,state-assembly-sc-941-og,inec-ward-6640
POLLING_UNIT,inec-pu-661724,ng-state-ogun,"OPEN SPACE AT ARAROMI, ILARA",INEC_CVR_PU,661724,,inec-lga-580,,state-assembly-sc-941-og,inec-ward-6640
POLLING_UNIT,inec-pu-661725,ng-state-ogun,"OPEN SPACE AT OBAOLUAYE, ILARA",INEC_CVR_PU,661725,,inec-lga-580,,state-assembly-sc-941-og,inec-ward-6640
WARD,inec-ward-6641,ng-state-ogun,AKAKA,INEC_CVR_WARD,6641,,inec-lga-580,,state-assembly-sc-941-og,
POLLING_UNIT,inec-pu-92694,ng-state-ogun,"UNITED SCHOOL, AKAKA I",INEC_CVR_PU,92694,,inec-lga-580,,state-assembly-sc-941-og,inec-ward-6641
POLLING_UNIT,inec-pu-92695,ng-state-ogun,"UNITED SCHOOL, AKAKA II",INEC_CVR_PU,92695,,inec-lga-580,,state-assembly-sc-941-og,inec-ward-6641
POLLING_UNIT,inec-pu-92696,ng-state-ogun,AFONLADE VILLAGE SQUARE I,INEC_CVR_PU,92696,,inec-lga-580,,state-assembly-sc-941-og,inec-ward-6641
POLLING_UNIT,inec-pu-92697,ng-state-ogun,AFONLADE VILLAGE SQUARE II,INEC_CVR_PU,92697,,inec-lga-580,,state-assembly-sc-941-og,inec-ward-6641
POLLING_UNIT,inec-pu-92698,ng-state-ogun,SALU VILLAGE SQUARE,INEC_CVR_PU,92698,,inec-lga-580,,state-assembly-sc-941-og,inec-ward-6641
POLLING_UNIT,inec-pu-92699,ng-state-ogun,"UNITED SCHOOL, AKE AMURE",INEC_CVR_PU,92699,,inec-lga-580,,state-assembly-sc-941-og,inec-ward-6641
POLLING_UNIT,inec-pu-92700,ng-state-ogun,"OPEN SPACE FRONT MATERNITY CENTRE, AKAKA",INEC_CVR_PU,92700,,inec-lga-580,,state-assembly-sc-941-og,inec-ward-6641
POLLING_UNIT,inec-pu-92701,ng-state-ogun,OPEN SPACE AT AGORIGO,INEC_CVR_PU,92701,,inec-lga-580,,state-assembly-sc-941-og,inec-ward-6641
POLLING_UNIT,inec-pu-92702,ng-state-ogun,OPEN SPACE AT ABORO,INEC_CVR_PU,92702,,inec-lga-580,,state-assembly-sc-941-og,inec-ward-6641
POLLING_UNIT,inec-pu-92703,ng-state-ogun,OPEN SPACE AT ABEAYIKA,INEC_CVR_PU,92703,,inec-lga-580,,state-assembly-sc-941-og,inec-ward-6641
POLLING_UNIT,inec-pu-92704,ng-state-ogun,ABULE BALOGUN VILLAGE SQUARE,INEC_CVR_PU,92704,,inec-lga-580,,state-assembly-sc-941-og,inec-ward-6641
WARD,inec-ward-6642,ng-state-ogun,IPARA,INEC_CVR_WARD,6642,,inec-lga-580,,state-assembly-sc-941-og,
POLLING_UNIT,inec-pu-92705,ng-state-ogun,MARKET SQUARE IPARA I,INEC_CVR_PU,92705,,inec-lga-580,,state-assembly-sc-941-og,inec-ward-6642
POLLING_UNIT,inec-pu-92706,ng-state-ogun,MARKET SQUARE IPARA II,INEC_CVR_PU,92706,,inec-lga-580,,state-assembly-sc-941-og,inec-ward-6642
POLLING_UNIT,inec-pu-92707,ng-state-ogun,LOCAL GOVT. SCH. IPARA I,INEC_CVR_PU,92707,,inec-lga-580,,state-assembly-sc-941-og,inec-ward-6642
POLLING_UNIT,inec-pu-92708,ng-state-ogun,LOCAL GOVT. SCH. IPARA II,INEC_CVR_PU,92708,,inec-lga-580,,state-assembly-sc-941-og,inec-ward-6642
POLLING_UNIT,inec-pu-92709,ng-state-ogun,UNITED SCH. IPARA I,INEC_CVR_PU,92709,,inec-lga-580,,state-assembly-sc-941-og,inec-ward-6642
POLLING_UNIT,inec-pu-92710,ng-state-ogun,UNITED SCH. IPARA II,INEC_CVR_PU,92710,,inec-lga-580,,state-assembly-sc-941-og,inec-ward-6642
POLLING_UNIT,inec-pu-92711,ng-state-ogun,OPEN SPACE AT ABULE SONOYI,INEC_CVR_PU,92711,,inec-lga-580,,state-assembly-sc-941-og,inec-ward-6642
POLLING_UNIT,inec-pu-92712,ng-state-ogun,"OPEN SPACE AT AYEGBAMI IPARA, I",INEC_CVR_PU,92712,,inec-lga-580,,state-assembly-sc-941-og,inec-ward-6642
POLLING_UNIT,inec-pu-92713,ng-state-ogun,OPEN SPACE AT AYEGBAMI IPARA II,INEC_CVR_PU,92713,,inec-lga-580,,state-assembly-sc-941-og,inec-ward-6642
POLLING_UNIT,inec-pu-661726,ng-state-ogun,COMMUNITY HIGH SCHOOL IPARA,INEC_CVR_PU,661726,,inec-lga-580,,state-assembly-sc-941-og,inec-ward-6642
WARD,inec-ward-6643,ng-state-ogun,ORILE-OKO,INEC_CVR_WARD,6643,,inec-lga-580,,state-assembly-sc-941-og,
POLLING_UNIT,inec-pu-92714,ng-state-ogun,"ANGLICAN SCHOOL, ISAN",INEC_CVR_PU,92714,,inec-lga-580,,state-assembly-sc-941-og,inec-ward-6643
POLLING_UNIT,inec-pu-92715,ng-state-ogun,"L.G. SCHOOL, OKODELOKUN",INEC_CVR_PU,92715,,inec-lga-580,,state-assembly-sc-941-og,inec-ward-6643
POLLING_UNIT,inec-pu-92716,ng-state-ogun,"L.G. SCHOOL, ATOBA",INEC_CVR_PU,92716,,inec-lga-580,,state-assembly-sc-941-og,inec-ward-6643
POLLING_UNIT,inec-pu-92717,ng-state-ogun,UNITED HALL AJANA,INEC_CVR_PU,92717,,inec-lga-580,,state-assembly-sc-941-og,inec-ward-6643
POLLING_UNIT,inec-pu-92718,ng-state-ogun,AJEGUNLE VILLAGE SQUARE,INEC_CVR_PU,92718,,inec-lga-580,,state-assembly-sc-941-og,inec-ward-6643
POLLING_UNIT,inec-pu-92719,ng-state-ogun,ARAROMI MARKET SQUARE,INEC_CVR_PU,92719,,inec-lga-580,,state-assembly-sc-941-og,inec-ward-6643
POLLING_UNIT,inec-pu-92720,ng-state-ogun,OPEN SPACE AT OGUNMUYIWA VILLAGE,INEC_CVR_PU,92720,,inec-lga-580,,state-assembly-sc-941-og,inec-ward-6643
POLLING_UNIT,inec-pu-92721,ng-state-ogun,KAJOLA VILLAGE SQUARE,INEC_CVR_PU,92721,,inec-lga-580,,state-assembly-sc-941-og,inec-ward-6643
POLLING_UNIT,inec-pu-92722,ng-state-ogun,OLIWO VILLAGE SQUARE,INEC_CVR_PU,92722,,inec-lga-580,,state-assembly-sc-941-og,inec-ward-6643
WARD,inec-ward-6644,ng-state-ogun,ODE I,INEC_CVR_WARD,6644,,inec-lga-580,,state-assembly-sc-941-og,
POLLING_UNIT,inec-pu-92723,ng-state-ogun,"XT. CHURCH SCHOOL, ODO I",INEC_CVR_PU,92723,,inec-lga-580,,state-assembly-sc-941-og,inec-ward-6644
POLLING_UNIT,inec-pu-92724,ng-state-ogun,"XT. CHURCH SCHOOL, ODO II",INEC_CVR_PU,92724,,inec-lga-580,,state-assembly-sc-941-og,inec-ward-6644
POLLING_UNIT,inec-pu-92725,ng-state-ogun,ODE REMO TOWN HALL I,INEC_CVR_PU,92725,,inec-lga-580,,state-assembly-sc-941-og,inec-ward-6644
POLLING_UNIT,inec-pu-92726,ng-state-ogun,ODE REMO TOWN HALL II,INEC_CVR_PU,92726,,inec-lga-580,,state-assembly-sc-941-og,inec-ward-6644
POLLING_UNIT,inec-pu-92727,ng-state-ogun,NLOKU MARKET SQUARE I,INEC_CVR_PU,92727,,inec-lga-580,,state-assembly-sc-941-og,inec-ward-6644
POLLING_UNIT,inec-pu-92728,ng-state-ogun,NLOKU MARKET SQUARE II,INEC_CVR_PU,92728,,inec-lga-580,,state-assembly-sc-941-og,inec-ward-6644
POLLING_UNIT,inec-pu-92729,ng-state-ogun,OPEN SPACE FRONT MATERNITY CENTRE I,INEC_CVR_PU,92729,,inec-lga-580,,state-assembly-sc-941-og,inec-ward-6644
POLLING_UNIT,inec-pu-92730,ng-state-ogun,OPEN SPACE FRONT MATERNITY CENTRE II,INEC_CVR_PU,92730,,inec-lga-580,,state-assembly-sc-941-og,inec-ward-6644
POLLING_UNIT,inec-pu-92731,ng-state-ogun,ODE REMO HIGH SCH. I,INEC_CVR_PU,92731,,inec-lga-580,,state-assembly-sc-941-og,inec-ward-6644
POLLING_UNIT,inec-pu-92732,ng-state-ogun,ODE REMO HIGH SCH. II,INEC_CVR_PU,92732,,inec-lga-580,,state-assembly-sc-941-og,inec-ward-6644
POLLING_UNIT,inec-pu-92733,ng-state-ogun,AJINA SQUARE I,INEC_CVR_PU,92733,,inec-lga-580,,state-assembly-sc-941-og,inec-ward-6644
POLLING_UNIT,inec-pu-92734,ng-state-ogun,AJINA SQUARE II,INEC_CVR_PU,92734,,inec-lga-580,,state-assembly-sc-941-og,inec-ward-6644
POLLING_UNIT,inec-pu-92735,ng-state-ogun,OPEN SPACE AT ITAMARO I,INEC_CVR_PU,92735,,inec-lga-580,,state-assembly-sc-941-og,inec-ward-6644
POLLING_UNIT,inec-pu-92736,ng-state-ogun,OPEN SPACE AT ITAMARO II,INEC_CVR_PU,92736,,inec-lga-580,,state-assembly-sc-941-og,inec-ward-6644
POLLING_UNIT,inec-pu-92737,ng-state-ogun,AJINA SQUARE,INEC_CVR_PU,92737,,inec-lga-580,,state-assembly-sc-941-og,inec-ward-6644
WARD,inec-ward-6645,ng-state-ogun,ODE II,INEC_CVR_WARD,6645,,inec-lga-580,,state-assembly-sc-941-og,
POLLING_UNIT,inec-pu-92738,ng-state-ogun,"A.U.D. SCHOOL, ODE I",INEC_CVR_PU,92738,,inec-lga-580,,state-assembly-sc-941-og,inec-ward-6645
POLLING_UNIT,inec-pu-92739,ng-state-ogun,"A.U.D. SCHOOL, ODE II",INEC_CVR_PU,92739,,inec-lga-580,,state-assembly-sc-941-og,inec-ward-6645
POLLING_UNIT,inec-pu-92740,ng-state-ogun,"WESLEY SCHOOL, ODE I",INEC_CVR_PU,92740,,inec-lga-580,,state-assembly-sc-941-og,inec-ward-6645
POLLING_UNIT,inec-pu-92741,ng-state-ogun,"WESLEY SCHOOL, ODE II",INEC_CVR_PU,92741,,inec-lga-580,,state-assembly-sc-941-og,inec-ward-6645
POLLING_UNIT,inec-pu-92742,ng-state-ogun,OPEN SPACE AT ITUN-ODE/IGODO NEAR ASIRU'S MOSQUE,INEC_CVR_PU,92742,,inec-lga-580,,state-assembly-sc-941-og,inec-ward-6645
POLLING_UNIT,inec-pu-92743,ng-state-ogun,AGBERO MARKET SQUARE I,INEC_CVR_PU,92743,,inec-lga-580,,state-assembly-sc-941-og,inec-ward-6645
POLLING_UNIT,inec-pu-92744,ng-state-ogun,AGBERO MARKET SQUARE II,INEC_CVR_PU,92744,,inec-lga-580,,state-assembly-sc-941-og,inec-ward-6645
POLLING_UNIT,inec-pu-92745,ng-state-ogun,OKE-OLA (NEAR ADERANGA'S HOUSE) I,INEC_CVR_PU,92745,,inec-lga-580,,state-assembly-sc-941-og,inec-ward-6645
POLLING_UNIT,inec-pu-92746,ng-state-ogun,OKE-OLA (NEAR ADERANGA'S HOUSE) II,INEC_CVR_PU,92746,,inec-lga-580,,state-assembly-sc-941-og,inec-ward-6645
POLLING_UNIT,inec-pu-92747,ng-state-ogun,OPEN SPACE AT MARIDAN STREET ADEBONYI I,INEC_CVR_PU,92747,,inec-lga-580,,state-assembly-sc-941-og,inec-ward-6645
POLLING_UNIT,inec-pu-92748,ng-state-ogun,OPEN SPACE AT MARIDAN STREET ADEBONYI II,INEC_CVR_PU,92748,,inec-lga-580,,state-assembly-sc-941-og,inec-ward-6645
POLLING_UNIT,inec-pu-92749,ng-state-ogun,OPEN SPACE AT MARIDAN STREET ADEBONYI III,INEC_CVR_PU,92749,,inec-lga-580,,state-assembly-sc-941-og,inec-ward-6645
POLLING_UNIT,inec-pu-92750,ng-state-ogun,OPEN SPACE AT ITA OLISA NEAR BALOGUN'S MOSQUE,INEC_CVR_PU,92750,,inec-lga-580,,state-assembly-sc-941-og,inec-ward-6645
POLLING_UNIT,inec-pu-92751,ng-state-ogun,OPEN SPACE AT ITA OLISA,INEC_CVR_PU,92751,,inec-lga-580,,state-assembly-sc-941-og,inec-ward-6645
POLLING_UNIT,inec-pu-92752,ng-state-ogun,AGBERO MARKET SQUARE III,INEC_CVR_PU,92752,,inec-lga-580,,state-assembly-sc-941-og,inec-ward-6645
POLLING_UNIT,inec-pu-92753,ng-state-ogun,OPEN SPACE AT OKE-OLA III,INEC_CVR_PU,92753,,inec-lga-580,,state-assembly-sc-941-og,inec-ward-6645
POLLING_UNIT,inec-pu-661728,ng-state-ogun,MUSLIM PRY.SCH.OLOMOWEWE ODE,INEC_CVR_PU,661728,,inec-lga-580,,state-assembly-sc-941-og,inec-ward-6645
WARD,inec-ward-6646,ng-state-ogun,OKO/EPE/ITULA I,INEC_CVR_WARD,6646,,inec-lga-581,,state-assembly-sc-738-og,
POLLING_UNIT,inec-pu-92754,ng-state-ogun,OPEN SPACE AT SAGAMU ROUND ABOUT,INEC_CVR_PU,92754,,inec-lga-581,,state-assembly-sc-738-og,inec-ward-6646
POLLING_UNIT,inec-pu-92755,ng-state-ogun,"WESLEY SCHOOL, OKO I",INEC_CVR_PU,92755,,inec-lga-581,,state-assembly-sc-738-og,inec-ward-6646
POLLING_UNIT,inec-pu-92756,ng-state-ogun,"WESLEY SCHOOL, OKO II",INEC_CVR_PU,92756,,inec-lga-581,,state-assembly-sc-738-og,inec-ward-6646
POLLING_UNIT,inec-pu-92757,ng-state-ogun,OPEN SPACE AT OLD OJA ALE EPE I,INEC_CVR_PU,92757,,inec-lga-581,,state-assembly-sc-738-og,inec-ward-6646
POLLING_UNIT,inec-pu-92758,ng-state-ogun,OPEN SPACE NEAR NURSERY SCHOOL EJIIRO I,INEC_CVR_PU,92758,,inec-lga-581,,state-assembly-sc-738-og,inec-ward-6646
POLLING_UNIT,inec-pu-92759,ng-state-ogun,"SOYINDO WESLEY SCHOOL I, SOYINDO",INEC_CVR_PU,92759,,inec-lga-581,,state-assembly-sc-738-og,inec-ward-6646
POLLING_UNIT,inec-pu-92760,ng-state-ogun,A.U.D. SCHOOL OKO I,INEC_CVR_PU,92760,,inec-lga-581,,state-assembly-sc-738-og,inec-ward-6646
POLLING_UNIT,inec-pu-661800,ng-state-ogun,"OPEN SPACE @ ARAROMI JUNCTION PHASE 1, ALONG SAGAMU-IKENNE ROAD",INEC_CVR_PU,661800,,inec-lga-581,,state-assembly-sc-738-og,inec-ward-6646
POLLING_UNIT,inec-pu-661801,ng-state-ogun,"OPEN SPACE @ ORIJE JUNCTION, HARMONY JOINT COMMUNITY, SAGAMU-IKENNE ROAD",INEC_CVR_PU,661801,,inec-lga-581,,state-assembly-sc-738-og,inec-ward-6646
POLLING_UNIT,inec-pu-661802,ng-state-ogun,"REMO SECONDARY SCHOOL, SAGAMU",INEC_CVR_PU,661802,,inec-lga-581,,state-assembly-sc-738-og,inec-ward-6646
POLLING_UNIT,inec-pu-661803,ng-state-ogun,OPEN SPACE @ARAROMI PHASE II ORION ACADEMY,INEC_CVR_PU,661803,,inec-lga-581,,state-assembly-sc-738-og,inec-ward-6646
WARD,inec-ward-6647,ng-state-ogun,OKO/EPE/ITULA II,INEC_CVR_WARD,6647,,inec-lga-581,,state-assembly-sc-738-og,
POLLING_UNIT,inec-pu-92761,ng-state-ogun,"OPEN SPACE NEAR ALADO PALACE, OFF HOSPITAL ROAD",INEC_CVR_PU,92761,,inec-lga-581,,state-assembly-sc-738-og,inec-ward-6647
POLLING_UNIT,inec-pu-92762,ng-state-ogun,"OPPOSITE OWONIFARI'S HOUSE, OFF AKARIGBO ROAD",INEC_CVR_PU,92762,,inec-lga-581,,state-assembly-sc-738-og,inec-ward-6647
POLLING_UNIT,inec-pu-92763,ng-state-ogun,ST. COLLUMCILE SCHOOL I,INEC_CVR_PU,92763,,inec-lga-581,,state-assembly-sc-738-og,inec-ward-6647
POLLING_UNIT,inec-pu-92764,ng-state-ogun,"OPEN SPACE BESIDE K & S CHURCH, ORIOKUTA",INEC_CVR_PU,92764,,inec-lga-581,,state-assembly-sc-738-og,inec-ward-6647
POLLING_UNIT,inec-pu-92765,ng-state-ogun,OPEN SPACE AT DEGORUNSEN JUNCTION I,INEC_CVR_PU,92765,,inec-lga-581,,state-assembly-sc-738-og,inec-ward-6647
POLLING_UNIT,inec-pu-92766,ng-state-ogun,OPEN SPACE AT DEGORUNSEN UPPER,INEC_CVR_PU,92766,,inec-lga-581,,state-assembly-sc-738-og,inec-ward-6647
POLLING_UNIT,inec-pu-92767,ng-state-ogun,OPEN SPACE AT IGA LOSI/AKARIGBO ROAD,INEC_CVR_PU,92767,,inec-lga-581,,state-assembly-sc-738-og,inec-ward-6647
POLLING_UNIT,inec-pu-92768,ng-state-ogun,OPEN SPACE AT AJINA/ISOKUN ST. JUNCTION,INEC_CVR_PU,92768,,inec-lga-581,,state-assembly-sc-738-og,inec-ward-6647
POLLING_UNIT,inec-pu-92769,ng-state-ogun,OPEN SPACE NEAR K & S CHURCH,INEC_CVR_PU,92769,,inec-lga-581,,state-assembly-sc-738-og,inec-ward-6647
POLLING_UNIT,inec-pu-92770,ng-state-ogun,OPEN SPACE OPP. LOWA IBU,INEC_CVR_PU,92770,,inec-lga-581,,state-assembly-sc-738-og,inec-ward-6647
POLLING_UNIT,inec-pu-92771,ng-state-ogun,OPEN SPACE OPPOSITE IPOJI,INEC_CVR_PU,92771,,inec-lga-581,,state-assembly-sc-738-og,inec-ward-6647
POLLING_UNIT,inec-pu-92772,ng-state-ogun,OPEN SPACE AT MABADEJE JUNCTION I,INEC_CVR_PU,92772,,inec-lga-581,,state-assembly-sc-738-og,inec-ward-6647
POLLING_UNIT,inec-pu-661804,ng-state-ogun,OPEN SPACE AT ADIEWOCOAT-BAKARE JUNCTION,INEC_CVR_PU,661804,,inec-lga-581,,state-assembly-sc-738-og,inec-ward-6647
POLLING_UNIT,inec-pu-661805,ng-state-ogun,"OPEN SPACE BESIDE AIYEPE POLICE STATION, SAKURA",INEC_CVR_PU,661805,,inec-lga-581,,state-assembly-sc-738-og,inec-ward-6647
POLLING_UNIT,inec-pu-661806,ng-state-ogun,OPEN SPACE AT SOLA SOBOWALE JUNCTION BESIDE TRANSFORMER,INEC_CVR_PU,661806,,inec-lga-581,,state-assembly-sc-738-og,inec-ward-6647
POLLING_UNIT,inec-pu-661807,ng-state-ogun,"OPEN SPACE BESIDE SAKURA PALACE BY THE TRANSFORMER,SAKURA",INEC_CVR_PU,661807,,inec-lga-581,,state-assembly-sc-738-og,inec-ward-6647
POLLING_UNIT,inec-pu-661808,ng-state-ogun,OPEN SPACE AIYEPE JUNCTION,INEC_CVR_PU,661808,,inec-lga-581,,state-assembly-sc-738-og,inec-ward-6647
WARD,inec-ward-6648,ng-state-ogun,AYEGBAMI/IJOKUN,INEC_CVR_WARD,6648,,inec-lga-581,,state-assembly-sc-738-og,
POLLING_UNIT,inec-pu-92773,ng-state-ogun,"OPEN SPACE BESIDE ODEKUN, AIYEPE ROAD",INEC_CVR_PU,92773,,inec-lga-581,,state-assembly-sc-738-og,inec-ward-6648
POLLING_UNIT,inec-pu-92774,ng-state-ogun,"OPEN SPACE FRONTAGE OF JEBE, AYEGBAMI",INEC_CVR_PU,92774,,inec-lga-581,,state-assembly-sc-738-og,inec-ward-6648
POLLING_UNIT,inec-pu-92775,ng-state-ogun,"OPEN SPACE NEAR OLOKO, AYEGBAMI",INEC_CVR_PU,92775,,inec-lga-581,,state-assembly-sc-738-og,inec-ward-6648
POLLING_UNIT,inec-pu-92776,ng-state-ogun,"OPEN SPACE AT KAMIYO STREET, MIDWAY, AYEGBAMI",INEC_CVR_PU,92776,,inec-lga-581,,state-assembly-sc-738-og,inec-ward-6648
POLLING_UNIT,inec-pu-92777,ng-state-ogun,"OPEN SPACE AT SODE, AYEGBAMI",INEC_CVR_PU,92777,,inec-lga-581,,state-assembly-sc-738-og,inec-ward-6648
POLLING_UNIT,inec-pu-92778,ng-state-ogun,"OPEN SPACE NEAR AWOSANYA, AYEGBAMI",INEC_CVR_PU,92778,,inec-lga-581,,state-assembly-sc-738-og,inec-ward-6648
POLLING_UNIT,inec-pu-92779,ng-state-ogun,ST. PAUL'S SCHOOL IJOKUN,INEC_CVR_PU,92779,,inec-lga-581,,state-assembly-sc-738-og,inec-ward-6648
POLLING_UNIT,inec-pu-92780,ng-state-ogun,OPEN SPACE NEAR OLD GARAGE IJOKUN,INEC_CVR_PU,92780,,inec-lga-581,,state-assembly-sc-738-og,inec-ward-6648
POLLING_UNIT,inec-pu-661749,ng-state-ogun,"OPEN SPACE AT MASUNKUNMO JUNCTION BY THE COMMUNICATION MAST, AIYEPE ROAD",INEC_CVR_PU,661749,,inec-lga-581,,state-assembly-sc-738-og,inec-ward-6648
POLLING_UNIT,inec-pu-661750,ng-state-ogun,"OPEN SPACE JEBE STREET END, AIYEGBAMI",INEC_CVR_PU,661750,,inec-lga-581,,state-assembly-sc-738-og,inec-ward-6648
POLLING_UNIT,inec-pu-661751,ng-state-ogun,"OPEN SPACE BESIDE AKEREDOLU YOUTH WATER PROJECT, AYEGBAMI",INEC_CVR_PU,661751,,inec-lga-581,,state-assembly-sc-738-og,inec-ward-6648
POLLING_UNIT,inec-pu-661752,ng-state-ogun,"OPEN SPACE BY RAINBOW/OGUNSOLA STREET JUNCTION, EHINGBETI",INEC_CVR_PU,661752,,inec-lga-581,,state-assembly-sc-738-og,inec-ward-6648
POLLING_UNIT,inec-pu-661753,ng-state-ogun,"AFRICAN CHURCH PRY SCH, APELOGUN SAGAMU",INEC_CVR_PU,661753,,inec-lga-581,,state-assembly-sc-738-og,inec-ward-6648
POLLING_UNIT,inec-pu-661754,ng-state-ogun,ST PAUL SCHOOL AIYEPE,INEC_CVR_PU,661754,,inec-lga-581,,state-assembly-sc-738-og,inec-ward-6648
POLLING_UNIT,inec-pu-661755,ng-state-ogun,"OPEN SPACE AT END BABATUNDE AWOSANYA STREET, AYEGBAMI",INEC_CVR_PU,661755,,inec-lga-581,,state-assembly-sc-738-og,inec-ward-6648
WARD,inec-ward-6649,ng-state-ogun,SABO 1,INEC_CVR_WARD,6649,,inec-lga-581,,state-assembly-sc-738-og,
POLLING_UNIT,inec-pu-92781,ng-state-ogun,"OPEN SPACE AT JOHNSON OGUNSOLA CARWASH,SABO",INEC_CVR_PU,92781,,inec-lga-581,,state-assembly-sc-738-og,inec-ward-6649
POLLING_UNIT,inec-pu-92782,ng-state-ogun,"OPEN SPACE AT DAN-TAJIRA I, SABO",INEC_CVR_PU,92782,,inec-lga-581,,state-assembly-sc-738-og,inec-ward-6649
POLLING_UNIT,inec-pu-92783,ng-state-ogun,"OPEN SPACE AT DAN-TAJIRA UPPER, SABO",INEC_CVR_PU,92783,,inec-lga-581,,state-assembly-sc-738-og,inec-ward-6649
POLLING_UNIT,inec-pu-92784,ng-state-ogun,"OPEN SPACE OPPOSITE OLORI ILU, SABO",INEC_CVR_PU,92784,,inec-lga-581,,state-assembly-sc-738-og,inec-ward-6649
POLLING_UNIT,inec-pu-92785,ng-state-ogun,"OPEN SPACE BESIDE OLUWAKEMI, SABO",INEC_CVR_PU,92785,,inec-lga-581,,state-assembly-sc-738-og,inec-ward-6649
POLLING_UNIT,inec-pu-92786,ng-state-ogun,"OPEN SPACE AT GBASEMO STREET MIDWAY, SABO",INEC_CVR_PU,92786,,inec-lga-581,,state-assembly-sc-738-og,inec-ward-6649
POLLING_UNIT,inec-pu-92787,ng-state-ogun,"OPEN SPACE AT BURAIMO STREET ,MIDWAY, SABO",INEC_CVR_PU,92787,,inec-lga-581,,state-assembly-sc-738-og,inec-ward-6649
POLLING_UNIT,inec-pu-92788,ng-state-ogun,"OPEN SPACE OPPOSITE MERCY HOSPITAL, SABO",INEC_CVR_PU,92788,,inec-lga-581,,state-assembly-sc-738-og,inec-ward-6649
POLLING_UNIT,inec-pu-92789,ng-state-ogun,"OPEN SPACE NEAR G.R.A. BEGINNING I, SABO",INEC_CVR_PU,92789,,inec-lga-581,,state-assembly-sc-738-og,inec-ward-6649
POLLING_UNIT,inec-pu-92790,ng-state-ogun,"OPEN SPACE AT MOSINMI, GRA ROAD, SABO",INEC_CVR_PU,92790,,inec-lga-581,,state-assembly-sc-738-og,inec-ward-6649
POLLING_UNIT,inec-pu-92791,ng-state-ogun,"OPEN SPACE AT OKULAJA STREET, MIDWAY, SABO",INEC_CVR_PU,92791,,inec-lga-581,,state-assembly-sc-738-og,inec-ward-6649
POLLING_UNIT,inec-pu-92792,ng-state-ogun,"OPEN SPACE NEAR MRS OKUBOTE HOUSE, GRA ROAD, SABO",INEC_CVR_PU,92792,,inec-lga-581,,state-assembly-sc-738-og,inec-ward-6649
POLLING_UNIT,inec-pu-92793,ng-state-ogun,"OPEN SPACE NEAR JUBRIL BALOGUN STREET, SABO",INEC_CVR_PU,92793,,inec-lga-581,,state-assembly-sc-738-og,inec-ward-6649
POLLING_UNIT,inec-pu-92794,ng-state-ogun,"OPEN SPACE AT KAARA TRAILER PARK I, SABO",INEC_CVR_PU,92794,,inec-lga-581,,state-assembly-sc-738-og,inec-ward-6649
POLLING_UNIT,inec-pu-92795,ng-state-ogun,"OPEN SPACE AT FAKOYA STREET, MIDWAY, SABO",INEC_CVR_PU,92795,,inec-lga-581,,state-assembly-sc-738-og,inec-ward-6649
POLLING_UNIT,inec-pu-92796,ng-state-ogun,"OPPOSITE STAR-LIGHT, SABO",INEC_CVR_PU,92796,,inec-lga-581,,state-assembly-sc-738-og,inec-ward-6649
POLLING_UNIT,inec-pu-661809,ng-state-ogun,"OPEN SPACE @ KAWEFUNMI JUNCTION, GRA QUARTERS",INEC_CVR_PU,661809,,inec-lga-581,,state-assembly-sc-738-og,inec-ward-6649
POLLING_UNIT,inec-pu-661810,ng-state-ogun,"OPEN SPACE @ BOSS JUNCTION, GRA ROAD SABO",INEC_CVR_PU,661810,,inec-lga-581,,state-assembly-sc-738-og,inec-ward-6649
POLLING_UNIT,inec-pu-661811,ng-state-ogun,OPEN SPACE @ SABO GRA HEALTH CENTRE,INEC_CVR_PU,661811,,inec-lga-581,,state-assembly-sc-738-og,inec-ward-6649
POLLING_UNIT,inec-pu-661812,ng-state-ogun,OPEN SPACE AT OLODO JUNCTION SABO,INEC_CVR_PU,661812,,inec-lga-581,,state-assembly-sc-738-og,inec-ward-6649
POLLING_UNIT,inec-pu-661813,ng-state-ogun,"OPEN SPACE @ ADEMOSU STREET, BESIDE COMMUNICATION MAST, SABO",INEC_CVR_PU,661813,,inec-lga-581,,state-assembly-sc-738-og,inec-ward-6649
POLLING_UNIT,inec-pu-661814,ng-state-ogun,"OPEN SPACE @ KOLAWOLE JUNCTION, OPPOSITE AA RANO PETROL STATION, AKARIGBO ROAD, SABO",INEC_CVR_PU,661814,,inec-lga-581,,state-assembly-sc-738-og,inec-ward-6649
POLLING_UNIT,inec-pu-661815,ng-state-ogun,"OPEN SPACE @ KAARA TRAILER PARK II, AKARIGBO ROAD",INEC_CVR_PU,661815,,inec-lga-581,,state-assembly-sc-738-og,inec-ward-6649
POLLING_UNIT,inec-pu-661816,ng-state-ogun,OPEN SPACE @ BISUGA JUNCTION BESIDE TRANSFORMER,INEC_CVR_PU,661816,,inec-lga-581,,state-assembly-sc-738-og,inec-ward-6649
POLLING_UNIT,inec-pu-661817,ng-state-ogun,"OPEN SPACE @ NELSON OGUNLESI, SABO",INEC_CVR_PU,661817,,inec-lga-581,,state-assembly-sc-738-og,inec-ward-6649
POLLING_UNIT,inec-pu-661818,ng-state-ogun,"INFRONT OF WAPCO SECOND GATE,POWERLINE",INEC_CVR_PU,661818,,inec-lga-581,,state-assembly-sc-738-og,inec-ward-6649
POLLING_UNIT,inec-pu-661819,ng-state-ogun,"OPEN SPACE @ SABITU JUNCTION,SABO",INEC_CVR_PU,661819,,inec-lga-581,,state-assembly-sc-738-og,inec-ward-6649
POLLING_UNIT,inec-pu-661820,ng-state-ogun,OPEN SPACE @ ADENUSI STREET SABO,INEC_CVR_PU,661820,,inec-lga-581,,state-assembly-sc-738-og,inec-ward-6649
POLLING_UNIT,inec-pu-661821,ng-state-ogun,OPEN SPACE AT AWOFALA STREET OKE ODO SABO,INEC_CVR_PU,661821,,inec-lga-581,,state-assembly-sc-738-og,inec-ward-6649
POLLING_UNIT,inec-pu-661822,ng-state-ogun,OPEN SPACE OPPOSITE GRA QUARTERS,INEC_CVR_PU,661822,,inec-lga-581,,state-assembly-sc-738-og,inec-ward-6649
POLLING_UNIT,inec-pu-661823,ng-state-ogun,OPEN SPACE ALAUSA JUNCTION ISOSO GRA PHASE I,INEC_CVR_PU,661823,,inec-lga-581,,state-assembly-sc-738-og,inec-ward-6649
POLLING_UNIT,inec-pu-661824,ng-state-ogun,"OPEN SPACE OBAFEMI AWOLOWO AV,GRA PHASE I",INEC_CVR_PU,661824,,inec-lga-581,,state-assembly-sc-738-og,inec-ward-6649
POLLING_UNIT,inec-pu-661825,ng-state-ogun,"OPEN SPACE @AWOFELA STR,SABO",INEC_CVR_PU,661825,,inec-lga-581,,state-assembly-sc-738-og,inec-ward-6649
POLLING_UNIT,inec-pu-661826,ng-state-ogun,OPEN SPACE @OLODO ROUNDABOUT SABO END,INEC_CVR_PU,661826,,inec-lga-581,,state-assembly-sc-738-og,inec-ward-6649
WARD,inec-ward-6650,ng-state-ogun,SABO II,INEC_CVR_WARD,6650,,inec-lga-581,,state-assembly-sc-738-og,
POLLING_UNIT,inec-pu-92797,ng-state-ogun,"OPEN SPACE OPPOSITE KINGS CROWN HOTEL , SABO",INEC_CVR_PU,92797,,inec-lga-581,,state-assembly-sc-738-og,inec-ward-6650
POLLING_UNIT,inec-pu-92798,ng-state-ogun,"OPEN SPACE NEAR SERIKI, AGURA-SABO",INEC_CVR_PU,92798,,inec-lga-581,,state-assembly-sc-738-og,inec-ward-6650
POLLING_UNIT,inec-pu-92799,ng-state-ogun,L.G SCHOOL I SABO I,INEC_CVR_PU,92799,,inec-lga-581,,state-assembly-sc-738-og,inec-ward-6650
POLLING_UNIT,inec-pu-92800,ng-state-ogun,OPEN SPACE NEAR AGURA ROAD UPPER,INEC_CVR_PU,92800,,inec-lga-581,,state-assembly-sc-738-og,inec-ward-6650
POLLING_UNIT,inec-pu-92801,ng-state-ogun,"MARKET SQUARE ODE-LEMO ROAD, SABO",INEC_CVR_PU,92801,,inec-lga-581,,state-assembly-sc-738-og,inec-ward-6650
POLLING_UNIT,inec-pu-92802,ng-state-ogun,OPEN SPACE NEAR AGURA ROAD END,INEC_CVR_PU,92802,,inec-lga-581,,state-assembly-sc-738-og,inec-ward-6650
POLLING_UNIT,inec-pu-92803,ng-state-ogun,"OPP. NURSERY SCHOOL ODUJOKO I, SABO",INEC_CVR_PU,92803,,inec-lga-581,,state-assembly-sc-738-og,inec-ward-6650
POLLING_UNIT,inec-pu-92804,ng-state-ogun,"OPEN SPACE AT SODE LANE UPPER, SABO",INEC_CVR_PU,92804,,inec-lga-581,,state-assembly-sc-738-og,inec-ward-6650
POLLING_UNIT,inec-pu-92805,ng-state-ogun,"MUSLIM HIGH SCHOOL I, SABO",INEC_CVR_PU,92805,,inec-lga-581,,state-assembly-sc-738-og,inec-ward-6650
POLLING_UNIT,inec-pu-92806,ng-state-ogun,"OPEN SPACE NEAR TEMIDIRE SCHOOL,SABO",INEC_CVR_PU,92806,,inec-lga-581,,state-assembly-sc-738-og,inec-ward-6650
POLLING_UNIT,inec-pu-92807,ng-state-ogun,OPEN SPACE AT ODI OLOWO / AKARIGBO STREET,INEC_CVR_PU,92807,,inec-lga-581,,state-assembly-sc-738-og,inec-ward-6650
POLLING_UNIT,inec-pu-92808,ng-state-ogun,"OPEN SPACE AT ONIGBALE STREET, SABO",INEC_CVR_PU,92808,,inec-lga-581,,state-assembly-sc-738-og,inec-ward-6650
POLLING_UNIT,inec-pu-92809,ng-state-ogun,"REMO DIVISIONAL HIGH SCHOOL I, SABO",INEC_CVR_PU,92809,,inec-lga-581,,state-assembly-sc-738-og,inec-ward-6650
POLLING_UNIT,inec-pu-92810,ng-state-ogun,"BUCKNORS HOUSE BY NEPA I, SABO",INEC_CVR_PU,92810,,inec-lga-581,,state-assembly-sc-738-og,inec-ward-6650
POLLING_UNIT,inec-pu-92811,ng-state-ogun,"OPEN SPACE AT TAIWO GORIOLA , SABO",INEC_CVR_PU,92811,,inec-lga-581,,state-assembly-sc-738-og,inec-ward-6650
POLLING_UNIT,inec-pu-92812,ng-state-ogun,"OPEN SPACE NEAR AGURA ROAD MIDDLE,(IGBELEFUN)",INEC_CVR_PU,92812,,inec-lga-581,,state-assembly-sc-738-og,inec-ward-6650
POLLING_UNIT,inec-pu-661827,ng-state-ogun,"OPEN SPACE AT LAGA JUNCTION, SABO",INEC_CVR_PU,661827,,inec-lga-581,,state-assembly-sc-738-og,inec-ward-6650
POLLING_UNIT,inec-pu-661828,ng-state-ogun,"OPEN SPACE AT OKO IGBO JUNCTION, ABIJAWUTA, ATOYO BESIDE TRANSFORMER",INEC_CVR_PU,661828,,inec-lga-581,,state-assembly-sc-738-og,inec-ward-6650
POLLING_UNIT,inec-pu-661829,ng-state-ogun,"OPEN SPACE AT ONIKOYI ROUND ABOUT, SABO",INEC_CVR_PU,661829,,inec-lga-581,,state-assembly-sc-738-og,inec-ward-6650
POLLING_UNIT,inec-pu-661830,ng-state-ogun,"OPEN SPACE AT HAPPY DAY JUNCTION, SABO",INEC_CVR_PU,661830,,inec-lga-581,,state-assembly-sc-738-og,inec-ward-6650
POLLING_UNIT,inec-pu-661831,ng-state-ogun,"OPEN SPACE AT COMMUNITY CENTER,LISOKU ROAD, IBELEFUN",INEC_CVR_PU,661831,,inec-lga-581,,state-assembly-sc-738-og,inec-ward-6650
POLLING_UNIT,inec-pu-661832,ng-state-ogun,OPEN SPACE ITA MERIN COMMUNITY HALL,INEC_CVR_PU,661832,,inec-lga-581,,state-assembly-sc-738-og,inec-ward-6650
POLLING_UNIT,inec-pu-661833,ng-state-ogun,"OPEN SPACE AT AYODELE JUNCTION OPP TRANSFORMER, IBELEFUN ADEBOKU",INEC_CVR_PU,661833,,inec-lga-581,,state-assembly-sc-738-og,inec-ward-6650
POLLING_UNIT,inec-pu-661834,ng-state-ogun,"OPEN SPACE @ HEALTH CENTRE JUNCTION, POWERLINE ARUBA",INEC_CVR_PU,661834,,inec-lga-581,,state-assembly-sc-738-og,inec-ward-6650
POLLING_UNIT,inec-pu-661835,ng-state-ogun,"OPEN SPACE @ CEMENTRY JUNCTION, ATOYO",INEC_CVR_PU,661835,,inec-lga-581,,state-assembly-sc-738-og,inec-ward-6650
POLLING_UNIT,inec-pu-661836,ng-state-ogun,OPEN SPACE @OGINNI COMMUNITY (PROPOSED HEALTH CENTRE),INEC_CVR_PU,661836,,inec-lga-581,,state-assembly-sc-738-og,inec-ward-6650
POLLING_UNIT,inec-pu-661837,ng-state-ogun,OPEN SPACE @ ATOYO EGBE - ISOPO BESIDE TRANSFORMER,INEC_CVR_PU,661837,,inec-lga-581,,state-assembly-sc-738-og,inec-ward-6650
POLLING_UNIT,inec-pu-661838,ng-state-ogun,"OPEN SPACE @ MARKET SQUARE, IBELEFUN SIMPATA, ALONG ODE - LEMO ROAD",INEC_CVR_PU,661838,,inec-lga-581,,state-assembly-sc-738-og,inec-ward-6650
POLLING_UNIT,inec-pu-661839,ng-state-ogun,"OPEN SPACE AT ELEYOWO MARKET, ELEYOWO",INEC_CVR_PU,661839,,inec-lga-581,,state-assembly-sc-738-og,inec-ward-6650
POLLING_UNIT,inec-pu-661840,ng-state-ogun,"OPEN SPACE AT ONIGBALE END, SABO",INEC_CVR_PU,661840,,inec-lga-581,,state-assembly-sc-738-og,inec-ward-6650
WARD,inec-ward-6651,ng-state-ogun,ISOKUN / OYEBAJO,INEC_CVR_WARD,6651,,inec-lga-581,,state-assembly-sc-738-og,
POLLING_UNIT,inec-pu-92813,ng-state-ogun,"OPEN SPACE NEAR AGOLO,CENTRAL MOSQUE, ISOKUN",INEC_CVR_PU,92813,,inec-lga-581,,state-assembly-sc-738-og,inec-ward-6651
POLLING_UNIT,inec-pu-92814,ng-state-ogun,ST. PAUL'S SCHOOL ALAGBO,INEC_CVR_PU,92814,,inec-lga-581,,state-assembly-sc-738-og,inec-ward-6651
POLLING_UNIT,inec-pu-92815,ng-state-ogun,"OPEN SPACE AT ALAGBONMEFA I, ISOKUN",INEC_CVR_PU,92815,,inec-lga-581,,state-assembly-sc-738-og,inec-ward-6651
POLLING_UNIT,inec-pu-92816,ng-state-ogun,RANIKEN QUARTERS I,INEC_CVR_PU,92816,,inec-lga-581,,state-assembly-sc-738-og,inec-ward-6651
POLLING_UNIT,inec-pu-92817,ng-state-ogun,"OPEN SPACE AT IRAYE STREET , ISOKUN",INEC_CVR_PU,92817,,inec-lga-581,,state-assembly-sc-738-og,inec-ward-6651
POLLING_UNIT,inec-pu-92818,ng-state-ogun,METHODIST COLLEGE I,INEC_CVR_PU,92818,,inec-lga-581,,state-assembly-sc-738-og,inec-ward-6651
POLLING_UNIT,inec-pu-92819,ng-state-ogun,OPEN SPACE AT OGUNLANA ARAROMI JUNCTION I,INEC_CVR_PU,92819,,inec-lga-581,,state-assembly-sc-738-og,inec-ward-6651
POLLING_UNIT,inec-pu-92820,ng-state-ogun,AJEGUNLE / AKARINGBO STREET,INEC_CVR_PU,92820,,inec-lga-581,,state-assembly-sc-738-og,inec-ward-6651
POLLING_UNIT,inec-pu-661729,ng-state-ogun,OPEN SPACE @ SABINTU/AJEGUNLE JUNCTION.,INEC_CVR_PU,661729,,inec-lga-581,,state-assembly-sc-738-og,inec-ward-6651
POLLING_UNIT,inec-pu-661730,ng-state-ogun,METHODIST COMPHRENSIVE COLLEGE SECOND GATE,INEC_CVR_PU,661730,,inec-lga-581,,state-assembly-sc-738-og,inec-ward-6651
POLLING_UNIT,inec-pu-661731,ng-state-ogun,OPEN SPACE @OYEBAJO/BARUWA JUNCTION,INEC_CVR_PU,661731,,inec-lga-581,,state-assembly-sc-738-og,inec-ward-6651
POLLING_UNIT,inec-pu-661732,ng-state-ogun,OPEN SPACE @ OYEBAJO MIDWAY BY ONIMALE LANE.,INEC_CVR_PU,661732,,inec-lga-581,,state-assembly-sc-738-og,inec-ward-6651
POLLING_UNIT,inec-pu-661733,ng-state-ogun,OPEN SPACE @OWOLEWA JUNCTION.,INEC_CVR_PU,661733,,inec-lga-581,,state-assembly-sc-738-og,inec-ward-6651
POLLING_UNIT,inec-pu-661734,ng-state-ogun,OPEN SPACE AT ITUNOKE ROUNDABOUT,INEC_CVR_PU,661734,,inec-lga-581,,state-assembly-sc-738-og,inec-ward-6651
WARD,inec-ward-6652,ng-state-ogun,IJAGBA,INEC_CVR_WARD,6652,,inec-lga-581,,state-assembly-sc-738-og,
POLLING_UNIT,inec-pu-92821,ng-state-ogun,"L.G. SCHOOL , IJAGBA I",INEC_CVR_PU,92821,,inec-lga-581,,state-assembly-sc-738-og,inec-ward-6652
POLLING_UNIT,inec-pu-92822,ng-state-ogun,"L.G. SCHOOL , IJAGBA II",INEC_CVR_PU,92822,,inec-lga-581,,state-assembly-sc-738-og,inec-ward-6652
POLLING_UNIT,inec-pu-92823,ng-state-ogun,OPEN SPACE OPPOSITE OF ILE- IFA,INEC_CVR_PU,92823,,inec-lga-581,,state-assembly-sc-738-og,inec-ward-6652
POLLING_UNIT,inec-pu-92824,ng-state-ogun,"OPEN SPACE NEAR AFINJU BABALAWO STREET, IJAGBA",INEC_CVR_PU,92824,,inec-lga-581,,state-assembly-sc-738-og,inec-ward-6652
POLLING_UNIT,inec-pu-92825,ng-state-ogun,"OPEN SPACE NEAR LEGUNSEN PALACE, IJAGBA",INEC_CVR_PU,92825,,inec-lga-581,,state-assembly-sc-738-og,inec-ward-6652
POLLING_UNIT,inec-pu-92826,ng-state-ogun,"ONIJAGBAS PALACE, IJAGBA",INEC_CVR_PU,92826,,inec-lga-581,,state-assembly-sc-738-og,inec-ward-6652
POLLING_UNIT,inec-pu-92827,ng-state-ogun,OPEN SPACE AT ITA IJAGBA JUNCTION,INEC_CVR_PU,92827,,inec-lga-581,,state-assembly-sc-738-og,inec-ward-6652
POLLING_UNIT,inec-pu-92828,ng-state-ogun,ONIRERE OPPOSITE,INEC_CVR_PU,92828,,inec-lga-581,,state-assembly-sc-738-og,inec-ward-6652
POLLING_UNIT,inec-pu-661758,ng-state-ogun,"L.G SCHOOL , IJAGBA III",INEC_CVR_PU,661758,,inec-lga-581,,state-assembly-sc-738-og,inec-ward-6652
WARD,inec-ward-6653,ng-state-ogun,LATAWA,INEC_CVR_WARD,6653,,inec-lga-581,,state-assembly-sc-738-og,
POLLING_UNIT,inec-pu-92829,ng-state-ogun,OPEN SPACE AT LATAWA PALACE I,INEC_CVR_PU,92829,,inec-lga-581,,state-assembly-sc-738-og,inec-ward-6653
POLLING_UNIT,inec-pu-92830,ng-state-ogun,"OPEN SPACE NEAR OGUNMEKUN STREET, LATAWA",INEC_CVR_PU,92830,,inec-lga-581,,state-assembly-sc-738-og,inec-ward-6653
POLLING_UNIT,inec-pu-92831,ng-state-ogun,OPEN SPACE AT LATAWA SQUARE I,INEC_CVR_PU,92831,,inec-lga-581,,state-assembly-sc-738-og,inec-ward-6653
POLLING_UNIT,inec-pu-92832,ng-state-ogun,"OPEN SPACE NEAR ARAROMI BAKERY , LATAWA",INEC_CVR_PU,92832,,inec-lga-581,,state-assembly-sc-738-og,inec-ward-6653
POLLING_UNIT,inec-pu-92833,ng-state-ogun,OPEN SPACE NEAR MECHANIC SITE /KAJOLA,INEC_CVR_PU,92833,,inec-lga-581,,state-assembly-sc-738-og,inec-ward-6653
POLLING_UNIT,inec-pu-92834,ng-state-ogun,U.A.M.C. ELEJA I,INEC_CVR_PU,92834,,inec-lga-581,,state-assembly-sc-738-og,inec-ward-6653
POLLING_UNIT,inec-pu-92835,ng-state-ogun,U.A.M.C. ELEJA II,INEC_CVR_PU,92835,,inec-lga-581,,state-assembly-sc-738-og,inec-ward-6653
POLLING_UNIT,inec-pu-92836,ng-state-ogun,OPEN SPACE AT BOLAJI STREET AJEGUNLE,INEC_CVR_PU,92836,,inec-lga-581,,state-assembly-sc-738-og,inec-ward-6653
WARD,inec-ward-6654,ng-state-ogun,ODE -LEMO,INEC_CVR_WARD,6654,,inec-lga-581,,state-assembly-sc-738-og,
POLLING_UNIT,inec-pu-92837,ng-state-ogun,ST. JOHN'S PRY. SCHOOL ODE - LEMO,INEC_CVR_PU,92837,,inec-lga-581,,state-assembly-sc-738-og,inec-ward-6654
POLLING_UNIT,inec-pu-92838,ng-state-ogun,"OPEN SPACE NEAR LEMO, MARKET",INEC_CVR_PU,92838,,inec-lga-581,,state-assembly-sc-738-og,inec-ward-6654
POLLING_UNIT,inec-pu-92839,ng-state-ogun,OPEN SPACE NEAR BABA IJO,INEC_CVR_PU,92839,,inec-lga-581,,state-assembly-sc-738-og,inec-ward-6654
POLLING_UNIT,inec-pu-92840,ng-state-ogun,A.U.D. SCHOOL ODE - LEMO I,INEC_CVR_PU,92840,,inec-lga-581,,state-assembly-sc-738-og,inec-ward-6654
POLLING_UNIT,inec-pu-92841,ng-state-ogun,A.U.D. SCHOOL ODE - LEMO II,INEC_CVR_PU,92841,,inec-lga-581,,state-assembly-sc-738-og,inec-ward-6654
POLLING_UNIT,inec-pu-92842,ng-state-ogun,OPEN SPACE AT ILE - AJE MARKET ODE,INEC_CVR_PU,92842,,inec-lga-581,,state-assembly-sc-738-og,inec-ward-6654
POLLING_UNIT,inec-pu-92843,ng-state-ogun,OPEN SPACE ITA MERIN SQUARE,INEC_CVR_PU,92843,,inec-lga-581,,state-assembly-sc-738-og,inec-ward-6654
POLLING_UNIT,inec-pu-92844,ng-state-ogun,ST. PAUL'S SCHOOL IGBOLOLO,INEC_CVR_PU,92844,,inec-lga-581,,state-assembly-sc-738-og,inec-ward-6654
POLLING_UNIT,inec-pu-92845,ng-state-ogun,ST. PAUL'S SCHOOL EMUREN I,INEC_CVR_PU,92845,,inec-lga-581,,state-assembly-sc-738-og,inec-ward-6654
POLLING_UNIT,inec-pu-92846,ng-state-ogun,ITUN ELEMUREN STREET I,INEC_CVR_PU,92846,,inec-lga-581,,state-assembly-sc-738-og,inec-ward-6654
POLLING_UNIT,inec-pu-92847,ng-state-ogun,OPEN SPACE AT MARKET SQUARE I,INEC_CVR_PU,92847,,inec-lga-581,,state-assembly-sc-738-og,inec-ward-6654
POLLING_UNIT,inec-pu-92848,ng-state-ogun,OPEN SPACE AT EMUREN MARKET SQUARE II,INEC_CVR_PU,92848,,inec-lga-581,,state-assembly-sc-738-og,inec-ward-6654
POLLING_UNIT,inec-pu-661759,ng-state-ogun,OPEN SPACE AT OKE-AYO JUNCTION BY WATERBOHOLE,INEC_CVR_PU,661759,,inec-lga-581,,state-assembly-sc-738-og,inec-ward-6654
POLLING_UNIT,inec-pu-661760,ng-state-ogun,OPEN SPACE AT OKESELU BY COMMUNITY WATER BOREHOLE,INEC_CVR_PU,661760,,inec-lga-581,,state-assembly-sc-738-og,inec-ward-6654
POLLING_UNIT,inec-pu-661761,ng-state-ogun,OPEN SPACE AT OKE- AROBI JUNCTION BY TRANSFORMER,INEC_CVR_PU,661761,,inec-lga-581,,state-assembly-sc-738-og,inec-ward-6654
POLLING_UNIT,inec-pu-661762,ng-state-ogun,OPEN SPACE AT IGANKE JUNCTION EMUREN BY ADRON HOMES,INEC_CVR_PU,661762,,inec-lga-581,,state-assembly-sc-738-og,inec-ward-6654
WARD,inec-ward-6655,ng-state-ogun,OGIJO/ LIKOSI,INEC_CVR_WARD,6655,,inec-lga-581,,state-assembly-sc-738-og,
POLLING_UNIT,inec-pu-92849,ng-state-ogun,ST . PAUL'S SCHOOL IGBODE,INEC_CVR_PU,92849,,inec-lga-581,,state-assembly-sc-738-og,inec-ward-6655
POLLING_UNIT,inec-pu-92850,ng-state-ogun,OPEN SPACE AT OSIGBOYEDE VILLAGE I,INEC_CVR_PU,92850,,inec-lga-581,,state-assembly-sc-738-og,inec-ward-6655
POLLING_UNIT,inec-pu-92851,ng-state-ogun,ST. MICHAEL R.C.M. FAKALE,INEC_CVR_PU,92851,,inec-lga-581,,state-assembly-sc-738-og,inec-ward-6655
POLLING_UNIT,inec-pu-92852,ng-state-ogun,U.A.M.C. SCHOOL IRAYE,INEC_CVR_PU,92852,,inec-lga-581,,state-assembly-sc-738-og,inec-ward-6655
POLLING_UNIT,inec-pu-92853,ng-state-ogun,ST. FRANCIS SCHOOL IGBOSORO,INEC_CVR_PU,92853,,inec-lga-581,,state-assembly-sc-738-og,inec-ward-6655
POLLING_UNIT,inec-pu-92854,ng-state-ogun,ST. JOHN SCHOOL OGIJO I,INEC_CVR_PU,92854,,inec-lga-581,,state-assembly-sc-738-og,inec-ward-6655
POLLING_UNIT,inec-pu-92855,ng-state-ogun,ST. JOHN SCHOOL OGIJO II,INEC_CVR_PU,92855,,inec-lga-581,,state-assembly-sc-738-og,inec-ward-6655
POLLING_UNIT,inec-pu-92856,ng-state-ogun,OPEN SPACE FRONT OF LISA'S HOUSE,INEC_CVR_PU,92856,,inec-lga-581,,state-assembly-sc-738-og,inec-ward-6655
POLLING_UNIT,inec-pu-92857,ng-state-ogun,WESLEY SCHOOL EREFUN,INEC_CVR_PU,92857,,inec-lga-581,,state-assembly-sc-738-og,inec-ward-6655
POLLING_UNIT,inec-pu-92858,ng-state-ogun,OPEN SPACE OPPOSITE CATHOLIC ABAFON,INEC_CVR_PU,92858,,inec-lga-581,,state-assembly-sc-738-og,inec-ward-6655
POLLING_UNIT,inec-pu-92859,ng-state-ogun,L.G SCHOOL IGBAGA,INEC_CVR_PU,92859,,inec-lga-581,,state-assembly-sc-738-og,inec-ward-6655
POLLING_UNIT,inec-pu-92860,ng-state-ogun,MOSIMI VILLAGE,INEC_CVR_PU,92860,,inec-lga-581,,state-assembly-sc-738-og,inec-ward-6655
POLLING_UNIT,inec-pu-92861,ng-state-ogun,L.G. SCHOOL ITA - MERIN,INEC_CVR_PU,92861,,inec-lga-581,,state-assembly-sc-738-og,inec-ward-6655
POLLING_UNIT,inec-pu-92862,ng-state-ogun,A.U.D. SCHOOL IMUSHIN - OGIJO,INEC_CVR_PU,92862,,inec-lga-581,,state-assembly-sc-738-og,inec-ward-6655
POLLING_UNIT,inec-pu-92863,ng-state-ogun,EYIN EGBE VILLAGE,INEC_CVR_PU,92863,,inec-lga-581,,state-assembly-sc-738-og,inec-ward-6655
POLLING_UNIT,inec-pu-92864,ng-state-ogun,WESLEY SCHOOL SOTUNBO,INEC_CVR_PU,92864,,inec-lga-581,,state-assembly-sc-738-og,inec-ward-6655
POLLING_UNIT,inec-pu-92865,ng-state-ogun,C.A.C. SCHOOL OGIJO I,INEC_CVR_PU,92865,,inec-lga-581,,state-assembly-sc-738-og,inec-ward-6655
POLLING_UNIT,inec-pu-92866,ng-state-ogun,EWU OLOJA PRIMARY SCHOOL,INEC_CVR_PU,92866,,inec-lga-581,,state-assembly-sc-738-og,inec-ward-6655
POLLING_UNIT,inec-pu-92867,ng-state-ogun,L.G SCHOOL AJAREGUN I,INEC_CVR_PU,92867,,inec-lga-581,,state-assembly-sc-738-og,inec-ward-6655
POLLING_UNIT,inec-pu-661763,ng-state-ogun,"OPEN SPACE BESIDE TRANSFORMER, ASSOCIATION AVENUE AGODO",INEC_CVR_PU,661763,,inec-lga-581,,state-assembly-sc-738-og,inec-ward-6655
POLLING_UNIT,inec-pu-661764,ng-state-ogun,OPEN SPACE AT ONIBURUKU JUNCTION OPP CDA ELECTRIFICATION PROJECT,INEC_CVR_PU,661764,,inec-lga-581,,state-assembly-sc-738-og,inec-ward-6655
POLLING_UNIT,inec-pu-661765,ng-state-ogun,OPEN SPACE @ GASLINE EYITA,INEC_CVR_PU,661765,,inec-lga-581,,state-assembly-sc-738-og,inec-ward-6655
POLLING_UNIT,inec-pu-661766,ng-state-ogun,"OPEN SPACE @ROUND ABOUT ONIJAGUN, OGIJO",INEC_CVR_PU,661766,,inec-lga-581,,state-assembly-sc-738-og,inec-ward-6655
POLLING_UNIT,inec-pu-661767,ng-state-ogun,IDIAGBALUMO OGEDE,INEC_CVR_PU,661767,,inec-lga-581,,state-assembly-sc-738-og,inec-ward-6655
POLLING_UNIT,inec-pu-661768,ng-state-ogun,BESIDE ORIOKUTA PALACE,INEC_CVR_PU,661768,,inec-lga-581,,state-assembly-sc-738-og,inec-ward-6655
POLLING_UNIT,inec-pu-661769,ng-state-ogun,OPEN SPACE AT IGBO OGIJO,INEC_CVR_PU,661769,,inec-lga-581,,state-assembly-sc-738-og,inec-ward-6655
POLLING_UNIT,inec-pu-661770,ng-state-ogun,"IMORO OGIJO COMMUNITY PRY SCHOOL, OGIJO",INEC_CVR_PU,661770,,inec-lga-581,,state-assembly-sc-738-og,inec-ward-6655
POLLING_UNIT,inec-pu-661771,ng-state-ogun,OPEN SPACE @ OKADA PARK OSHODI - OKE,INEC_CVR_PU,661771,,inec-lga-581,,state-assembly-sc-738-og,inec-ward-6655
POLLING_UNIT,inec-pu-661772,ng-state-ogun,OPEN SPACE BESIDE PZ ESTATE TRANSFORMER,INEC_CVR_PU,661772,,inec-lga-581,,state-assembly-sc-738-og,inec-ward-6655
POLLING_UNIT,inec-pu-661773,ng-state-ogun,"AROGUNRE-MELUFEN JUNCTION BESIDE TRANSFORMER, MELUFEN",INEC_CVR_PU,661773,,inec-lga-581,,state-assembly-sc-738-og,inec-ward-6655
POLLING_UNIT,inec-pu-661774,ng-state-ogun,IDOMOGUN TOWN HALL OGIJO,INEC_CVR_PU,661774,,inec-lga-581,,state-assembly-sc-738-og,inec-ward-6655
POLLING_UNIT,inec-pu-661775,ng-state-ogun,"OGIJO COMMUNITY HIGH SCHOOL, OGIJO",INEC_CVR_PU,661775,,inec-lga-581,,state-assembly-sc-738-og,inec-ward-6655
POLLING_UNIT,inec-pu-661776,ng-state-ogun,HALEN JUNCTION NASFAT OGIJO,INEC_CVR_PU,661776,,inec-lga-581,,state-assembly-sc-738-og,inec-ward-6655
POLLING_UNIT,inec-pu-661777,ng-state-ogun,ONAFOWOKAN ESTATE ITAOLIWO(OGIJO),INEC_CVR_PU,661777,,inec-lga-581,,state-assembly-sc-738-og,inec-ward-6655
POLLING_UNIT,inec-pu-661778,ng-state-ogun,"OPEN SPACE INFRONT OF AGBOWA COMMUNITY MARKET, AGBOWA EREFUN",INEC_CVR_PU,661778,,inec-lga-581,,state-assembly-sc-738-og,inec-ward-6655
POLLING_UNIT,inec-pu-661779,ng-state-ogun,OPEN SPACE AT MIRACLE JUNCTION OPP COMMUNICATION MAST,INEC_CVR_PU,661779,,inec-lga-581,,state-assembly-sc-738-og,inec-ward-6655
POLLING_UNIT,inec-pu-661780,ng-state-ogun,OPEN SPACE OKE OKO GAS LINE,INEC_CVR_PU,661780,,inec-lga-581,,state-assembly-sc-738-og,inec-ward-6655
POLLING_UNIT,inec-pu-661781,ng-state-ogun,"OPEN SPACE @ POWERLINE JUNCTION PHONIX, OGIJO",INEC_CVR_PU,661781,,inec-lga-581,,state-assembly-sc-738-og,inec-ward-6655
POLLING_UNIT,inec-pu-661782,ng-state-ogun,"OPEN SPACE @ ITA - SANNI BUS STOP, OGIJO",INEC_CVR_PU,661782,,inec-lga-581,,state-assembly-sc-738-og,inec-ward-6655
POLLING_UNIT,inec-pu-661783,ng-state-ogun,"OLOORODE MARKET, ERIYO-AGA OPP NNPC GASLINE",INEC_CVR_PU,661783,,inec-lga-581,,state-assembly-sc-738-og,inec-ward-6655
POLLING_UNIT,inec-pu-661784,ng-state-ogun,"OPEN SPACE AT ORI OKE JUNCTION, BESIDE TRANSFORMER, ERIYO",INEC_CVR_PU,661784,,inec-lga-581,,state-assembly-sc-738-og,inec-ward-6655
POLLING_UNIT,inec-pu-661785,ng-state-ogun,"OPEN SPACE @ ARIGBABU JUNCTION, MOSINMI",INEC_CVR_PU,661785,,inec-lga-581,,state-assembly-sc-738-og,inec-ward-6655
POLLING_UNIT,inec-pu-661786,ng-state-ogun,MAGBON ELEPETE JUNCTION,INEC_CVR_PU,661786,,inec-lga-581,,state-assembly-sc-738-og,inec-ward-6655
POLLING_UNIT,inec-pu-661787,ng-state-ogun,EREKO JUNCTION OGIJO,INEC_CVR_PU,661787,,inec-lga-581,,state-assembly-sc-738-og,inec-ward-6655
POLLING_UNIT,inec-pu-661788,ng-state-ogun,"IJAGBA COMMUNITY HIGH SCHOOL, SOTUNBO",INEC_CVR_PU,661788,,inec-lga-581,,state-assembly-sc-738-og,inec-ward-6655
POLLING_UNIT,inec-pu-661789,ng-state-ogun,"OPEN SPACE @ OLUWASEYI SQUARE, POWERLINE EYITA-MORO ODO KEKERE",INEC_CVR_PU,661789,,inec-lga-581,,state-assembly-sc-738-og,inec-ward-6655
POLLING_UNIT,inec-pu-661790,ng-state-ogun,"OPEN SPACE @ MALATORI JUNCTION, OGIJO",INEC_CVR_PU,661790,,inec-lga-581,,state-assembly-sc-738-og,inec-ward-6655
POLLING_UNIT,inec-pu-661791,ng-state-ogun,"OPEN SPACE AT MOSHOOD ODUNSI-ALH IMAM YUNUS JUNCTION, ALASE",INEC_CVR_PU,661791,,inec-lga-581,,state-assembly-sc-738-og,inec-ward-6655
POLLING_UNIT,inec-pu-661792,ng-state-ogun,"OPEN SPACE AT DELORD, BESIDE TRANSFORMER, OKE IBU",INEC_CVR_PU,661792,,inec-lga-581,,state-assembly-sc-738-og,inec-ward-6655
POLLING_UNIT,inec-pu-661793,ng-state-ogun,OPEN SPACE @ LIKOSI MARKET,INEC_CVR_PU,661793,,inec-lga-581,,state-assembly-sc-738-og,inec-ward-6655
POLLING_UNIT,inec-pu-661794,ng-state-ogun,"OPEN SPACE @ IYANA TIPPER JUNCTION, EWU-OLOJA",INEC_CVR_PU,661794,,inec-lga-581,,state-assembly-sc-738-og,inec-ward-6655
POLLING_UNIT,inec-pu-661795,ng-state-ogun,"OPEN SPACE @ LIKOSI OLD SOLDIER BUS STOP, GOD PASS THEM DEJUWOGBO, POWERLINE.",INEC_CVR_PU,661795,,inec-lga-581,,state-assembly-sc-738-og,inec-ward-6655
POLLING_UNIT,inec-pu-661796,ng-state-ogun,"OPEN SPACE @ ILARA JUNCTION, OGIJO",INEC_CVR_PU,661796,,inec-lga-581,,state-assembly-sc-738-og,inec-ward-6655
POLLING_UNIT,inec-pu-661797,ng-state-ogun,"OPEN SPACE @ OKE - OKO/OGEDE SQUARE, BESIDE TRANSFORMER, OGIJO",INEC_CVR_PU,661797,,inec-lga-581,,state-assembly-sc-738-og,inec-ward-6655
POLLING_UNIT,inec-pu-661798,ng-state-ogun,ESCOBAR BUS STOP JUNCTION (OGIJO),INEC_CVR_PU,661798,,inec-lga-581,,state-assembly-sc-738-og,inec-ward-6655
POLLING_UNIT,inec-pu-661799,ng-state-ogun,OPEN SPACE AT ALH TEMIASUNWO NITOSI ILE OLOWO JUNCTION,INEC_CVR_PU,661799,,inec-lga-581,,state-assembly-sc-738-og,inec-ward-6655
WARD,inec-ward-6656,ng-state-ogun,SURULERE,INEC_CVR_WARD,6656,,inec-lga-581,,state-assembly-sc-739-og,
POLLING_UNIT,inec-pu-92868,ng-state-ogun,WESLEY SCHOOL MAKUN I,INEC_CVR_PU,92868,,inec-lga-581,,state-assembly-sc-739-og,inec-ward-6656
POLLING_UNIT,inec-pu-92869,ng-state-ogun,Z. I. SCHOOL MAKUN I,INEC_CVR_PU,92869,,inec-lga-581,,state-assembly-sc-739-og,inec-ward-6656
POLLING_UNIT,inec-pu-92870,ng-state-ogun,OPEN SPACE AT AKOREDE MIDWAY,INEC_CVR_PU,92870,,inec-lga-581,,state-assembly-sc-739-og,inec-ward-6656
POLLING_UNIT,inec-pu-92871,ng-state-ogun,OPEN SPACE AT AKOREDE UPPER,INEC_CVR_PU,92871,,inec-lga-581,,state-assembly-sc-739-og,inec-ward-6656
POLLING_UNIT,inec-pu-92872,ng-state-ogun,A.U.D. SCHOOL MAKUN,INEC_CVR_PU,92872,,inec-lga-581,,state-assembly-sc-739-og,inec-ward-6656
POLLING_UNIT,inec-pu-92873,ng-state-ogun,SOKOYA MEMORIAL SCHOOL I,INEC_CVR_PU,92873,,inec-lga-581,,state-assembly-sc-739-og,inec-ward-6656
POLLING_UNIT,inec-pu-92874,ng-state-ogun,OPEN SPACE AT AKOREDE LOWER,INEC_CVR_PU,92874,,inec-lga-581,,state-assembly-sc-739-og,inec-ward-6656
POLLING_UNIT,inec-pu-92875,ng-state-ogun,AKOREDE JUNCTION,INEC_CVR_PU,92875,,inec-lga-581,,state-assembly-sc-739-og,inec-ward-6656
POLLING_UNIT,inec-pu-661850,ng-state-ogun,"OPEN SPACE @ OSOTUNSEN/AKOGUN OKEOWO SQUARE, EWUGA.",INEC_CVR_PU,661850,,inec-lga-581,,state-assembly-sc-739-og,inec-ward-6656
POLLING_UNIT,inec-pu-661851,ng-state-ogun,MAKUN HIGH SCHOOL SNR SECTION,INEC_CVR_PU,661851,,inec-lga-581,,state-assembly-sc-739-og,inec-ward-6656
POLLING_UNIT,inec-pu-661852,ng-state-ogun,A.U.D SCHOOL MAKUN,INEC_CVR_PU,661852,,inec-lga-581,,state-assembly-sc-739-og,inec-ward-6656
POLLING_UNIT,inec-pu-661853,ng-state-ogun,WESLEY SCHOOL MAKUN II,INEC_CVR_PU,661853,,inec-lga-581,,state-assembly-sc-739-og,inec-ward-6656
POLLING_UNIT,inec-pu-661854,ng-state-ogun,Z.I SCHOOL MAKUN II,INEC_CVR_PU,661854,,inec-lga-581,,state-assembly-sc-739-og,inec-ward-6656
POLLING_UNIT,inec-pu-661855,ng-state-ogun,OPEN SPACE AT APENA SOKOYA,INEC_CVR_PU,661855,,inec-lga-581,,state-assembly-sc-739-og,inec-ward-6656
POLLING_UNIT,inec-pu-661856,ng-state-ogun,"OPEN SPACE @ MEDITOP HOSPITAL JUNCTION, ISALE OJUMELE",INEC_CVR_PU,661856,,inec-lga-581,,state-assembly-sc-739-og,inec-ward-6656
POLLING_UNIT,inec-pu-661857,ng-state-ogun,OPEN SPACE AKOREDE MIDWAY II,INEC_CVR_PU,661857,,inec-lga-581,,state-assembly-sc-739-og,inec-ward-6656
POLLING_UNIT,inec-pu-661858,ng-state-ogun,OPEN SPACE AT AKOREDE PHASE II,INEC_CVR_PU,661858,,inec-lga-581,,state-assembly-sc-739-og,inec-ward-6656
POLLING_UNIT,inec-pu-661859,ng-state-ogun,OPEN SPACE AT IWERA,INEC_CVR_PU,661859,,inec-lga-581,,state-assembly-sc-739-og,inec-ward-6656
WARD,inec-ward-6657,ng-state-ogun,ISOTE,INEC_CVR_WARD,6657,,inec-lga-581,,state-assembly-sc-739-og,
POLLING_UNIT,inec-pu-92876,ng-state-ogun,OPEN SPACE OPP DAODU'S HOUSE I,INEC_CVR_PU,92876,,inec-lga-581,,state-assembly-sc-739-og,inec-ward-6657
POLLING_UNIT,inec-pu-92877,ng-state-ogun,OPEN SPACE OPP. AGBON OLOWOTEDO,INEC_CVR_PU,92877,,inec-lga-581,,state-assembly-sc-739-og,inec-ward-6657
POLLING_UNIT,inec-pu-92878,ng-state-ogun,OPEN SPACE AT RADELU ISOTE JUNCTION,INEC_CVR_PU,92878,,inec-lga-581,,state-assembly-sc-739-og,inec-ward-6657
POLLING_UNIT,inec-pu-92879,ng-state-ogun,OPEN SPACE AT EWUSI HOUSE,INEC_CVR_PU,92879,,inec-lga-581,,state-assembly-sc-739-og,inec-ward-6657
POLLING_UNIT,inec-pu-92880,ng-state-ogun,OPEN SPACE AT ISOTE STREET MIDWAY,INEC_CVR_PU,92880,,inec-lga-581,,state-assembly-sc-739-og,inec-ward-6657
POLLING_UNIT,inec-pu-92881,ng-state-ogun,OPEN SPACE AT OYEKAN HOUSE,INEC_CVR_PU,92881,,inec-lga-581,,state-assembly-sc-739-og,inec-ward-6657
POLLING_UNIT,inec-pu-92882,ng-state-ogun,OPEN SPACE AT ODIOLOWO/ OLUKOKUN,INEC_CVR_PU,92882,,inec-lga-581,,state-assembly-sc-739-og,inec-ward-6657
POLLING_UNIT,inec-pu-92883,ng-state-ogun,OPEN SPACE AT OSISANYA ST. MIDWAY,INEC_CVR_PU,92883,,inec-lga-581,,state-assembly-sc-739-og,inec-ward-6657
WARD,inec-ward-6658,ng-state-ogun,SIMAWA / IWELEPE,INEC_CVR_WARD,6658,,inec-lga-581,,state-assembly-sc-739-og,
POLLING_UNIT,inec-pu-92884,ng-state-ogun,ST. PAUL'S SCHOOL SIMAWA,INEC_CVR_PU,92884,,inec-lga-581,,state-assembly-sc-739-og,inec-ward-6658
POLLING_UNIT,inec-pu-92885,ng-state-ogun,OPEN SPACE AT EWU BOUN,INEC_CVR_PU,92885,,inec-lga-581,,state-assembly-sc-739-og,inec-ward-6658
POLLING_UNIT,inec-pu-92886,ng-state-ogun,OPEN SPACE AT ALAWUIN VILLAGE,INEC_CVR_PU,92886,,inec-lga-581,,state-assembly-sc-739-og,inec-ward-6658
POLLING_UNIT,inec-pu-92887,ng-state-ogun,ST PAUL'S SCHOOL IWELEPE,INEC_CVR_PU,92887,,inec-lga-581,,state-assembly-sc-739-og,inec-ward-6658
POLLING_UNIT,inec-pu-92888,ng-state-ogun,OPEN SPACE AT OYELEKE SETTLEMENT,INEC_CVR_PU,92888,,inec-lga-581,,state-assembly-sc-739-og,inec-ward-6658
POLLING_UNIT,inec-pu-92889,ng-state-ogun,L.G. SCHOOL KAMIYI,INEC_CVR_PU,92889,,inec-lga-581,,state-assembly-sc-739-og,inec-ward-6658
POLLING_UNIT,inec-pu-92890,ng-state-ogun,ST. PAUL'S SCHOOL AYETORO,INEC_CVR_PU,92890,,inec-lga-581,,state-assembly-sc-739-og,inec-ward-6658
POLLING_UNIT,inec-pu-92891,ng-state-ogun,ST. PAUL'S SCHOOL OKE -ATE,INEC_CVR_PU,92891,,inec-lga-581,,state-assembly-sc-739-og,inec-ward-6658
POLLING_UNIT,inec-pu-92892,ng-state-ogun,OPEN SPACE AT EWU OSI,INEC_CVR_PU,92892,,inec-lga-581,,state-assembly-sc-739-og,inec-ward-6658
POLLING_UNIT,inec-pu-92893,ng-state-ogun,L.G. SCHOOL AGUNFOYE,INEC_CVR_PU,92893,,inec-lga-581,,state-assembly-sc-739-og,inec-ward-6658
POLLING_UNIT,inec-pu-92894,ng-state-ogun,OPEN SPACE AT EWU DODO,INEC_CVR_PU,92894,,inec-lga-581,,state-assembly-sc-739-og,inec-ward-6658
POLLING_UNIT,inec-pu-92895,ng-state-ogun,OPEN SPACE AT EGBEJODA /ARAROMI JUNCTION,INEC_CVR_PU,92895,,inec-lga-581,,state-assembly-sc-739-og,inec-ward-6658
POLLING_UNIT,inec-pu-92896,ng-state-ogun,OPEN SPACE AT ASUNORA,INEC_CVR_PU,92896,,inec-lga-581,,state-assembly-sc-739-og,inec-ward-6658
POLLING_UNIT,inec-pu-92897,ng-state-ogun,OPEN SPACE AT EWU BALE,INEC_CVR_PU,92897,,inec-lga-581,,state-assembly-sc-739-og,inec-ward-6658
POLLING_UNIT,inec-pu-92898,ng-state-ogun,OPEN SPACE AT MECHANIC VILLAGE,INEC_CVR_PU,92898,,inec-lga-581,,state-assembly-sc-739-og,inec-ward-6658
POLLING_UNIT,inec-pu-92899,ng-state-ogun,OPEN SPACE AT EWU BOUN II,INEC_CVR_PU,92899,,inec-lga-581,,state-assembly-sc-739-og,inec-ward-6658
POLLING_UNIT,inec-pu-661841,ng-state-ogun,OPEN SPACE AT OBADORE MARKET SIMAWA,INEC_CVR_PU,661841,,inec-lga-581,,state-assembly-sc-739-og,inec-ward-6658
POLLING_UNIT,inec-pu-661842,ng-state-ogun,COMMUNITY SQUARE IGBO-IWAJU VILLAGE SIMAWA,INEC_CVR_PU,661842,,inec-lga-581,,state-assembly-sc-739-og,inec-ward-6658
POLLING_UNIT,inec-pu-661843,ng-state-ogun,OPEN SPACE AT COMMUNITY HALL IGBEPA,INEC_CVR_PU,661843,,inec-lga-581,,state-assembly-sc-739-og,inec-ward-6658
POLLING_UNIT,inec-pu-661844,ng-state-ogun,OPEN SPACE @ OLOGBUN-WONPORI MARKET SIMAWA,INEC_CVR_PU,661844,,inec-lga-581,,state-assembly-sc-739-og,inec-ward-6658
POLLING_UNIT,inec-pu-661845,ng-state-ogun,OPEN SPACE EWU OLOJA JUNCTION SIMAWA,INEC_CVR_PU,661845,,inec-lga-581,,state-assembly-sc-739-og,inec-ward-6658
POLLING_UNIT,inec-pu-661846,ng-state-ogun,OPEN SPACE IPA/SOSO JUNCTION SIMAWA,INEC_CVR_PU,661846,,inec-lga-581,,state-assembly-sc-739-og,inec-ward-6658
POLLING_UNIT,inec-pu-661847,ng-state-ogun,OPEN SPACE@APPLE TEE JUNCTION APELE MAKUN SAGAMU,INEC_CVR_PU,661847,,inec-lga-581,,state-assembly-sc-739-og,inec-ward-6658
POLLING_UNIT,inec-pu-661848,ng-state-ogun,OPEN SPACE AT OJU ODUWA IGE COMMUNITY JUNCTION SAGAMU,INEC_CVR_PU,661848,,inec-lga-581,,state-assembly-sc-739-og,inec-ward-6658
POLLING_UNIT,inec-pu-661849,ng-state-ogun,OPEN SPACE AREKE COMMUNITY,INEC_CVR_PU,661849,,inec-lga-581,,state-assembly-sc-739-og,inec-ward-6658
WARD,inec-ward-6659,ng-state-ogun,AGBOWA,INEC_CVR_WARD,6659,,inec-lga-581,,state-assembly-sc-738-og,
POLLING_UNIT,inec-pu-92900,ng-state-ogun,OPEN SPACE AT WANPONRIN COURT,INEC_CVR_PU,92900,,inec-lga-581,,state-assembly-sc-738-og,inec-ward-6659
POLLING_UNIT,inec-pu-92901,ng-state-ogun,OPEN SPACE AT RASUSI COMPOUND,INEC_CVR_PU,92901,,inec-lga-581,,state-assembly-sc-738-og,inec-ward-6659
POLLING_UNIT,inec-pu-92902,ng-state-ogun,OPEN SPACE AT OKE - AGBAWO NEAR AWOYEMI,INEC_CVR_PU,92902,,inec-lga-581,,state-assembly-sc-738-og,inec-ward-6659
POLLING_UNIT,inec-pu-92903,ng-state-ogun,ST. PAUL'S SCHOOL MAKUN,INEC_CVR_PU,92903,,inec-lga-581,,state-assembly-sc-738-og,inec-ward-6659
POLLING_UNIT,inec-pu-92904,ng-state-ogun,OPEN SPACE AT OGURO ST. MIDWAY,INEC_CVR_PU,92904,,inec-lga-581,,state-assembly-sc-738-og,inec-ward-6659
POLLING_UNIT,inec-pu-92905,ng-state-ogun,OPEN SPACE AT KAJOLA ST. UPPER,INEC_CVR_PU,92905,,inec-lga-581,,state-assembly-sc-738-og,inec-ward-6659
POLLING_UNIT,inec-pu-92906,ng-state-ogun,OPEN SPACE AT AJEBO LANE,INEC_CVR_PU,92906,,inec-lga-581,,state-assembly-sc-738-og,inec-ward-6659
POLLING_UNIT,inec-pu-92907,ng-state-ogun,OPEN SPACE AT OUR MOTHER'S PLACE,INEC_CVR_PU,92907,,inec-lga-581,,state-assembly-sc-738-og,inec-ward-6659
POLLING_UNIT,inec-pu-92908,ng-state-ogun,OPEN SPACE IN FRONT OF SHEU TIJANI,INEC_CVR_PU,92908,,inec-lga-581,,state-assembly-sc-738-og,inec-ward-6659
POLLING_UNIT,inec-pu-92909,ng-state-ogun,OPEN SPACE AT TIPPER'S GARAGE,INEC_CVR_PU,92909,,inec-lga-581,,state-assembly-sc-738-og,inec-ward-6659
POLLING_UNIT,inec-pu-92910,ng-state-ogun,OPEN SPACE NEAR SAGAMU MODEL SCHOOL,INEC_CVR_PU,92910,,inec-lga-581,,state-assembly-sc-738-og,inec-ward-6659
POLLING_UNIT,inec-pu-92911,ng-state-ogun,OPEN SPACE AT BESIDE DALOF HOTEL,INEC_CVR_PU,92911,,inec-lga-581,,state-assembly-sc-738-og,inec-ward-6659
POLLING_UNIT,inec-pu-92912,ng-state-ogun,OPEN SPACE AT ARAROMI STREET MAKUN,INEC_CVR_PU,92912,,inec-lga-581,,state-assembly-sc-738-og,inec-ward-6659
POLLING_UNIT,inec-pu-92913,ng-state-ogun,OPEN SPACE BEHIND SOPOIKI'S HOUSE,INEC_CVR_PU,92913,,inec-lga-581,,state-assembly-sc-738-og,inec-ward-6659
POLLING_UNIT,inec-pu-92914,ng-state-ogun,OPEN SPACE NEAR AWOLOWO MARKET,INEC_CVR_PU,92914,,inec-lga-581,,state-assembly-sc-738-og,inec-ward-6659
POLLING_UNIT,inec-pu-661735,ng-state-ogun,OPEN SPACE @ AJAKA SECOND ROUND ABOUT.,INEC_CVR_PU,661735,,inec-lga-581,,state-assembly-sc-738-og,inec-ward-6659
POLLING_UNIT,inec-pu-661736,ng-state-ogun,"OPEN SPACE @ ODIJA SQUARE BEHIND NEPA OFFICE MAKUN, SAGAMU",INEC_CVR_PU,661736,,inec-lga-581,,state-assembly-sc-738-og,inec-ward-6659
POLLING_UNIT,inec-pu-661737,ng-state-ogun,"OPEN SPACE @IJEBU ODE MOTOR PARK, EXPRESS JUNCTION SAGAMU",INEC_CVR_PU,661737,,inec-lga-581,,state-assembly-sc-738-og,inec-ward-6659
POLLING_UNIT,inec-pu-661738,ng-state-ogun,"OPEN SPACE @ REMO POLY JUNCTION, EWU - OLIWO SAGAMU",INEC_CVR_PU,661738,,inec-lga-581,,state-assembly-sc-738-og,inec-ward-6659
POLLING_UNIT,inec-pu-661739,ng-state-ogun,ST PAUL SCHOOL ANGLICAN SCHOOL II MAKUN,INEC_CVR_PU,661739,,inec-lga-581,,state-assembly-sc-738-og,inec-ward-6659
POLLING_UNIT,inec-pu-661740,ng-state-ogun,OPEN SPACE AT MULERUWA/KEKEREIFA JUNCTION AGBOWA SAGAMU,INEC_CVR_PU,661740,,inec-lga-581,,state-assembly-sc-738-og,inec-ward-6659
POLLING_UNIT,inec-pu-661741,ng-state-ogun,OPEN SPACE @ KAJOLA JUNCTION,INEC_CVR_PU,661741,,inec-lga-581,,state-assembly-sc-738-og,inec-ward-6659
POLLING_UNIT,inec-pu-661742,ng-state-ogun,OPEN SPACE @ ADENIJI STREET NEAR COMMUNICATION MAST,INEC_CVR_PU,661742,,inec-lga-581,,state-assembly-sc-738-og,inec-ward-6659
POLLING_UNIT,inec-pu-661743,ng-state-ogun,OPEN SPACE AT OMOBOWALE ELESHI END POWERLINE AJAKA,INEC_CVR_PU,661743,,inec-lga-581,,state-assembly-sc-738-og,inec-ward-6659
POLLING_UNIT,inec-pu-661744,ng-state-ogun,OPEN SPACE AT DAVID SHOMEFUN GENESIS JUNCTION EWU OLIWO,INEC_CVR_PU,661744,,inec-lga-581,,state-assembly-sc-738-og,inec-ward-6659
POLLING_UNIT,inec-pu-661745,ng-state-ogun,"OTUNBA GBENGA DANIEL MODEL SCHOOL, EWU OLUWO",INEC_CVR_PU,661745,,inec-lga-581,,state-assembly-sc-738-og,inec-ward-6659
POLLING_UNIT,inec-pu-661746,ng-state-ogun,OPEN SPACE AT ORI-APATA EWU OLIWO,INEC_CVR_PU,661746,,inec-lga-581,,state-assembly-sc-738-og,inec-ward-6659
POLLING_UNIT,inec-pu-661747,ng-state-ogun,OPEN SPACE EWU OLIWO WHITE HOUSE JUNCTION,INEC_CVR_PU,661747,,inec-lga-581,,state-assembly-sc-738-og,inec-ward-6659
POLLING_UNIT,inec-pu-661748,ng-state-ogun,OPEN SPACE END ORI APATA EWO OLUWO,INEC_CVR_PU,661748,,inec-lga-581,,state-assembly-sc-738-og,inec-ward-6659
WARD,inec-ward-6660,ng-state-ogun,IBIDO/ITUWA/ALARA,INEC_CVR_WARD,6660,,inec-lga-581,,state-assembly-sc-739-og,
POLLING_UNIT,inec-pu-92915,ng-state-ogun,"TOWN HALL , SAGAMU I",INEC_CVR_PU,92915,,inec-lga-581,,state-assembly-sc-739-og,inec-ward-6660
POLLING_UNIT,inec-pu-92916,ng-state-ogun,OPEN SPACE AT OSORIBIYA COURT,INEC_CVR_PU,92916,,inec-lga-581,,state-assembly-sc-739-og,inec-ward-6660
POLLING_UNIT,inec-pu-92917,ng-state-ogun,OPEN SPACE AT AGBOWA,INEC_CVR_PU,92917,,inec-lga-581,,state-assembly-sc-739-og,inec-ward-6660
POLLING_UNIT,inec-pu-92918,ng-state-ogun,OPEN SPACE AT IRAYE UPPER,INEC_CVR_PU,92918,,inec-lga-581,,state-assembly-sc-739-og,inec-ward-6660
POLLING_UNIT,inec-pu-92919,ng-state-ogun,OPEN SPACE AT IRAYE LOWER,INEC_CVR_PU,92919,,inec-lga-581,,state-assembly-sc-739-og,inec-ward-6660
POLLING_UNIT,inec-pu-92920,ng-state-ogun,OPEN SPACE AT ITUN ALARA,INEC_CVR_PU,92920,,inec-lga-581,,state-assembly-sc-739-og,inec-ward-6660
POLLING_UNIT,inec-pu-92921,ng-state-ogun,OPEN SPACE AT IBIDO SQUARE,INEC_CVR_PU,92921,,inec-lga-581,,state-assembly-sc-739-og,inec-ward-6660
POLLING_UNIT,inec-pu-661756,ng-state-ogun,"TOWN HALL , SAGAMU II",INEC_CVR_PU,661756,,inec-lga-581,,state-assembly-sc-739-og,inec-ward-6660
POLLING_UNIT,inec-pu-661757,ng-state-ogun,"OPEN SPACE @ ITUN-MODE JUNCTION IBIDO,SAGAMU",INEC_CVR_PU,661757,,inec-lga-581,,state-assembly-sc-739-og,inec-ward-6660
